event_id,card_id,company,card_name,origin_event_code,event_title,event_link,start_date,end_date,event_type,section,event_content,updated_at
02219_E0001,02219,국민,두산베어스 KB카드,1000993,받자! 최!강!두!산!두산베어스 KB카드,https://card.kbcard.com/BON/DVIEW/HBBMCXCRVNEC0001?mainCC=a&eventNum=1000993,2026-05-01,2026-05-31,캐시백,대상,"두산베어스 KB국민카드 고객
아래 내용에 모두 해당하는 고객
두산베어스 KB카드 소지 고객
행사 시작일 기준 직전 6개월 동안  (2025.11.1(토) ~ 2026.4.30(목)) 모든 KB국민 개인 신용카드 (KB국민 비씨, 가족카드, 하이패스, 후불교통카드 포함) 이용실적이 없는 고객",2026-06-06 15:21:45
02219_E0001,02219,국민,두산베어스 KB카드,1000993,받자! 최!강!두!산!두산베어스 KB카드,https://card.kbcard.com/BON/DVIEW/HBBMCXCRVNEC0001?mainCC=a&eventNum=1000993,2026-05-01,2026-05-31,캐시백,내용,"기간 동안 대상카드로
100만원 이상 이용하고 응모하면
추첨을 통해 베어스라운지*에서 두산베어스 홈경기 관람(응모/동의 필수)
* 베어스라운지: 두산베어스 응원 전용 좌석
구분: 대상자 수 | 내용: 총 7팀(1팀당 2명)
구분: 제공사항 | 내용: 전용 프라이빗 라운지(실내) 전용 프라이빗 관람석(실외) 푸드 케이터링
구분: 당첨자 발표 | 내용: 2026.6월 초 예정
구분: 경기 일정 | 내용: 2026.7월 중 평일 두산베어스 홈경기 * 주말, 공휴일 경기 제외
구분: 유의사항 | 내용: 두산 '베어스라운지' 이용 관련 세부 일정은 참석 대상자 앞 별도 안내드릴 예정입니다. 3회 이상 미수신 시 혜택 제공이 불가합니다. 해당 라운지 좌석은 홈팀 응원 전용좌석으로 두산베어스 외 다른 팀 응원을 자제해 주시기 바랍니다. 우천으로 인해 경기가 취소될 경우, 라운지 이용 및 재예약이 불가하다는 점 양해 부탁드립니다. 구단 사정에 따라 일정이 변경되거나 취소될 수 있습니다. 주차비는 따로 지원되지 않습니다.
이용 기간 동안 대상카드로
10만원 이상 이용하고 응모하면
5만원 캐시백 제공
* 이용 기간: 2026.5.1(금) ~ 5.31(일)",2026-06-06 15:21:45
02219_E0001,02219,국민,두산베어스 KB카드,1000993,받자! 최!강!두!산!두산베어스 KB카드,https://card.kbcard.com/BON/DVIEW/HBBMCXCRVNEC0001?mainCC=a&eventNum=1000993,2026-05-01,2026-05-31,캐시백,혜택 제공,"행사 1.
2026.7월 중 제공 예정
행사 2.
2026.6.30(화) 안에 제공 예정",2026-06-06 15:21:45
02219_E0001,02219,국민,두산베어스 KB카드,1000993,받자! 최!강!두!산!두산베어스 KB카드,https://card.kbcard.com/BON/DVIEW/HBBMCXCRVNEC0001?mainCC=a&eventNum=1000993,2026-05-01,2026-05-31,캐시백,확인사항,"응모 필수, 응모와 카드 이용 순서는 관계 없으며, 반드시 '정보제공 동의'와 '응모하기'를 완료해야 혜택을 받을 수 있습니다.
이 행사는 두산베어스 KB카드 개인 회원을 대상으로 하며, 혜택 제공일 기준 두산베어스 KB카드 개인 회원이 아닐 시 혜택 제공이 불가합니다.
이용금액은 2026.6.5(금)까지 전표 매입된 일시불, 할부 이용금액 기준으로 산정하며, 단기카드대출(현금서비스), 장기카드대출(카드론), 상품권 구매 또는 선불카드 충전금액은 이용금액에서 제외됩니다.
가족카드 이용금액은 본인 회원에 합산됩니다.
혜택 제공 전 대상카드 해지/탈회/다른 카드로 교체/이용정지/분실/연체 등의 사유로 정상 보유하지 않은 고객은 대상에서 제외됩니다.
본인 회원 기준 적용되며, KB국민카드의 다른 이용 증대 행사와 중복 제공되지 않습니다.
가족카드는 대상에서 제외됩니다.
시작일 직전 1년 이내(최종 지급월 기준) KB국민카드의 비대면 신규회원대상 행사 관련 혜택을 받은 경우 및 최근월 행사 혜택 지급 예정 시 지급 대상에서 제외됩니다.
계약을 체결하기 전에 상품설명서와 약관을 확인하시기 바랍니다.
연체이자율: 회원별/이용상품별 정상이자율+3%p, 최고 연 20% 이내
단, 연체발생시점에 정상이자율이 없는 경우 아래와 같이 적용함
일시불 거래 연체 시: 거래발생시점의 최소기간 (2개월) 유이자할부 수수료율 적용
무이자할부 거래 연체 시: 거래발생시점의 동일한 할부 계약기간의 유이자할부 수수료율 적용
그 외의 경우: 정상이자율은 상법상 상사법정이율과 상호금융가계자금대출금리 중 높은 금리 적용
▶ 한국은행에서 매월 발표하는 가장 최근의 비은행 금융기관 가중평균대출금리 (신규대출 기준)
상환능력에 비해 신용카드 사용액이 과도할 경우 귀하의 개인신용평점이 하락할 수 있습니다.
개인신용평점 하락 시 금융거래 관련된 불이익이 발생할 수 있습니다.
일정기간 원리금을 연체할 경우, 모든 원리금을 변제할 의무가 발생할 수 있습니다.
신용카드 발급이 부적정한 경우(개인신용평점 낮음, 연체금 보유 등) 카드발급이 제한될 수 있습니다.
카드 이용대금과 이에 수반되는 모든 수수료를 지정된 대금 결제일에 상환합니다.
금융소비자는 금소법 제19조 제1항에 따라 해당 상품 또는 서비스에 대하여 설명을 받을 권리가 있으며, 그 설명을 듣고 내용을 충분히 이해한 후 거래하시기 바랍니다.
이 행사는 KB국민카드 영업정책 및 제휴업체 상황에 따라 변경 또는 중단될 수 있습니다.
문의: KB국민카드 고객센터(1588-1688)
여신금융협회 심의필 제 2026-C1h-06505호 (2026.05.04 ~ 2027.05.03)",2026-06-06 15:21:45
09137_E0001,09137,국민,NEED Global 카드,1000950,해외결제는 1400원으로고정환율 적용,https://card.kbcard.com/BON/DVIEW/HBBMCXCRVNEC0001?mainCC=a&eventNum=1000950,2026-04-30,2026-06-07,캐시백,대상,"KB국민 개인 신용/체크 국내외겸용카드 고객 (KB국민 기업, 비씨카드 제외)",2026-06-06 15:22:06
09137_E0001,09137,국민,NEED Global 카드,1000950,해외결제는 1400원으로고정환율 적용,https://card.kbcard.com/BON/DVIEW/HBBMCXCRVNEC0001?mainCC=a&eventNum=1000950,2026-04-30,2026-06-07,캐시백,내용,"응모하고 기간 동안 해외 가맹점에서 합산 30만원 이상 이용하면
1달러(USD) = 1,400원 고정환율을 적용하여 환율 차액은 포인트리 제공(최대 20,000포인트리)
* 원화환산 금액의 100포인트 단위까지 지급(10포인트 단위에서 반올림)
해외이용대금청구금액= ① + ② + ③
① [이용금액(미화) X 전신환매도율]
② [이용금액(미화) X 해외브랜드 수수료 X 전신환매도율]
③ [이용금액(미화) X 해외서비스수수료 X 전신환매도율]",2026-06-06 15:22:06
09137_E0001,09137,국민,NEED Global 카드,1000950,해외결제는 1400원으로고정환율 적용,https://card.kbcard.com/BON/DVIEW/HBBMCXCRVNEC0001?mainCC=a&eventNum=1000950,2026-04-30,2026-06-07,캐시백,혜택 제공,2026.7.3(금) 안에 본인 회원 앞 제공 예정,2026-06-06 15:22:06
09137_E0001,09137,국민,NEED Global 카드,1000950,해외결제는 1400원으로고정환율 적용,https://card.kbcard.com/BON/DVIEW/HBBMCXCRVNEC0001?mainCC=a&eventNum=1000950,2026-04-30,2026-06-07,캐시백,확인사항,"본인 회원이 응모 필수, 응모와 카드 이용 순서는 관계없습니다.
가족카드 이용금액은 본인 회원에 합산됩니다.
해외 승인일 때만 인정되며 간편결제(카카오페이 등록 이용 등) 국내 이용금액은 제외됩니다.
해외 승인 확인 경로: [KB Pay> 이용내역> 이용내역(매출전표)> 필터]로 이용구분 해외, 이용기간 선택
달러(USD) 이외 다른 통화로 결제해도 미화환산금액으로 계산됩니다.
행사 기간 안에 KB국민카드 승인이 완료되고, 2026.6.19(금) 안에 매입된 해외이용금액으로 합산 반영됩니다.
이용금액 중 승인거절, 승인취소, 부분취소, 매입취소, 반품/환불 등의 사유로 정상처리 되지 않을 경우 이용금액에 포함되지 않습니다.
행사 기간 이전에 이용한 건이라도 취소 전표가 행사 기간 중 매입되는 경우 기준금액에서 차감됩니다.
1달러(USD) = 1,400원 이하일 경우 해당 환율로 적용됩니다.
이용금액 30만원 이상 산정 기준: 기간 동안 총 원화청구금액(해외이용/서비스수수료 포함)
포인트리 지급 기준금액: 기간 동안 총 순수 미화환산금액(해외이용/서비스수수료 제외)
혜택이 잘못 제공된 경우(중복 제공, 이용 후 취소 등) 받은 혜택은 환원될 수 있습니다.
현금인출 및 단기카드 대출(현금서비스), 가상화폐 거래소 및 사행성 온라인 가맹점 등의 이용금액은 제외됩니다.
혜택 받기 전 카드 해지 또는 회원 탈퇴하면 혜택이 제공되지 않습니다.
유효 기간 만료에 의한 대상카드 미소지 시 혜택이 제공되지 않습니다.
이 행사는 KB국민카드 승인 시스템 기준으로 운영되며, 실제 승인시간과 다를 수 있습니다.
계약을 체결하기 전에 상품설명서와 약관을 확인하시기 바랍니다.
연체이자율: 회원별/이용상품별 정상이자율+3%p, 최고 연 20% 이내
단, 연체발생시점에 정상이자율이 없는 경우 아래와 같이 적용함
일시불 거래 연체 시: 거래발생시점의 최소기간(2개월) 유이자할부 수수료율 적용
무이자할부 거래 연체 시: 거래발생시점의 동일한 할부 계약기간의 유이자할부 수수료율 적용
그 외의 경우: 정상이자율은 상법상 상사법정이율과 상호금융가계자금대출금리 중 높은 금리 적용
▶ 한국은행에서 매월 발표하는 가장 최근의 비은행 금융기관 가중평균대출금리 (신규대출 기준)
상환능력에 비해 신용카드 사용액이 과도할 경우 귀하의 개인신용평점이 하락할 수 있습니다.
개인신용평점 하락 시 금융거래 관련된 불이익이 발생할 수 있습니다.
일정기간 원리금을 연체할 경우, 모든 원리금을 변제할 의무가 발생할 수 있습니다.
신용카드 발급이 부적정한 경우(연체금 보유, 개인신용평점 낮음 등) 카드발급이 제한될 수 있습니다.
카드 이용금액과 이에 수반되는 모든 수수료를 지정된 대금 결제일에 상환합니다.
금융소비자는 금소법 제19조 제1항에 따라 해당 상품 또는 서비스에 대하여 설명을 받을 권리가 있으며, 그 설명을 듣고 내용을 충분히 이해한 후 거래하시기 바랍니다.
이 행사는 KB국민카드 영업정책 및 제휴업체 상황에 따라 변경 또는 중단될 수 있습니다.
문의: KB국민카드 고객센터(1588-1688)
준법감시인 심의필 260429-01472-HPM (2026.04.29 ~ 2027.04.28)",2026-06-06 15:22:06
04288_E0001,04288,국민,T-economy KB국민카드,1000933,T-economySKT 통신요금 할인꿀팁,https://card.kbcard.com/BON/DVIEW/HBBMCXCRVNEC0001?mainCC=a&eventNum=1000933,2026-05-01,2026-05-31,할인,대상,T-economy KB국민카드 고객,2026-06-06 15:22:36
04288_E0001,04288,국민,T-economy KB국민카드,1000933,T-economySKT 통신요금 할인꿀팁,https://card.kbcard.com/BON/DVIEW/HBBMCXCRVNEC0001?mainCC=a&eventNum=1000933,2026-05-01,2026-05-31,할인,내용,"아래 항목 해당되는 고객님께 24개월 동안 매월 SKT 통신료 추가 청구할인 제공
행사 시작일 직전 6개월 동안(2025.11.1(토) ~ 2026.4.30(목)) 모든 KB국민 개인 신용카드(KB국민 비씨, 가족카드 포함) 결제 이력이 없는 고객
대상카드로 SKT 통신요금 최초 자동납부 승인
행사 기간 이전 SKT 통신요금 자동납부 이력이 있는 고객은 행사 대상에서 제외
자동납부는 행사 다음 달까지 카드 승인되어야 하며, 추가 청구할인은 행사 다음 달부터 적용
(5월 행사의 경우 5월 자동납부 승인 건은 추가할인 안됨)
지난 달 이용실적 20만원 이상 ~ 30만원 미만 달성(매월 충족 필요)
전월실적: 20만원 이상 30만원 미만 | 프로모션 할인: 10,000원 | 총 청구할인 금액: 10,000원",2026-06-06 15:22:36
04288_E0001,04288,국민,T-economy KB국민카드,1000933,T-economySKT 통신요금 할인꿀팁,https://card.kbcard.com/BON/DVIEW/HBBMCXCRVNEC0001?mainCC=a&eventNum=1000933,2026-05-01,2026-05-31,할인,확인사항,"카드 이용 실적은 T-economy KB국민카드 이용실적 기준과 동일합니다.
카드 이용실적 30만원 이상 이용 시 부터 상품할인 한도 안에서 할인됩니다.(프로모션 할인 중복 적용 불가)
2026.6월 SKT 자동납부 결제가 되어야 합니다.
프로모션 할인 혜택은 행사 다음달부터 24개월간 적용됩니다.
혜택 지급 전 결제 취소 또는 대상카드 해지하면 지급 대상에서 제외됩니다.
이 행사 이전 T-economy 행사 혜택과 중복 적용되지 않습니다.
혜택 제공 전 결제 취소 또는 대상카드를 해지하면 혜택을 받으실 수 없습니다.
연체이자율: 고객별/이용상품별 정상이자율+3%p, 최고 연 20% 이내
단, 연체발생시점에 정상이자율이 없는 경우 아래와 같이 적용함
일시불 거래 연체 시: 거래발생시점의 최소기간 (2개월) 유이자할부 수수료율 적용
무이자할부 거래 연체 시: 거래발생시점의 동일한 할부 계약기간의 유이자할부 수수료율 적용
상환능력에 비해 신용카드 사용액이 과도할 경우 귀하의 개인신용평점이 하락할 수 있습니다.
개인신용평점 하락 시 금융거래 관련된 불이익이 발생할 수 있습니다.
일정기간 원리금을 연체할 경우, 모든 원리금을 변제할 의무가 발생할 수 있습니다.
카드 신청 전 상품설명서 및 약관을 반드시 확인하시기 바랍니다.
금융소비자는 금소법 제19조 제1항에 따라 해당상품 또는 서비스에 대하여 설명 받을 권리가 있으며, 그 설명을 듣고 내용을 충분히 이해한 후 거래하시기 바랍니다.
신용카드 발급이 부적정한 경우 (연체금 보유, 개인신용평점 등 낮음) 카드발급이 제한될 수 있습니다.
카드 이용대금과 이에 수반되는 모든 수수료를 지정된 대금 결제일에 상환합니다.
이 행사는 KB국민카드 영업정책 및 제휴업체의 사정으로 변경 또는 중단될 수 있습니다.
문의: KB국민카드 고객센터(1588-1688)
여신금융협회 심의필 제2025-C1h-08742호 (2025.07.09 ~ 2026.07.08)",2026-06-06 15:22:36
04348_E0001,04348,국민,KT 스카이라이프 KB카드,1000927,KT스카이라이프카드추가할인 + 캐시백!,https://card.kbcard.com/BON/DVIEW/HBBMCXCRVNEC0001?mainCC=a&eventNum=1000927,2026-05-01,2026-05-31,할인,대상,"행사 직전 6개월 (2025.11월 ~ 2026.4월) KB국민 개인 신용카드 (KB국민 비씨, 가족카드 포함) 이용실적이 없는 고객",2026-06-06 15:22:51
04348_E0001,04348,국민,KT 스카이라이프 KB카드,1000927,KT스카이라이프카드추가할인 + 캐시백!,https://card.kbcard.com/BON/DVIEW/HBBMCXCRVNEC0001?mainCC=a&eventNum=1000927,2026-05-01,2026-05-31,할인,내용,"행사 1.
추가 청구 할인
아래 항목 모두 충족하면 24개월 동안 전월 이용실적구간별 추가 청구할인 제공
대상카드로 KT스카이라이프 요금 최초 자동납부 승인
* 행사기간 이전 KT스카이라이프 요금 자동납부 이력이 있는 고객은 행사 대상에서 제외
전월 이용실적 1구간/2구간 충족 시
* 행사기간 기준 다음 달 자동납부 분부터 할인 적용
행사 2.
3만원 캐시백
이용기간 중 대상카드로 아래 항목 2가지 모두 충족 시 3만원 캐시백
대상카드로 KT스카이라이프 요금 최초 자동납부 승인(2026.6.30(화) 이내)
대상카드로 KB Pay 3만원 이상 이용
* 이용기간: 2026.5.1(금) ~ 6.30(화)
전월실적: 30만원(1구간) | 월 청구할인 +추가 할인: 5,000원 + 10,000원 | 총 청구할인 금액: 15,000원
전월실적: 70만원(2구간) | 월 청구할인 +추가 할인: 11,000원 + 6,000원 | 총 청구할인 금액: 17,000원",2026-06-06 15:22:51
04348_E0001,04348,국민,KT 스카이라이프 KB카드,1000927,KT스카이라이프카드추가할인 + 캐시백!,https://card.kbcard.com/BON/DVIEW/HBBMCXCRVNEC0001?mainCC=a&eventNum=1000927,2026-05-01,2026-05-31,할인,혜택 제공,2026.7.31(금) 안에 캐시백 지급 예정,2026-06-06 15:22:51
04348_E0001,04348,국민,KT 스카이라이프 KB카드,1000927,KT스카이라이프카드추가할인 + 캐시백!,https://card.kbcard.com/BON/DVIEW/HBBMCXCRVNEC0001?mainCC=a&eventNum=1000927,2026-05-01,2026-05-31,할인,확인사항,"행사 1.
행사기간 이전 자동납부 이력이 있는 고객은 행사 대상에서 제외됩니다.
카드 이용 실적은 KB국민 KT스카이라이프 KB카드 이용실적 기준과 동일합니다.
통신요금 2건 이상 결제해도 본인 회원 기준 통합 월 1회에 한해 할인 적용됩니다.(전표 매입 순서대로 적용)
프로모션 할인은 행사 다음 달부터 24개월간 적용됩니다.
추가 청구할인은 상품서비스 할인한도 초과 금액에 대해서만 적용되며, 자동납부 금액이 할인한도 이하인 경우 자동납부 요금만큼 할인됩니다.
혜택 받기 전 결제 취소 및 대상카드 해지 시 혜택을 받을 수 없습니다.
행사 2.
이용금액은 2026.7.10(금)까지 전표 매입된 일시불, 할부 이용금액 기준으로 산정하며, 국세/지방세/상품권/기프트카드/선불카드충전/취소금액/단기카드대출(현금서비스)/장기카드대출(카드론)/연회비 납부는 이용금액에서 제외됩니다.
이 행사 시작일 직전 1년 이내 KB국민카드의 비대면 신규회원 대상 이벤트 관련 혜택 지급 이력 보유 및 최근 월 행사 혜택 지급 예정일 경우 혜택 대상에서 제외됩니다.(직전 1년 기준: 최종 혜택 지급월 기준)
KB국민카드에서 진행하는 다른 이용 증대 이벤트와 중복 적용되지 않습니다.
혜택 받기 전 대상카드 해지(교체 포함), 이용정지, 분실, 연체 등 정상카드 미보유 시 및 취소금액으로 인해 이용금액 미충족 시에는 혜택을 받을 수 없습니다.
본인 회원 기준 1회만 적용되며, 가족카드 이용금액은 본인 회원에 합산됩니다.
KB Pay 미가입 회원의 경우, KB Pay 신규 가입 후 KB Pay 이용이 가능합니다.
행사1, 행사2 혜택 중복 적용 가능
연체이자율: 고객별/이용상품별 정상이자율+3%p, 최고 연 20% 이내
단, 연체발생시점에 정상이자율이 없는 경우 아래와 같이 적용함
일시불 거래 연체 시: 거래발생시점의 최소기간(2개월) 유이자할부 수수료율 적용
무이자할부 거래 연체 시: 거래발생시점의 동일한 할부 계약기간의 유이자할부 수수료율 적용
그 외의 경우: 약정이자율은 상법상 상사법정이율과 상호금융가계자금대출금리* 중 높은 금리 적용
* 한국은행에서 매월 발표하는 가장 최근의 비은행금융기관 가중평균대출금리(신규대출 기준)
상환능력에 비해 신용카드 사용액이 과도할 경우 귀하의 개인신용평점이 하락할 수 있습니다.
개인신용평점 하락 시 금융거래 관련된 불이익이 발생할 수 있습니다.
일정기간 원리금을 연체할 경우, 모든 원리금을 변제할 의무가 발생할 수 있습니다.
카드 신청 전 상품설명서 및 약관을 반드시 확인하시기 바랍니다.
신용카드 발급이 부적정한 경우(연체금 보유, 개인신용평점 등 낮음) 카드발급이 제한될 수 있습니다.
카드 이용대금과 이에 수반되는 모든 수수료를 지정된 대금 결제일에 상환합니다.
금융소비자는 금소법 제19조 제1항에 따라 해당 상품 또는 서비스에 대하여 설명 받을 권리가 있으며, 그 설명을 듣고 내용을 충분히 이해한 후 거래하시기 바랍니다.
이 행사는 KB국민카드 영업정책 및 제휴업체의 사정으로 변경 또는 중단될 수 있습니다.
문의: KB국민카드 고객센터(1588-1688)
여신금융협회 심의필 제2026-C1h-02750호 (2026.03.03 ~ 2027.03.02)",2026-06-06 15:22:51
09137_E0002,09137,국민,NEED Global 카드,1000921,마스터카드로 아이허브영양제 쟁일 타임!,https://card.kbcard.com/BON/DVIEW/HBBMCXCRVNEC0001?mainCC=a&eventNum=1000921,2026-05-08,2026-05-31,캐시백,대상,"KB국민 마스터 개인 신용/체크카드 고객(KB국민 기업, 비씨, 마에스트로 카드 제외)",2026-06-06 15:23:06
09137_E0002,09137,국민,NEED Global 카드,1000921,마스터카드로 아이허브영양제 쟁일 타임!,https://card.kbcard.com/BON/DVIEW/HBBMCXCRVNEC0001?mainCC=a&eventNum=1000921,2026-05-08,2026-05-31,캐시백,내용,"행사 기간 안에 대상카드로
KB국민 마스터카드 아이허브 전용 페이지에서 달러(USD)로 결제할 때 프로모션 코드 MCMAY20 입력하면
20% 즉시할인(최대 50달러(USD), ID당 최대 2회까지 가능)",2026-06-06 15:23:06
09137_E0002,09137,국민,NEED Global 카드,1000921,마스터카드로 아이허브영양제 쟁일 타임!,https://card.kbcard.com/BON/DVIEW/HBBMCXCRVNEC0001?mainCC=a&eventNum=1000921,2026-05-08,2026-05-31,캐시백,혜택 제공,대상카드로 결제할 때 프로모션 코드 입력하면 바로 제공,2026-06-06 15:23:06
09137_E0002,09137,국민,NEED Global 카드,1000921,마스터카드로 아이허브영양제 쟁일 타임!,https://card.kbcard.com/BON/DVIEW/HBBMCXCRVNEC0001?mainCC=a&eventNum=1000921,2026-05-08,2026-05-31,캐시백,확인사항,"이 행사 혜택은 마스터카드에서 제공합니다.
해외 승인 시에만 인정되며 카카오페이 등록 이용 등의 국내 이용금액은 제외됩니다.
해외 승인 확인 경로: [KB Pay> 이용내역> 이용내역(매출전표)> 필터]로 이용구분 해외, 이용기간 선택
결제 전 반드시 통화를 달러(USD)로 변경해야 할인 적용이 가능합니다.
* 통화변경 방법: [우측 상단 지구 아이콘 옆 KRW 선택> USD로 변경]
결제 단계에서 [대상 카드 추가> 결제 구분 Mastercard 선택 후 프로모션 코드 입력]
프로모션 코드 적용 후 주문 취소 시 사용횟수는 차감되며, 복구되지 않습니다.
일부 브랜드 및 품목은 쿠폰 적용 대상에서 제외될 수 있습니다.
결제 후 사후 할인 적용은 불가하오니, 할인 적용 여부는 결제 단계에서 확인해 주시기 바랍니다.
제품, 배송 등은 아이허브 약관을 따르므로, 아이허브 고객센터에 문의 바랍니다.
아이허브 고객 센터: [앱 및 홈페이지 하단 고객 서비스> 연중무휴 고객센터]
계약을 체결하기 전에 상품설명서와 약관을 확인하시기 바랍니다.
연체이자율: 회원별/이용상품별 정상이자율+3%p, 최고 연 20% 이내
단, 연체발생시점에 정상이자율이 없는 경우 아래와 같이 적용함
일시불 거래 연체 시: 거래발생시점의 최소기간(2개월) 유이자할부 수수료율 적용
무이자할부 거래 연체 시: 거래발생시점의 동일한 할부 계약기간의 유이자할부 수수료율 적용
그 외의 경우: 정상이자율은 상법상 상사법정이율과 상호금융가계자금대출금리 중 높은 금리 적용
▶ 한국은행에서 매월 발표하는 가장 최근의 비은행 금융기관 가중평균대출금리 (신규대출 기준)
상환능력에 비해 신용카드 사용액이 과도할 경우 귀하의 개인신용평점이 하락할 수 있습니다.
개인신용평점 하락 시 금융거래 관련된 불이익이 발생할 수 있습니다.
일정기간 원리금을 연체할 경우, 모든 원리금을 변제할 의무가 발생할 수 있습니다.
신용카드 발급이 부적정한 경우(연체금 보유, 개인신용평점 낮음 등) 카드발급이 제한될 수 있습니다.
카드 이용금액과 이에 수반되는 모든 수수료를 지정된 대금 결제일에 상환합니다.
금융소비자는 금소법 제19조 제1항에 따라 해당 상품 또는 서비스에 대하여 설명을 받을 권리가 있으며, 그 설명을 듣고 내용을 충분히 이해한 후 거래하시기 바랍니다.
이 행사는 KB국민카드 영업정책 및 제휴업체 상황에 따라 변경 또는 중단될 수 있습니다.
문의: KB국민카드 고객센터(1588-1688)
준법감시인 심의필 260430-01482-HPM (2026.04.30 ~ 2027.04.29)",2026-06-06 15:23:06
04423_E0001,04423,국민,코웨이Ⅱ 카드,1000890,코웨이Ⅱ카드 자동납부추가할인!,https://card.kbcard.com/BON/DVIEW/HBBMCXCRVNEC0001?mainCC=a&eventNum=1000890,2026-05-01,2026-05-31,할인,대상,"KB국민 코웨이Ⅱ카드 고객 중
조건 동시 충족 고객
행사 시작일 직전 6개월 동안 (2025.11월 ~ 2026.4월) 모든 KB국민 신용카드 결제 이력이 없는 고객 (KB국민 비씨카드 포함)
코웨이Ⅱ카드로 코웨이 렌탈료 자동납부 이력이 없는 고객",2026-06-06 15:23:27
04423_E0001,04423,국민,코웨이Ⅱ 카드,1000890,코웨이Ⅱ카드 자동납부추가할인!,https://card.kbcard.com/BON/DVIEW/HBBMCXCRVNEC0001?mainCC=a&eventNum=1000890,2026-05-01,2026-05-31,할인,내용,"36개월 동안 코웨이 렌탈료 최대 11,000원 추가할인
코웨이Ⅱ카드 이용실적 40만원 이상 충족하면 할인
전월 이용실적에 따라 최대 26,000원/30,000원 할인
고객별 1회 적용
2026.6월 ~ 2029.8월(39개월) 중 최대 36개월 추가할인 적용
KB국민 코웨이Ⅱ카드
* 추가할인은 전월 이용실적별 기본 혜택금액을 초과하는 경우에만 제공됩니다.(예. 전월 이용실적이 40만원 이상인 경우 렌탈료 건당 15,000원 초과 결제 금액에 대해서만 추가할인 적용)
전월 이용실적: 기본 혜택 | 40만원 이상: 15,000원 | 80만원 이상: 20,000원
전월 이용실적: 추가할인 한도 | 40만원 이상: + 11,000원 | 80만원 이상: + 10,000원
전월 이용실적: 최대 할인 금액 | 40만원 이상: 26,000원 | 80만원 이상: 30,000원",2026-06-06 15:23:27
04423_E0001,04423,국민,코웨이Ⅱ 카드,1000890,코웨이Ⅱ카드 자동납부추가할인!,https://card.kbcard.com/BON/DVIEW/HBBMCXCRVNEC0001?mainCC=a&eventNum=1000890,2026-05-01,2026-05-31,할인,확인사항,"카드 이용실적 산정 기준은 KB국민 코웨이Ⅱ카드 이용실적 산정기준과 동일합니다.
행사 기간 전 코웨이Ⅱ카드로 코웨이 렌탈료 자동납부이력이 있는 고객은 제외됩니다.
이 행사 이전에 실시한 코웨이 KB국민카드, 코웨이Ⅱ카드 프로모션 혜택과 중복으로 적용되지 않습니다.
혜택 지급 전 결제 취소 및 KB국민 코웨이Ⅱ카드를 해지하면 지급대상에서 제외됩니다.
연체이자율: 회원별 / 이용상품별 정상이자율 + 3%p, 법정최고금리(20%)
단, 연체발생시점에 정상이자율이 없는 경우 아래와 같이 적용함
일시불 거래 연체 시: 거래발생시점의 최소기간 (2개월) 유이자할부 수수료율 적용
무이자할부 거래 연체 시: 거래발생시점의 동일한 할부 계약기간의 유이자할부 수수료율 적용
상환능력에 비해 신용카드 사용액이 과도할 경우 귀하의 개인신용평점이 하락할 수 있습니다.
개인신용평점 하락 시 금융거래 관련된 불이익이 발생할 수 있습니다.
일정기간 원리금을 연체할 경우, 모든 원리금을 변제할 의무가 발생할 수 있습니다.
카드 신청 전 상품설명서 및 약관을 반드시 확인하시기 바랍니다.
금융소비자는 금소법 제19조 제1항에 따라 해당상품 또는 서비스에 대하여 설명을 받을 권리가 있으며, 그 설명을 듣고 내용을 충분히 이해한 후 거래하시기 바랍니다.
신용카드 발급이 부적정한 경우 (연체금 보유, 개인신용평점 등 낮음) 카드발급이 제한될 수 있습니다.
카드 이용대금과 이에 수반되는 모든 수수료를 지정된 대금 결제일에 상환합니다.
이 행사는 KB국민카드 영업정책 및 제휴업체 상황에 따라 변경 또는 중단될 수 있습니다.
문의: KB국민카드 고객센터(1588-1688)
여신금융협회 심의필 제2026-C1h-02417호 (2026.02.24 ~ 2027.02.23)",2026-06-06 15:23:27
09579_E0001,09579,국민,KB라이프 딱좋은 요즘 건강 KB카드,1000880,KB라이프 딱좋은요즘건강보험료자동납부 청구할인!,https://card.kbcard.com/BON/DVIEW/HBBMCXCRVNEC0001?mainCC=a&eventNum=1000880,2026-05-01,2026-05-31,할인,대상,KB라이프 딱좋은 요즘 건강 KB카드 고객,2026-06-06 15:23:47
09579_E0001,09579,국민,KB라이프 딱좋은 요즘 건강 KB카드,1000880,KB라이프 딱좋은요즘건강보험료자동납부 청구할인!,https://card.kbcard.com/BON/DVIEW/HBBMCXCRVNEC0001?mainCC=a&eventNum=1000880,2026-05-01,2026-05-31,할인,내용,"24개월 동안
KB라이프생명 건강보험 10,000원 추가 할인
KB라이프 딱좋은 요즘 건강 KB카드
이용실적 200,000원 이상 충족하면
할인
전월 이용실적에 따라
최대 10,000원/15,000원/18,000원 할인
대상카드로
KB라이프생명 최초 자동납부
승인
자동납부는 행사 기간 다음 달까지 카드 승인이 되어야 하며, 추가 청구할인은 행사 기간 다음 달부터 적용(2026.5월 행사 기준 2026.6월 납부 분부터 적용)
* 추가할인은 전월 이용실적별 기본혜택 금액을 초과하는 경우에만 제공됩니다.
(예시. 전월 이용실적이 200,000원 이상인 경우 보험료 10,000원 초과 결제 건에 대해서만 추가할인 적용)
전월 이용실적: 기본 혜택 | 20만원 이상: 없음 | 40만원 이상: 5,000원 | 80만원 이상: 8,000원
전월 이용실적: 추가 할인 한도 | 20만원 이상: + 10,000원 | 40만원 이상: + 10,000원 | 80만원 이상: + 10,000원
전월 이용실적: 최대 할인 금액(24개월간) | 20만원 이상: 10,000원 | 40만원 이상: 15,000원 | 80만원 이상: 18,000원",2026-06-06 15:23:47
09579_E0001,09579,국민,KB라이프 딱좋은 요즘 건강 KB카드,1000880,KB라이프 딱좋은요즘건강보험료자동납부 청구할인!,https://card.kbcard.com/BON/DVIEW/HBBMCXCRVNEC0001?mainCC=a&eventNum=1000880,2026-05-01,2026-05-31,할인,확인사항,"카드 이용실적 산정 기준은 KB라이프 딱좋은 요즘 건강 KB카드 이용실적 산정기준과 동일합니다.
행사 기간 전 KB라이프 딱좋은 요즘 건강 KB카드로 KB라이프생명 자동납부 이력이 있는 고객은 대상에서 제외됩니다.
이 행사는 KB라이프 딱좋은 요즘 건강 KB카드로 KB라이프생명 자동납부 등록 시에만 매월 결제되는 자동납부 금액에서 청구할인 됩니다.
이 행사 이전에 실시한 KB라이프 딱좋은 요즘 건강 KB카드 추가 할인 혜택과 중복 적용되지 않습니다.
혜택 지급 전 결제 취소 및 KB라이프 딱좋은 요즘 건강 KB카드를 해지하면 지급대상에서 제외됩니다.
연체이자율: 회원별/이용상품별 정상이자율 + 3%p, 최고 연 20% 이내
연체발생시점에 정상이자율이 없는 경우 아래와 같이 적용함
- 일시불 거래 연체 시: 거래발생시점의 최소기간 (2개월) 유이자할부 수수료율 적용
- 무이자할부 거래 연체 시: 거래발생시점의 동일한 할부계약기간의 유이자할부 수수료율 적용
상환능력에 비해 신용카드 사용액이 과도할 경우 귀하의 개인신용평점이 하락할 수 있습니다.
개인신용평점 하락 시 금융거래 관련된 불이익이 발생할 수 있습니다.
일정기간 원리금을 연체할 경우, 모든 원리금을 변제할 의무가 발생할 수 있습니다.
카드 신청 전 상품설명서와 약관을 반드시 확인하시기 바랍니다.
금융소비자는 금소법 제19조 제1항에 따라 해당상품 또는 서비스에 대하여 설명을 받을 권리가 있으며, 그 설명을 듣고 내용을 충분히 이해한 후 거래하시기 바랍니다.
신용카드 발급이 부적정한 경우 (연체금 보유, 개인신용평점 낮음 등) 카드 발급이 제한될 수 있습니다.
카드이용대금과 이에 수반되는 모든 수수료를 지정된 대금 결제일에 상환합니다.
이 행사는 KB국민카드 영업정책 및 제휴업체 상황에 따라 변경 또는 중단될 수 있습니다.
문의: KB국민카드 고객센터(1588-1688)
여신금융협회 심의필 제2025-C1h-14452호 (2025.09.26 ~ 2026.09.25)",2026-06-06 15:23:47
09579_E0002,09579,국민,KB라이프 딱좋은 요즘 건강 KB카드,1000879,연회비 100% 캐시백KB라이프 딱좋은요즘건강,https://card.kbcard.com/BON/DVIEW/HBBMCXCRVNEC0001?mainCC=a&eventNum=1000879,2026-05-01,2026-05-31,캐시백,대상,"아래 내용에 모두 해당하는 고객
PC/모바일 홈페이지에서 대상카드 신규 발급한 고객
행사 직전 6개월 안에 (2025.11월 ~ 2026.4월) KB국민 개인 신용카드 (KB국민 비씨, 가족카드 포함) 이용실적이 없는 고객
온라인 채널을 통해 대상카드를 보유한 고객",2026-06-06 15:23:52
09579_E0002,09579,국민,KB라이프 딱좋은 요즘 건강 KB카드,1000879,연회비 100% 캐시백KB라이프 딱좋은요즘건강,https://card.kbcard.com/BON/DVIEW/HBBMCXCRVNEC0001?mainCC=a&eventNum=1000879,2026-05-01,2026-05-31,캐시백,내용,"행사 시작일부터 2026.6.10(수)까지
'KB Pay' 앱에 대상카드 등록하고 캐시백 지급 시까지 유지하면 연회비 100% 캐시백(초년도 연회비만 해당) 지급
2026.5.1(금) 이후, 대상카드를 최초 발급한 고객",2026-06-06 15:23:52
09579_E0002,09579,국민,KB라이프 딱좋은 요즘 건강 KB카드,1000879,연회비 100% 캐시백KB라이프 딱좋은요즘건강,https://card.kbcard.com/BON/DVIEW/HBBMCXCRVNEC0001?mainCC=a&eventNum=1000879,2026-05-01,2026-05-31,캐시백,혜택 제공,2026.6.30(화) 안에 지급,2026-06-06 15:23:52
09579_E0002,09579,국민,KB라이프 딱좋은 요즘 건강 KB카드,1000879,연회비 100% 캐시백KB라이프 딱좋은요즘건강,https://card.kbcard.com/BON/DVIEW/HBBMCXCRVNEC0001?mainCC=a&eventNum=1000879,2026-05-01,2026-05-31,캐시백,확인사항,"APP 다운로드
본인인증
카드등록
결제비밀번호
서명등록
KB Pay란?
카드는 물론 계좌, 포인트리 등 결제서비스에
송금, 자산 관리, 쇼핑/여행, 이벤트까지!
다양한 서비스의 혜택을 누릴 수 있는 다~ 되는 앱입니다.
지금 바로 다운로드 하세요!
KB Pay 가입 / 이용 안내
앱 다운로드 및 설치
다른 발급 행사 혜택과 중복 적용 불가합니다.
신규 발급 당일에 행사 대상카드 외 타카드 동시발급하면 캐시백 제공 불가합니다.
* 행사 대상카드와 알파원은 동시발급 가능합니다.
* 신규 발급 월에 다른카드 추가발급 가능합니다.(단, 행사 대상카드 소지 고객)
캐시백 지급 전에 신규 발급한 카드를 교체 발급, 해지, 연체 및 거래정지되면 캐시백 제공 불가합니다.
'KB Pay' 앱에 신규 발급한 카드를 등록하지 않으면 캐시백 제공 불가합니다.
기간 안에 KB국민카드 홈페이지/KB Pay를 통한 신청 완료하면 고객별 1회 캐시백이 제공됩니다.(ARS 1899-0077 등 전화 신청은 제외)
카드발급 신청 전에 상품설명서와 신용카드 개인고객 표준약관을 반드시 확인바랍니다.
신용카드의 발급 여부는 KB국민카드 신용카드 발급/심사 기준에 따릅니다.
연체이자율: 회원별/이용상품별 정상이자율 + 3%p, 최고 연 20% 이내
연체발생시점에 정상이자율이 없는 경우 아래와 같이 적용함
- 일시불 거래 연체 시: 거래발생시점의 최소기간 (2개월) 유이자할부 수수료율 적용
- 무이자할부 거래 연체 시: 거래발생시점의 동일한 할부계약기간의 유이자할부 수수료율 적용
상환능력에 비해 신용카드 사용액이 과도할 경우 귀하의 개인신용평점이 하락할 수 있습니다.
개인신용평점 하락 시 금융거래 관련된 불이익이 발생할 수 있습니다.
일정기간 원리금을 연체할 경우, 모든 원리금을 변제할 의무가 발생할 수 있습니다.
카드 신청 전 상품설명서와 약관을 반드시 확인하시기 바랍니다.
금융소비자는 금소법 제19조 제1항에 따라 해당상품 또는 서비스에 대하여 설명을 받을 권리가 있으며, 그 설명을 듣고 내용을 충분히 이해한 후 거래하시기 바랍니다.
신용카드 발급이 부적정한 경우 (연체금 보유, 개인신용평점 낮음 등) 카드 발급이 제한될 수 있습니다.
카드이용대금과 이에 수반되는 모든 수수료를 지정된 대금 결제일에 상환합니다.
이 행사는 KB국민카드 영업정책 및 제휴업체 상황에 따라 변경 또는 중단될 수 있습니다.
문의: KB국민카드 고객센터(1588-1688)
여신금융협회 심의필 제 2025-C1h-18325호 (2025.12.23 ~ 2026.12.22)",2026-06-06 15:23:52
02245_E0001,02245,국민,SK에너지 러브유 KB국민카드,1000853,SK에너지 러브유 카드연회비 100% 캐시백!,https://card.kbcard.com/BON/DVIEW/HBBMCXCRVNEC0001?mainCC=a&eventNum=1000853,2026-05-01,2026-05-31,캐시백,대상,"행사 직전 6개월 안에 (2025.11월 ~ 2026.4월) KB국민 개인 신용카드 (KB국민 비씨, 가족카드 포함) 이용실적이 없는 고객",2026-06-06 15:24:37
02245_E0001,02245,국민,SK에너지 러브유 KB국민카드,1000853,SK에너지 러브유 카드연회비 100% 캐시백!,https://card.kbcard.com/BON/DVIEW/HBBMCXCRVNEC0001?mainCC=a&eventNum=1000853,2026-05-01,2026-05-31,캐시백,내용,"행사 기간 안에 PC/모바일 홈페이지 또는 KB Pay에서
대상카드를 발급하고, 1건 이상 이용하면
연회비 100% 캐시백
* 카드이용기간: 2026.5.1(금) ~ 6.15(월)",2026-06-06 15:24:37
02245_E0001,02245,국민,SK에너지 러브유 KB국민카드,1000853,SK에너지 러브유 카드연회비 100% 캐시백!,https://card.kbcard.com/BON/DVIEW/HBBMCXCRVNEC0001?mainCC=a&eventNum=1000853,2026-05-01,2026-05-31,캐시백,혜택 제공,2026.7.31(금) 안에 캐시백 예정,2026-06-06 15:24:37
02245_E0001,02245,국민,SK에너지 러브유 KB국민카드,1000853,SK에너지 러브유 카드연회비 100% 캐시백!,https://card.kbcard.com/BON/DVIEW/HBBMCXCRVNEC0001?mainCC=a&eventNum=1000853,2026-05-01,2026-05-31,캐시백,확인사항,"혜택 제공 전 대상카드 해지, 다른 카드로 교체, 연체 및 거래정지 시 혜택이 제공되지 않습니다.
카드이용기간 안에 1건 이상 이용하신 고객만 혜택을 받을 수 있습니다.(취소시 제외)
이용금액은 2026.6.30(화)까지 전표 매입된 일시불, 할부 이용금액 기준으로 산정하며, 단기카드대출(현금서비스), 장기카드대출(카드론), 연회비는 제외됩니다.
본인 회원 기준 1회만 적용되며, 가족카드 이용금액은 본인 회원에 포함됩니다.
카드 발급 신청 전에 상품설명서와 신용카드 개인고객표준약관을 반드시 확인바랍니다.
신용카드의 발급 여부는 KB국민카드 신용카드 발급/심사 기준에 따릅니다.
연체이자율: 회원별/이용상품별 정상이자율+3%p, 최고 연 20% 이내
단, 연체발생시점에 정상이자율이 없는 경우 아래와 같이 적용함
일시불 거래 연체 시: 거래발생시점의 최소기간(2개월) 유이자할부 수수료율 적용
무이자할부 거래 연체 시: 거래발생시점의 동일한 할부 계약기간의 유이자할부 수수료율 적용
상환능력에 비해 신용카드 사용액이 과도할 경우 귀하의 개인신용평점이 하락할 수 있습니다.
개인신용평점 하락 시 금융거래 관련된 불이익이 발생할 수 있습니다.
일정기간 원리금을 연체할 경우, 모든 원리금을 변제할 의무가 발생할 수 있습니다.
카드 신청 전 상품설명서와 약관을 반드시 확인하시기 바랍니다.
신용카드 발급이 부적정한 경우(연체금 보유, 개인신용평점 낮음 등) 카드발급이 제한될 수 있습니다.
카드 이용금액과 이에 수반되는 모든 수수료를 지정된 대금 결제일에 상환합니다.
금융소비자는 금소법 제19조 제1항에 따라 해당 상품 또는 서비스에 대하여 설명을 받을 권리가 있으며, 그 설명을 듣고 내용을 충분히 이해한 후 거래하시기 바랍니다.
이 행사는 KB국민카드 영업정책 및 제휴업체 상황에 따라 변경 또는 중단될 수 있습니다.
문의: KB국민카드 고객센터(1588-1688)
여신금융협회 심의필 제 2026-C1h-05043호 (2026.04.10 ~ 2027.04.09)",2026-06-06 15:24:37
04320_E0001,04320,국민,KB국민 밀크T 카드,1000848,밀크T 카드 학습비 할인+ 레고랜드 이용권 혜택,https://card.kbcard.com/BON/DVIEW/HBBMCXCRVNEC0001?mainCC=a&eventNum=1000848,2026-05-01,2026-05-31,할인,대상,"KB국민 밀크T카드 고객
* 행사 직전 6개월간 (2025.11월 ~ 2026.4월) KB국민 신용카드 (KB국민 비씨카드, 가족카드 포함) 결제 이력이 없는 고객",2026-06-06 15:24:52
04320_E0001,04320,국민,KB국민 밀크T 카드,1000848,밀크T 카드 학습비 할인+ 레고랜드 이용권 혜택,https://card.kbcard.com/BON/DVIEW/HBBMCXCRVNEC0001?mainCC=a&eventNum=1000848,2026-05-01,2026-05-31,할인,내용,"기간 동안
아래 항목 모두 충족하면 24개월 동안 3천원 추가 청구할인
대상카드로 밀크T 학습비 최초 자동납부 승인
전월 이용실적 구간별 충족
매월 자동납부(학습비) 건당 결제금액이 구간별 할인금액 이상 조건 충족할 경우
1구간: 자동납부(학습비) 1만 5천원 이상 결제 건
2구간: 자동납부(학습비) 2만원 이상 결제 건
* 추가 청구 할인은 행사월 다음 달부터 적용(5월 행사 기준 6월 납부 분부터 적용)
구분: 1구간 30만원 이상 | 전월 이용실적별 할인한도: 2구간 70만원 이상
구분: 상품할인 | 전월 이용실적별 할인한도: 12,000원
구분: 추가할인 | 전월 이용실적별 할인한도: +3,000원
구분: 할인합계 | 전월 이용실적별 할인한도: 15,000원
행사 대상 고객이 기간 동안
아래 조건을 충족하면 레고랜드 1일 이용권 2매 제공
행사 기간 동안 응모하기 신청
대상카드로 10만원 이상 이용
* 카드 이용 기간: 2026.5.1(금) ~ 6.8(월)
(2026.6.15(월)까지 매입된 건에 한함)",2026-06-06 15:24:52
04320_E0001,04320,국민,KB국민 밀크T 카드,1000848,밀크T 카드 학습비 할인+ 레고랜드 이용권 혜택,https://card.kbcard.com/BON/DVIEW/HBBMCXCRVNEC0001?mainCC=a&eventNum=1000848,2026-05-01,2026-05-31,할인,혜택 제공,행사 2: 2026.6.30(화) 안에 KB국민카드에 등록된 휴대폰번호로 이용권 코드 발송 예정,2026-06-06 15:24:52
04320_E0001,04320,국민,KB국민 밀크T 카드,1000848,밀크T 카드 학습비 할인+ 레고랜드 이용권 혜택,https://card.kbcard.com/BON/DVIEW/HBBMCXCRVNEC0001?mainCC=a&eventNum=1000848,2026-05-01,2026-05-31,할인,확인사항,"행사 1
카드 이용 실적 조건은 KB국민 밀크T카드 이용실적 산정 기준과 동일합니다.
본인 회원 기준 1회만 혜택 제공되며, 가족카드는 본인 회원에 합산됩니다.
행사 기간 다음 달 학습비 자동납부 결제 건부터 적용됩니다.
행사 기간 이전 대상카드로 밀크T 학습비 자동납부 이력이 있는 고객은 제외됩니다.
혜택 받기 전 결제 취소 및 대상카드 해지, 다른 카드로 교체할 경우 혜택을 받으실 수 없습니다.
최초 자동납부 기준으로 26개월 동안 24회까지 할인됩니다.
자동납부는 밀크T 고객센터로 문의 후 신청 바랍니다.
(밀크T초등 1577-1533 / 밀크T아이 1522-6002 / 밀크T중학 1522-5533)
행사 2
행사 1, 행사 2 조건 충족 시 중복으로 혜택 받으실 수 있습니다.
본인 회원 응모 필수이며, 조건을 충족했더라도 응모하지 않으면 대상에서 제외됩니다.
단기카드대출(현금서비스), 장기카드대출(카드론), 상품권, 기프트카드, 선불카드 충전금액, 국세, 지방세, 아파트관리비, 연회비는 이용금액 제외 대상 입니다.
가족카드 이용 금액은 본인카드 이용 금액에 합산됩니다.
응모와 카드 이용 순서는 무관합니다.
응모를 하고 휴대폰번호를 변경하면 대상에서 제외될 수 있습니다.
혜택 제공 전 대상카드 해지 또는 교체, 연체 및 거래정지가 될 경우 행사 대상에서 제외됩니다.
연체이자율: 회원별/이용상품별 정상이자율+3%p, 최고 연 20%
단, 연체발생시점에 정상이자율이 없는 경우 아래와 같이 적용함
일시불 거래 연체 시: 거래발생시점의 최소기간 (2개월) 유이자할부 수수료율 적용
무이자할부 거래 연체 시: 거래발생시점의 동일한 할부 계약기간의 유이자할부 수수료율 적용
상환능력에 비해 신용카드 사용액이 과도할 경우 귀하의 개인신용평점이 하락할 수 있습니다.
개인신용평점 하락 시 금융거래 관련된 불이익이 발생할 수 있습니다.
일정기간 원리금을 연체할 경우, 모든 원리금을 변제할 의무가 발생할 수 있습니다.
카드 신청 전 상품설명서 및 약관을 반드시 확인하시기 바랍니다.
금융소비자는 해당 상품 또는 서비스에 대하여 설명을 받을 권리가 있으며, 그 설명을 듣고 내용을 충분히 이해한 후 거래하시기 바랍니다.
신용카드 발급이 부적정한 경우(연체금 보유, 개인신용평점 낮음 등) 카드발급이 제한될 수 있습니다.
카드 이용대금과 이에 수반되는 모든 수수료를 지정된 대금 결제일에 상환합니다.
이 행사는 KB국민카드 영업정책 및 제휴업체 상황에 따라 변경 또는 중단될 수 있습니다.
문의: KB국민카드 고객센터(1588-1688)
여신금융협회 심의필 제 2026-C1h-04270호 (2026.03.27 ~ 2027.03.26)",2026-06-06 15:24:52
00236_E0001,00236,국민,볼트업 KB EV 카드,1000799,볼트업 EV카드 충전요금최대 50% 할인!,https://card.kbcard.com/BON/DVIEW/HBBMCXCRVNEC0001?mainCC=a&eventNum=1000799,2026-05-01,2026-05-31,할인,대상,"볼트업 KB EV카드 고객
* 행사월 직전 6개월 동안 (2025.11월 ~ 2026.4월) KB국민 개인 신용카드 (KB국민 비씨, 가족카드 포함) 결제 이력이 없는 고객",2026-06-06 15:25:37
00236_E0001,00236,국민,볼트업 KB EV 카드,1000799,볼트업 EV카드 충전요금최대 50% 할인!,https://card.kbcard.com/BON/DVIEW/HBBMCXCRVNEC0001?mainCC=a&eventNum=1000799,2026-05-01,2026-05-31,할인,내용,"대상카드로
볼트업 회원 인증을 하고 전기차 충전 결제하면
36개월 동안 추가 30% 청구할인(행사 월 다음 달부터 적용)
* 기간동안 전월 이용실적 40만원 이상 충족 필요
전월 이용실적별 할인 기준(월 최대 5만원 혜택)
상품 혜택: 전기/수소차 충전 가맹점(KB국민카드 업종 분류 기준)
추가 혜택: 볼트업 회원 인증 전기차 충전할 때 적용(볼트업 충전기 및 로밍 충전기 포함)
* 볼트업 회원 충전 방법: 볼트업 App 가입 후 실물카드 태깅 또는 App을 통한 충전
구분: 40만원 이상 | 전월 이용실적별 월 할인한도: 80만원 이상
구분: 상품 혜택(20%) | 전월 이용실적별 월 할인한도: 10,000원
구분: 추가 혜택(30%) | 전월 이용실적별 월 할인한도: 15,000원
구분: 최대 혜택 합계(50%) | 전월 이용실적별 월 할인한도: 25,000원",2026-06-06 15:25:37
00236_E0001,00236,국민,볼트업 KB EV 카드,1000799,볼트업 EV카드 충전요금최대 50% 할인!,https://card.kbcard.com/BON/DVIEW/HBBMCXCRVNEC0001?mainCC=a&eventNum=1000799,2026-05-01,2026-05-31,할인,확인사항,"카드 이용실적은 볼트업 KB EV카드 이용실적 기준과 동일합니다.
본인 회원 기준 1회만 적용되며, 가족카드 이용금액은 본인 회원에 합산됩니다.
실적 유예기간 프로모션 할인한도는 상품서비스와 동일한 기준으로 전월 이용실적 40만원 미만일 경우에도 월 7,500원까지 받을 수 있습니다.
프로모션 할인은 행사 월 다음 달 첫 영업일 익일부터 적용됩니다.
혜택 제공 전 결제취소 및 볼트업 KB EV카드를 해지할 경우 혜택을 받으실 수 없습니다.
볼트업 회원가입 및 충전이용 관련 문의는 볼트업 고객센터(1660-0365)로 문의 바랍니다.
연체이자율: 회원별/이용상품별 정상이자율 + 3%p, 최고 연 20% 이내
단, 연체발생시점에 정상이자율이 없는 경우 아래와 같이 적용함
- 일시불 거래 연체 시: 거래발생시점의 최소기간 (2개월) 유이자할부 수수료율 적용
- 무이자할부 거래 연체 시: 거래발생시점의 동일한 할부계약기간의 유이자할부 수수료율 적용
상환능력에 비해 신용카드 사용액이 과도할 경우 귀하의 개인신용평점이 하락할 수 있습니다.
개인신용평점 하락 시 금융거래 관련된 불이익이 발생할 수 있습니다.
일정기간 원리금을 연체할 경우, 모든 원리금을 변제할 의무가 발생할 수 있습니다.
카드 신청 전 상품설명서와 약관을 반드시 확인하시기 바랍니다.
금융소비자는 금소법 제19조 제1항에 따라 해당상품 또는 서비스에 대하여 설명을 받을 권리가 있으며, 그 설명을 듣고 내용을 충분히 이해한 후 거래하시기 바랍니다.
신용카드 발급이 부적정한 경우 (연체금 보유, 개인신용평점 낮음 등) 카드 발급이 제한될 수 있습니다.
카드이용대금과 이에 수반되는 모든 수수료를 지정된 대금 결제일에 상환합니다.
이 행사는 KB국민카드 영업정책 및 제휴업체 상황에 따라 변경 또는 중단될 수 있습니다.
문의: KB국민카드 고객센터(1588-1688)
여신금융협회심의필 제2025-C1h-14009호 (2025.09.19 ~ 2026.09.18)",2026-06-06 15:25:37
09923_E0001,09923,국민,My WE:SH 카드,1000789,온라인 신규 발급 고객연회비 100% 캐시백,https://card.kbcard.com/BON/DVIEW/HBBMCXCRVNEC0001?mainCC=a&eventNum=1000789,2026-05-01,2026-05-31,캐시백,대상,KB국민 신용카드 온라인 신규 발급 고객,2026-06-06 15:25:53
09923_E0001,09923,국민,My WE:SH 카드,1000789,온라인 신규 발급 고객연회비 100% 캐시백,https://card.kbcard.com/BON/DVIEW/HBBMCXCRVNEC0001?mainCC=a&eventNum=1000789,2026-05-01,2026-05-31,캐시백,내용,"기간 안에 PC/모바일 홈페이지 또는 KB Pay에서 신용카드 최초 발급하고,
아래 항목을 충족하면 연회비 100% 캐시백
선택적 동의* 및 장기카드대출(카드론) 이용동의
신청한 달의 다음 달 말일까지 동의하고, 캐시백 지급일까지 유지
* 선택적 동의: 카드상품 안내 및 이용권유(이용채널 포함), 부수서비스 안내, KB금융그룹 계열사 정보 제공
2026.5.1(금) ~ 6.15(월) 동안 KB Pay 1건 이상 결제",2026-06-06 15:25:53
09923_E0001,09923,국민,My WE:SH 카드,1000789,온라인 신규 발급 고객연회비 100% 캐시백,https://card.kbcard.com/BON/DVIEW/HBBMCXCRVNEC0001?mainCC=a&eventNum=1000789,2026-05-01,2026-05-31,캐시백,혜택 제공,2026.7.31(금) 안에 결제 계좌로 지급,2026-06-06 15:25:53
09923_E0001,09923,국민,My WE:SH 카드,1000789,온라인 신규 발급 고객연회비 100% 캐시백,https://card.kbcard.com/BON/DVIEW/HBBMCXCRVNEC0001?mainCC=a&eventNum=1000789,2026-05-01,2026-05-31,캐시백,확인사항,"APP 다운로드
본인인증
카드등록
결제비밀번호
서명등록
KB Pay란?
카드는 물론 계좌, 포인트리 등 결제서비스에
송금, 자산 관리, 쇼핑/여행, 이벤트까지!
다양한 서비스의 혜택을 누릴 수 있는 다~ 되는 앱입니다.
지금 바로 다운로드 하세요!
KB Pay 가입 / 이용 안내
앱 다운로드 및 설치
KB국민카드에서 진행하는 다른 이용금액 증대 행사와 중복 적용 불가합니다.
신규 발급 당일에 행사 대상카드 외 다른 카드 동시발급하면 캐시백 제공 불가합니다.
▶ 행사 대상카드와 알파원, 하이패스카드는 동시 발급 가능합니다.
▶ 신규 발급 월에 다른 카드 추가발급 가능합니다.(단, 행사 대상카드 소지 고객)
모바일 단독카드는 행사 대상카드가 아닙니다.
캐시백 지급 전에 신규 발급한 카드를 교체 발급, 해지, 연체 및 거래정지되면 캐시백 제공 불가합니다.
‘선택적 동의’ 및 ‘장기카드대출(카드론) 이용동의‘는 캐시백 제공일까지 동의가 유지 되어야 합니다.
* KB Pay에서 검색창에 검색하여 동의여부 확인하기
▶ 선택적 동의: ‘마케팅 수신동의’ 검색 후 클릭
▶ 장기카드대출(카드론): [장기카드대출(카드론)> 이용동의] 검색 후 클릭
발급한 대상카드로 KB Pay 1건 이상 이용해야 하며, 결제 취소 건은 제외됩니다.
기간 안에 KB국민카드 홈페이지/KB Pay를 통한 신청 완료하면 고객별 1회 캐시백이 제공됩니다.(ARS 1899-0077 등 전화 신청은 제외)
카드발급 신청 전에 상품설명서와 신용카드 개인고객 표준약관을 반드시 확인바랍니다.
신용카드의 발급 여부는 KB국민카드 신용카드 발급/심사 기준에 따릅니다.
연회비는 카드 상품별 상세 페이지 참조 바랍니다.
연체이자율: 회원별/이용상품별 정상이자율+3%p, 최고 연 20% 이내
단, 연체발생시점에 정상이자율이 없는 경우 아래와 같이 적용함
일시불 거래 연체 시: 거래발생시점의 최소기간 (2개월) 유이자할부 수수료율 적용
무이자할부 거래 연체 시: 거래발생시점의 동일한 할부 계약기간의 유이자할부 수수료율 적용
그 외의 경우: 정상이자율은 상법상 상사법정이율과 상호금융가계자금대출금리 중 높은 금리 적용
* 한국은행에서 매월 발표하는 가장 최근의 비은행 금융기관 가중평균대출금리 (신규대출 기준)
상환능력에 비해 신용카드 사용액이 과도할 경우 귀하의 개인신용평점이 하락할 수 있습니다.
개인신용평점 하락 시 금융거래 관련된 불이익이 발생할 수 있습니다.
일정기간 원리금을 연체할 경우, 모든 원리금을 변제할 의무가 발생할 수 있습니다.
카드 신청 전 상품설명서와 약관을 반드시 확인하시기 바랍니다.
금융소비자는 금소법 제19조 제1항에 따라 해당상품 또는 서비스에 대하여 설명을 받을 권리가 있으며, 그 설명을 듣고 내용을 충분히 이해한 후 거래하시기 바랍니다.
신용카드 발급이 부적정한 경우(연체금 보유, 개인신용평점 낮음 등) 카드 발급이 제한될 수 있습니다.
카드이용대금과 이에 수반되는 모든 수수료를 지정된 대금 결제일에 상환합니다.
장기카드대출(카드론 유의사항)
계약을 체결하기 전에 상품설명서와 약관을 확인하시기 바랍니다.
대출취급이 부적정한 경우(개인신용평점 낮음 등) 대출취급이 제한될 수 있습니다.
대출상환방법: 원(리)금균등분할, 만기일시 상환
대출금과 이에 수반되는 모든 수수료를 지정된 대금 결제일에 상환해야 하며, 매월 이자 납입일에 이자를 납부하여야 합니다.
일정기간 원리금 연체 시, 모든 원리금을 변제할 의무가 발생할 수 있습니다.
장기카드대출 금리: 연 3.90% ~ 18.90%(고정금리)(개인신용평점 등에 따라 차등 적용/금리 산출시점: 2026.2월)
금리 정보는 광고 게시 시점을 기준으로 산정되었으며, 자세한 금리 정보는 KB국민카드 홈페이지에서 확인 부탁드립니다.
연체이자율 : 정상이자율 + 연체가산이자율(3%p), 최고 연 20% 이내 취급수수료 및 중도상환수수료가 없습니다.
인지세 없습니다.
이 행사는 KB국민카드 영업정책 및 제휴업체 상황에 따라 변경 또는 중단될 수 있습니다.
문의: KB국민카드 고객센터(1588-1688)
여신금융협회 심의필 제 2026-C1h-05790호(2026.04.23 ~ 2027.04.22)",2026-06-06 15:25:53
09561_E0001,09561,국민,WE:SH Travel,1000789,온라인 신규 발급 고객연회비 100% 캐시백,https://card.kbcard.com/BON/DVIEW/HBBMCXCRVNEC0001?mainCC=a&eventNum=1000789,2026-05-01,2026-05-31,캐시백,대상,KB국민 신용카드 온라인 신규 발급 고객,2026-06-06 15:25:53
09561_E0001,09561,국민,WE:SH Travel,1000789,온라인 신규 발급 고객연회비 100% 캐시백,https://card.kbcard.com/BON/DVIEW/HBBMCXCRVNEC0001?mainCC=a&eventNum=1000789,2026-05-01,2026-05-31,캐시백,내용,"기간 안에 PC/모바일 홈페이지 또는 KB Pay에서 신용카드 최초 발급하고,
아래 항목을 충족하면 연회비 100% 캐시백
선택적 동의* 및 장기카드대출(카드론) 이용동의
신청한 달의 다음 달 말일까지 동의하고, 캐시백 지급일까지 유지
* 선택적 동의: 카드상품 안내 및 이용권유(이용채널 포함), 부수서비스 안내, KB금융그룹 계열사 정보 제공
2026.5.1(금) ~ 6.15(월) 동안 KB Pay 1건 이상 결제",2026-06-06 15:25:53
09561_E0001,09561,국민,WE:SH Travel,1000789,온라인 신규 발급 고객연회비 100% 캐시백,https://card.kbcard.com/BON/DVIEW/HBBMCXCRVNEC0001?mainCC=a&eventNum=1000789,2026-05-01,2026-05-31,캐시백,혜택 제공,2026.7.31(금) 안에 결제 계좌로 지급,2026-06-06 15:25:53
09561_E0001,09561,국민,WE:SH Travel,1000789,온라인 신규 발급 고객연회비 100% 캐시백,https://card.kbcard.com/BON/DVIEW/HBBMCXCRVNEC0001?mainCC=a&eventNum=1000789,2026-05-01,2026-05-31,캐시백,확인사항,"APP 다운로드
본인인증
카드등록
결제비밀번호
서명등록
KB Pay란?
카드는 물론 계좌, 포인트리 등 결제서비스에
송금, 자산 관리, 쇼핑/여행, 이벤트까지!
다양한 서비스의 혜택을 누릴 수 있는 다~ 되는 앱입니다.
지금 바로 다운로드 하세요!
KB Pay 가입 / 이용 안내
앱 다운로드 및 설치
KB국민카드에서 진행하는 다른 이용금액 증대 행사와 중복 적용 불가합니다.
신규 발급 당일에 행사 대상카드 외 다른 카드 동시발급하면 캐시백 제공 불가합니다.
▶ 행사 대상카드와 알파원, 하이패스카드는 동시 발급 가능합니다.
▶ 신규 발급 월에 다른 카드 추가발급 가능합니다.(단, 행사 대상카드 소지 고객)
모바일 단독카드는 행사 대상카드가 아닙니다.
캐시백 지급 전에 신규 발급한 카드를 교체 발급, 해지, 연체 및 거래정지되면 캐시백 제공 불가합니다.
‘선택적 동의’ 및 ‘장기카드대출(카드론) 이용동의‘는 캐시백 제공일까지 동의가 유지 되어야 합니다.
* KB Pay에서 검색창에 검색하여 동의여부 확인하기
▶ 선택적 동의: ‘마케팅 수신동의’ 검색 후 클릭
▶ 장기카드대출(카드론): [장기카드대출(카드론)> 이용동의] 검색 후 클릭
발급한 대상카드로 KB Pay 1건 이상 이용해야 하며, 결제 취소 건은 제외됩니다.
기간 안에 KB국민카드 홈페이지/KB Pay를 통한 신청 완료하면 고객별 1회 캐시백이 제공됩니다.(ARS 1899-0077 등 전화 신청은 제외)
카드발급 신청 전에 상품설명서와 신용카드 개인고객 표준약관을 반드시 확인바랍니다.
신용카드의 발급 여부는 KB국민카드 신용카드 발급/심사 기준에 따릅니다.
연회비는 카드 상품별 상세 페이지 참조 바랍니다.
연체이자율: 회원별/이용상품별 정상이자율+3%p, 최고 연 20% 이내
단, 연체발생시점에 정상이자율이 없는 경우 아래와 같이 적용함
일시불 거래 연체 시: 거래발생시점의 최소기간 (2개월) 유이자할부 수수료율 적용
무이자할부 거래 연체 시: 거래발생시점의 동일한 할부 계약기간의 유이자할부 수수료율 적용
그 외의 경우: 정상이자율은 상법상 상사법정이율과 상호금융가계자금대출금리 중 높은 금리 적용
* 한국은행에서 매월 발표하는 가장 최근의 비은행 금융기관 가중평균대출금리 (신규대출 기준)
상환능력에 비해 신용카드 사용액이 과도할 경우 귀하의 개인신용평점이 하락할 수 있습니다.
개인신용평점 하락 시 금융거래 관련된 불이익이 발생할 수 있습니다.
일정기간 원리금을 연체할 경우, 모든 원리금을 변제할 의무가 발생할 수 있습니다.
카드 신청 전 상품설명서와 약관을 반드시 확인하시기 바랍니다.
금융소비자는 금소법 제19조 제1항에 따라 해당상품 또는 서비스에 대하여 설명을 받을 권리가 있으며, 그 설명을 듣고 내용을 충분히 이해한 후 거래하시기 바랍니다.
신용카드 발급이 부적정한 경우(연체금 보유, 개인신용평점 낮음 등) 카드 발급이 제한될 수 있습니다.
카드이용대금과 이에 수반되는 모든 수수료를 지정된 대금 결제일에 상환합니다.
장기카드대출(카드론 유의사항)
계약을 체결하기 전에 상품설명서와 약관을 확인하시기 바랍니다.
대출취급이 부적정한 경우(개인신용평점 낮음 등) 대출취급이 제한될 수 있습니다.
대출상환방법: 원(리)금균등분할, 만기일시 상환
대출금과 이에 수반되는 모든 수수료를 지정된 대금 결제일에 상환해야 하며, 매월 이자 납입일에 이자를 납부하여야 합니다.
일정기간 원리금 연체 시, 모든 원리금을 변제할 의무가 발생할 수 있습니다.
장기카드대출 금리: 연 3.90% ~ 18.90%(고정금리)(개인신용평점 등에 따라 차등 적용/금리 산출시점: 2026.2월)
금리 정보는 광고 게시 시점을 기준으로 산정되었으며, 자세한 금리 정보는 KB국민카드 홈페이지에서 확인 부탁드립니다.
연체이자율 : 정상이자율 + 연체가산이자율(3%p), 최고 연 20% 이내 취급수수료 및 중도상환수수료가 없습니다.
인지세 없습니다.
이 행사는 KB국민카드 영업정책 및 제휴업체 상황에 따라 변경 또는 중단될 수 있습니다.
문의: KB국민카드 고객센터(1588-1688)
여신금융협회 심의필 제 2026-C1h-05790호(2026.04.23 ~ 2027.04.22)",2026-06-06 15:25:53
09115_E0001,09115,국민,American Express Blue Card,1000789,온라인 신규 발급 고객연회비 100% 캐시백,https://card.kbcard.com/BON/DVIEW/HBBMCXCRVNEC0001?mainCC=a&eventNum=1000789,2026-05-01,2026-05-31,캐시백,대상,KB국민 신용카드 온라인 신규 발급 고객,2026-06-06 15:25:53
09115_E0001,09115,국민,American Express Blue Card,1000789,온라인 신규 발급 고객연회비 100% 캐시백,https://card.kbcard.com/BON/DVIEW/HBBMCXCRVNEC0001?mainCC=a&eventNum=1000789,2026-05-01,2026-05-31,캐시백,내용,"기간 안에 PC/모바일 홈페이지 또는 KB Pay에서 신용카드 최초 발급하고,
아래 항목을 충족하면 연회비 100% 캐시백
선택적 동의* 및 장기카드대출(카드론) 이용동의
신청한 달의 다음 달 말일까지 동의하고, 캐시백 지급일까지 유지
* 선택적 동의: 카드상품 안내 및 이용권유(이용채널 포함), 부수서비스 안내, KB금융그룹 계열사 정보 제공
2026.5.1(금) ~ 6.15(월) 동안 KB Pay 1건 이상 결제",2026-06-06 15:25:53
09115_E0001,09115,국민,American Express Blue Card,1000789,온라인 신규 발급 고객연회비 100% 캐시백,https://card.kbcard.com/BON/DVIEW/HBBMCXCRVNEC0001?mainCC=a&eventNum=1000789,2026-05-01,2026-05-31,캐시백,혜택 제공,2026.7.31(금) 안에 결제 계좌로 지급,2026-06-06 15:25:53
09115_E0001,09115,국민,American Express Blue Card,1000789,온라인 신규 발급 고객연회비 100% 캐시백,https://card.kbcard.com/BON/DVIEW/HBBMCXCRVNEC0001?mainCC=a&eventNum=1000789,2026-05-01,2026-05-31,캐시백,확인사항,"APP 다운로드
본인인증
카드등록
결제비밀번호
서명등록
KB Pay란?
카드는 물론 계좌, 포인트리 등 결제서비스에
송금, 자산 관리, 쇼핑/여행, 이벤트까지!
다양한 서비스의 혜택을 누릴 수 있는 다~ 되는 앱입니다.
지금 바로 다운로드 하세요!
KB Pay 가입 / 이용 안내
앱 다운로드 및 설치
KB국민카드에서 진행하는 다른 이용금액 증대 행사와 중복 적용 불가합니다.
신규 발급 당일에 행사 대상카드 외 다른 카드 동시발급하면 캐시백 제공 불가합니다.
▶ 행사 대상카드와 알파원, 하이패스카드는 동시 발급 가능합니다.
▶ 신규 발급 월에 다른 카드 추가발급 가능합니다.(단, 행사 대상카드 소지 고객)
모바일 단독카드는 행사 대상카드가 아닙니다.
캐시백 지급 전에 신규 발급한 카드를 교체 발급, 해지, 연체 및 거래정지되면 캐시백 제공 불가합니다.
‘선택적 동의’ 및 ‘장기카드대출(카드론) 이용동의‘는 캐시백 제공일까지 동의가 유지 되어야 합니다.
* KB Pay에서 검색창에 검색하여 동의여부 확인하기
▶ 선택적 동의: ‘마케팅 수신동의’ 검색 후 클릭
▶ 장기카드대출(카드론): [장기카드대출(카드론)> 이용동의] 검색 후 클릭
발급한 대상카드로 KB Pay 1건 이상 이용해야 하며, 결제 취소 건은 제외됩니다.
기간 안에 KB국민카드 홈페이지/KB Pay를 통한 신청 완료하면 고객별 1회 캐시백이 제공됩니다.(ARS 1899-0077 등 전화 신청은 제외)
카드발급 신청 전에 상품설명서와 신용카드 개인고객 표준약관을 반드시 확인바랍니다.
신용카드의 발급 여부는 KB국민카드 신용카드 발급/심사 기준에 따릅니다.
연회비는 카드 상품별 상세 페이지 참조 바랍니다.
연체이자율: 회원별/이용상품별 정상이자율+3%p, 최고 연 20% 이내
단, 연체발생시점에 정상이자율이 없는 경우 아래와 같이 적용함
일시불 거래 연체 시: 거래발생시점의 최소기간 (2개월) 유이자할부 수수료율 적용
무이자할부 거래 연체 시: 거래발생시점의 동일한 할부 계약기간의 유이자할부 수수료율 적용
그 외의 경우: 정상이자율은 상법상 상사법정이율과 상호금융가계자금대출금리 중 높은 금리 적용
* 한국은행에서 매월 발표하는 가장 최근의 비은행 금융기관 가중평균대출금리 (신규대출 기준)
상환능력에 비해 신용카드 사용액이 과도할 경우 귀하의 개인신용평점이 하락할 수 있습니다.
개인신용평점 하락 시 금융거래 관련된 불이익이 발생할 수 있습니다.
일정기간 원리금을 연체할 경우, 모든 원리금을 변제할 의무가 발생할 수 있습니다.
카드 신청 전 상품설명서와 약관을 반드시 확인하시기 바랍니다.
금융소비자는 금소법 제19조 제1항에 따라 해당상품 또는 서비스에 대하여 설명을 받을 권리가 있으며, 그 설명을 듣고 내용을 충분히 이해한 후 거래하시기 바랍니다.
신용카드 발급이 부적정한 경우(연체금 보유, 개인신용평점 낮음 등) 카드 발급이 제한될 수 있습니다.
카드이용대금과 이에 수반되는 모든 수수료를 지정된 대금 결제일에 상환합니다.
장기카드대출(카드론 유의사항)
계약을 체결하기 전에 상품설명서와 약관을 확인하시기 바랍니다.
대출취급이 부적정한 경우(개인신용평점 낮음 등) 대출취급이 제한될 수 있습니다.
대출상환방법: 원(리)금균등분할, 만기일시 상환
대출금과 이에 수반되는 모든 수수료를 지정된 대금 결제일에 상환해야 하며, 매월 이자 납입일에 이자를 납부하여야 합니다.
일정기간 원리금 연체 시, 모든 원리금을 변제할 의무가 발생할 수 있습니다.
장기카드대출 금리: 연 3.90% ~ 18.90%(고정금리)(개인신용평점 등에 따라 차등 적용/금리 산출시점: 2026.2월)
금리 정보는 광고 게시 시점을 기준으로 산정되었으며, 자세한 금리 정보는 KB국민카드 홈페이지에서 확인 부탁드립니다.
연체이자율 : 정상이자율 + 연체가산이자율(3%p), 최고 연 20% 이내 취급수수료 및 중도상환수수료가 없습니다.
인지세 없습니다.
이 행사는 KB국민카드 영업정책 및 제휴업체 상황에 따라 변경 또는 중단될 수 있습니다.
문의: KB국민카드 고객센터(1588-1688)
여신금융협회 심의필 제 2026-C1h-05790호(2026.04.23 ~ 2027.04.22)",2026-06-06 15:25:53
09174_E0001,09174,국민,청춘대로 톡톡카드,1000789,온라인 신규 발급 고객연회비 100% 캐시백,https://card.kbcard.com/BON/DVIEW/HBBMCXCRVNEC0001?mainCC=a&eventNum=1000789,2026-05-01,2026-05-31,캐시백,대상,KB국민 신용카드 온라인 신규 발급 고객,2026-06-06 15:25:53
09174_E0001,09174,국민,청춘대로 톡톡카드,1000789,온라인 신규 발급 고객연회비 100% 캐시백,https://card.kbcard.com/BON/DVIEW/HBBMCXCRVNEC0001?mainCC=a&eventNum=1000789,2026-05-01,2026-05-31,캐시백,내용,"기간 안에 PC/모바일 홈페이지 또는 KB Pay에서 신용카드 최초 발급하고,
아래 항목을 충족하면 연회비 100% 캐시백
선택적 동의* 및 장기카드대출(카드론) 이용동의
신청한 달의 다음 달 말일까지 동의하고, 캐시백 지급일까지 유지
* 선택적 동의: 카드상품 안내 및 이용권유(이용채널 포함), 부수서비스 안내, KB금융그룹 계열사 정보 제공
2026.5.1(금) ~ 6.15(월) 동안 KB Pay 1건 이상 결제",2026-06-06 15:25:53
09174_E0001,09174,국민,청춘대로 톡톡카드,1000789,온라인 신규 발급 고객연회비 100% 캐시백,https://card.kbcard.com/BON/DVIEW/HBBMCXCRVNEC0001?mainCC=a&eventNum=1000789,2026-05-01,2026-05-31,캐시백,혜택 제공,2026.7.31(금) 안에 결제 계좌로 지급,2026-06-06 15:25:53
09174_E0001,09174,국민,청춘대로 톡톡카드,1000789,온라인 신규 발급 고객연회비 100% 캐시백,https://card.kbcard.com/BON/DVIEW/HBBMCXCRVNEC0001?mainCC=a&eventNum=1000789,2026-05-01,2026-05-31,캐시백,확인사항,"APP 다운로드
본인인증
카드등록
결제비밀번호
서명등록
KB Pay란?
카드는 물론 계좌, 포인트리 등 결제서비스에
송금, 자산 관리, 쇼핑/여행, 이벤트까지!
다양한 서비스의 혜택을 누릴 수 있는 다~ 되는 앱입니다.
지금 바로 다운로드 하세요!
KB Pay 가입 / 이용 안내
앱 다운로드 및 설치
KB국민카드에서 진행하는 다른 이용금액 증대 행사와 중복 적용 불가합니다.
신규 발급 당일에 행사 대상카드 외 다른 카드 동시발급하면 캐시백 제공 불가합니다.
▶ 행사 대상카드와 알파원, 하이패스카드는 동시 발급 가능합니다.
▶ 신규 발급 월에 다른 카드 추가발급 가능합니다.(단, 행사 대상카드 소지 고객)
모바일 단독카드는 행사 대상카드가 아닙니다.
캐시백 지급 전에 신규 발급한 카드를 교체 발급, 해지, 연체 및 거래정지되면 캐시백 제공 불가합니다.
‘선택적 동의’ 및 ‘장기카드대출(카드론) 이용동의‘는 캐시백 제공일까지 동의가 유지 되어야 합니다.
* KB Pay에서 검색창에 검색하여 동의여부 확인하기
▶ 선택적 동의: ‘마케팅 수신동의’ 검색 후 클릭
▶ 장기카드대출(카드론): [장기카드대출(카드론)> 이용동의] 검색 후 클릭
발급한 대상카드로 KB Pay 1건 이상 이용해야 하며, 결제 취소 건은 제외됩니다.
기간 안에 KB국민카드 홈페이지/KB Pay를 통한 신청 완료하면 고객별 1회 캐시백이 제공됩니다.(ARS 1899-0077 등 전화 신청은 제외)
카드발급 신청 전에 상품설명서와 신용카드 개인고객 표준약관을 반드시 확인바랍니다.
신용카드의 발급 여부는 KB국민카드 신용카드 발급/심사 기준에 따릅니다.
연회비는 카드 상품별 상세 페이지 참조 바랍니다.
연체이자율: 회원별/이용상품별 정상이자율+3%p, 최고 연 20% 이내
단, 연체발생시점에 정상이자율이 없는 경우 아래와 같이 적용함
일시불 거래 연체 시: 거래발생시점의 최소기간 (2개월) 유이자할부 수수료율 적용
무이자할부 거래 연체 시: 거래발생시점의 동일한 할부 계약기간의 유이자할부 수수료율 적용
그 외의 경우: 정상이자율은 상법상 상사법정이율과 상호금융가계자금대출금리 중 높은 금리 적용
* 한국은행에서 매월 발표하는 가장 최근의 비은행 금융기관 가중평균대출금리 (신규대출 기준)
상환능력에 비해 신용카드 사용액이 과도할 경우 귀하의 개인신용평점이 하락할 수 있습니다.
개인신용평점 하락 시 금융거래 관련된 불이익이 발생할 수 있습니다.
일정기간 원리금을 연체할 경우, 모든 원리금을 변제할 의무가 발생할 수 있습니다.
카드 신청 전 상품설명서와 약관을 반드시 확인하시기 바랍니다.
금융소비자는 금소법 제19조 제1항에 따라 해당상품 또는 서비스에 대하여 설명을 받을 권리가 있으며, 그 설명을 듣고 내용을 충분히 이해한 후 거래하시기 바랍니다.
신용카드 발급이 부적정한 경우(연체금 보유, 개인신용평점 낮음 등) 카드 발급이 제한될 수 있습니다.
카드이용대금과 이에 수반되는 모든 수수료를 지정된 대금 결제일에 상환합니다.
장기카드대출(카드론 유의사항)
계약을 체결하기 전에 상품설명서와 약관을 확인하시기 바랍니다.
대출취급이 부적정한 경우(개인신용평점 낮음 등) 대출취급이 제한될 수 있습니다.
대출상환방법: 원(리)금균등분할, 만기일시 상환
대출금과 이에 수반되는 모든 수수료를 지정된 대금 결제일에 상환해야 하며, 매월 이자 납입일에 이자를 납부하여야 합니다.
일정기간 원리금 연체 시, 모든 원리금을 변제할 의무가 발생할 수 있습니다.
장기카드대출 금리: 연 3.90% ~ 18.90%(고정금리)(개인신용평점 등에 따라 차등 적용/금리 산출시점: 2026.2월)
금리 정보는 광고 게시 시점을 기준으로 산정되었으며, 자세한 금리 정보는 KB국민카드 홈페이지에서 확인 부탁드립니다.
연체이자율 : 정상이자율 + 연체가산이자율(3%p), 최고 연 20% 이내 취급수수료 및 중도상환수수료가 없습니다.
인지세 없습니다.
이 행사는 KB국민카드 영업정책 및 제휴업체 상황에 따라 변경 또는 중단될 수 있습니다.
문의: KB국민카드 고객센터(1588-1688)
여신금융협회 심의필 제 2026-C1h-05790호(2026.04.23 ~ 2027.04.22)",2026-06-06 15:25:53
09272_E0001,09272,국민,톡톡 with카드,1000789,온라인 신규 발급 고객연회비 100% 캐시백,https://card.kbcard.com/BON/DVIEW/HBBMCXCRVNEC0001?mainCC=a&eventNum=1000789,2026-05-01,2026-05-31,캐시백,대상,KB국민 신용카드 온라인 신규 발급 고객,2026-06-06 15:25:53
09272_E0001,09272,국민,톡톡 with카드,1000789,온라인 신규 발급 고객연회비 100% 캐시백,https://card.kbcard.com/BON/DVIEW/HBBMCXCRVNEC0001?mainCC=a&eventNum=1000789,2026-05-01,2026-05-31,캐시백,내용,"기간 안에 PC/모바일 홈페이지 또는 KB Pay에서 신용카드 최초 발급하고,
아래 항목을 충족하면 연회비 100% 캐시백
선택적 동의* 및 장기카드대출(카드론) 이용동의
신청한 달의 다음 달 말일까지 동의하고, 캐시백 지급일까지 유지
* 선택적 동의: 카드상품 안내 및 이용권유(이용채널 포함), 부수서비스 안내, KB금융그룹 계열사 정보 제공
2026.5.1(금) ~ 6.15(월) 동안 KB Pay 1건 이상 결제",2026-06-06 15:25:53
09272_E0001,09272,국민,톡톡 with카드,1000789,온라인 신규 발급 고객연회비 100% 캐시백,https://card.kbcard.com/BON/DVIEW/HBBMCXCRVNEC0001?mainCC=a&eventNum=1000789,2026-05-01,2026-05-31,캐시백,혜택 제공,2026.7.31(금) 안에 결제 계좌로 지급,2026-06-06 15:25:53
09272_E0001,09272,국민,톡톡 with카드,1000789,온라인 신규 발급 고객연회비 100% 캐시백,https://card.kbcard.com/BON/DVIEW/HBBMCXCRVNEC0001?mainCC=a&eventNum=1000789,2026-05-01,2026-05-31,캐시백,확인사항,"APP 다운로드
본인인증
카드등록
결제비밀번호
서명등록
KB Pay란?
카드는 물론 계좌, 포인트리 등 결제서비스에
송금, 자산 관리, 쇼핑/여행, 이벤트까지!
다양한 서비스의 혜택을 누릴 수 있는 다~ 되는 앱입니다.
지금 바로 다운로드 하세요!
KB Pay 가입 / 이용 안내
앱 다운로드 및 설치
KB국민카드에서 진행하는 다른 이용금액 증대 행사와 중복 적용 불가합니다.
신규 발급 당일에 행사 대상카드 외 다른 카드 동시발급하면 캐시백 제공 불가합니다.
▶ 행사 대상카드와 알파원, 하이패스카드는 동시 발급 가능합니다.
▶ 신규 발급 월에 다른 카드 추가발급 가능합니다.(단, 행사 대상카드 소지 고객)
모바일 단독카드는 행사 대상카드가 아닙니다.
캐시백 지급 전에 신규 발급한 카드를 교체 발급, 해지, 연체 및 거래정지되면 캐시백 제공 불가합니다.
‘선택적 동의’ 및 ‘장기카드대출(카드론) 이용동의‘는 캐시백 제공일까지 동의가 유지 되어야 합니다.
* KB Pay에서 검색창에 검색하여 동의여부 확인하기
▶ 선택적 동의: ‘마케팅 수신동의’ 검색 후 클릭
▶ 장기카드대출(카드론): [장기카드대출(카드론)> 이용동의] 검색 후 클릭
발급한 대상카드로 KB Pay 1건 이상 이용해야 하며, 결제 취소 건은 제외됩니다.
기간 안에 KB국민카드 홈페이지/KB Pay를 통한 신청 완료하면 고객별 1회 캐시백이 제공됩니다.(ARS 1899-0077 등 전화 신청은 제외)
카드발급 신청 전에 상품설명서와 신용카드 개인고객 표준약관을 반드시 확인바랍니다.
신용카드의 발급 여부는 KB국민카드 신용카드 발급/심사 기준에 따릅니다.
연회비는 카드 상품별 상세 페이지 참조 바랍니다.
연체이자율: 회원별/이용상품별 정상이자율+3%p, 최고 연 20% 이내
단, 연체발생시점에 정상이자율이 없는 경우 아래와 같이 적용함
일시불 거래 연체 시: 거래발생시점의 최소기간 (2개월) 유이자할부 수수료율 적용
무이자할부 거래 연체 시: 거래발생시점의 동일한 할부 계약기간의 유이자할부 수수료율 적용
그 외의 경우: 정상이자율은 상법상 상사법정이율과 상호금융가계자금대출금리 중 높은 금리 적용
* 한국은행에서 매월 발표하는 가장 최근의 비은행 금융기관 가중평균대출금리 (신규대출 기준)
상환능력에 비해 신용카드 사용액이 과도할 경우 귀하의 개인신용평점이 하락할 수 있습니다.
개인신용평점 하락 시 금융거래 관련된 불이익이 발생할 수 있습니다.
일정기간 원리금을 연체할 경우, 모든 원리금을 변제할 의무가 발생할 수 있습니다.
카드 신청 전 상품설명서와 약관을 반드시 확인하시기 바랍니다.
금융소비자는 금소법 제19조 제1항에 따라 해당상품 또는 서비스에 대하여 설명을 받을 권리가 있으며, 그 설명을 듣고 내용을 충분히 이해한 후 거래하시기 바랍니다.
신용카드 발급이 부적정한 경우(연체금 보유, 개인신용평점 낮음 등) 카드 발급이 제한될 수 있습니다.
카드이용대금과 이에 수반되는 모든 수수료를 지정된 대금 결제일에 상환합니다.
장기카드대출(카드론 유의사항)
계약을 체결하기 전에 상품설명서와 약관을 확인하시기 바랍니다.
대출취급이 부적정한 경우(개인신용평점 낮음 등) 대출취급이 제한될 수 있습니다.
대출상환방법: 원(리)금균등분할, 만기일시 상환
대출금과 이에 수반되는 모든 수수료를 지정된 대금 결제일에 상환해야 하며, 매월 이자 납입일에 이자를 납부하여야 합니다.
일정기간 원리금 연체 시, 모든 원리금을 변제할 의무가 발생할 수 있습니다.
장기카드대출 금리: 연 3.90% ~ 18.90%(고정금리)(개인신용평점 등에 따라 차등 적용/금리 산출시점: 2026.2월)
금리 정보는 광고 게시 시점을 기준으로 산정되었으며, 자세한 금리 정보는 KB국민카드 홈페이지에서 확인 부탁드립니다.
연체이자율 : 정상이자율 + 연체가산이자율(3%p), 최고 연 20% 이내 취급수수료 및 중도상환수수료가 없습니다.
인지세 없습니다.
이 행사는 KB국민카드 영업정책 및 제휴업체 상황에 따라 변경 또는 중단될 수 있습니다.
문의: KB국민카드 고객센터(1588-1688)
여신금융협회 심의필 제 2026-C1h-05790호(2026.04.23 ~ 2027.04.22)",2026-06-06 15:25:53
09322_E0001,09322,국민,K-패스체크카드,1000776,교통비 아껴주는 K-패스체크 신규 시 3만원!,https://card.kbcard.com/BON/DVIEW/HBBMCXCRVNEC0001?mainCC=a&eventNum=1000776,2026-05-01,2026-05-31,캐시백,대상,K-패스체크카드 신규 발급 고객,2026-06-06 15:26:09
09322_E0001,09322,국민,K-패스체크카드,1000776,교통비 아껴주는 K-패스체크 신규 시 3만원!,https://card.kbcard.com/BON/DVIEW/HBBMCXCRVNEC0001?mainCC=a&eventNum=1000776,2026-05-01,2026-05-31,캐시백,내용,"K-패스체크카드 신규 발급하고, 2026.6.10(수)까지
합산 3만원 이상 결제 시 3만원 캐시백!
* 행사페이지 안에서 발급 필수(자동응모)
[신규 고객]
아래 중 한가지 충족하고 신규 발급 시점 KB국민 체크카드를 가지고 있지 않으면 대상 인정
KB국민 개인 체크카드 최초 신규 발급 고객
보유 체크카드 전체의 유효기간 만료 후 신규 발급 고객
2025.12.31(수) 이전 체크카드 회원 탈회 후 행사 기간 중 신규 발급 고객",2026-06-06 15:26:09
09322_E0001,09322,국민,K-패스체크카드,1000776,교통비 아껴주는 K-패스체크 신규 시 3만원!,https://card.kbcard.com/BON/DVIEW/HBBMCXCRVNEC0001?mainCC=a&eventNum=1000776,2026-05-01,2026-05-31,캐시백,혜택 제공,2026.6.30(화) 안에 최근 체크카드 출금계좌로 입금,2026-06-06 15:26:09
09322_E0001,09322,국민,K-패스체크카드,1000776,교통비 아껴주는 K-패스체크 신규 시 3만원!,https://card.kbcard.com/BON/DVIEW/HBBMCXCRVNEC0001?mainCC=a&eventNum=1000776,2026-05-01,2026-05-31,캐시백,확인사항,"연회비는 없습니다.
응모 필수, 응모와 이용 순서는 관계 없습니다.
체크카드 신규 고객 대상 다른 행사의 혜택과 중복 제공되지 않습니다.
▶ 중복 참여 시 발급 월 기준 가장 앞선 신청 건 자동 적용
▶ 체크카드 신규 고객 행사 통합 본인 기준 1인 1회까지만 제공
이용금액은 이용 기간 내 누적 금액이며, 이용 기간 종료 후 3영업일까지 정상 매입된 금액까지 해당됩니다.
기존 체크카드 고객의 추가/교체 발급, 유효기간 미경과 해지 고객의 재발급시 대상에서 제외됩니다.
혜택 받기 전 대상 카드 해지 또는 교체, 체크카드 회원 탈퇴시 대상에서 제외됩니다.
은행직원번호, 영업점 및 KB스타뱅킹, 카드플래너 등을 통한 카드 발급 및 이용건은 대상에서 제외됩니다.
이용금액 제외 대상: 결제 취소 및 상품권 구매, 선불카드 충전, 포인트리 충전, 카카오톡 선물하기, 이마트/롯데마트/다이소 등 현금 IC 이용금액
연회비: 없음
계약을 체결하기 전에 상품설명서와 약관을 확인하시기 바랍니다.
연체이자율: 회원별/이용상품별 정상이자율+3%p, 최고 연 20% 이내
단, 연체발생시점에 정상이자율이 없는 경우 아래와 같이 적용함
일시불 거래 연체 시: 거래발생시점의 최소기간 (2개월) 유이자할부 수수료율 적용
무이자할부 거래 연체 시: 거래발생시점의 동일한 할부 계약기간의 유이자할부 수수료율 적용
그 외의 경우: 정상이자율은 상법상 상사법정이율과 상호금융가계자금대출금리 중 높은 금리 적용
▶ 한국은행에서 매월 발표하는 가장 최근의 비은행 금융기관 가중평균대출금리 (신규대출 기준)
상환능력에 비해 신용카드 사용액이 과도할 경우 귀하의 개인신용평점이 하락할 수 있습니다.
개인신용평점 하락 시 금융거래 관련된 불이익이 발생할 수 있습니다.
일정기간 원리금을 연체할 경우, 모든 원리금을 변제할 의무가 발생할 수 있습니다.
이 행사는 KB국민카드 영업정책 및 제휴업체 상황에 따라 변경 또는 중단될 수 있습니다.
문의: KB국민카드 고객센터(1588-1688)
준법감시인 심의필 260224-00474-HPM (2026.02.24)",2026-06-06 15:26:09
09321_E0001,09321,국민,K-패스카드,1000744,"K-패스 환급 30% 더,동네상권 30% 혜택까지",https://card.kbcard.com/BON/DVIEW/HBBMCXCRVNEC0001?mainCC=a&eventNum=1000744,2026-04-01,2026-05-31,캐시백,대상,KB국민 K-패스 개인 신용/체크카드 기소지 고객,2026-06-06 15:27:00
09321_E0001,09321,국민,K-패스카드,1000744,"K-패스 환급 30% 더,동네상권 30% 혜택까지",https://card.kbcard.com/BON/DVIEW/HBBMCXCRVNEC0001?mainCC=a&eventNum=1000744,2026-04-01,2026-05-31,캐시백,내용,"혜택 1.
행사 기간 동안
대상카드로 대중교통 이용하면, 매월 25,000명 씩 총 50,000명 추첨을 통해
K-패스 환급액 30% 추가 지원!(1인 1회)
혜택 2.
행사기간 동안
대상카드로 온누리상품권, 착한가격업소 가맹점에서 건당 1만원 이상 결제하면, 3,000명 추첨을 통해
30% 캐시백 제공!(1인 1회, 최대 5천원)",2026-06-06 15:27:00
09321_E0001,09321,국민,K-패스카드,1000744,"K-패스 환급 30% 더,동네상권 30% 혜택까지",https://card.kbcard.com/BON/DVIEW/HBBMCXCRVNEC0001?mainCC=a&eventNum=1000744,2026-04-01,2026-05-31,캐시백,혜택 제공,"혜택 1.
K-패스 환급금 받는 달의 말일 전까지 지급
혜택 2.
2026.6월 말일까지 본인 카드 결제계좌로 지급",2026-06-06 15:27:00
09321_E0001,09321,국민,K-패스카드,1000744,"K-패스 환급 30% 더,동네상권 30% 혜택까지",https://card.kbcard.com/BON/DVIEW/HBBMCXCRVNEC0001?mainCC=a&eventNum=1000744,2026-04-01,2026-05-31,캐시백,확인사항,"혜택 1은 2026.4월, 2026.5월 각각 당첨자를 추첨하며, 중복당첨 불가합니다.
혜택 1은 각 월의 K-패스 환급금 수령 달의 말일 전까지 혜택이 지급됩니다. 예를 들어, 2026.4월 당첨고객의 혜택지급일은 2026.5월 말일 이전입니다.
혜택 2 이용금액은 2026.6.12(금)까지 전표 매입된 일시불, 할부 이용금액 기준이며, 포인트리 충전, RF/교통 이용금액, 취소금액은 제외됩니다.
일부 온누리상품권, 착한가격업소 가맹점에서는 카드 사용이 불가할 수 있습니다.
혜택 1 대중교통 이용금액 산정기준은 K-패스 환급액 산정기준과 동일합니다.
본인 회원 기준 1회만 적용되며, 가족카드는 본인 회원에 합산됩니다.
혜택 제공 전 연체, 거래정지, 카드 탈회 시 혜택 제공이 불가할 수 있습니다.
온누리상품권 사용가능 가맹점 확인경로: [온누리상품권 홈페이지> 온누리플레이스]
착한가격업소 가맹점 확인경로: [행정안전부 착한가격업소 홈페이지> 착한가격업소 찾기]
계약을 체결하기 전에 상품설명서와 약관을 확인하시기 바랍니다.
연체이자율: 회원별/이용상품별 정상이자율+3%p, 최고 연 20%
단, 연체발생시점에 정상이자율이 없는 경우 아래와 같이 적용함
일시불 거래 연체 시: 거래발생시점의 최소기간 (2개월) 유이자할부 수수료율 적용
무이자할부 거래 연체 시: 거래발생시점의 동일한 할부 계약기간의 유이자할부 수수료율 적용
그 외의 경우: 정상이자율은 상법상 상사법정이율과 상호금융가계자금* 중 높은 금리 적용
▶ 한국은행에서 매월 발표하는 가장 최근의 비은행 금융기관 가중평균대출금리 (신규대출기준)
상환능력에 비해 신용카드 사용액이 과도할 경우 귀하의 개인신용평점이 하락할 수 있습니다.
개인신용평점 하락 시 금융거래 관련된 불이익이 발생할 수 있습니다.
일정기간 원리금을 연체할 경우, 모든 원리금을 변제할 의무가 발생할 수 있습니다.
신용카드 발급이 부적정한 경우(연체금 보유, 개인신용평점 낮음 등) 카드발급이 제한될 수 있습니다.
카드 이용대금과 이에 수반되는 모든 수수료를 지정된 대금 결제일에 상환합니다.
금융소비자는 금소법 제19조 제1항에 따라 해당상품 또는 서비스에 대하여 설명 받을 권리가 있으며, 그 설명을 듣고 내용을 충분히 이해한 후 거래하시기 바랍니다.
이 행사는 KB국민카드 영업정책 및 제휴업체 상황에 따라 변경 또는 중단될 수 있습니다.
문의: KB국민카드 고객센터(1588-1688)
준법감시인 심의필 260407-01152-HPM (2026.04.07 ~ 2027.04.06)",2026-06-06 15:27:00
02245_E0002,02245,국민,SK에너지 러브유 KB국민카드,1000738,고유가시대 주유비를국민카드가 지원합니다.,https://card.kbcard.com/BON/DVIEW/HBBMCXCRVNEC0001?mainCC=a&eventNum=1000738,2026-04-01,2026-05-31,캐시백,대상,SK에너지 러브유 KB국민카드 보유 고객,2026-06-06 15:27:10
02245_E0002,02245,국민,SK에너지 러브유 KB국민카드,1000738,고유가시대 주유비를국민카드가 지원합니다.,https://card.kbcard.com/BON/DVIEW/HBBMCXCRVNEC0001?mainCC=a&eventNum=1000738,2026-04-01,2026-05-31,캐시백,내용,"대상카드로
SK주유소 주유하면
리터당 최대 150원 혜택 제공
행사 기간 동안 응모하고, SK주유소에서 주유하면 리터당 50원 캐시백 추가 지원(추가지원한도: 회원별 최대 1만원)
상품서비스: 전월 이용실적 30만원 이상 시 제공(할인한도: 일 30만원 / 월 30만원 이용금액까지 적용)
추가지원: 전월 이용실적이 충족되지 않아도 혜택 제공(* 응모 필수)
추가지원은 대상 기간 동안 SK주유소 누적 이용금액 기준으로 산정(기준 유가 리터당 2천원 환산 적용)
[예시] SK주유소 총 누적 이용금액 30만원인 경우 7,500원 캐시백
상품서비스 세부 내용은 아래 대상카드 '자세히 보기'로 확인바랍니다.
구분: SK에너지 주유 할인(LPG 제외) | 상품서비스: 리터당 100원 현장할인 | 추가지원: 리터당 50원 캐시백",2026-06-06 15:27:10
02245_E0002,02245,국민,SK에너지 러브유 KB국민카드,1000738,고유가시대 주유비를국민카드가 지원합니다.,https://card.kbcard.com/BON/DVIEW/HBBMCXCRVNEC0001?mainCC=a&eventNum=1000738,2026-04-01,2026-05-31,캐시백,혜택 제공,2026.6.30(화) 안에 캐시백 예정,2026-06-06 15:27:10
02245_E0002,02245,국민,SK에너지 러브유 KB국민카드,1000738,고유가시대 주유비를국민카드가 지원합니다.,https://card.kbcard.com/BON/DVIEW/HBBMCXCRVNEC0001?mainCC=a&eventNum=1000738,2026-04-01,2026-05-31,캐시백,확인사항,"SK주유소 이용금액은 행사 기간 동안 누적 이용금액 기준으로 하며, 2026.6.10(수)까지 전표 매입된 금액으로 적용합니다.(LPG, 취소금액 제외)
본인 회원 응모필수, 응모와 카드 이용순서는 관계 없습니다.
추가지원(캐시백) 이용 대상 SK주유소는 SK에너지 러브유 KB국민카드 주유 할인 대상 가맹점과 동일합니다.
상품서비스(현장 할인): 휘발유, 경유, 등유(LPG 제외)는 SK에너지 고시 휘발유가 기준이며, 경유 및 등유는 휘발유가 환산 적용됩니다.
추가지원(캐시백): 휘발유, 경유, 등유(LPG 제외)는 유가기준 리터당 2천원 환산 적용됩니다.
추가지원(캐시백)은 전월 이용실적이 충족되지 않아도 조건 충족 시 제공됩니다.
본인 회원 기준 1회 혜택 제공되며, 가족카드 이용금액은 본인 회원에 포함됩니다.
혜택 제공 전 대상카드 해지, 다른 카드로 교체, 연체 및 거래 정지되면 혜택이 제공되지 않습니다.
연체이자율: 회원별/이용상품별 정상이자율+3%p, 최고 연 20% 이내
단, 연체발생시점에 정상이자율이 없는 경우 아래와 같이 적용함
일시불 거래 연체 시: 거래발생시점의 최소기간(2개월) 유이자할부 수수료율 적용
무이자할부 거래 연체 시: 거래발생시점의 동일한 할부 계약기간의 유이자할부 수수료율 적용
상환능력에 비해 신용카드 사용액이 과도할 경우 귀하의 개인신용평점이 하락할 수 있습니다.
개인신용평점 하락 시 금융거래 관련된 불이익이 발생할 수 있습니다.
일정기간 원리금을 연체할 경우, 모든 원리금을 변제할 의무가 발생할 수 있습니다.
카드 신청 전 상품설명서와 약관을 반드시 확인하시기 바랍니다.
신용카드 발급이 부적정한 경우(연체금 보유, 개인신용평점 낮음 등) 카드발급이 제한될 수 있습니다.
카드 이용금액과 이에 수반되는 모든 수수료를 지정된 대금 결제일에 상환합니다.
금융소비자는 금소법 제19조 제1항에 따라 해당 상품 또는 서비스에 대하여 설명을 받을 권리가 있으며, 그 설명을 듣고 내용을 충분히 이해한 후 거래하시기 바랍니다.
이 행사는 KB국민카드 영업정책 및 제휴업체 상황에 따라 변경 또는 중단될 수 있습니다.
문의: KB국민카드 고객센터(1588-1688)
여신금융협회 심의필 제 2026-C1h-04797호 (2026.04.07 ~ 2027.04.06)",2026-06-06 15:27:10
09115_E0002,09115,국민,American Express Blue Card,1000732,주유할수록 쌓인다!최대 1만원 주유비 지원,https://card.kbcard.com/BON/DVIEW/HBBMCXCRVNEC0001?mainCC=a&eventNum=1000732,2026-04-01,2026-05-31,캐시백,대상,"KB YOU Prime, KB국민 굿데이 올림, KB국민 다담, AMEX Blue KB국민 카드 고객",2026-06-06 15:27:15
09115_E0002,09115,국민,American Express Blue Card,1000732,주유할수록 쌓인다!최대 1만원 주유비 지원,https://card.kbcard.com/BON/DVIEW/HBBMCXCRVNEC0001?mainCC=a&eventNum=1000732,2026-04-01,2026-05-31,캐시백,내용,"기간 동안 대상카드로
주유(LPG 충전 포함)하면
리터당 50원 캐시백 추가 지원
* 기준 유가 리터당 2천원 환산 적용, 고객별 최대 1만원 캐시백
카드 할인서비스는 각 카드별 전월 이용실적 충족 시 적용되며, 행사 캐시백은 전월 이용실적에 관계없이 제공
행사 캐시백 제공 기준
* 주유/LPG충전 이용금액은 행사 기간 전체 합산하여 산정하며, 유가 기준 2천원/L으로 환산 적용
예시) 행사 기간 주유 금액이 총 30만원인 경우 7,500원 행사 캐시백
대상카드: YOU Prime(일상팩) | 카드 할인 서비스: 주유·충전 금액 10% | 행사 캐시백: 50원/L
대상카드: 굿데이 올림 | 카드 할인 서비스: 주유·충전 금액 60원/L
대상카드: 다담 | 카드 할인 서비스: SK주유소 60원/L
대상카드: AMEX Blue | 카드 할인 서비스: SK·GS 주유소 100원/L",2026-06-06 15:27:15
09115_E0002,09115,국민,American Express Blue Card,1000732,주유할수록 쌓인다!최대 1만원 주유비 지원,https://card.kbcard.com/BON/DVIEW/HBBMCXCRVNEC0001?mainCC=a&eventNum=1000732,2026-04-01,2026-05-31,캐시백,혜택 제공,"2026.6.30(화)까지 제공 예정
신용카드 결제계좌로 제공",2026-06-06 15:27:15
09115_E0002,09115,국민,American Express Blue Card,1000732,주유할수록 쌓인다!최대 1만원 주유비 지원,https://card.kbcard.com/BON/DVIEW/HBBMCXCRVNEC0001?mainCC=a&eventNum=1000732,2026-04-01,2026-05-31,캐시백,확인사항,"응모 필수, 응모와 이용 순서는 관계 없습니다.
이용 금액은 2026.6.4(목)까지 정상 매입된 금액만 포함됩니다.
가족카드 이용금액은 본인 고객 이용금액에 합산됩니다.
행사 캐시백은 카드별 전월 이용실적이 충족되지 않아도 제공됩니다.
카드 할인서비스 내용은 대상카드 '자세히 보기'를 통해 확인해주시기 바랍니다.
혜택 받기 전 대상카드 해지, 다른 카드로 교체, 회원탈퇴, 결제취소를 하시면 대상에서 제외됩니다.
연회비
KB YOU Prime: 국내전용/국내외겸용(K-WORLD(JCB), MASTER) 30,000원(모바일단독 24,000원)
KB국민 굿데이 올림: 국내외겸용(K-WORLD(UPI)) 15,000원(모바일단독 9,000원), 국내외겸용(VISA/MASTER/AMEX) 20,000원(모바일단독 14,000원)
KB국민 다담: 국내외겸용(K-WORLD(UPI)) 15,000원(모바일단독 9,000원), 국내외겸용(VISA/MASTER) 20,000원(모바일단독 14,000원)
AMEX Blue KB국민: 국내외겸용(AMEX) 19,000원(모바일단독 13,000원)
계약을 체결하기 전에 상품설명서와 약관을 확인하시기 바랍니다.
연체이자율: 회원별/이용상품별 정상이자율 + 3%p, 최고 연 20% 이내
단, 연체발생시점에 정상이자율이 없는 경우 아래와 같이 적용함
일시불 거래 연체 시: 거래발생시점의 최소기간(2개월) 유이자할부 수수료율 적용
무이자할부 거래 연체 시: 거래발생시점의 동일한 할부 계약기간의 유이자할부 수수료율 적용
그 외의 경우: 정상이자율은 상법상 상사법정이율과 상호금융가계자금대출금리* 중 높은 금리 적용
▶ 한국은행에서 매월 발표하는 가장 최근의 비은행 금융기관 가중평균대출금리(신규대출 기준)
상환능력에 비해 신용카드 사용액이 과도할 경우 귀하의 개인신용평점이 하락할 수 있습니다.
개인신용평점 하락 시 금융거래 관련된 불이익이 발생할 수 있습니다.
일정기간 원리금을 연체할 경우, 모든 원리금을 변제할 의무가 발생할 수 있습니다.
신용카드 발급이 부적정한 경우(개인신용평점 낮음, 연체금 보유 등) 카드발급이 제한될 수 있습니다.
카드 이용대금과 이에 수반되는 모든 수수료를 지정된 대금 결제일에 상환합니다.
금융소비자는 금소법 제19조 제1항에 따라 해당 상품 또는 서비스에 대하여 설명을 받을 권리가 있으며, 그 설명을 듣고 내용을 충분히 이해한 후 거래하시기 바랍니다.
이 행사는 KB국민카드 영업정책 및 제휴업체 상황에 따라 변경 또는 중단될 수 있습니다.
문의: KB국민카드 고객센터(1588-1688)
여신금융협회 심의필 제 2026-C1h-04887호 (2026.04.08 ~ 2027.04.07)",2026-06-06 15:27:15
09297_E0001,09297,국민,KB국민 톡톡 with 체크카드,1000701,Again! 해외이용하면최대 100만 포인트리,https://card.kbcard.com/BON/DVIEW/HBBMCXCRVNEC0001?mainCC=a&eventNum=1000701,2026-04-01,2026-06-30,포인트,대상,"KB국민 개인 신용/체크 국내외겸용 (K-World 포함) 카드 보유 고객 (KB국민 기업, 비씨, 마에스트로 카드 제외)",2026-06-06 15:27:30
09297_E0001,09297,국민,KB국민 톡톡 with 체크카드,1000701,Again! 해외이용하면최대 100만 포인트리,https://card.kbcard.com/BON/DVIEW/HBBMCXCRVNEC0001?mainCC=a&eventNum=1000701,2026-04-01,2026-06-30,포인트,내용,"응모하고 행사 기간 동안 대상카드로 해외 온오프라인 가맹점에서
30 / 50 / 100 / 200 / 300 / 500 / 1,000 / 1,500 / 2,000 / 3,000 / 4,000 / 5,000만원 이상 이용하면
0.5 / 1 / 2 / 4 / 6 / 10 / 20 / 30 / 40 / 60 / 80 / 100만 포인트리 제공
이 행사는 예산 소진으로 인해 조기 종료되었습니다.
기존 응모하신 고객님은 기간 안에 이용금액 달성 시 정상 제공 됩니다.",2026-06-06 15:27:30
09297_E0001,09297,국민,KB국민 톡톡 with 체크카드,1000701,Again! 해외이용하면최대 100만 포인트리,https://card.kbcard.com/BON/DVIEW/HBBMCXCRVNEC0001?mainCC=a&eventNum=1000701,2026-04-01,2026-06-30,포인트,혜택 제공,2026.8.14(금) 안에 본인 회원에게 제공,2026-06-06 15:27:30
09297_E0001,09297,국민,KB국민 톡톡 with 체크카드,1000701,Again! 해외이용하면최대 100만 포인트리,https://card.kbcard.com/BON/DVIEW/HBBMCXCRVNEC0001?mainCC=a&eventNum=1000701,2026-04-01,2026-06-30,포인트,확인사항,"응모 필수, 응모와 이용 순서는 관계없습니다.
본인 회원만 응모 가능, 가족카드 이용금액은 본인 회원에 합산됩니다.
해외 승인 시에만 인정되며 카카오페이 등록 이용 등의 국내 이용금액은 제외됩니다.
해외 승인 확인 경로: [KB Pay> 이용내역> 이용내역(매출전표)> 필터]로 이용구분 해외, 이용기간 선택
행사 기간 안에 KB국민카드 승인이 완료되고, 2026.8.7(금) 안에 매입된 해외 이용금액의 원화청구금액으로 합산 반영됩니다.
특정 카드 대상 해외 이용 포인트백 행사와 혜택이 중복되면 더 큰 혜택이 제공됩니다.
이용금액 중 정상 매입되지 않은 금액은 실적 산정 시 제외됩니다.
행사 기간은 한국표준시(KST)에 따른 KB국민카드 승인시간으로 적용됩니다.
이용금액 중 매출전표 미접수, 승인거절, 승인취소, 부분취소, 매입취소, 반품/환불등의 사유로 정상처리 되지 않을 경우 이용금액에 포함되지 않습니다.
혜택이 잘못 제공된 경우(중복 제공, 이용 후 취소 등) 받은 포인트리는 환원될 수 있습니다.
행사 기간 이전에 이용한 건이라도 취소 전표가 행사 기간 중 매입되는 경우 기준 건수에서 차감됩니다.
현금인출 및 단기카드대출(현금서비스), 가상화폐 거래소 및 사행성 온라인 가맹점 등의 이용금액은 제외됩니다.
혜택 받기 전 카드 해지 또는 회원 탈퇴하면 혜택이 제공되지 않습니다.
유효 기간 만료에 의한 대상 카드 미소지 시 혜택이 제공되지 않습니다.
이 행사는 KB국민카드 승인 시스템 기준으로 운영되며, 실제 승인시간과 다를 수 있습니다.
계약을 체결하기 전에 상품설명서와 약관을 확인하시기 바랍니다.
연체이자율: 회원별/이용상품별 정상이자율 + 3%p, 최고 연 20% 이내
단, 연체발생시점에 정상이자율이 없는 경우 아래와 같이 적용함
일시불 거래 연체 시: 거래발생시점의 최소기간(2개월) 유이자할부 수수료율 적용
무이자할부 거래 연체 시: 거래발생시점의 동일한 할부 계약기간의 유이자할부 수수료율 적용
그 외의 경우: 정상이자율은 상법상 상사법정이율과 상호금융가계자금대출금리* 중 높은 금리 적용
▶ 한국은행에서 매월 발표하는 가장 최근의 비은행 금융기관 가중평균대출금리(신규대출 기준)
상환능력에 비해 신용카드 사용액이 과도할 경우 귀하의 개인신용평점이 하락할 수 있습니다.
개인신용평점 하락 시 금융거래 관련된 불이익이 발생할 수 있습니다.
일정기간 원리금을 연체할 경우, 모든 원리금을 변제할 의무가 발생할 수 있습니다.
신용카드 발급이 부적정한 경우(개인신용평점 낮음, 연체금 보유 등) 카드발급이 제한될 수 있습니다.
카드 이용대금과 이에 수반되는 모든 수수료를 지정된 대금 결제일에 상환합니다.
금융소비자는 금소법 제19조 제1항에 따라 해당 상품 또는 서비스에 대하여 설명을 받을 권리가 있으며, 그 설명을 듣고 내용을 충분히 이해한 후 거래하시기 바랍니다.
이 행사는 KB국민카드 영업정책 및 제휴업체 상황에 따라 변경 또는 중단될 수 있습니다.
문의: KB국민카드 고객센터(1588-1688)
준법감시인 심의필 260331-00996-HPM (2026.03.31 ~ 2027.03.30)",2026-06-06 15:27:30
09561_E0002,09561,국민,WE:SH Travel,1000701,Again! 해외이용하면최대 100만 포인트리,https://card.kbcard.com/BON/DVIEW/HBBMCXCRVNEC0001?mainCC=a&eventNum=1000701,2026-04-01,2026-06-30,포인트,대상,"KB국민 개인 신용/체크 국내외겸용 (K-World 포함) 카드 보유 고객 (KB국민 기업, 비씨, 마에스트로 카드 제외)",2026-06-06 15:27:30
09561_E0002,09561,국민,WE:SH Travel,1000701,Again! 해외이용하면최대 100만 포인트리,https://card.kbcard.com/BON/DVIEW/HBBMCXCRVNEC0001?mainCC=a&eventNum=1000701,2026-04-01,2026-06-30,포인트,내용,"응모하고 행사 기간 동안 대상카드로 해외 온오프라인 가맹점에서
30 / 50 / 100 / 200 / 300 / 500 / 1,000 / 1,500 / 2,000 / 3,000 / 4,000 / 5,000만원 이상 이용하면
0.5 / 1 / 2 / 4 / 6 / 10 / 20 / 30 / 40 / 60 / 80 / 100만 포인트리 제공
이 행사는 예산 소진으로 인해 조기 종료되었습니다.
기존 응모하신 고객님은 기간 안에 이용금액 달성 시 정상 제공 됩니다.",2026-06-06 15:27:30
09561_E0002,09561,국민,WE:SH Travel,1000701,Again! 해외이용하면최대 100만 포인트리,https://card.kbcard.com/BON/DVIEW/HBBMCXCRVNEC0001?mainCC=a&eventNum=1000701,2026-04-01,2026-06-30,포인트,혜택 제공,2026.8.14(금) 안에 본인 회원에게 제공,2026-06-06 15:27:30
09561_E0002,09561,국민,WE:SH Travel,1000701,Again! 해외이용하면최대 100만 포인트리,https://card.kbcard.com/BON/DVIEW/HBBMCXCRVNEC0001?mainCC=a&eventNum=1000701,2026-04-01,2026-06-30,포인트,확인사항,"응모 필수, 응모와 이용 순서는 관계없습니다.
본인 회원만 응모 가능, 가족카드 이용금액은 본인 회원에 합산됩니다.
해외 승인 시에만 인정되며 카카오페이 등록 이용 등의 국내 이용금액은 제외됩니다.
해외 승인 확인 경로: [KB Pay> 이용내역> 이용내역(매출전표)> 필터]로 이용구분 해외, 이용기간 선택
행사 기간 안에 KB국민카드 승인이 완료되고, 2026.8.7(금) 안에 매입된 해외 이용금액의 원화청구금액으로 합산 반영됩니다.
특정 카드 대상 해외 이용 포인트백 행사와 혜택이 중복되면 더 큰 혜택이 제공됩니다.
이용금액 중 정상 매입되지 않은 금액은 실적 산정 시 제외됩니다.
행사 기간은 한국표준시(KST)에 따른 KB국민카드 승인시간으로 적용됩니다.
이용금액 중 매출전표 미접수, 승인거절, 승인취소, 부분취소, 매입취소, 반품/환불등의 사유로 정상처리 되지 않을 경우 이용금액에 포함되지 않습니다.
혜택이 잘못 제공된 경우(중복 제공, 이용 후 취소 등) 받은 포인트리는 환원될 수 있습니다.
행사 기간 이전에 이용한 건이라도 취소 전표가 행사 기간 중 매입되는 경우 기준 건수에서 차감됩니다.
현금인출 및 단기카드대출(현금서비스), 가상화폐 거래소 및 사행성 온라인 가맹점 등의 이용금액은 제외됩니다.
혜택 받기 전 카드 해지 또는 회원 탈퇴하면 혜택이 제공되지 않습니다.
유효 기간 만료에 의한 대상 카드 미소지 시 혜택이 제공되지 않습니다.
이 행사는 KB국민카드 승인 시스템 기준으로 운영되며, 실제 승인시간과 다를 수 있습니다.
계약을 체결하기 전에 상품설명서와 약관을 확인하시기 바랍니다.
연체이자율: 회원별/이용상품별 정상이자율 + 3%p, 최고 연 20% 이내
단, 연체발생시점에 정상이자율이 없는 경우 아래와 같이 적용함
일시불 거래 연체 시: 거래발생시점의 최소기간(2개월) 유이자할부 수수료율 적용
무이자할부 거래 연체 시: 거래발생시점의 동일한 할부 계약기간의 유이자할부 수수료율 적용
그 외의 경우: 정상이자율은 상법상 상사법정이율과 상호금융가계자금대출금리* 중 높은 금리 적용
▶ 한국은행에서 매월 발표하는 가장 최근의 비은행 금융기관 가중평균대출금리(신규대출 기준)
상환능력에 비해 신용카드 사용액이 과도할 경우 귀하의 개인신용평점이 하락할 수 있습니다.
개인신용평점 하락 시 금융거래 관련된 불이익이 발생할 수 있습니다.
일정기간 원리금을 연체할 경우, 모든 원리금을 변제할 의무가 발생할 수 있습니다.
신용카드 발급이 부적정한 경우(개인신용평점 낮음, 연체금 보유 등) 카드발급이 제한될 수 있습니다.
카드 이용대금과 이에 수반되는 모든 수수료를 지정된 대금 결제일에 상환합니다.
금융소비자는 금소법 제19조 제1항에 따라 해당 상품 또는 서비스에 대하여 설명을 받을 권리가 있으며, 그 설명을 듣고 내용을 충분히 이해한 후 거래하시기 바랍니다.
이 행사는 KB국민카드 영업정책 및 제휴업체 상황에 따라 변경 또는 중단될 수 있습니다.
문의: KB국민카드 고객센터(1588-1688)
준법감시인 심의필 260331-00996-HPM (2026.03.31 ~ 2027.03.30)",2026-06-06 15:27:30
09561_E0003,09561,국민,WE:SH Travel,1000655,일본 공항 면세점최대 10% 페이백,https://card.kbcard.com/BON/DVIEW/HBBMCXCRVNEC0001?mainCC=a&eventNum=1000655,2026-04-01,2026-06-30,캐시백,대상,"KB국민 신용/체크 국내외겸용 카드 고객 (KB국민 기업, 비씨, 마에스트로카드 제외)",2026-06-06 15:27:50
09561_E0003,09561,국민,WE:SH Travel,1000655,일본 공항 면세점최대 10% 페이백,https://card.kbcard.com/BON/DVIEW/HBBMCXCRVNEC0001?mainCC=a&eventNum=1000655,2026-04-01,2026-06-30,캐시백,내용,"응모하고 행사 기간 동안
대상카드로 일본 3개 도시 공항 면세점(나리타, 하네다, 오사카, 후쿠오카)에서 월 합산 1만엔(JPY) 이상 이용하면
KB Pay 외화머니 1천엔(JPY) 제공",2026-06-06 15:27:50
09561_E0003,09561,국민,WE:SH Travel,1000655,일본 공항 면세점최대 10% 페이백,https://card.kbcard.com/BON/DVIEW/HBBMCXCRVNEC0001?mainCC=a&eventNum=1000655,2026-04-01,2026-06-30,캐시백,혜택 제공,2026.8.7(금) 안에 제공 예정,2026-06-06 15:27:50
09561_E0003,09561,국민,WE:SH Travel,1000655,일본 공항 면세점최대 10% 페이백,https://card.kbcard.com/BON/DVIEW/HBBMCXCRVNEC0001?mainCC=a&eventNum=1000655,2026-04-01,2026-06-30,캐시백,확인사항,"가족 회원도 본인 회원 기준으로 응모 필수, 응모와 이용 순서는 관계없습니다.
가족카드 이용금액은 본인 회원에 합산됩니다.
응모하기 전월 실적에 대해서는 이용 혜택이 제공되지 않습니다.
해외 승인일 경우에만 인정되며 카카오페이 등록 이용 등의 국내 이용금액은 제외됩니다.
해외 승인 확인 경로: [KB Pay> 이용내역> 이용내역(매출전표)> 필터]로 이용구분 해외, 이용기간 선택
기간 중 합산 금액이 1만엔(JPY) 이상인 경우에만 혜택이 제공됩니다.
행사 기간 안에 KB국민카드 승인이 완료되고, 2026.7.24(금) 안에 매입된 해외 이용금액의 원화 청구금액으로 합산 반영됩니다.
이용금액 중 정상 매입되지 않은 금액은 실적 산정을 할 때 제외됩니다.
행사 기간은 한국표준시(KST)에 따른 KB국민카드 승인시간으로 적용됩니다.
해외업종분류기준(MCC업종코드)이 5309(면세점)에 한해서만 적용됩니다.
이용금액 중 승인거절, 승인취소, 부분취소, 매입취소, 반품/환불등의 사유로 정상처리 되지 않을 경우 이용금액에 포함되지 않습니다.
외화머니 확인 경로: [KB Pay> 홈> 머니 & 외화]
외화머니를 확인하려면 KB Pay 가입 및 등록, 외화머니 계정 생성 동의가 필요합니다.
혜택이 잘못 제공된 경우(중복 제공, 이용 후 취소 등) 받은 외화머니는 환원될 수 있습니다.
행사 기간 이전에 이용한 건이라도 취소 전표가 행사 기간 중 매입되는 경우 기준 금액에서 차감됩니다.
현금인출 및 단기카드대출(현금서비스) 이용금액은 제외됩니다.
혜택 받기 전 카드 해지 또는 회원 탈퇴하면 혜택이 제공되지 않습니다.
유효 기간 만료에 의한 대상카드 미소지 시 혜택이 제공되지 않습니다.
계약을 체결하기 전에 상품설명서와 약관을 확인하시기 바랍니다.
연체이자율: 회원별/이용상품별 정상이자율+3%p, 최고 연 20% 이내
단, 연체발생시점에 정상이자율이 없는 경우 아래와 같이 적용함
일시불 거래 연체 시: 거래발생시점의 최소기간 (2개월) 유이자할부 수수료율 적용
무이자할부 거래 연체 시: 거래발생시점의 동일한 할부 계약기간의 유이자할부 수수료율 적용
그 외의 경우: 정상이자율은 상법상 상사법정이율과 상호금융가계자금대출금리 중 높은 금리 적용
▶ 한국은행에서 매월 발표하는 가장 최근의 비은행 금융기관 가중평균대출금리 (신규대출 기준)
상환능력에 비해 신용카드 사용액이 과도할 경우 귀하의 개인신용평점이 하락할 수 있습니다.
개인신용평점 하락 시 금융거래 관련된 불이익이 발생할 수 있습니다.
일정기간 원리금을 연체할 경우, 모든 원리금을 변제할 의무가 발생할 수 있습니다.
신용카드 발급이 부적정한 경우(개인신용평점 낮음, 연체금 보유 등) 카드발급이 제한될 수 있습니다.
카드이용대금과 이에 수반되는 모든 수수료를 지정된 대금 결제일에 상환합니다.
금융소비자는 금소법 제19조 제1항에 따라 해당상품 또는 서비스에 대하여 설명을 받을 권리가 있으며, 그 설명을 듣고 내용을 충분히 이해한 후 거래하시기 바랍니다.
이 행사는 KB국민카드 영업정책 및 제휴업체 상황에 따라 변경 또는 중단될 수 있습니다.
문의: KB국민카드 고객센터(1588-1688)
준법감시인 심의필 260522-01724-HPM (2026.05.22 ~ 2027.05.21)",2026-06-06 15:27:50
09561_E0004,09561,국민,WE:SH Travel,1000654,일본 3대 편의점최대 50% 페이백,https://card.kbcard.com/BON/DVIEW/HBBMCXCRVNEC0001?mainCC=a&eventNum=1000654,2026-04-01,2026-06-30,캐시백,대상,"KB국민 개인 신용/체크 국내외겸용카드 고객 (KB국민 기업, 비씨, 마에스트로카드 제외)",2026-06-06 15:27:55
09561_E0004,09561,국민,WE:SH Travel,1000654,일본 3대 편의점최대 50% 페이백,https://card.kbcard.com/BON/DVIEW/HBBMCXCRVNEC0001?mainCC=a&eventNum=1000654,2026-04-01,2026-06-30,캐시백,내용,"응모하고 행사 기간 동안 대상카드로
일본 3대 편의점(세븐일레븐, 로손, 패밀리마트) 건당 1천엔(JPY) 이상 이용하면
이용 건수만큼 KB Pay 외화머니 500엔(JPY) 제공(최대 5천엔(JPY))",2026-06-06 15:27:55
09561_E0004,09561,국민,WE:SH Travel,1000654,일본 3대 편의점최대 50% 페이백,https://card.kbcard.com/BON/DVIEW/HBBMCXCRVNEC0001?mainCC=a&eventNum=1000654,2026-04-01,2026-06-30,캐시백,혜택 제공,2026.8.7(금) 안에 제공 예정,2026-06-06 15:27:55
09561_E0004,09561,국민,WE:SH Travel,1000654,일본 3대 편의점최대 50% 페이백,https://card.kbcard.com/BON/DVIEW/HBBMCXCRVNEC0001?mainCC=a&eventNum=1000654,2026-04-01,2026-06-30,캐시백,확인사항,"가족 회원도 본인 회원 기준으로 응모 필수, 응모와 이용 순서는 관계없습니다.
가족카드 이용금액은 본인 회원에 합산됩니다.
응모하기 전월 실적에 대해서는 이용 혜택이 제공되지 않습니다.
해외 승인 할 때만 인정되며 카카오페이 등록 이용 등의 국내 이용금액은 제외됩니다.
해외 승인 확인 경로: [KB Pay> 이용내역> 이용내역(매출전표)> 필터]로 이용구분 해외, 이용기간 선택
행사 기간 안에 KB국민카드 승인이 완료되고, 2026.7.24(금) 안에 매입된 해외 이용금액의 원화 청구금액으로 합산 반영됩니다.
이용금액 중 정상 매입되지 않은 금액은 실적 산정 할 때 제외됩니다.
다른 행사와 중복 적용받을 수 있습니다.
행사 기간은 한국 표준시(KST)에 따른 KB국민카드 승인시간으로 적용됩니다.
이용금액 중 승인거절, 승인취소, 부분취소, 매입취소, 반품/환불등의 사유로 정상처리 되지 않을 경우 이용금액에 포함되지 않습니다.
외화머니 확인 경로: [KB Pay> 홈> 머니 & 외화]
외화머니를 확인하려면 KB Pay 가입 및 등록, 외화머니 계정 생성 동의가 필요합니다.
혜택이 잘못 제공된 경우(중복 제공, 이용 후 취소 등) 받은 외화머니는 환원될 수 있습니다.
행사 기간 이전에 이용한 건이라도 취소 전표가 행사 기간 중 매입되는 경우 기준 금액에서 차감됩니다.
현금인출 및 단기카드대출(현금서비스) 이용금액은 제외됩니다.
혜택 받기 전 카드 해지 또는 회원 탈퇴하면 혜택이 제공되지 않습니다.
유효 기간 만료에 의한 대상카드 미소지 시 혜택이 제공되지 않습니다.
계약을 체결하기 전에 상품설명서와 약관을 확인하시기 바랍니다.
연체이자율: 회원별/이용상품별 정상이자율+3%p, 최고 연 20% 이내
단, 연체발생시점에 정상이자율이 없는 경우 아래와 같이 적용함
일시불 거래 연체 시: 거래발생시점의 최소기간 (2개월) 유이자할부 수수료율 적용
무이자할부 거래 연체 시: 거래발생시점의 동일한 할부 계약기간의 유이자할부 수수료율 적용
그 외의 경우: 정상이자율은 상법상 상사법정이율과 상호금융가계자금대출금리 중 높은 금리 적용
▶ 한국은행에서 매월 발표하는 가장 최근의 비은행 금융기관 가중평균대출금리 (신규대출 기준)
상환능력에 비해 신용카드 사용액이 과도할 경우 귀하의 개인신용평점이 하락할 수 있습니다.
개인신용평점 하락 시 금융거래 관련된 불이익이 발생할 수 있습니다.
일정기간 원리금을 연체할 경우, 모든 원리금을 변제할 의무가 발생할 수 있습니다.
신용카드 발급이 부적정한 경우(개인신용평점 낮음, 연체금 보유 등) 카드발급이 제한될 수 있습니다.
카드이용대금과 이에 수반되는 모든 수수료를 지정된 대금 결제일에 상환합니다.
금융소비자는 금소법 제19조 제1항에 따라 해당상품 또는 서비스에 대하여 설명을 받을 권리가 있으며, 그 설명을 듣고 내용을 충분히 이해한 후 거래하시기 바랍니다.
이 행사는 KB국민카드 영업정책 및 제휴업체 상황에 따라 변경 또는 중단될 수 있습니다.
문의: KB국민카드 고객센터(1588-1688)
준법감시인 심의필 260326-00948-HPM (2026.03.26 ~ 2027.03.25)",2026-06-06 15:27:55
09293_E0001,09293,국민,쿠팡 와우 카드,1000647,"쿠팡 외 최대2.4%적립쿠팡, 쿠팡이츠 4%적립",https://card.kbcard.com/BON/DVIEW/HBBMCXCRVNEC0001?mainCC=a&eventNum=1000647,2026-04-15,2026-10-15,할인,대상,쿠팡 와우 카드 고객,2026-06-06 15:28:00
09293_E0001,09293,국민,쿠팡 와우 카드,1000647,"쿠팡 외 최대2.4%적립쿠팡, 쿠팡이츠 4%적립",https://card.kbcard.com/BON/DVIEW/HBBMCXCRVNEC0001?mainCC=a&eventNum=1000647,2026-04-15,2026-10-15,할인,내용,"혜택 1.
쿠팡 외 이용금액
최대 2.2% 추가 적립
카드혜택(0.2%) 중복 적용시
최대 2.4% 적립
쿠팡 외 이용금액 월 최대
100만원 까지 제공
* 편의점: 'CU, GS25, 세븐일레븐, 이마트24' 오프라인 매장 이용 한정
(단, '편의점 택배'(현장 결제 포함) 및 '앱' 등 '온라인 이용금액' 제외)
* 편의점 일부 특수매장의 경우 추가 적립 혜택이 제외 될 수 있습니다.(국내외 가맹점 기준으로 혜택이 적용 됩니다.)
* 'KB PAY' 및 '삼성페이'를 제외한(네이버페이, 카카오페이, 토스, 페이코 등) 결제 시 편의점 추가 적립 혜택 제외(국내외 가맹점 혜택으로 적용)
혜택 2.
쿠팡, 쿠팡이츠, 쿠팡플레이 이용금액
2% 추가 적립
카드혜택(2%) 중복 적용시
4% 적립
이용금액 합 월 최대
100만원 까지 제공
* 추가 적립 혜택은 '카드 혜택(상품서비스)'와 무관하며, 별도로 제공되는 프로모션 기간 한정 혜택 입니다.
* 프로모션 내용은 언제든 '종료' 또는 '변경' 될 수 있습니다.
구분: 프로모션 | 적립률: 편의점* | 월 한도: 2.2%
구분: 국내외 가맹점(편의점 외) | 적립률: 1%
구분: + 카드혜택 | 적립률: 0.2% | 월 한도: 최대 2천원
구분: 프로모션 | 적립률: 2% | 월 한도: 최대 2만원
구분: 카드혜택 | 적립률: 2% | 월 한도: 최대 2만원",2026-06-06 15:28:00
09293_E0001,09293,국민,쿠팡 와우 카드,1000647,"쿠팡 외 최대2.4%적립쿠팡, 쿠팡이츠 4%적립",https://card.kbcard.com/BON/DVIEW/HBBMCXCRVNEC0001?mainCC=a&eventNum=1000647,2026-04-15,2026-10-15,할인,혜택 제공,"매월 1일 ~ 말일 이용 건 중 익월 5일 이내 매입 완료분까지 15일에 적립
(단, 15일이 주말 또는 공휴일인 경우 다음 영업일에 적립)",2026-06-06 15:28:00
09293_E0001,09293,국민,쿠팡 와우 카드,1000647,"쿠팡 외 최대2.4%적립쿠팡, 쿠팡이츠 4%적립",https://card.kbcard.com/BON/DVIEW/HBBMCXCRVNEC0001?mainCC=a&eventNum=1000647,2026-04-15,2026-10-15,할인,확인사항,"무이자할부 이용금액, 취소금액, 단기카드대출(현금서비스), 장기카드대출(카드론), 상품권 및 선불카드(선불전자지급수단 포함) 구입/충전금액, 아파트관리비, 초/중/고 학교납입금 전체, 정부지원금(보육료/유치원보조비/바우처 이용금액 등), 대학(원) 등록금, 각종 세금, 공과금(전기/수도), 4대 사회보험료(건강/연금/고용/산재), 각종 수수료 및 이자, 연체료, 연회비, 신차구매청구(환급) 할인전표 전체, 무승인전표(대중교통, 공항버스, 자판기, 터널통행료, 항공기내 이용 등)
프로모션 추가 적립 혜택은 프로모션 기간 안에 제공해 드리는 일시적인 혜택입니다.
프로모션 추가 적립 혜택은 마케팅 예산 소진 및 KB국민카드와 제휴사의 영업정책 등에 따라 행사 종료일 이전에도 혜택 내용, 행사 기간 등이 '변경'되거나 '중단' 될 수 있습니다.
적립 제외 대상을 반드시 확인해주세요.
쿠팡플레이는 플레이스토어, 앱스토어를 통한 결제 시 혜택 2 에서 제외 됩니다.(국내외 가맹점 혜택으로 적용)
'편의점 추가 적립 혜택'은 KB국민카드 업종 구분 기준 '편의점' 으로 등록된 가맹점 중 'CU, GS25, 세븐일레븐, 이마트24'에 한하여 제공됩니다.
편의점 2.4% 추가 적립행사에서 1.2%는 쿠팡에서 부담합니다.
'편의점' 및 '국내외 가맹점' 이용시 상품권 및 선불카드(선불전자지급수단 포함) 구입, 충전금액의 경우 '추가 적립 혜택' 및 '상품 서비스 혜택'에서 제외될 수 있습니다.
연체이자율: 회원별/이용상품별 정상이자율 +3%p, 최고 연 20% 이내
단, 연체발생시점에 정상이자율이 없는 경우 아래와 같이 적용함
일시불 거래 연체 시: 거래발생시점의 최소기간 (2개월) 유이자할부 수수료율 적용
무이자할부 거래 연체 시: 거래발생시점의 동일한 할부 계약기간의 유이자할부 수수료율 적용
상환능력에 비해 신용카드 사용액이 과도할 경우 귀하의 개인신용평점이 하락할 수 있습니다.
개인신용평점 하락 시 금융거래 관련된 불이익이 발생할 수 있습니다.
일정기간 원리금을 연체할 경우, 모든 원리금을 변제할 의무가 발생할 수 있습니다.
계약을 체결하기 전에 상품설명서와 약관을 확인하시기 바랍니다.
금융소비자는 금소법 제 19조 1항에 따라 해당 상품 또는 서비스에 대하여 설명을 받을 권리가 있으며, 그 설명을 듣고 내용을 충분히 이해한 후 거래하시기 바랍니다.
신용카드 발급이 부적정한 경우 (연체금 보유, 개인신용평점 낮음 등) 카드발급이 제한될 수 있습니다.
카드 이용금액과 이에 수반되는 모든 수수료를 지정된 대금 결제일에 상환합니다.
이 행사는 KB국민카드 영업정책 및 제휴업체의 사정으로 변경 또는 중단될 수 있습니다.
문의: 쿠팡 와우 카드 전용 고객센터(1644-6676)
여신금융협회 심의필 제 2026-C1h-04780호 (2026.04.06 ~ 2027.04.05)",2026-06-06 15:28:00
02219_E0002,02219,국민,두산베어스 KB카드,1000326,두산베어스 KB카드선수 포토카드 증정!,https://card.kbcard.com/BON/DVIEW/HBBMCXCRVNEC0001?mainCC=a&eventNum=1000326,2026-02-25,2026-06-30,기타,대상,두산베어스 KB카드 실물카드 발급 고객,2026-06-06 15:29:50
02219_E0002,02219,국민,두산베어스 KB카드,1000326,두산베어스 KB카드선수 포토카드 증정!,https://card.kbcard.com/BON/DVIEW/HBBMCXCRVNEC0001?mainCC=a&eventNum=1000326,2026-02-25,2026-06-30,기타,내용,"두산베어스 KB카드 발급하면
두산베어스 선수 포토카드 1종 제공(선착순 3천명)",2026-06-06 15:29:50
02219_E0002,02219,국민,두산베어스 KB카드,1000326,두산베어스 KB카드선수 포토카드 증정!,https://card.kbcard.com/BON/DVIEW/HBBMCXCRVNEC0001?mainCC=a&eventNum=1000326,2026-02-25,2026-06-30,기타,혜택 제공,"최초 발급 시 본인 회원에 한해 1회 제공, 실물카드와 발송
* 모바일 단독카드는 혜택 미제공",2026-06-06 15:29:50
02219_E0002,02219,국민,두산베어스 KB카드,1000326,두산베어스 KB카드선수 포토카드 증정!,https://card.kbcard.com/BON/DVIEW/HBBMCXCRVNEC0001?mainCC=a&eventNum=1000326,2026-02-25,2026-06-30,기타,확인사항,"혜택은 두산베어스 KB카드 최초 발급 시 본인 회원에 한해 1회 제공되며, 실물카드와 함께 발송합니다.
모바일 단독카드는 혜택 미제공합니다.
혜택은 비판매용 한정 굿즈로 랜덤으로 발송되며 선택이 불가합니다.
재고 소진 시까지 선착순 제공되며, 재고 소진 시 별도의 안내 없이 조기 종료될 수 있습니다.
혜택 받기 전 카드 해지, 회원 탈회하면 혜택이 제공되지 않습니다.
가족카드는 제외됩니다.
계약을 체결하기 전에 상품설명서와 약관을 확인하시기 바랍니다.
연체이자율: 회원별/이용상품별 정상이자율+3%p, 최고 연 20% 이내
단, 연체발생시점에 정상이자율이 없는 경우 아래와 같이 적용함
일시불 거래 연체 시: 거래발생시점의 최소기간 (2개월) 유이자할부 수수료율 적용
무이자할부 거래 연체 시: 거래발생시점의 동일한 할부 계약기간의 유이자할부 수수료율 적용
그 외의 경우: 정상이자율은 상법상 상사법정이율과 상호금융가계자금대출금리 중 높은 금리 적용
▶ 한국은행에서 매월 발표하는 가장 최근의 비은행 금융기관 가중평균대출금리 (신규대출 기준)
상환능력에 비해 신용카드 사용액이 과도할 경우 귀하의 개인신용평점이 하락할 수 있습니다.
개인신용평점 하락 시 금융거래 관련된 불이익이 발생할 수 있습니다.
일정기간 원리금을 연체할 경우, 모든 원리금을 변제할 의무가 발생할 수 있습니다.
신용카드 발급이 부적정한 경우(개인신용평점 낮음, 연체금 보유 등) 카드발급이 제한될 수 있습니다.
카드 이용대금과 이에 수반되는 모든 수수료를 지정된 대금 결제일에 상환합니다.
금융소비자는 금소법 제19조 제1항에 따라 해당 상품 또는 서비스에 대하여 설명을 받을 권리가 있으며, 그 설명을 듣고 내용을 충분히 이해한 후 거래하시기 바랍니다.
이 행사는 KB국민카드 영업정책 및 제휴업체 상황에 따라 변경 또는 중단될 수 있습니다.
문의: KB국민카드 고객센터(1588-1688)
여신금융협회 심의필 제2026-C1h-02348호 (2026.02.23 ~ 2027.02.22)",2026-06-06 15:29:50
09137_E0003,09137,국민,NEED Global 카드,1000177,KB가 해외이벤트에얼마나 진심인지 감도안옴,https://card.kbcard.com/BON/DVIEW/HBBMCXCRVNEC0001?mainCC=a&eventNum=1000177,2026-05-01,2026-05-31,할인,대상,"KB국민 개인 신용/체크 국내외겸용카드 고객 (KB국민 기업, 비씨, 마에스트로 카드 제외)",2026-06-06 15:30:01
09137_E0003,09137,국민,NEED Global 카드,1000177,KB가 해외이벤트에얼마나 진심인지 감도안옴,https://card.kbcard.com/BON/DVIEW/HBBMCXCRVNEC0001?mainCC=a&eventNum=1000177,2026-05-01,2026-05-31,할인,내용,"해외결제는 1400원으로
고정환율 적용
AI자동화시대, 일잘러의
페이백 플랜 보고서
몰테일 중국 특별 요금
+ 배송비 할인 5회!
일본 3대 편의점
최대 50% 페이백
일본 공항 면세점
최대 10% 페이백
JCB 나우 온 재팬!
1탄 돈키호테 30%
쓰는 순간, 캐시백 ON!
최대 5%
유니온페이 해외
10% 즉시할인
유니온페이 중국 본토
10% 즉시할인
해외이용하면 최대
100만원 혜택!",2026-06-06 15:30:01
09137_E0003,09137,국민,NEED Global 카드,1000177,KB가 해외이벤트에얼마나 진심인지 감도안옴,https://card.kbcard.com/BON/DVIEW/HBBMCXCRVNEC0001?mainCC=a&eventNum=1000177,2026-05-01,2026-05-31,할인,확인사항,"각 행사의 자세한 내용은 '자세히 보기'를 통해 확인하시기 바랍니다.
국내 승인 이용금액은 제외됩니다.
해외 승인 내역 확인은 아래 경로로 확인하실 수 있습니다.
경로: [KB Pay> 카드이용내역> 이용내역(매출전표)> 필터로 이용구분 '해외', 이용기간 선택]
혜택 받기 전에 카드 해지 또는 회원 탈퇴 시 혜택 적용이 되지 않습니다.
KB국민카드 승인 시간은 한국표준시(KST)를 적용하여 실제 승인 시간과 다르므로, 행사 기간에 참고하여 주시기 바랍니다.
행사 기간은 한국표준시(KST)에 따른 승인 시간으로 적용되어 실제 승인 시간과 다를 수 있습니다.
계약을 체결하기 전에 상품설명서와 약관을 확인하시기 바랍니다.
연체이자율: 회원별/이용상품별 정상이자율+3%p, 최고 연 20% 이내
단, 연체발생시점에 정상이자율이 없는 경우 아래와 같이 적용함
일시불 거래 연체 시: 거래발생시점의 최소기간 (2개월) 유이자할부 수수료율 적용
무이자할부 거래 연체 시: 거래발생시점의 동일한 할부 계약기간의 유이자할부 수수료율 적용
그 외의 경우: 정상이자율은 상법상 상사법정이율과 상호금융가계자금대출금리 중 높은 금리 적용
▶ 한국은행에서 매월 발표하는 가장 최근의 비은행 금융기관 가중평균대출금리 (신규대출 기준)
상환능력에 비해 신용카드 사용액이 과도할 경우 귀하의 개인신용평점이 하락할 수 있습니다.
개인신용평점 하락 시 금융거래 관련된 불이익이 발생할 수 있습니다.
일정기간 원리금을 연체할 경우, 모든 원리금을 변제할 의무가 발생할 수 있습니다.
신용카드 발급이 부적정한 경우(개인신용평점 낮음, 연체금 보유 등) 카드발급이 제한될 수 있습니다.
카드이용대금과 이에 수반되는 모든 수수료를 지정된 대금 결제일에 상환합니다.
금융소비자는 금소법 제19조 제1항에 따라 해당상품 또는 서비스에 대하여 설명을 받을 권리가 있으며, 그 설명을 듣고 내용을 충분히 이해한 후 거래하시기 바랍니다.
이 행사는 KB국민카드 영업정책 및 제휴업체 상황에 따라 변경 또는 중단될 수 있습니다.
문의: KB국민카드 고객센터(1588-1688)
준법감시인 심의필 260529-01816-HPM (2026.05.29 ~ 2027.05.28)",2026-06-06 15:30:01
09561_E0005,09561,국민,WE:SH Travel,1000177,KB가 해외이벤트에얼마나 진심인지 감도안옴,https://card.kbcard.com/BON/DVIEW/HBBMCXCRVNEC0001?mainCC=a&eventNum=1000177,2026-05-01,2026-05-31,할인,대상,"KB국민 개인 신용/체크 국내외겸용카드 고객 (KB국민 기업, 비씨, 마에스트로 카드 제외)",2026-06-06 15:30:01
09561_E0005,09561,국민,WE:SH Travel,1000177,KB가 해외이벤트에얼마나 진심인지 감도안옴,https://card.kbcard.com/BON/DVIEW/HBBMCXCRVNEC0001?mainCC=a&eventNum=1000177,2026-05-01,2026-05-31,할인,내용,"해외결제는 1400원으로
고정환율 적용
AI자동화시대, 일잘러의
페이백 플랜 보고서
몰테일 중국 특별 요금
+ 배송비 할인 5회!
일본 3대 편의점
최대 50% 페이백
일본 공항 면세점
최대 10% 페이백
JCB 나우 온 재팬!
1탄 돈키호테 30%
쓰는 순간, 캐시백 ON!
최대 5%
유니온페이 해외
10% 즉시할인
유니온페이 중국 본토
10% 즉시할인
해외이용하면 최대
100만원 혜택!",2026-06-06 15:30:01
09561_E0005,09561,국민,WE:SH Travel,1000177,KB가 해외이벤트에얼마나 진심인지 감도안옴,https://card.kbcard.com/BON/DVIEW/HBBMCXCRVNEC0001?mainCC=a&eventNum=1000177,2026-05-01,2026-05-31,할인,확인사항,"각 행사의 자세한 내용은 '자세히 보기'를 통해 확인하시기 바랍니다.
국내 승인 이용금액은 제외됩니다.
해외 승인 내역 확인은 아래 경로로 확인하실 수 있습니다.
경로: [KB Pay> 카드이용내역> 이용내역(매출전표)> 필터로 이용구분 '해외', 이용기간 선택]
혜택 받기 전에 카드 해지 또는 회원 탈퇴 시 혜택 적용이 되지 않습니다.
KB국민카드 승인 시간은 한국표준시(KST)를 적용하여 실제 승인 시간과 다르므로, 행사 기간에 참고하여 주시기 바랍니다.
행사 기간은 한국표준시(KST)에 따른 승인 시간으로 적용되어 실제 승인 시간과 다를 수 있습니다.
계약을 체결하기 전에 상품설명서와 약관을 확인하시기 바랍니다.
연체이자율: 회원별/이용상품별 정상이자율+3%p, 최고 연 20% 이내
단, 연체발생시점에 정상이자율이 없는 경우 아래와 같이 적용함
일시불 거래 연체 시: 거래발생시점의 최소기간 (2개월) 유이자할부 수수료율 적용
무이자할부 거래 연체 시: 거래발생시점의 동일한 할부 계약기간의 유이자할부 수수료율 적용
그 외의 경우: 정상이자율은 상법상 상사법정이율과 상호금융가계자금대출금리 중 높은 금리 적용
▶ 한국은행에서 매월 발표하는 가장 최근의 비은행 금융기관 가중평균대출금리 (신규대출 기준)
상환능력에 비해 신용카드 사용액이 과도할 경우 귀하의 개인신용평점이 하락할 수 있습니다.
개인신용평점 하락 시 금융거래 관련된 불이익이 발생할 수 있습니다.
일정기간 원리금을 연체할 경우, 모든 원리금을 변제할 의무가 발생할 수 있습니다.
신용카드 발급이 부적정한 경우(개인신용평점 낮음, 연체금 보유 등) 카드발급이 제한될 수 있습니다.
카드이용대금과 이에 수반되는 모든 수수료를 지정된 대금 결제일에 상환합니다.
금융소비자는 금소법 제19조 제1항에 따라 해당상품 또는 서비스에 대하여 설명을 받을 권리가 있으며, 그 설명을 듣고 내용을 충분히 이해한 후 거래하시기 바랍니다.
이 행사는 KB국민카드 영업정책 및 제휴업체 상황에 따라 변경 또는 중단될 수 있습니다.
문의: KB국민카드 고객센터(1588-1688)
준법감시인 심의필 260529-01816-HPM (2026.05.29 ~ 2027.05.28)",2026-06-06 15:30:01
00235_E0001,00235,국민,KB국민 에버온 EV 카드,1000104,에버온 EV카드 충전요금월 최대 4만원 할인!,https://card.kbcard.com/BON/DVIEW/HBBMCXCRVNEC0001?mainCC=a&eventNum=1000104,2026-01-16,2026-06-30,할인,대상,KB국민 에버온 EV카드 보유 고객,2026-06-06 15:30:06
00235_E0001,00235,국민,KB국민 에버온 EV 카드,1000104,에버온 EV카드 충전요금월 최대 4만원 할인!,https://card.kbcard.com/BON/DVIEW/HBBMCXCRVNEC0001?mainCC=a&eventNum=1000104,2026-01-16,2026-06-30,할인,내용,"기간 동안 대상카드로 에버온 인증 후 전기차 충전 결제하면
추가 20% 청구 할인
전월 이용실적구간별 할인 기준(월 최대 4만원 혜택)
* 상품 혜택: 에버온 등 전기차 충전 사업자로 분류된 가맹점 이용금액의 20% 청구 할인(KB국민카드 업종 분류 기준)
* 추가 혜택: 에버온 회원 인증 후 전기차 충전 결제하면 추가 20% 청구 할인
에버온 회원 인증 방법
에버온 앱 회원가입
[에버온 앱> 마이 ON> 내 지갑> 결제 수단 관리> 결제수단 등록> KB Pay 또는 신용/체크카드 선택> KB국민 에버온 EV카드 등록]
에버온 앱 또는 에버온 회원카드로 전기차 충전
구분: 40만원↑ | 할인율: 80만원↑ | 전월 이용실적별 월 할인한도: 120만원↑
구분: 상품 혜택 | 할인율: 전기차 충전기, 수소차 충전소 | 전월 이용실적별 월 할인한도: 20%
구분: 추가 혜택 | 할인율: 에버온 충전기(에버온 회원 인증 후 전기차 충전) | 전월 이용실적별 월 할인한도: 추가 20%
구분: 최대 혜택 합계 | 할인율: 40% | 전월 이용실적별 월 할인한도: 2만원",2026-06-06 15:30:06
00235_E0001,00235,국민,KB국민 에버온 EV 카드,1000104,에버온 EV카드 충전요금월 최대 4만원 할인!,https://card.kbcard.com/BON/DVIEW/HBBMCXCRVNEC0001?mainCC=a&eventNum=1000104,2026-01-16,2026-06-30,할인,확인사항,"이 행사는 에버온 개인 회원을 대상으로 합니다.
가족카드는 본인 회원 할인 한도에 합산됩니다.
전월 이용실적 기준 및 실적제외 대상은 KB국민 에버온 EV카드 산정 조건과 동일합니다.
상품서비스 실적 유예기간 내, 추가 20% 할인 프로모션 할인한도도 상품서비스 기준과 동일하게 월 5천원 한도까지 할인 제공됩니다.
연체이자율: 회원별/이용상품별 정상이자율 + 3%p, 최고 연 20% 이내
연체발생시점에 정상이자율이 없는 경우 아래와 같이 적용함
- 일시불 거래 연체 시: 거래발생시점의 최소기간 (2개월) 유이자할부 수수료율 적용
- 무이자할부 거래 연체 시: 거래발생시점의 동일한 할부계약기간의 유이자할부 수수료율 적용
상환능력에 비해 신용카드 사용액이 과도할 경우 귀하의 개인신용평점이 하락할 수 있습니다.
개인신용평점 하락 시 금융거래 관련된 불이익이 발생할 수 있습니다.
일정기간 원리금을 연체할 경우, 모든 원리금을 변제할 의무가 발생할 수 있습니다.
카드 신청 전 상품설명서와 약관을 반드시 확인하시기 바랍니다.
금융소비자는 금소법 제19조 제1항에 따라 해당상품 또는 서비스에 대하여 설명을 받을 권리가 있으며, 그 설명을 듣고 내용을 충분히 이해한 후 거래하시기 바랍니다.
신용카드 발급이 부적정한 경우 (연체금 보유, 개인신용평점 낮음 등) 카드 발급이 제한될 수 있습니다.
카드이용대금과 이에 수반되는 모든 수수료를 지정된 대금 결제일에 상환합니다.
이 행사는 KB국민카드 영업정책 및 제휴업체 상황에 따라 변경 또는 중단될 수 있습니다.
문의: KB국민카드 고객센터(1588-1688)
여신금융협회 심의필 제 2025-C1h-15422호 (2025.10.23 ~ 2026.10.22)",2026-06-06 15:30:06
07972_E0001,07972,국민,노리2 체크카드(Global),1001030,"일본 돈키호테, 백화점체크쓰면 더블할인!",https://card.kbcard.com/BON/DVIEW/HBBMCXCRVNEC0001?mainCC=a&eventNum=1001030,2026-05-13,2026-06-07,캐시백,대상,"KB국민 마스터/비자 체크카드 고객
(KB국민 신용, 기업, 비씨, 선불카드 제외)",2026-06-07 04:22:51
07972_E0001,07972,국민,노리2 체크카드(Global),1001030,"일본 돈키호테, 백화점체크쓰면 더블할인!",https://card.kbcard.com/BON/DVIEW/HBBMCXCRVNEC0001?mainCC=a&eventNum=1001030,2026-05-13,2026-06-07,캐시백,내용,"대상카드로 기간 동안 일본 돈키호테 및 대상 백화점에서 합산 2만엔(JPY) 이상 이용하면
1만원 캐시백(응모 필수)
대상 백화점
한큐, 한신, 이와타야, 미츠코시 이세탄,다이마루, 오다큐 백화점",2026-06-07 04:22:51
07972_E0001,07972,국민,노리2 체크카드(Global),1001030,"일본 돈키호테, 백화점체크쓰면 더블할인!",https://card.kbcard.com/BON/DVIEW/HBBMCXCRVNEC0001?mainCC=a&eventNum=1001030,2026-05-13,2026-06-07,캐시백,혜택 제공,2026.6.30(화) 이내 등록된 계좌로 지급,2026-06-07 04:22:51
07972_E0001,07972,국민,노리2 체크카드(Global),1001030,"일본 돈키호테, 백화점체크쓰면 더블할인!",https://card.kbcard.com/BON/DVIEW/HBBMCXCRVNEC0001?mainCC=a&eventNum=1001030,2026-05-13,2026-06-07,캐시백,확인사항,"대상카드 연회비는 없습니다.
응모와 이용 순서는 관계 없습니다.
이용금액 제외 대상: 행사기간 이용 금액 중 2026.6.22(월)까지 미매입된 금액, 취소금액, ATM금액, 상품권/충전금액 제외
대상 가맹점은 KB국민카드 기준에 따릅니다.
혜택 받기 전 카드 해지 또는 회원 탈퇴하면 대상에서 제외됩니다.
계약을 체결하기 전에 상품설명서와 약관을 확인하시기 바랍니다.
연체이자율: 회원별/이용상품별 정상이자율+3%p, 최고 연 20% 이내
단, 연체발생시점에 정상이자율이 없는 경우 아래와 같이 적용함
일시불 거래 연체 시: 거래발생시점의 최소기간(2개월) 유이자할부 수수료율 적용
무이자할부 거래 연체 시: 거래발생시점의 동일한 할부 계약기간의 유이자할부 수수료율 적용
그 외의 경우: 정상이자율은 상법상 상사법정이율과 상호금융가계자금대출금리 중 높은 금리 적용
▶ 한국은행에서 매월 발표하는 가장 최근의 비은행 금융기관 가중평균대출금리 (신규대출 기준)
상환능력에 비해 신용카드 사용액이 과도할 경우 귀하의 개인신용평점이 하락할 수 있습니다.
개인신용평점 하락 시 금융거래 관련된 불이익이 발생할 수 있습니다.
일정기간 원리금을 연체할 경우, 모든 원리금을 변제할 의무가 발생할 수 있습니다.
이 행사는 KB국민카드 영업정책 및 제휴업체 상황에 따라 변경 또는 중단될 수 있습니다.
문의: KB국민카드 고객센터(1588-1688)
준법감시인 심의필 260511-01590-HPM (2026.05.11 ~ 2027.05.10)",2026-06-07 04:22:51
07972_E0002,07972,국민,노리2 체크카드(Global),1000930,와이페이모어에서 국내선체크 최대10% 캐시백,https://card.kbcard.com/BON/DVIEW/HBBMCXCRVNEC0001?mainCC=a&eventNum=1000930,2026-05-01,2026-05-31,캐시백,대상,"KB국민 개인 체크카드 고객 (KB국민 신용, 기업, 비씨, 선불카드 제외)",2026-06-07 04:23:53
07972_E0002,07972,국민,노리2 체크카드(Global),1000930,와이페이모어에서 국내선체크 최대10% 캐시백,https://card.kbcard.com/BON/DVIEW/HBBMCXCRVNEC0001?mainCC=a&eventNum=1000930,2026-05-01,2026-05-31,캐시백,내용,"와이페이모어에서 KB국민 체크카드로 국내선 항공권 결제하면
최대 10% 캐시백(최대 10만원)",2026-06-07 04:23:53
07972_E0002,07972,국민,노리2 체크카드(Global),1000930,와이페이모어에서 국내선체크 최대10% 캐시백,https://card.kbcard.com/BON/DVIEW/HBBMCXCRVNEC0001?mainCC=a&eventNum=1000930,2026-05-01,2026-05-31,캐시백,혜택 제공,2026.8.14(금) 안에 제공 예정,2026-06-07 04:23:53
07972_E0002,07972,국민,노리2 체크카드(Global),1000930,와이페이모어에서 국내선체크 최대10% 캐시백,https://card.kbcard.com/BON/DVIEW/HBBMCXCRVNEC0001?mainCC=a&eventNum=1000930,2026-05-01,2026-05-31,캐시백,확인사항,"탑승 완료 기준으로 적용됩니다.
발권대행 수수료는 캐시백 제외됩니다.
할인율은 수시로 변경됩니다.
이용기간 동안 합산 최대 10만원 캐시백 혜택이 제공되므로 결제시점에 캐시백 금액을 꼭 확인해 주시기 바랍니다.
카드 소유주 미포함 결제 시 캐시백 대상에서 제외됩니다.
그 외 유의사항은 와이페이모어에서 꼭 확인하시기 바랍니다.
계약을 체결하기 전에 상품설명서와 약관을 확인하시기 바랍니다.
연체이자율: 회원별/이용상품별 정상이자율+3%p, 최고 연 20% 이내
단, 연체발생시점에 정상이자율이 없는 경우 아래와 같이 적용함
일시불 거래 연체 시: 거래발생시점의 최소기간 (2개월) 유이자할부 수수료율 적용
무이자할부 거래 연체 시: 거래발생시점의 동일한 할부 계약기간의 유이자할부 수수료율 적용
그 외의 경우: 정상이자율은 상법상 상사법정이율과 상호금융가계자금대출금리 중 높은 금리 적용
▶ 한국은행에서 매월 발표하는 가장 최근의 비은행 금융기관 가중평균대출금리 (신규대출 기준)
상환능력에 비해 신용카드 사용액이 과도할 경우 귀하의 개인신용평점이 하락할 수 있습니다.
개인신용평점 하락 시 금융거래 관련된 불이익이 발생할 수 있습니다.
일정기간 원리금을 연체할 경우, 모든 원리금을 변제할 의무가 발생할 수 있습니다.
이 행사는 KB국민카드 영업정책 및 제휴업체 상황에 따라 변경 또는 중단될 수 있습니다.
문의: KB국민카드 고객센터(1588-1688) / 와이페이모어 고객센터(1577-1245)
준법감시인 심의필 260414-01241-HPM (2026.04.14 ~ 2027.04.13)",2026-06-07 04:23:53
04325_E0001,04325,국민,쿠쿠렌탈Ⅱ카드,1000923,쿠쿠렌탈Ⅱ카드 자동납부추가할인!,https://card.kbcard.com/BON/DVIEW/HBBMCXCRVNEC0001?mainCC=a&eventNum=1000923,2026-05-01,2026-05-31,할인,대상,"KB국민 쿠쿠렌탈Ⅱ카드 고객 중
조건 동시 충족 고객
행사 시작일 직전 6개월 동안 (2025.11월 ~ 2026.4월) 모든 KB국민 신용카드 이용 실적이 없는 고객 (KB국민 비씨, 하이패스, 후불교통카드 포함)
대상카드로 쿠쿠 렌탈료 자동납부 최초 등록한 고객",2026-06-07 04:23:58
04325_E0001,04325,국민,쿠쿠렌탈Ⅱ카드,1000923,쿠쿠렌탈Ⅱ카드 자동납부추가할인!,https://card.kbcard.com/BON/DVIEW/HBBMCXCRVNEC0001?mainCC=a&eventNum=1000923,2026-05-01,2026-05-31,할인,내용,"36개월 동안 쿠쿠 렌탈료 최대 8천원 추가 할인
쿠쿠렌탈Ⅱ카드 이용실적 30만원 이상 충족하면 할인
전월 이용실적에 따라 최대 2만원 할인
고객별 1회 적용
2026.6월 ~ 2029.8월(39개월) 중 최대 36개월 추가할인 적용
KB국민 쿠쿠렌탈Ⅱ카드
* 추가할인은 자동납부 건당 승인금액이 전월 이용실적별 기본혜택 금액을 초과하는 경우에만 제공됩니다.(예. 전월 이용 실적이 30만원 이상인 경우 렌탈료 건당 12,000원 초과 결제 시 추가할인적용)
전월 이용실적: 기본 혜택 | 30만원 이상: 12,000원 | 70만원 이상: 17,000원
전월 이용실적: 추가할인 한도 | 30만원 이상: + 8,000원 | 70만원 이상: + 3,000원
전월 이용실적: 최대 할인 금액(36개월간) | 30만원 이상: 20,000원 | 70만원 이상: 20,000원",2026-06-07 04:23:58
04325_E0001,04325,국민,쿠쿠렌탈Ⅱ카드,1000923,쿠쿠렌탈Ⅱ카드 자동납부추가할인!,https://card.kbcard.com/BON/DVIEW/HBBMCXCRVNEC0001?mainCC=a&eventNum=1000923,2026-05-01,2026-05-31,할인,확인사항,"카드 이용실적 산정기준은 KB국민 쿠쿠렌탈Ⅱ카드 이용실적 산정기준과 동일합니다.
행사 기간 전 쿠쿠렌탈Ⅱ카드로 렌탈료 자동납부이력이 있는 고객은 제외됩니다.
이 행사 이전 쿠쿠렌탈Ⅱ카드 행사 혜택과 중복 적용되지 않습니다.
혜택 제공 전 결제 취소 또는 대상카드를 해지하면 혜택을 받으실 수 없습니다.
연체이자율: 회원별/이용상품별 정상이자율+3%p, 최고 연 20%이내
단, 연체발생시점에 정상이자율이 없는 경우 아래와 같이 적용함
- 일시불 거래 연체 시: 거래발생시점의 최소기간(2개월) 유이자할부 수수료율 적용
- 무이자할부 거래 연체 시: 거래발생시점의 동일한 할부계약기간의 유이자할부 수수료율 적용
상환능력에 비해 신용카드 사용액이 과도할 경우 귀하의 개인신용평점이 하락할 수 있습니다.
개인신용평점 하락 시 금융거래 관련된 불이익이 발생할 수 있습니다.
일정기간 원리금을 연체할 경우, 모든 원리금을 변제할 의무가 발생할 수 있습니다.
카드 신청 전 상품설명서와 약관을 반드시 확인하시기 바랍니다.
금융소비자는 금소법 제19조 제1항에 따라 해당상품 또는 서비스에 대하여 설명을 받을 권리가 있으며, 그 설명을 듣고 내용을 충분히 이해한 후 거래하시기 바랍니다.
신용카드 발급이 부적정한 경우 (연체금 보유, 개인신용평점 낮음 등) 카드 발급이 제한될 수 있습니다.
카드이용대금과 이에 수반되는 모든 수수료를 지정된 대금 결제일에 상환합니다.
이 행사는 KB국민카드 영업정책 및 제휴업체 상황에 따라 변경 또는 중단될 수 있습니다.
문의: KB국민카드 고객센터(1588-1688)
여신금융협회 심의필 제 2026-C1h-06009호 (2026.04.27 ~ 2027.04.26)",2026-06-07 04:23:58
09562_E0001,09562,국민,트래블러스 체크카드,1000889,트래블러스 체크 신규발급3만원 캐시백!,https://card.kbcard.com/BON/DVIEW/HBBMCXCRVNEC0001?mainCC=a&eventNum=1000889,2026-05-01,2026-05-31,할인,대상,"온라인 채널 통해 KB국민 트래블러스 체크카드 신규 발급 고객
[신규 고객]
아래 중 한 가지에 해당하며, 신규 발급 시점 체크카드가 없는 고객
KB국민 개인 체크카드 최초 신규 발급 고객
보유 체크카드 전체의 유효기간 만료 후 신규 발급 고객
2025.12.31(수) 이전 체크카드 회원 탈회 후 행사 기간 중 신규 발급 고객",2026-06-07 04:24:24
09562_E0001,09562,국민,트래블러스 체크카드,1000889,트래블러스 체크 신규발급3만원 캐시백!,https://card.kbcard.com/BON/DVIEW/HBBMCXCRVNEC0001?mainCC=a&eventNum=1000889,2026-05-01,2026-05-31,할인,내용,"대상 고객이 발급 기간 안에 응모하고, 대상카드로 이용 기간 동안
3만원
이상 이용하면
3만원 캐시백!
* 이 행사 페이지 내 발급 필수(자동응모)",2026-06-07 04:24:24
09562_E0001,09562,국민,트래블러스 체크카드,1000889,트래블러스 체크 신규발급3만원 캐시백!,https://card.kbcard.com/BON/DVIEW/HBBMCXCRVNEC0001?mainCC=a&eventNum=1000889,2026-05-01,2026-05-31,할인,혜택 제공,2026.6.30(화)까지 체크카드 결제계좌로 캐시백 예정,2026-06-07 04:24:24
09562_E0001,09562,국민,트래블러스 체크카드,1000889,트래블러스 체크 신규발급3만원 캐시백!,https://card.kbcard.com/BON/DVIEW/HBBMCXCRVNEC0001?mainCC=a&eventNum=1000889,2026-05-01,2026-05-31,할인,확인사항,"외화머니서비스 동의 및 내 연결계좌 등록하기는 휴대폰에서 아래 주소로 접속 시 가능합니다.
* 주소: https://e.kbcard.com/트래블러스
연회비는 없습니다.
국내/해외 이용금액도 포함하며, 응모 필수, 응모와 이용 순서는 관계 없습니다.
체크카드 신규 고객 대상인 다른 행사의 혜택과 중복 제공되지 않습니다.
중복 참여하면 발급월 기준 가장 앞선 신청 건으로 자동 적용됩니다.
체크카드 신규 고객 행사 통합 본인 기준 1인 1회까지만 제공됩니다.
이용금액은 이용 기간 내 누적금액이며, 이용 기간 종료 후 3일(영업일 기준)까지 정상 매입된 금액까지 해당됩니다.
기존 체크카드 고객의 추가/교체 발급, 유효기간 미경과, 해지 고객의 재발급은 대상에서 제외됩니다.
혜택 제공 전 대상카드 해지, 교체, 체크카드 탈회하면 대상에서 제외됩니다.
은행 직원번호, 영업점 및 KB스타뱅킹, 카드플래너 등을 통해 카드 발급 및 이용 시 대상에서 제외됩니다.
이용금액 제외 대상: 결제 취소 및 상품권 구매, 선불카드 충전, 포인트리 충전, 카카오톡 선물하기 등 이용금액
계약을 체결하기 전에 상품설명서와 약관을 확인하시기 바랍니다.
연체이자율: 회원별/이용상품별 정상이자율+3%p, 최고 연 20% 이내
단, 연체발생시점에 정상이자율이 없는 경우 아래와 같이 적용함
일시불 거래 연체 시: 거래발생시점의 최소기간 (2개월) 유이자할부 수수료율 적용
무이자할부 거래 연체 시: 거래발생시점의 동일한 할부 계약기간의 유이자할부 수수료율 적용
그 외의 경우: 정상이자율은 상법상 상사법정이율과 상호금융가계자금대출금리 중 높은 금리 적용
▶ 한국은행에서 매월 발표하는 가장 최근의 비은행 금융기관 가중평균대출금리 (신규대출 기준)
상환능력에 비해 신용카드 사용액이 과도할 경우 귀하의 개인신용평점이 하락할 수 있습니다.
개인신용평점 하락 시 금융거래 관련된 불이익이 발생할 수 있습니다.
일정기간 원리금을 연체할 경우, 모든 원리금을 변제할 의무가 발생할 수 있습니다.
이 행사는 KB국민카드 영업정책 및 제휴업체 상황에 따라 변경 또는 중단될 수 있습니다.
문의: KB국민카드 고객센터(1588-1688)
준법감시인 심의필 260518-01673-HPM (2026.05.18 ~ 2027.05.17)",2026-06-07 04:24:24
07964_E0001,07964,국민,노리2 체크카드(KB Pay),1000888,체크카드 신규 발급하면3만원 캐시백!,https://card.kbcard.com/BON/DVIEW/HBBMCXCRVNEC0001?mainCC=a&eventNum=1000888,2026-05-01,2026-05-31,할인,대상,"KB국민 체크카드 온라인 채널 신규 발급 고객 (KB국민 기업, 비씨, 선불카드 고객 제외)
[신규 고객]
아래 중 한 가지에 해당하며, 신규 발급 시점 체크카드가 없는 고객
KB국민 개인 체크카드 최초 신규 발급 고객
보유 체크카드 전체의 유효기간 만료 후 신규 발급 고객
2025.12.31(수)
이전 체크카드 탈회 후 행사 기간 중 신규 발급 고객",2026-06-07 04:24:29
07964_E0001,07964,국민,노리2 체크카드(KB Pay),1000888,체크카드 신규 발급하면3만원 캐시백!,https://card.kbcard.com/BON/DVIEW/HBBMCXCRVNEC0001?mainCC=a&eventNum=1000888,2026-05-01,2026-05-31,할인,내용,"대상 고객이 발급 기간 안에 응모하고, 대상카드로 이용 기간 동안
3만원
이상 이용하면
3만원 캐시백!",2026-06-07 04:24:29
07964_E0001,07964,국민,노리2 체크카드(KB Pay),1000888,체크카드 신규 발급하면3만원 캐시백!,https://card.kbcard.com/BON/DVIEW/HBBMCXCRVNEC0001?mainCC=a&eventNum=1000888,2026-05-01,2026-05-31,할인,혜택 제공,2026.6.30(화)까지 체크카드 결제계좌로 캐시백 예정,2026-06-07 04:24:29
07964_E0001,07964,국민,노리2 체크카드(KB Pay),1000888,체크카드 신규 발급하면3만원 캐시백!,https://card.kbcard.com/BON/DVIEW/HBBMCXCRVNEC0001?mainCC=a&eventNum=1000888,2026-05-01,2026-05-31,할인,확인사항,"연회비는 없습니다.
응모 필수, 응모와 이용 순서는 관계없습니다.
체크카드 신규 고객 대상인 다른 행사의 혜택과 중복 제공되지 않습니다.
중복 참여하면 발급월 기준 가장 앞선 신청 건으로 자동 적용됩니다.
체크카드 신규 고객 행사 통합 본인 기준 1인 1회까지만 제공됩니다.
이용금액은 이용 기간 내 누적금액이며, 이용 기간 종료 후 3일(영업일 기준)까지 정상 매입된 금액까지 해당됩니다.
기존 체크카드 고객의 추가/교체 발급, 유효기간 미경과, 해지 고객의 재발급은 대상에서 제외됩니다.
혜택 받기 전 대상카드 해지, 교체, 체크카드 탈회하면 대상에서 제외됩니다.
은행 직원번호, 영업점 및 KB스타뱅킹, 카드플래너 등을 통해 카드 발급 및 이용 시 대상에서 제외됩니다.
이용금액 제외 대상: 결제 취소 및 상품권 구매, 선불카드 충전, 포인트리 충전, 카카오톡 선물하기 등 이용금액
계약을 체결하기 전에 상품설명서와 약관을 확인하시기 바랍니다.
연체이자율: 회원별/이용상품별 정상이자율+3%p, 최고 연 20% 이내
단, 연체발생시점에 정상이자율이 없는 경우 아래와 같이 적용함
일시불 거래 연체 시: 거래발생시점의 최소기간 (2개월) 유이자할부 수수료율 적용
무이자할부 거래 연체 시: 거래발생시점의 동일한 할부 계약기간의 유이자할부 수수료율 적용
그 외의 경우: 정상이자율은 상법상 상사법정이율과 상호금융가계자금대출금리 중 높은 금리 적용
▶ 한국은행에서 매월 발표하는 가장 최근의 비은행 금융기관 가중평균대출금리 (신규대출 기준)
상환능력에 비해 신용카드 사용액이 과도할 경우 귀하의 개인신용평점이 하락할 수 있습니다.
개인신용평점 하락 시 금융거래 관련된 불이익이 발생할 수 있습니다.
일정기간 원리금을 연체할 경우, 모든 원리금을 변제할 의무가 발생할 수 있습니다.
이 행사는 KB국민카드 영업정책 및 제휴업체 상황에 따라 변경 또는 중단될 수 있습니다.
문의: KB국민카드 고객센터(1588-1688)
준법감시인 심의필 260202-00267-HPM (2026.02.02 ~ 2027.02.01)",2026-06-07 04:24:29
07972_E0003,07972,국민,노리2 체크카드(Global),1000888,체크카드 신규 발급하면3만원 캐시백!,https://card.kbcard.com/BON/DVIEW/HBBMCXCRVNEC0001?mainCC=a&eventNum=1000888,2026-05-01,2026-05-31,할인,대상,"KB국민 체크카드 온라인 채널 신규 발급 고객 (KB국민 기업, 비씨, 선불카드 고객 제외)
[신규 고객]
아래 중 한 가지에 해당하며, 신규 발급 시점 체크카드가 없는 고객
KB국민 개인 체크카드 최초 신규 발급 고객
보유 체크카드 전체의 유효기간 만료 후 신규 발급 고객
2025.12.31(수)
이전 체크카드 탈회 후 행사 기간 중 신규 발급 고객",2026-06-07 04:24:29
07972_E0003,07972,국민,노리2 체크카드(Global),1000888,체크카드 신규 발급하면3만원 캐시백!,https://card.kbcard.com/BON/DVIEW/HBBMCXCRVNEC0001?mainCC=a&eventNum=1000888,2026-05-01,2026-05-31,할인,내용,"대상 고객이 발급 기간 안에 응모하고, 대상카드로 이용 기간 동안
3만원
이상 이용하면
3만원 캐시백!",2026-06-07 04:24:29
07972_E0003,07972,국민,노리2 체크카드(Global),1000888,체크카드 신규 발급하면3만원 캐시백!,https://card.kbcard.com/BON/DVIEW/HBBMCXCRVNEC0001?mainCC=a&eventNum=1000888,2026-05-01,2026-05-31,할인,혜택 제공,2026.6.30(화)까지 체크카드 결제계좌로 캐시백 예정,2026-06-07 04:24:29
07972_E0003,07972,국민,노리2 체크카드(Global),1000888,체크카드 신규 발급하면3만원 캐시백!,https://card.kbcard.com/BON/DVIEW/HBBMCXCRVNEC0001?mainCC=a&eventNum=1000888,2026-05-01,2026-05-31,할인,확인사항,"연회비는 없습니다.
응모 필수, 응모와 이용 순서는 관계없습니다.
체크카드 신규 고객 대상인 다른 행사의 혜택과 중복 제공되지 않습니다.
중복 참여하면 발급월 기준 가장 앞선 신청 건으로 자동 적용됩니다.
체크카드 신규 고객 행사 통합 본인 기준 1인 1회까지만 제공됩니다.
이용금액은 이용 기간 내 누적금액이며, 이용 기간 종료 후 3일(영업일 기준)까지 정상 매입된 금액까지 해당됩니다.
기존 체크카드 고객의 추가/교체 발급, 유효기간 미경과, 해지 고객의 재발급은 대상에서 제외됩니다.
혜택 받기 전 대상카드 해지, 교체, 체크카드 탈회하면 대상에서 제외됩니다.
은행 직원번호, 영업점 및 KB스타뱅킹, 카드플래너 등을 통해 카드 발급 및 이용 시 대상에서 제외됩니다.
이용금액 제외 대상: 결제 취소 및 상품권 구매, 선불카드 충전, 포인트리 충전, 카카오톡 선물하기 등 이용금액
계약을 체결하기 전에 상품설명서와 약관을 확인하시기 바랍니다.
연체이자율: 회원별/이용상품별 정상이자율+3%p, 최고 연 20% 이내
단, 연체발생시점에 정상이자율이 없는 경우 아래와 같이 적용함
일시불 거래 연체 시: 거래발생시점의 최소기간 (2개월) 유이자할부 수수료율 적용
무이자할부 거래 연체 시: 거래발생시점의 동일한 할부 계약기간의 유이자할부 수수료율 적용
그 외의 경우: 정상이자율은 상법상 상사법정이율과 상호금융가계자금대출금리 중 높은 금리 적용
▶ 한국은행에서 매월 발표하는 가장 최근의 비은행 금융기관 가중평균대출금리 (신규대출 기준)
상환능력에 비해 신용카드 사용액이 과도할 경우 귀하의 개인신용평점이 하락할 수 있습니다.
개인신용평점 하락 시 금융거래 관련된 불이익이 발생할 수 있습니다.
일정기간 원리금을 연체할 경우, 모든 원리금을 변제할 의무가 발생할 수 있습니다.
이 행사는 KB국민카드 영업정책 및 제휴업체 상황에 따라 변경 또는 중단될 수 있습니다.
문의: KB국민카드 고객센터(1588-1688)
준법감시인 심의필 260202-00267-HPM (2026.02.02 ~ 2027.02.01)",2026-06-07 04:24:29
09562_E0002,09562,국민,트래블러스 체크카드,1000811,웹투어에서 국내선체크 최대 10% 캐시백,https://card.kbcard.com/BON/DVIEW/HBBMCXCRVNEC0001?mainCC=a&eventNum=1000811,2026-04-22,2026-05-22,캐시백,대상,"KB국민 개인 체크카드 고객 (KB국민 신용, 기업, 비씨, 선불카드 제외)",2026-06-07 04:26:08
09562_E0002,09562,국민,트래블러스 체크카드,1000811,웹투어에서 국내선체크 최대 10% 캐시백,https://card.kbcard.com/BON/DVIEW/HBBMCXCRVNEC0001?mainCC=a&eventNum=1000811,2026-04-22,2026-05-22,캐시백,내용,"웹투어에서 KB국민 체크카드로 국내선 항공권 결제 시
최대 10% 캐시백",2026-06-07 04:26:08
09562_E0002,09562,국민,트래블러스 체크카드,1000811,웹투어에서 국내선체크 최대 10% 캐시백,https://card.kbcard.com/BON/DVIEW/HBBMCXCRVNEC0001?mainCC=a&eventNum=1000811,2026-04-22,2026-05-22,캐시백,혜택 제공,2026.7.31(금) 안에 제공 예정,2026-06-07 04:26:08
09562_E0002,09562,국민,트래블러스 체크카드,1000811,웹투어에서 국내선체크 최대 10% 캐시백,https://card.kbcard.com/BON/DVIEW/HBBMCXCRVNEC0001?mainCC=a&eventNum=1000811,2026-04-22,2026-05-22,캐시백,확인사항,"탑승 완료 기준으로 적용됩니다.
발권대행 수수료는 캐시백 제외됩니다.
카드 소유주 미포함 결제 시 캐시백 대상에서 제외됩니다.
네이버페이 등 간편결제 시 캐시백 대상에서 제외됩니다.
그 외 유의사항은 웹투어에서 꼭 확인하시기 바랍니다.
계약을 체결하기 전에 상품설명서와 약관을 확인하시기 바랍니다.
연체이자율: 회원별/이용상품별 정상이자율+3%p, 최고 연 20% 이내
단, 연체발생시점에 정상이자율이 없는 경우 아래와 같이 적용함
일시불 거래 연체 시: 거래발생시점의 최소기간 (2개월) 유이자할부 수수료율 적용
무이자할부 거래 연체 시: 거래발생시점의 동일한 할부 계약기간의 유이자할부 수수료율 적용
그 외의 경우: 정상이자율은 상법상 상사법정이율과 상호금융가계자금대출금리 중 높은 금리 적용
▶ 한국은행에서 매월 발표하는 가장 최근의 비은행 금융기관 가중평균대출금리 (신규대출 기준)
상환능력에 비해 신용카드 사용액이 과도할 경우 귀하의 개인신용평점이 하락할 수 있습니다.
개인신용평점 하락 시 금융거래 관련된 불이익이 발생할 수 있습니다.
일정기간 원리금을 연체할 경우, 모든 원리금을 변제할 의무가 발생할 수 있습니다.
신용카드 발급이 부적정한 경우(개인신용평점 낮음, 연체금 보유 등) 카드발급이 제한될 수 있습니다.
카드이용대금과 이에 수반되는 모든 수수료를 지정된 대금 결제일에 상환합니다.
금융소비자는 금소법 제19조 제1항에 따라 해당상품 또는 서비스에 대하여 설명을 받을 권리가 있으며, 그 설명을 듣고 내용을 충분히 이해한 후 거래하시기 바랍니다.
이 행사는 KB국민카드 영업정책 및 제휴업체 상황에 따라 변경 또는 중단될 수 있습니다.
문의: KB국민카드 고객센터(1588-1688)
준법감시인 심의필 260415-01255-HPM (2026.04.15 ~ 2027.04.14)",2026-06-07 04:26:08
09562_E0003,09562,국민,트래블러스 체크카드,1000771,라쿠텐 트래블최대 10% 즉시할인,https://card.kbcard.com/BON/DVIEW/HBBMCXCRVNEC0001?mainCC=a&eventNum=1000771,2026-04-15,2026-05-31,할인,대상,"KB국민 마스터 개인 신용/체크카드 고객 (KB국민 기업, 비씨, 마에스트로카드 제외)",2026-06-07 04:26:35
09562_E0003,09562,국민,트래블러스 체크카드,1000771,라쿠텐 트래블최대 10% 즉시할인,https://card.kbcard.com/BON/DVIEW/HBBMCXCRVNEC0001?mainCC=a&eventNum=1000771,2026-04-15,2026-05-31,할인,내용,"라쿠텐 트래블에서 일본 전 지역 숙소 결제할 때 사용 가능한
최대 10% 즉시할인 쿠폰 제공
(최대 5,500엔(JPY)까지 할인)",2026-06-07 04:26:35
09562_E0003,09562,국민,트래블러스 체크카드,1000771,라쿠텐 트래블최대 10% 즉시할인,https://card.kbcard.com/BON/DVIEW/HBBMCXCRVNEC0001?mainCC=a&eventNum=1000771,2026-04-15,2026-05-31,할인,혜택 제공,할인 쿠폰 다운받고 대상카드 번호 입력하면 즉시할인,2026-06-07 04:26:35
09562_E0003,09562,국민,트래블러스 체크카드,1000771,라쿠텐 트래블최대 10% 즉시할인,https://card.kbcard.com/BON/DVIEW/HBBMCXCRVNEC0001?mainCC=a&eventNum=1000771,2026-04-15,2026-05-31,할인,확인사항,"행사 혜택은 라쿠텐 트래블에서 제공합니다.
기간별로 최대 할인율과 금액이 달라질 수 있습니다.
할인 혜택은 1인 1회까지 할인 적용 가능합니다.
자세한 내용은 '바로가기'에서 확인 가능합니다.
엔화(JPY)로 결제할 때에만 혜택이 제공됩니다.
* 결제 통화변경 방법: [앱 하단 프로필> 통화 설정] 혹은 [홈페이지 우측 상단 KRW> JPY 변경]
라쿠텐 트래블 웰컴 쿠폰 및 다른 행사 쿠폰과 중복 적용 받을 수 없습니다.
프로모션 코드 등록한 후 대상 카드로 결제할 때 즉시 할인되므로, 최종 결제단계에서 할인 적용 여부 확인 부탁드립니다.
결제가 완료된 후에는 소급 적용할 수 없습니다.
할인 혜택은 양도하거나 현금으로 대체할 수 없습니다.
쿠폰 코드를 사용하여 할인 적용된 건에 대해 취소 또는 환불이 발생한 경우, 해당 쿠폰 코드는 사용한 것으로 간주됩니다.
호텔 가격은 수시로 변동될 수 있습니다.
호텔 상품별 예약 조건이 다를 수 있어 결제 전에 자세한 내용을 확인하시기 바랍니다.
KB국민카드는 행사 가격이 라쿠텐 트래블에서 제공하는 요금 중 가장 저렴한 가격임을 보장하지 않습니다.
구매한 상품의 취소, 환불 요청 시 상품 페이지내 명시된 규정대로 처리됩니다.
약관을 위반하거나 부정 또는 남용할 경우, 혜택 지급을 보류 또는 철회할 수 있습니다.
상품 및 행사 관련 문의는 라쿠텐 트래블 고객센터(https://travel.faq.Rakuten.net/ko-kr/s/inquiries) 또는 080-880-0221(수신자부담)으로 문의바랍니다.
이 행사는 한국 시간 기준으로 적용됩니다.
예산이 소진되면, 행사가 일찍 종료될 수 있습니다.
이 행사는 라쿠텐 트래블 이용 약관에 따르며, 서비스 관련 모든 책임은 라쿠텐 트래블에 있습니다.
계약을 체결하기 전에 상품설명서와 약관을 확인하시기 바랍니다.
연체이자율: 회원별/이용상품별 정상이자율+3%p, 최고 연 20% 이내
단, 연체발생시점에 정상이자율이 없는 경우 아래와 같이 적용함
일시불 거래 연체 시: 거래발생시점의 최소기간 (2개월) 유이자할부 수수료율 적용
무이자할부 거래 연체 시: 거래발생시점의 동일한 할부 계약기간의 유이자할부 수수료율 적용
그 외의 경우: 정상이자율은 상법상 상사법정이율과 상호금융가계자금대출금리 중 높은 금리 적용
▶ 한국은행에서 매월 발표하는 가장 최근의 비은행 금융기관 가중평균대출금리 (신규대출 기준)
상환능력에 비해 신용카드 사용액이 과도할 경우 귀하의 개인신용평점이 하락할 수 있습니다.
개인신용평점 하락 시 금융거래 관련된 불이익이 발생할 수 있습니다.
일정기간 원리금을 연체할 경우, 모든 원리금을 변제할 의무가 발생할 수 있습니다.
신용카드 발급이 부적정한 경우(개인신용평점 낮음, 연체금 보유 등) 카드발급이 제한될 수 있습니다.
카드이용대금과 이에 수반되는 모든 수수료를 지정된 대금 결제일에 상환합니다.
금융소비자는 금소법 제19조 제1항에 따라 해당상품 또는 서비스에 대하여 설명을 받을 권리가 있으며, 그 설명을 듣고 내용을 충분히 이해한 후 거래하시기 바랍니다.
이 행사는 KB국민카드 영업정책 및 제휴업체 상황에 따라 변경 또는 중단될 수 있습니다.
문의: KB국민카드 고객센터(1588-1688)
준법감시인 심의필 250829-04544-HPM (2025.08.29 ~ 2026.08.28)",2026-06-07 04:26:35
09562_E0004,09562,국민,트래블러스 체크카드,1000607,홍콩&마카오 쇼핑최대 10% 캐시백,https://card.kbcard.com/BON/DVIEW/HBBMCXCRVNEC0001?mainCC=a&eventNum=1000607,2026-04-01,2026-06-30,캐시백,대상,KB국민 트래블러스 체크카드 마스터브랜드 고객,2026-06-07 04:28:14
09562_E0004,09562,국민,트래블러스 체크카드,1000607,홍콩&마카오 쇼핑최대 10% 캐시백,https://card.kbcard.com/BON/DVIEW/HBBMCXCRVNEC0001?mainCC=a&eventNum=1000607,2026-04-01,2026-06-30,캐시백,내용,"행사 기간 동안
MTR서비스 바로가기에서 대상카드를 등록하고 각 가맹점별로 혜택 활성화 한 후 홍콩, 마카오 대상 가맹점에서 결제하면
캐시백 제공
* MTR서비스란?
마스터카드사의 특별한 카드를 대상으로 전세계 유명 온오프라인 가맹점의 혜택을 제공하는 캐시백 프로그램
지역: 홍콩 | 구분: 왓슨스 홍콩 | 혜택: 결제 건당 250 홍콩달러(HKD) 이상 결제하면 25 홍콩달러(HKD) 캐시백
지역: 샤샤코스메틱 홍콩 | 구분: 결제 건당 250 홍콩달러(HKD) 이상 결제하면 25 홍콩달러(HKD) 캐시백
지역: 소고 백화점 홍콩 | 구분: 결제 건당 2천 홍콩달러(HKD) 이상 결제하면 100홍콩달러(HKD) 캐시백
지역: 레인크로포드 홍콩 | 구분: 결제 건당 7천 홍콩달러(HKD) 이상 결제하면 350홍콩달러(HKD) 캐시백
지역: 신라 면세점 홍콩 공항점 | 구분: 결제 건당 2천 홍콩달러(HKD) 이상 결제하면 100홍콩달러(HKD) 캐시백
지역: 마카오 | 구분: 왓슨스 마카오 | 혜택: 결제 건당 250 파타카(MOP) 이상 결제하면 25 파타카(MOP) 캐시백
지역: 매닝스 마카오 | 구분: 결제 건당 1천 파타카(MOP) 이상 결제하면 25 파타카(MOP) 캐시백
지역: 샤샤코스메틱 마카오 | 구분: 결제 건당 250 파타카(MOP) 이상 결제하면 25 파타카(MOP) 캐시백",2026-06-07 04:28:14
09562_E0004,09562,국민,트래블러스 체크카드,1000607,홍콩&마카오 쇼핑최대 10% 캐시백,https://card.kbcard.com/BON/DVIEW/HBBMCXCRVNEC0001?mainCC=a&eventNum=1000607,2026-04-01,2026-06-30,캐시백,혜택 제공,이용하신 날로부터 14일 안에 캐시백 금액만큼 취소전표 매입,2026-06-07 04:28:14
09562_E0004,09562,국민,트래블러스 체크카드,1000607,홍콩&마카오 쇼핑최대 10% 캐시백,https://card.kbcard.com/BON/DVIEW/HBBMCXCRVNEC0001?mainCC=a&eventNum=1000607,2026-04-01,2026-06-30,캐시백,확인사항,"이 혜택은 마스터카드사에서 제공합니다.
현지화폐로 결제하실 때에만 혜택이 제공됩니다.
각 가맹점별 혜택은 카드당 1회로 제한됩니다.
일부 브랜드는 혜택 대상이 아닙니다.
실물카드로 결제하실 때에만 혜택이 제공됩니다.
대상 가맹점 정보와 유의사항은 'MTR서비스 바로가기'에서 가맹점명으로 검색한 후 확인할 수 있습니다.
이용금액 중 정상 매입되지 않은 금액은 실적 인정 대상이 아닙니다.
캐시백 금액은 행사 기간 안에 이용하고 7일 안에 정상 매입된 누적금액으로 산정됩니다.
온라인 가맹점 이용 건은 대상에서 제외됩니다. 온/오프라인 구분은 마스터카드사 기준에 따릅니다.
캐시백은 현지화폐 기준으로 산정하여 매입된 원화금액만큼 취소전표로 매입되며, 원화 환산 시 환율 차이가 발생할 수 있습니다.
캐시백 가맹점명은 'MastercardTravel'로 표기됩니다.
캐시백으로 취소 전표 매입 시 카드별 실적 기준금액에서 차감됩니다.
승인거절, 부분취소, 매입취소, 반품/환불 등의 사유로 정상 처리되지 않은 금액은 캐시백 대상 기준금액 합산 시 제외됩니다.
예산이 소진되면, 행사가 일찍 종료될 수 있습니다.
이 행사는 마스터카드시스템 기준으로 운영되며, 마스터카드사와 KB국민카드 간 시스템 시간이 상이할 수 있어 실제 승인 시간과 다를 수 있습니다.
캐시백 지급일 기준 카드를 해지하시거나 또는 회원 탈퇴하시면 캐시백이 적용되지 않습니다.
카드 교체 또는 재발급으로 인해 카드번호가 캐시백 날짜 이전에 변경되면 캐시백 대상이 아닙니다.
연회비: 없음
계약을 체결하기 전에 상품설명서와 약관을 확인하시기 바랍니다.
연체이자율: 회원별/이용상품별 정상이자율+3%p, 최고 연 20% 이내
단, 연체발생시점에 정상이자율이 없는 경우 아래와 같이 적용함
일시불 거래 연체 시: 거래발생시점의 최소기간 (2개월) 유이자할부 수수료율 적용
무이자할부 거래 연체 시: 거래발생시점의 동일한 할부 계약기간의 유이자할부 수수료율 적용
그 외의 경우: 정상이자율은 상법상 상사법정이율과 상호금융가계자금대출금리 중 높은 금리 적용
▶ 한국은행에서 매월 발표하는 가장 최근의 비은행 금융기관 가중평균대출금리 (신규대출 기준)
상환능력에 비해 신용카드 사용액이 과도할 경우 귀하의 개인신용평점이 하락할 수 있습니다.
개인신용평점 하락 시 금융거래 관련된 불이익이 발생할 수 있습니다.
일정기간 원리금을 연체할 경우, 모든 원리금을 변제할 의무가 발생할 수 있습니다.
신용카드 발급이 부적정한 경우 (연체금 보유, 개인신용평점 낮음 등) 카드발급이 제한될 수 있습니다.
카드 이용금액과 이에 수반되는 모든 수수료를 지정된 대금 결제일에 상환합니다.
금융소비자는 금소법 제19조 제1항에 따라 해당 상품 또는 서비스에 대하여 설명을 받을 권리가 있으며, 그 설명을 듣고 내용을 충분히 이해한 후 거래하시기 바랍니다.
이 행사는 KB국민카드 영업정책 및 제휴업체 상황에 따라 변경 또는 중단될 수 있습니다.
문의: KB국민카드 고객센터(1588-1688)
준법감시인 심의필 260102-00002-HPM (2026.01.02 ~ 2027.01.01)",2026-06-07 04:28:14
09562_E0005,09562,국민,트래블러스 체크카드,1000606,"해로즈, 라파예트최대 10% 캐시백",https://card.kbcard.com/BON/DVIEW/HBBMCXCRVNEC0001?mainCC=a&eventNum=1000606,2026-04-01,2026-06-30,캐시백,대상,KB국민 트래블러스 체크카드 마스터브랜드 고객,2026-06-07 04:28:19
09562_E0005,09562,국민,트래블러스 체크카드,1000606,"해로즈, 라파예트최대 10% 캐시백",https://card.kbcard.com/BON/DVIEW/HBBMCXCRVNEC0001?mainCC=a&eventNum=1000606,2026-04-01,2026-06-30,캐시백,내용,"행사 기간 동안
대상카드로 프랑스 라파예트백화점, 영국 해로즈백화점에서 기준금액 이상 결제하면
최대 10% 캐시백
* MTR서비스란?
마스터카드사의 특별한 카드를 대상으로 전세계 유명 온오프라인 가맹점의 혜택을 제공하는 캐시백 프로그램
나라: 프랑스 | 구분: GALERIES LAFAYETTE Paris Haussmann | 혜택: 결제 건당 2,500유로(EUR) 이상 결제하면 125유로(EUR) 캐시백
나라: GALERIES LAFAYETTE Bordeaux | 구분: 결제 건당 500유로(EUR) 이상 결제하면 25유로(EUR) 캐시백
나라: GALERIES LAFAYETTE NICE | 구분: 결제 건당 500유로(EUR) 이상 결제하면 25유로(EUR) 캐시백
나라: GALERIES LAFAYETTE Strasbourg | 구분: 결제 건당 500유로(EUR) 이상 결제하면 25유로(EUR) 캐시백
나라: 영국 | 구분: Harrods | 혜택: 결제 건당 350파운드(GBP) 이상 결제하면 35파운드(GBP) 캐시백",2026-06-07 04:28:19
09562_E0005,09562,국민,트래블러스 체크카드,1000606,"해로즈, 라파예트최대 10% 캐시백",https://card.kbcard.com/BON/DVIEW/HBBMCXCRVNEC0001?mainCC=a&eventNum=1000606,2026-04-01,2026-06-30,캐시백,혜택 제공,이용하신 날로부터 14일 안에 캐시백 금액만큼 취소전표 매입,2026-06-07 04:28:19
09562_E0005,09562,국민,트래블러스 체크카드,1000606,"해로즈, 라파예트최대 10% 캐시백",https://card.kbcard.com/BON/DVIEW/HBBMCXCRVNEC0001?mainCC=a&eventNum=1000606,2026-04-01,2026-06-30,캐시백,확인사항,"이 혜택은 마스터카드사에서 제공합니다.
유럽 현지에서 현지화폐로 결제하실 때에만 혜택이 제공됩니다.
혜택은 카드당 1회로 제한됩니다.
일부 브랜드는 혜택 대상이 아닙니다.
실물카드로 결제하실 때에만 혜택이 제공됩니다.
대상 가맹점 정보와 유의사항은 'MTR서비스 바로가기'에서 가맹점명으로 검색한 후 확인할 수 있습니다.
이용금액 중 정상 매입되지 않은 금액은 실적 인정 대상이 아닙니다.
캐시백 금액은 행사 기간 안에 이용하고 7일 안에 정상 매입된 누적금액으로 산정됩니다.
온라인 가맹점 이용 건은 대상에서 제외됩니다. 온/오프라인 구분은 마스터카드사 기준에 따릅니다.
캐시백은 현지화폐 기준으로 산정하여 매입된 원화금액만큼 취소전표로 매입되며, 원화 환산 시 환율 차이가 발생할 수 있습니다.
캐시백 가맹점명은 'MastercardTravel'로 표기됩니다.
캐시백으로 취소 전표 매입 시 카드별 실적 기준금액에서 차감됩니다.
승인거절, 부분취소, 매입취소, 반품/환불 등의 사유로 정상 처리되지 않은 금액은 캐시백 대상 기준금액 합산 시 제외됩니다.
예산이 소진되면, 행사가 일찍 종료될 수 있습니다.
이 행사는 마스터카드시스템 기준으로 운영되며, 마스터카드사와 KB국민카드 간 시스템 시간이 상이할 수 있어 실제 승인 시간과 다를 수 있습니다.
캐시백 지급일 기준 카드를 해지하시거나 또는 회원 탈퇴하시면 캐시백이 적용되지 않습니다.
카드 교체 또는 재발급으로 인해 카드번호가 캐시백 날짜 이전에 변경되면 캐시백 대상이 아닙니다.
연회비: 없음
계약을 체결하기 전에 상품설명서와 약관을 확인하시기 바랍니다.
연체이자율: 회원별/이용상품별 정상이자율+3%p, 최고 연 20% 이내
단, 연체발생시점에 정상이자율이 없는 경우 아래와 같이 적용함
일시불 거래 연체 시: 거래발생시점의 최소기간 (2개월) 유이자할부 수수료율 적용
무이자할부 거래 연체 시: 거래발생시점의 동일한 할부 계약기간의 유이자할부 수수료율 적용
그 외의 경우: 정상이자율은 상법상 상사법정이율과 상호금융가계자금대출금리 중 높은 금리 적용
▶ 한국은행에서 매월 발표하는 가장 최근의 비은행 금융기관 가중평균대출금리 (신규대출 기준)
상환능력에 비해 신용카드 사용액이 과도할 경우 귀하의 개인신용평점이 하락할 수 있습니다.
개인신용평점 하락 시 금융거래 관련된 불이익이 발생할 수 있습니다.
일정기간 원리금을 연체할 경우, 모든 원리금을 변제할 의무가 발생할 수 있습니다.
신용카드 발급이 부적정한 경우 (연체금 보유, 개인신용평점 낮음 등) 카드발급이 제한될 수 있습니다.
카드 이용금액과 이에 수반되는 모든 수수료를 지정된 대금 결제일에 상환합니다.
금융소비자는 금소법 제19조 제1항에 따라 해당 상품 또는 서비스에 대하여 설명을 받을 권리가 있으며, 그 설명을 듣고 내용을 충분히 이해한 후 거래하시기 바랍니다.
이 행사는 KB국민카드 영업정책 및 제휴업체 상황에 따라 변경 또는 중단될 수 있습니다.
문의: KB국민카드 고객센터(1588-1688)
준법감시인 심의필 260102-00003-HPM (2026.01.02 ~ 2027.01.01)",2026-06-07 04:28:19
09562_E0006,09562,국민,트래블러스 체크카드,1000605,일본 한큐&한신백화점2천엔(JPY) 캐시백,https://card.kbcard.com/BON/DVIEW/HBBMCXCRVNEC0001?mainCC=a&eventNum=1000605,2026-04-01,2026-06-30,캐시백,대상,KB국민 트래블러스 체크카드 마스터브랜드 고객,2026-06-07 04:28:25
09562_E0006,09562,국민,트래블러스 체크카드,1000605,일본 한큐&한신백화점2천엔(JPY) 캐시백,https://card.kbcard.com/BON/DVIEW/HBBMCXCRVNEC0001?mainCC=a&eventNum=1000605,2026-04-01,2026-06-30,캐시백,내용,"행사 기간 동안
MTR서비스 바로가기에서 대상카드를 등록하고 혜택 활성화한 후 일본 한큐 백화점 우메다, 한큐 멘즈 오사카, 한큐 멘즈 도쿄, 하카타 한큐, 고베 한큐에서 건당 3만엔(JPY) 이상 결제하면
2천엔(JPY) 캐시백
* MTR 서비스란?
마스터카드사의 특별한 카드를 대상으로 전세계 유명 온/오프라인 가맹점의 혜택을 제공하는 캐시백 프로그램",2026-06-07 04:28:25
09562_E0006,09562,국민,트래블러스 체크카드,1000605,일본 한큐&한신백화점2천엔(JPY) 캐시백,https://card.kbcard.com/BON/DVIEW/HBBMCXCRVNEC0001?mainCC=a&eventNum=1000605,2026-04-01,2026-06-30,캐시백,혜택 제공,이용하신 날로부터 14일 안에 캐시백 금액만큼 취소전표 매입,2026-06-07 04:28:25
09562_E0006,09562,국민,트래블러스 체크카드,1000605,일본 한큐&한신백화점2천엔(JPY) 캐시백,https://card.kbcard.com/BON/DVIEW/HBBMCXCRVNEC0001?mainCC=a&eventNum=1000605,2026-04-01,2026-06-30,캐시백,확인사항,"이 혜택은 마스터카드사에서 제공합니다.
일본 현지에서 엔화(JPY)로 결제하실 때만 혜택이 제공됩니다.
혜택은 행사 기간 동안 카드당 1회로 제한됩니다.
실물카드로 결제하실 때만 혜택이 제공됩니다.
대상 가맹점 정보와 유의사항은 MTR 서비스 바로가기에서 가맹점명으로 검색한 후 확인 가능합니다.
이용금액 중 정상 매입되지 않은 금액은 실적 인정 대상에서 제외됩니다.
캐시백 금액은 행사 기간 안에 이용하고 7일 안에 정상 매입된 누적금액으로 산정됩니다.
온라인 가맹점 이용 건은 대상에서 제외됩니다. 온/오프라인 구분은 마스터카드사 기준에 따릅니다.
캐시백은 엔화(JPY) 기준으로 산정하여 매입된 원화금액만큼 취소전표로 매입되며, 원화 환산할 때 환율 차이가 발생할 수 있습니다.
캐시백 가맹점명은 MastercardTravel로 표기됩니다.
캐시백으로 취소 전표 매입하면 카드별 실적 기준금액에서 차감됩니다.
승인거절, 부분취소, 매입취소, 반품/환불 등의 사유로 정상 처리되지 않은 금액은 캐시백 대상 기준금액 합산에서 제외됩니다.
예산이 소진되면, 행사가 일찍 종료될 수 있습니다.
이 행사는 마스터카드시스템 기준으로 운영되며, 마스터카드사와 카드사 간 시스템 시간이 다를 수 있어 실제 승인 시간과 다를 수 있습니다.
캐시백 지급일 기준 카드를 해지하거나 또는 회원 탈퇴하시면 캐시백이 적용되지 않습니다.
카드 교체 또는 재발급으로 인해 카드번호를 캐시백 날짜 이전에 변경하면 캐시백 대상에서 제외됩니다.
연회비: 없음
계약을 체결하기 전에 상품설명서와 약관을 확인하시기 바랍니다.
연체이자율: 회원별/이용상품별 정상이자율+3%p, 최고 연 20% 이내
단, 연체발생시점에 정상이자율이 없는 경우 아래와 같이 적용함
일시불 거래 연체 시: 거래발생시점의 최소기간 (2개월) 유이자할부 수수료율 적용
무이자할부 거래 연체 시: 거래발생시점의 동일한 할부 계약기간의 유이자할부 수수료율 적용
그 외의 경우: 정상이자율은 상법상 상사법정이율과 상호금융가계자금대출금리 중 높은 금리 적용
▶ 한국은행에서 매월 발표하는 가장 최근의 비은행 금융기관 가중평균대출금리 (신규대출 기준)
상환능력에 비해 신용카드 사용액이 과도할 경우 귀하의 개인신용평점이 하락할 수 있습니다.
개인신용평점 하락 시 금융거래 관련된 불이익이 발생할 수 있습니다.
일정기간 원리금을 연체할 경우, 모든 원리금을 변제할 의무가 발생할 수 있습니다.
신용카드 발급이 부적정한 경우 (연체금 보유, 개인신용평점 낮음 등) 카드발급이 제한될 수 있습니다.
카드 이용금액과 이에 수반되는 모든 수수료를 지정된 대금 결제일에 상환합니다.
금융소비자는 금소법 제19조 제1항에 따라 해당 상품 또는 서비스에 대하여 설명을 받을 권리가 있으며, 그 설명을 듣고 내용을 충분히 이해한 후 거래하시기 바랍니다.
이 행사는 KB국민카드 영업정책 및 제휴업체 상황에 따라 변경 또는 중단될 수 있습니다.
문의: KB국민카드 고객센터(1588-1688)
준법감시인 심의필 260318-00796-HPM (2026.03.18 ~ 2027.03.17)",2026-06-07 04:28:25
09562_E0007,09562,국민,트래블러스 체크카드,1000604,오사카 레고랜드온라인 예약 5% 캐시백,https://card.kbcard.com/BON/DVIEW/HBBMCXCRVNEC0001?mainCC=a&eventNum=1000604,2026-04-01,2026-06-30,캐시백,대상,KB국민 트래블러스 체크카드 마스터브랜드 고객,2026-06-07 04:28:30
09562_E0007,09562,국민,트래블러스 체크카드,1000604,오사카 레고랜드온라인 예약 5% 캐시백,https://card.kbcard.com/BON/DVIEW/HBBMCXCRVNEC0001?mainCC=a&eventNum=1000604,2026-04-01,2026-06-30,캐시백,내용,"행사 기간 동안
대상카드로 '오사카 레고랜드 예약하기'를 통해 접속한 페이지에서 결제하면
5% 캐시백
* MTR 서비스란?
마스터카드사의 특별한 카드를 대상으로 전세계 유명 온/오프라인 가맹점의 혜택을 제공하는 캐시백 프로그램",2026-06-07 04:28:30
09562_E0007,09562,국민,트래블러스 체크카드,1000604,오사카 레고랜드온라인 예약 5% 캐시백,https://card.kbcard.com/BON/DVIEW/HBBMCXCRVNEC0001?mainCC=a&eventNum=1000604,2026-04-01,2026-06-30,캐시백,혜택 제공,이용하신 날로부터 14일 안에 캐시백 금액만큼 취소전표 매입,2026-06-07 04:28:30
09562_E0007,09562,국민,트래블러스 체크카드,1000604,오사카 레고랜드온라인 예약 5% 캐시백,https://card.kbcard.com/BON/DVIEW/HBBMCXCRVNEC0001?mainCC=a&eventNum=1000604,2026-04-01,2026-06-30,캐시백,확인사항,"이 혜택은 마스터카드사에서 제공합니다.
엔화(JPY)로 결제하실 때만 혜택이 제공됩니다.
행사 기간 동안 카드당 1회로 제한됩니다.
대상 가맹점 정보와 유의사항은 'MTR 서비스 바로가기'에서 가맹점명으로 검색한 후 확인 가능합니다.
이용금액 중 정상 매입되지 않은 금액은 실적 인정 대상에서 제외됩니다.
캐시백 금액은 행사 기간 안에 이용하고 7일 안에 정상 매입된 누적금액으로 산정됩니다.
온라인 가맹점 이용 건은 대상에서 제외됩니다. 온/오프라인 구분은 마스터카드사 기준에 따릅니다.
캐시백은 엔화(JPY) 기준으로 산정하여 매입된 원화금액만큼 취소전표로 매입되며, 원화 환산할 때 환율 차이가 발생할 수 있습니다.
캐시백 가맹점명은 MastercardTravel로 표기됩니다.
캐시백으로 취소 전표 매입하면 카드별 실적 기준금액에서 차감됩니다.
승인거절, 부분취소, 매입취소, 반품/환불 등의 사유로 정상 처리되지 않은 금액은 캐시백 대상 기준금액 합산에서 제외됩니다.
예산이 소진되면, 행사가 일찍 종료될 수 있습니다.
이 행사는 마스터카드시스템 기준으로 운영되며, 마스터카드사와 카드사 간 시스템 시간이 다를 수 있어 실제 승인 시간과 다를 수 있습니다.
캐시백 지급일 기준 카드를 해지하거나 또는 회원 탈퇴하시면 캐시백이 적용되지 않습니다.
카드 교체 또는 재발급으로 인해 카드번호를 캐시백 날짜 이전에 변경하면 캐시백 대상에서 제외됩니다.
연회비: 없음
계약을 체결하기 전에 상품설명서와 약관을 확인하시기 바랍니다.
연체이자율: 회원별/이용상품별 정상이자율+3%p, 최고 연 20% 이내
단, 연체발생시점에 정상이자율이 없는 경우 아래와 같이 적용함
일시불 거래 연체 시: 거래발생시점의 최소기간 (2개월) 유이자할부 수수료율 적용
무이자할부 거래 연체 시: 거래발생시점의 동일한 할부 계약기간의 유이자할부 수수료율 적용
그 외의 경우: 정상이자율은 상법상 상사법정이율과 상호금융가계자금대출금리 중 높은 금리 적용
▶ 한국은행에서 매월 발표하는 가장 최근의 비은행 금융기관 가중평균대출금리 (신규대출 기준)
상환능력에 비해 신용카드 사용액이 과도할 경우 귀하의 개인신용평점이 하락할 수 있습니다.
개인신용평점 하락 시 금융거래 관련된 불이익이 발생할 수 있습니다.
일정기간 원리금을 연체할 경우, 모든 원리금을 변제할 의무가 발생할 수 있습니다.
신용카드 발급이 부적정한 경우 (연체금 보유, 개인신용평점 낮음 등) 카드발급이 제한될 수 있습니다.
카드 이용금액과 이에 수반되는 모든 수수료를 지정된 대금 결제일에 상환합니다.
금융소비자는 금소법 제19조 제1항에 따라 해당 상품 또는 서비스에 대하여 설명을 받을 권리가 있으며, 그 설명을 듣고 내용을 충분히 이해한 후 거래하시기 바랍니다.
이 행사는 KB국민카드 영업정책 및 제휴업체 상황에 따라 변경 또는 중단될 수 있습니다.
문의: KB국민카드 고객센터(1588-1688)
준법감시인 심의필 251230-05839-HPM (2025.12.30 ~ 2026.12.29)",2026-06-07 04:28:30
09562_E0008,09562,국민,트래블러스 체크카드,1000603,DiDi5위안(CNY) 캐시백,https://card.kbcard.com/BON/DVIEW/HBBMCXCRVNEC0001?mainCC=a&eventNum=1000603,2026-04-01,2026-06-30,캐시백,대상,KB국민 트래블러스 체크카드 마스터브랜드 고객,2026-06-07 04:28:36
09562_E0008,09562,국민,트래블러스 체크카드,1000603,DiDi5위안(CNY) 캐시백,https://card.kbcard.com/BON/DVIEW/HBBMCXCRVNEC0001?mainCC=a&eventNum=1000603,2026-04-01,2026-06-30,캐시백,내용,"행사 기간 동안 'MTR 서비스 바로가기'에서 대상카드를 등록하고, 혜택 활성화한 후
DiDi 택시 앱에 등록하고 중국 본토에서 건당 100위안(CNY) 이상 결제하면
5위안(CNY) 캐시백
* MTR 서비스란?
마스터카드사의 특별한 카드를 대상으로 전세계 유명 온/오프라인 가맹점의 혜택을 제공하는 캐시백 프로그램",2026-06-07 04:28:36
09562_E0008,09562,국민,트래블러스 체크카드,1000603,DiDi5위안(CNY) 캐시백,https://card.kbcard.com/BON/DVIEW/HBBMCXCRVNEC0001?mainCC=a&eventNum=1000603,2026-04-01,2026-06-30,캐시백,혜택 제공,이용하신 날로부터 14일 안에 캐시백 금액만큼 취소전표 매입,2026-06-07 04:28:36
09562_E0008,09562,국민,트래블러스 체크카드,1000603,DiDi5위안(CNY) 캐시백,https://card.kbcard.com/BON/DVIEW/HBBMCXCRVNEC0001?mainCC=a&eventNum=1000603,2026-04-01,2026-06-30,캐시백,확인사항,"이 혜택은 마스터카드사에서 제공합니다.
중국 현지에서 위안화(CNY)로 결제하실 때만 혜택이 제공됩니다.
혜택은 카드당 1회로 제한됩니다.
대상 가맹점 정보와 유의사항은 MTR 서비스 바로가기에서 가맹점명으로 검색한 후 확인 가능합니다.
이용금액 중 정상 매입되지 않은 금액은 실적 인정 대상에서 제외됩니다.
캐시백 금액은 행사 기간 안에 이용하고 7일 안에 정상 매입된 누적금액으로 산정됩니다.
온라인 가맹점 이용 건은 대상에서 제외됩니다. 온/오프라인 구분은 마스터카드사 기준에 따릅니다.
캐시백은 위안화(CNY) 기준으로 산정하여 매입된 원화금액만큼 취소전표로 매입되며, 원화 환산할 때 환율 차이가 발생할 수 있습니다.
캐시백 가맹점명은 MastercardTravel로 표기됩니다.
캐시백으로 취소 전표 매입하면 카드별 실적 기준금액에서 차감됩니다.
승인거절, 부분취소, 매입취소, 반품/환불 등의 사유로 정상 처리되지 않은 금액은 캐시백 대상 기준금액 합산에서 제외됩니다.
예산이 소진되면, 행사가 일찍 종료될 수 있습니다.
이 행사는 마스터카드시스템 기준으로 운영되며, 마스터카드사와 KB국민카드 간 시스템 시간이 다를 수 있어 실제 승인 시간과 다를 수 있습니다.
캐시백 지급일 기준 카드를 해지하거나 또는 회원 탈퇴하시면 캐시백이 적용되지 않습니다.
카드 교체 또는 재발급으로 인해 카드번호를 캐시백 날짜 이전에 변경하면 캐시백 대상에서 제외됩니다.
연회비: 없음
계약을 체결하기 전에 상품설명서와 약관을 확인하시기 바랍니다.
연체이자율: 회원별/이용상품별 정상이자율+3%p, 최고 연 20% 이내
단, 연체발생시점에 정상이자율이 없는 경우 아래와 같이 적용함
일시불 거래 연체 시: 거래발생시점의 최소기간 (2개월) 유이자할부 수수료율 적용
무이자할부 거래 연체 시: 거래발생시점의 동일한 할부 계약기간의 유이자할부 수수료율 적용
그 외의 경우: 정상이자율은 상법상 상사법정이율과 상호금융가계자금대출금리 중 높은 금리 적용
▶ 한국은행에서 매월 발표하는 가장 최근의 비은행 금융기관 가중평균대출금리 (신규대출 기준)
상환능력에 비해 신용카드 사용액이 과도할 경우 귀하의 개인신용평점이 하락할 수 있습니다.
개인신용평점 하락 시 금융거래 관련된 불이익이 발생할 수 있습니다.
일정기간 원리금을 연체할 경우, 모든 원리금을 변제할 의무가 발생할 수 있습니다.
신용카드 발급이 부적정한 경우 (연체금 보유, 개인신용평점 낮음 등) 카드발급이 제한될 수 있습니다.
카드 이용금액과 이에 수반되는 모든 수수료를 지정된 대금 결제일에 상환합니다.
금융소비자는 금소법 제19조 제1항에 따라 해당 상품 또는 서비스에 대하여 설명을 받을 권리가 있으며, 그 설명을 듣고 내용을 충분히 이해한 후 거래하시기 바랍니다.
이 행사는 KB국민카드 영업정책 및 제휴업체 상황에 따라 변경 또는 중단될 수 있습니다.
문의: KB국민카드 고객센터(1588-1688)
준법감시인 심의필 260318-00792-HPM (2026.03.18 ~ 2027.03.17)",2026-06-07 04:28:36
09562_E0009,09562,국민,트래블러스 체크카드,1000602,알리페이5위안(CNY) 캐시백,https://card.kbcard.com/BON/DVIEW/HBBMCXCRVNEC0001?mainCC=a&eventNum=1000602,2026-04-01,2026-06-30,기타,대상,KB국민 트래블러스 체크카드 마스터브랜드 고객,2026-06-07 04:28:41
09562_E0009,09562,국민,트래블러스 체크카드,1000602,알리페이5위안(CNY) 캐시백,https://card.kbcard.com/BON/DVIEW/HBBMCXCRVNEC0001?mainCC=a&eventNum=1000602,2026-04-01,2026-06-30,기타,내용,"행사 기간 동안 'MTR 서비스 바로가기'에서 대상카드를 등록하고, 혜택 활성화한 후
알리페이에 등록하고 중국 본토 가맹점에서 Alipay wallet을 통해 건당 30위안(CNY) 이상 결제하면
5위안(CNY) 캐시백
* MTR 서비스란?
마스터카드사의 특별한 카드를 대상으로 전세계 유명 온오프라인 가맹점의 혜택을 제공하는 캐시백 프로그램",2026-06-07 04:28:41
09562_E0009,09562,국민,트래블러스 체크카드,1000602,알리페이5위안(CNY) 캐시백,https://card.kbcard.com/BON/DVIEW/HBBMCXCRVNEC0001?mainCC=a&eventNum=1000602,2026-04-01,2026-06-30,기타,혜택 제공,이용하신 날로부터 14일 안에 캐시백 금액만큼 취소전표 매입,2026-06-07 04:28:41
09562_E0009,09562,국민,트래블러스 체크카드,1000602,알리페이5위안(CNY) 캐시백,https://card.kbcard.com/BON/DVIEW/HBBMCXCRVNEC0001?mainCC=a&eventNum=1000602,2026-04-01,2026-06-30,기타,확인사항,"이 혜택은 마스터카드사에서 제공합니다.
중국 현지에서 위안화(CNY)로 결제하실 때만 혜택이 제공됩니다.
혜택은 카드당 1회로 제한됩니다.
대상 가맹점 정보와 유의사항은 MTR 서비스 바로가기에서 가맹점명으로 검색한 후 확인 가능합니다.
이용금액 중 정상 매입되지 않은 금액은 실적 인정 대상에서 제외됩니다.
캐시백 금액은 행사 기간 안에 이용하고 7일 안에 정상 매입된 누적금액으로 산정됩니다.
온라인 가맹점 이용 건은 대상에서 제외됩니다. 온/오프라인 구분은 마스터카드사 기준에 따릅니다.
캐시백은 위안화(CNY) 기준으로 산정하여 매입된 원화금액만큼 취소전표로 매입되며, 원화 환산할 때 환율 차이가 발생할 수 있습니다.
캐시백 가맹점명은 MastercardTravel로 표기됩니다.
캐시백으로 취소 전표 매입하면 카드별 실적 기준금액에서 차감됩니다.
승인거절, 부분취소, 매입취소, 반품/환불 등의 사유로 정상 처리되지 않은 금액은 캐시백 대상 기준금액 합산에서 제외됩니다.
예산이 소진되면, 행사가 일찍 종료될 수 있습니다.
이 행사는 마스터카드시스템 기준으로 운영되며, 마스터카드사와 카드사 간 시스템 시간이 다를 수 있어 실제 승인 시간과 다를 수 있습니다.
캐시백 지급일 기준 카드를 해지하거나 또는 회원 탈퇴하시면 캐시백이 적용되지 않습니다.
카드 교체 또는 재발급으로 인해 카드번호를 캐시백 날짜 이전에 변경하면 캐시백 대상에서 제외됩니다.
연회비: 없음
계약을 체결하기 전에 상품설명서와 약관을 확인하시기 바랍니다.
연체이자율: 회원별/이용상품별 정상이자율+3%p, 최고 연 20% 이내
단, 연체발생시점에 정상이자율이 없는 경우 아래와 같이 적용함
일시불 거래 연체 시: 거래발생시점의 최소기간 (2개월) 유이자할부 수수료율 적용
무이자할부 거래 연체 시: 거래발생시점의 동일한 할부 계약기간의 유이자할부 수수료율 적용
그 외의 경우: 정상이자율은 상법상 상사법정이율과 상호금융가계자금대출금리 중 높은 금리 적용
▶ 한국은행에서 매월 발표하는 가장 최근의 비은행 금융기관 가중평균대출금리 (신규대출 기준)
상환능력에 비해 신용카드 사용액이 과도할 경우 귀하의 개인신용평점이 하락할 수 있습니다.
개인신용평점 하락 시 금융거래 관련된 불이익이 발생할 수 있습니다.
일정기간 원리금을 연체할 경우, 모든 원리금을 변제할 의무가 발생할 수 있습니다.
신용카드 발급이 부적정한 경우 (연체금 보유, 개인신용평점 낮음 등) 카드발급이 제한될 수 있습니다.
카드 이용금액과 이에 수반되는 모든 수수료를 지정된 대금 결제일에 상환합니다.
금융소비자는 금소법 제19조 제1항에 따라 해당 상품 또는 서비스에 대하여 설명을 받을 권리가 있으며, 그 설명을 듣고 내용을 충분히 이해한 후 거래하시기 바랍니다.
이 행사는 KB국민카드 영업정책 및 제휴업체 상황에 따라 변경 또는 중단될 수 있습니다.
문의: KB국민카드 고객센터(1588-1688)
준법감시인 심의필 260318-00791-HPM (2026.03.18 ~ 2027.03.17)",2026-06-07 04:28:41
09562_E0010,09562,국민,트래블러스 체크카드,1000601,일본 백화점3천엔(JPY) 캐시백,https://card.kbcard.com/BON/DVIEW/HBBMCXCRVNEC0001?mainCC=a&eventNum=1000601,2026-04-01,2026-06-30,캐시백,대상,KB국민 트래블러스 체크카드 마스터브랜드 고객,2026-06-07 04:28:46
09562_E0010,09562,국민,트래블러스 체크카드,1000601,일본 백화점3천엔(JPY) 캐시백,https://card.kbcard.com/BON/DVIEW/HBBMCXCRVNEC0001?mainCC=a&eventNum=1000601,2026-04-01,2026-06-30,캐시백,내용,"행사 기간 동안 'MTR 서비스 바로가기'에서 대상카드를 등록하고, 혜택 활성화한 후
일본 다이마루 후쿠오카 텐진 백화점, 오다큐 백화점, 세이부 & 소고 백화점에서 건당 3만엔(JPY) 이상 결제하면
3천엔(JPY) 캐시백
* MTR 서비스란?
마스터카드사의 특별한 카드를 대상으로 전세계 유명 온/오프라인 가맹점의 혜택을 제공하는 캐시백 프로그램",2026-06-07 04:28:46
09562_E0010,09562,국민,트래블러스 체크카드,1000601,일본 백화점3천엔(JPY) 캐시백,https://card.kbcard.com/BON/DVIEW/HBBMCXCRVNEC0001?mainCC=a&eventNum=1000601,2026-04-01,2026-06-30,캐시백,혜택 제공,이용하신 날로부터 14일 안에 캐시백 금액만큼 취소전표 매입,2026-06-07 04:28:46
09562_E0010,09562,국민,트래블러스 체크카드,1000601,일본 백화점3천엔(JPY) 캐시백,https://card.kbcard.com/BON/DVIEW/HBBMCXCRVNEC0001?mainCC=a&eventNum=1000601,2026-04-01,2026-06-30,캐시백,확인사항,"이 혜택은 마스터카드사에서 제공합니다.
일본 현지에서 엔화(JPY)로 결제하실 때만 혜택이 제공됩니다.
혜택은 행사 기간 동안 카드당 1회로 제한됩니다.
실물카드로 결제하실 때만 혜택이 제공됩니다.
대상 가맹점 정보와 유의사항은 MTR 서비스 바로가기에서 가맹점명으로 검색한 후 확인 가능합니다.
이용금액 중 정상 매입되지 않은 금액은 실적 인정 대상에서 제외됩니다.
캐시백 금액은 행사 기간 안에 이용하고 7일 안에 정상 매입된 누적금액으로 산정됩니다.
온라인 가맹점 이용 건은 대상에서 제외됩니다. 온/오프라인 구분은 마스터카드사 기준에 따릅니다.
캐시백은 엔화(JPY) 기준으로 산정하여 매입된 원화금액만큼 취소전표로 매입되며, 원화 환산할 때 환율 차이가 발생할 수 있습니다.
캐시백 가맹점명은 MastercardTravel로 표기됩니다.
캐시백으로 취소 전표 매입하면 카드별 실적 기준금액에서 차감됩니다.
승인거절, 부분취소, 매입취소, 반품/환불 등의 사유로 정상 처리되지 않은 금액은 캐시백 대상 기준금액 합산에서 제외됩니다.
예산이 소진되면, 행사가 일찍 종료될 수 있습니다.
이 행사는 마스터카드시스템 기준으로 운영되며, 마스터카드사와 카드사 간 시스템 시간이 다를 수 있어 실제 승인 시간과 다를 수 있습니다.
캐시백 지급일 기준 카드를 해지하거나 또는 회원 탈퇴하시면 캐시백이 적용되지 않습니다.
카드 교체 또는 재발급으로 인해 카드번호를 캐시백 날짜 이전에 변경하면 캐시백 대상에서 제외됩니다.
연회비: 없음
계약을 체결하기 전에 상품설명서와 약관을 확인하시기 바랍니다.
연체이자율: 회원별/이용상품별 정상이자율+3%p, 최고 연 20% 이내
단, 연체발생시점에 정상이자율이 없는 경우 아래와 같이 적용함
일시불 거래 연체 시: 거래발생시점의 최소기간 (2개월) 유이자할부 수수료율 적용
무이자할부 거래 연체 시: 거래발생시점의 동일한 할부 계약기간의 유이자할부 수수료율 적용
그 외의 경우: 정상이자율은 상법상 상사법정이율과 상호금융가계자금대출금리 중 높은 금리 적용
▶ 한국은행에서 매월 발표하는 가장 최근의 비은행 금융기관 가중평균대출금리 (신규대출 기준)
상환능력에 비해 신용카드 사용액이 과도할 경우 귀하의 개인신용평점이 하락할 수 있습니다.
개인신용평점 하락 시 금융거래 관련된 불이익이 발생할 수 있습니다.
일정기간 원리금을 연체할 경우, 모든 원리금을 변제할 의무가 발생할 수 있습니다.
신용카드 발급이 부적정한 경우 (연체금 보유, 개인신용평점 낮음 등) 카드발급이 제한될 수 있습니다.
카드 이용금액과 이에 수반되는 모든 수수료를 지정된 대금 결제일에 상환합니다.
금융소비자는 금소법 제19조 제1항에 따라 해당 상품 또는 서비스에 대하여 설명을 받을 권리가 있으며, 그 설명을 듣고 내용을 충분히 이해한 후 거래하시기 바랍니다.
이 행사는 KB국민카드 영업정책 및 제휴업체 상황에 따라 변경 또는 중단될 수 있습니다.
문의: KB국민카드 고객센터(1588-1688)
준법감시인 심의필 260318-00794-HPM (2026.03.18 ~ 2027.03.17)",2026-06-07 04:28:46
09562_E0011,09562,국민,트래블러스 체크카드,1000600,빅카메라2천엔(JPY) 캐시백,https://card.kbcard.com/BON/DVIEW/HBBMCXCRVNEC0001?mainCC=a&eventNum=1000600,2026-04-01,2026-06-30,캐시백,대상,KB국민 트래블러스 체크카드 마스터브랜드 고객,2026-06-07 04:28:52
09562_E0011,09562,국민,트래블러스 체크카드,1000600,빅카메라2천엔(JPY) 캐시백,https://card.kbcard.com/BON/DVIEW/HBBMCXCRVNEC0001?mainCC=a&eventNum=1000600,2026-04-01,2026-06-30,캐시백,내용,"행사 기간 동안 'MTR 서비스 바로가기'에서 대상카드를 등록하고, 혜택 활성화한 후
일본 빅카메라에서 건당 3만엔(JPY) 이상 결제하면
2천엔(JPY) 캐시백
* MTR 서비스란?
마스터카드사의 특별한 카드를 대상으로 전세계 유명 온/오프라인 가맹점의 혜택을 제공하는 캐시백 프로그램",2026-06-07 04:28:52
09562_E0011,09562,국민,트래블러스 체크카드,1000600,빅카메라2천엔(JPY) 캐시백,https://card.kbcard.com/BON/DVIEW/HBBMCXCRVNEC0001?mainCC=a&eventNum=1000600,2026-04-01,2026-06-30,캐시백,혜택 제공,이용하신 날로부터 14일 안에 캐시백 금액만큼 취소전표 매입,2026-06-07 04:28:52
09562_E0011,09562,국민,트래블러스 체크카드,1000600,빅카메라2천엔(JPY) 캐시백,https://card.kbcard.com/BON/DVIEW/HBBMCXCRVNEC0001?mainCC=a&eventNum=1000600,2026-04-01,2026-06-30,캐시백,확인사항,"이 혜택은 마스터카드사에서 제공합니다.
일본 현지에서 엔화(JPY)로 결제하실 때만 혜택이 제공됩니다.
혜택은 카드당 1회로 제한됩니다.
실물카드로 결제하실 때만 혜택이 제공됩니다.
대상 가맹점 정보와 유의사항은 MTR 서비스 바로가기에서 가맹점명으로 검색한 후 확인 가능합니다.
이용금액 중 정상 매입되지 않은 금액은 실적 인정 대상에서 제외됩니다.
캐시백 금액은 행사 기간 안에 이용하고 7일 안에 정상 매입된 누적금액으로 산정됩니다.
온라인 가맹점 이용 건은 대상에서 제외됩니다. 온/오프라인 구분은 마스터카드사 기준에 따릅니다.
캐시백은 엔화(JPY) 기준으로 산정하여 매입된 원화금액만큼 취소전표로 매입되며, 원화 환산할 때 환율 차이가 발생할 수 있습니다.
캐시백 가맹점명은 MastercardTravel로 표기됩니다.
캐시백으로 취소 전표 매입하면 카드별 실적 기준금액에서 차감됩니다.
승인거절, 부분취소, 매입취소, 반품/환불 등의 사유로 정상 처리되지 않은 금액은 캐시백 대상 기준금액 합산에서 제외됩니다.
예산이 소진되면, 행사가 일찍 종료될 수 있습니다.
이 행사는 마스터카드시스템 기준으로 운영되며, 마스터카드사와 카드사 간 시스템 시간이 다를 수 있어 실제 승인 시간과 다를 수 있습니다.
캐시백 지급일 기준 카드를 해지하거나 또는 회원 탈퇴하시면 캐시백이 적용되지 않습니다.
카드 교체 또는 재발급으로 인해 카드번호를 캐시백 날짜 이전에 변경하면 캐시백 대상에서 제외됩니다.
연회비: 없음
계약을 체결하기 전에 상품설명서와 약관을 확인하시기 바랍니다.
연체이자율: 회원별/이용상품별 정상이자율+3%p, 최고 연 20% 이내
단, 연체발생시점에 정상이자율이 없는 경우 아래와 같이 적용함
일시불 거래 연체 시: 거래발생시점의 최소기간 (2개월) 유이자할부 수수료율 적용
무이자할부 거래 연체 시: 거래발생시점의 동일한 할부 계약기간의 유이자할부 수수료율 적용
그 외의 경우: 정상이자율은 상법상 상사법정이율과 상호금융가계자금대출금리 중 높은 금리 적용
▶ 한국은행에서 매월 발표하는 가장 최근의 비은행 금융기관 가중평균대출금리 (신규대출 기준)
상환능력에 비해 신용카드 사용액이 과도할 경우 귀하의 개인신용평점이 하락할 수 있습니다.
개인신용평점 하락 시 금융거래 관련된 불이익이 발생할 수 있습니다.
일정기간 원리금을 연체할 경우, 모든 원리금을 변제할 의무가 발생할 수 있습니다.
신용카드 발급이 부적정한 경우 (연체금 보유, 개인신용평점 낮음 등) 카드발급이 제한될 수 있습니다.
카드 이용금액과 이에 수반되는 모든 수수료를 지정된 대금 결제일에 상환합니다.
금융소비자는 금소법 제19조 제1항에 따라 해당 상품 또는 서비스에 대하여 설명을 받을 권리가 있으며, 그 설명을 듣고 내용을 충분히 이해한 후 거래하시기 바랍니다.
이 행사는 KB국민카드 영업정책 및 제휴업체 상황에 따라 변경 또는 중단될 수 있습니다.
문의: KB국민카드 고객센터(1588-1688)
준법감시인 심의필 260318-00795-HPM (2026.03.18 ~ 2027.03.17)",2026-06-07 04:28:52
09562_E0012,09562,국민,트래블러스 체크카드,1000599,돈키호테1천엔(JPY) 캐시백,https://card.kbcard.com/BON/DVIEW/HBBMCXCRVNEC0001?mainCC=a&eventNum=1000599,2026-04-01,2026-06-30,캐시백,대상,KB국민 트래블러스 체크카드 마스터브랜드 고객,2026-06-07 04:28:57
09562_E0012,09562,국민,트래블러스 체크카드,1000599,돈키호테1천엔(JPY) 캐시백,https://card.kbcard.com/BON/DVIEW/HBBMCXCRVNEC0001?mainCC=a&eventNum=1000599,2026-04-01,2026-06-30,캐시백,내용,"행사 기간 동안 'MTR 서비스 바로가기'에서 대상카드를 등록하고, 혜택 활성화한 후
일본 돈키호테에서 건당 1만엔(JPY) 이상 결제하면 1천엔(JPY) 캐시백
* MTR 서비스란?
마스터카드사의 특별한 카드를 대상으로 전세계 유명 온/오프라인 가맹점의 혜택을 제공하는 캐시백 프로그램",2026-06-07 04:28:57
09562_E0012,09562,국민,트래블러스 체크카드,1000599,돈키호테1천엔(JPY) 캐시백,https://card.kbcard.com/BON/DVIEW/HBBMCXCRVNEC0001?mainCC=a&eventNum=1000599,2026-04-01,2026-06-30,캐시백,혜택 제공,이용하신 날로부터 14일 안에 캐시백 금액만큼 취소전표 매입,2026-06-07 04:28:57
09562_E0012,09562,국민,트래블러스 체크카드,1000599,돈키호테1천엔(JPY) 캐시백,https://card.kbcard.com/BON/DVIEW/HBBMCXCRVNEC0001?mainCC=a&eventNum=1000599,2026-04-01,2026-06-30,캐시백,확인사항,"이 혜택은 마스터카드사에서 제공합니다.
일본 현지에서 엔화(JPY)로 결제하실 때만 혜택이 제공됩니다.
혜택은 행사 기간 동안 카드당 1회로 제한됩니다.
실물카드로 결제하실 때만 혜택이 제공됩니다.
대상 가맹점 정보와 유의사항은 'MTR 서비스 바로가기'에서 가맹점명으로 검색한 후 확인 가능합니다.
이용금액 중 정상 매입되지 않은 금액은 실적 인정 대상에서 제외됩니다.
캐시백 금액은 행사 기간 안에 이용하고 7일 안에 정상 매입된 누적금액으로 산정됩니다.
온라인 가맹점 이용 건은 대상에서 제외됩니다. 온/오프라인 구분은 마스터카드사 기준에 따릅니다.
캐시백은 엔화(JPY) 기준으로 산정하여 매입된 원화금액만큼 취소전표로 매입되며, 원화 환산할 때 환율 차이가 발생할 수 있습니다.
캐시백 가맹점명은 MastercardTravel로 표기됩니다.
캐시백으로 취소 전표 매입하면 카드별 실적 기준금액에서 차감됩니다.
승인거절, 부분취소, 매입취소, 반품/환불 등의 사유로 정상 처리되지 않은 금액은 캐시백 대상 기준금액 합산에서 제외됩니다.
예산이 소진되면, 행사가 일찍 종료될 수 있습니다.
이 행사는 마스터카드시스템 기준으로 운영되며, 마스터카드사와 카드사 간 시스템 시간이 다를 수 있어 실제 승인 시간과 다를 수 있습니다.
캐시백 지급일 기준 카드를 해지하거나 또는 회원 탈퇴하시면 캐시백이 적용되지 않습니다.
카드 교체 또는 재발급으로 인해 카드번호를 캐시백 날짜 이전에 변경하면 캐시백 대상에서 제외됩니다.
연회비: 없음
계약을 체결하기 전에 상품설명서와 약관을 확인하시기 바랍니다.
연체이자율: 회원별/이용상품별 정상이자율+3%p, 최고 연 20% 이내
단, 연체발생시점에 정상이자율이 없는 경우 아래와 같이 적용함
일시불 거래 연체 시: 거래발생시점의 최소기간 (2개월) 유이자할부 수수료율 적용
무이자할부 거래 연체 시: 거래발생시점의 동일한 할부 계약기간의 유이자할부 수수료율 적용
그 외의 경우: 정상이자율은 상법상 상사법정이율과 상호금융가계자금대출금리 중 높은 금리 적용
▶ 한국은행에서 매월 발표하는 가장 최근의 비은행 금융기관 가중평균대출금리 (신규대출 기준)
상환능력에 비해 신용카드 사용액이 과도할 경우 귀하의 개인신용평점이 하락할 수 있습니다.
개인신용평점 하락 시 금융거래 관련된 불이익이 발생할 수 있습니다.
일정기간 원리금을 연체할 경우, 모든 원리금을 변제할 의무가 발생할 수 있습니다.
신용카드 발급이 부적정한 경우 (연체금 보유, 개인신용평점 낮음 등) 카드발급이 제한될 수 있습니다.
카드 이용금액과 이에 수반되는 모든 수수료를 지정된 대금 결제일에 상환합니다.
금융소비자는 금소법 제19조 제1항에 따라 해당 상품 또는 서비스에 대하여 설명을 받을 권리가 있으며, 그 설명을 듣고 내용을 충분히 이해한 후 거래하시기 바랍니다.
이 행사는 KB국민카드 영업정책 및 제휴업체 상황에 따라 변경 또는 중단될 수 있습니다.
문의: KB국민카드 고객센터(1588-1688)
준법감시인 심의필 260318-00797-HPM (2026.03.18 ~ 2027.03.17)",2026-06-07 04:28:57
09562_E0013,09562,국민,트래블러스 체크카드,1000562,"팀 국민, 출격! 16강응원 해외이용챌린지!",https://card.kbcard.com/BON/DVIEW/HBBMCXCRVNEC0001?mainCC=a&eventNum=1000562,2026-04-01,2026-05-31,캐시백,대상,"KB국민 개인 신용/체크 국내외겸용 카드 (K-World포함) 고객 (KB국민 기업, 비씨, 마에스트로카드 제외)",2026-06-07 04:29:14
09562_E0013,09562,국민,트래블러스 체크카드,1000562,"팀 국민, 출격! 16강응원 해외이용챌린지!",https://card.kbcard.com/BON/DVIEW/HBBMCXCRVNEC0001?mainCC=a&eventNum=1000562,2026-04-01,2026-05-31,캐시백,내용,"응모하고 행사 기간 동안 대상카드로 해외 온/오프라인 가맹점에서
하루 누적 미화환산금액 30달러(USD) 이상 결제한 일 수 만큼
혜택 제공
구분: 1일 이상 달성 | 혜택: 행운의 2달러(USD)! 외화머니 2달러(USD)
구분: 4일 이상 달성 | 혜택: 월드컵 기다리느라 우울해서 빵샀어 파리바게뜨 1만원 교환권 1매
구분: 8일 이상 달성 | 혜택: 축구엔 치맥! 바~로 이 맛 아닙니까 쿠팡이츠 캐시 교환권 2만원권 1매 + CU 모바일 상품권 5천원권 1매
구분: 16일 이상 달성 | 혜택: 누구나 가슴에 붉은 악마 티셔츠 하나쯤은 품고 살잖아요 쿠팡 캐시 교환권 5만원권 1매",2026-06-07 04:29:14
09562_E0013,09562,국민,트래블러스 체크카드,1000562,"팀 국민, 출격! 16강응원 해외이용챌린지!",https://card.kbcard.com/BON/DVIEW/HBBMCXCRVNEC0001?mainCC=a&eventNum=1000562,2026-04-01,2026-05-31,캐시백,혜택 제공,2026.6.12(금) 안에 본인에게 제공,2026-06-07 04:29:14
09562_E0013,09562,국민,트래블러스 체크카드,1000562,"팀 국민, 출격! 16강응원 해외이용챌린지!",https://card.kbcard.com/BON/DVIEW/HBBMCXCRVNEC0001?mainCC=a&eventNum=1000562,2026-04-01,2026-05-31,캐시백,확인사항,"본인 회원이 응모 필수, 응모와 카드 이용 순서는 관계없습니다.
가족카드 이용금액은 본인 회원에 합산됩니다.
해외 승인 시에만 인정되며 카카오페이 등록 이용 등의 국내 이용금액은 제외됩니다.
해외 승인 확인 경로: [KB Pay> 이용내역> 이용내역(매출전표)> 필터]로 이용구분 해외, 이용기간 선택
달러(USD) 이외 다른 통화로 결제해도 미화환산금액으로 계산됩니다.
행사 기간 안에 KB국민카드 승인이 완료되고, 2026.6.5(금) 안에 매입된 해외 이용금액으로 합산 반영됩니다.
일 누적 구분은 한국표준시(KST)에 따른 KB국민카드 승인시간(00:00 ~ 23:59)으로 적용됩니다.
이용금액 중 승인거절, 승인취소, 부분취소, 매입취소, 반품/환불 등의 사유로 정상처리 되지 않을 경우 이용금액에 포함되지 않습니다.
행사 기간 이전에 이용한 건이라도 취소 전표가 행사 기간 중 매입되는 경우 기준 금액에서 차감됩니다.
외화머니 확인 경로: [KB Pay> 홈> 머니&외화]
외화머니를 확인하려면 KB Pay 가입 및 등록, 외화머니 계정 생성 동의가 필요합니다.
모바일쿠폰 발송을 위해 위탁 업체인 ㈜텔코인에 회원님의 휴대폰번호가 제공됩니다.(이용기간 종료후 60일 이내에 폐기)
문의: ㈜텔코인 1599-4244, 운영시간 평일 9:00 ~ 18:00, 토/일/공휴일 제외
상품권 교환 기간은 발송일로부터 30일 이내이며, 교환 기간이 지난 후에는 재발송 및 유효기간 연장이 불가합니다.
혜택이 잘못 제공된 경우(중복 제공, 이용 후 취소 등) 받은 혜택은 환원될 수 있습니다.
현금인출 및 단기카드대출(현금서비스), 가상화폐 거래소 및 사행성 온라인 가맹점 등의 이용금액은 제외됩니다.
혜택 받기 전 카드 해지 또는 회원 탈퇴하면 혜택이 제공되지 않습니다.
유효 기간 만료에 의한 대상카드 미소지 시 혜택이 제공되지 않습니다.
이 행사는 KB국민카드 승인 시스템 기준으로 운영되며, 실제 승인시간과 다를 수 있습니다.
계약을 체결하기 전에 상품설명서와 약관을 확인하시기 바랍니다.
연체이자율: 회원별/이용상품별 정상이자율 +3%p, 최고 연 20% 안에
단, 연체발생시점에 정상이자율이 없는 경우 아래와 같이 적용함
일시불 거래 연체 시: 거래발생시점의 최소기간 (2개월) 유이자할부 수수료율 적용
무이자할부 거래 연체 시: 거래발생시점의 동일한 할부 계약기간의 유이자할부 수수료율 적용
그 외의 경우: 정상이자율은 상법상 상사법정이율과 상호금융가계자금대출금리 중 높은 금리 적용
▶ 한국은행에서 매월 발표하는 가장 최근의 비은행 금융기관 가중평균대출금리 (신규대출 기준)
상환능력에 비해 신용카드 사용액이 과도할 경우 귀하의 개인신용평점이 하락할 수 있습니다.
개인신용평점 하락 시 금융거래 관련된 불이익이 발생할 수 있습니다.
일정기간 원리금을 연체할 경우, 모든 원리금을 변제할 의무가 발생할 수 있습니다.
신용카드 발급이 부적정한 경우(연체금 보유, 개인신용평점 등 낮음) 카드발급이 제한될 수 있습니다.
카드 이용대금과 이에 수반되는 모든 수수료를 지정된 대금 결제일에 상환합니다.
금융소비자는 금소법 제19조 제1항에 따라 해당 상품 또는 서비스에 대하여 설명을 받을 권리가 있으며, 그 설명을 듣고 내용을 충분히 이해한 후 거래하시기 바랍니다.
이 행사는 KB국민카드 영업정책 및 제휴업체 상황에 따라 변경 또는 중단될 수 있습니다.
문의: KB국민카드 고객센터(1588-1688)
준법감시인 심의필 260320-00859-HPM (2026.03.20 ~ 2027.03.19)",2026-06-07 04:29:14
09562_E0014,09562,국민,트래블러스 체크카드,1000542,"AI자동화시대, 일잘러의페이백 플랜 보고서",https://card.kbcard.com/BON/DVIEW/HBBMCXCRVNEC0001?mainCC=a&eventNum=1000542,2026-03-16,2026-07-31,캐시백,대상,"KB국민 개인 신용/체크 국내외겸용 카드 (K-World 포함) 고객 (KB국민 기업, 비씨, 마에스트로카드 제외)",2026-06-07 04:29:20
09562_E0014,09562,국민,트래블러스 체크카드,1000542,"AI자동화시대, 일잘러의페이백 플랜 보고서",https://card.kbcard.com/BON/DVIEW/HBBMCXCRVNEC0001?mainCC=a&eventNum=1000542,2026-03-16,2026-07-31,캐시백,내용,"응모하고 대상카드로 행사 기간 동안
대상 AI 관련 플랫폼 누적 50/100/200달러(USD) 결제하면
5/10/20달러(USD) 외화머니 페이백 제공
대상 AI 플랫폼
CHAT GPT
CLAUDE AI
NOTION
MIDJOURNEY
GENSPARK
KLINGAI
PERPLEXITY
CURSOR
GITHUB
CAPCUT
SUNO
CANVA
GROK
GAMMA",2026-06-07 04:29:20
09562_E0014,09562,국민,트래블러스 체크카드,1000542,"AI자동화시대, 일잘러의페이백 플랜 보고서",https://card.kbcard.com/BON/DVIEW/HBBMCXCRVNEC0001?mainCC=a&eventNum=1000542,2026-03-16,2026-07-31,캐시백,혜택 제공,2026.8.31(월) 안에 제공 예정,2026-06-07 04:29:20
09562_E0014,09562,국민,트래블러스 체크카드,1000542,"AI자동화시대, 일잘러의페이백 플랜 보고서",https://card.kbcard.com/BON/DVIEW/HBBMCXCRVNEC0001?mainCC=a&eventNum=1000542,2026-03-16,2026-07-31,캐시백,확인사항,"가족 회원도 본인 회원 기준으로 응모 필수, 응모와 이용 순서는 관계없습니다.
가족카드 이용금액은 본인 회원에 합산됩니다.
해외 승인 시에만 인정되며 국내 이용금액은 제외됩니다.
KB국민카드 매입데이터 기준 가맹점명이 행사 대상 가맹점에 해당되는 경우에만 혜택이 제공됩니다.
행사 기간 동안 대상 AI 플랫폼 결제 합산 금액이 50달러(USD) 이상인 경우에만 혜택이 제공됩니다.
인앱 결제(앱스토어, 플레이스토어 결제)는 국내 승인이므로 페이백 대상이 아닙니다.
행사 기간 안에 KB국민카드 승인이 완료되고, 2026.8.14(금) 안에 매입된 해외 이용금액의 원화청구금액으로 합산 반영됩니다.
행사 기간은 한국표준시(KST)에 따른 KB국민카드 승인시간으로 적용됩니다.
이용금액 중 승인거절, 승인취소, 부분취소, 매입취소, 반품/환불등의 사유로 정상처리 되지 않을 경우 이용금액에 포함되지 않습니다.
행사 기간 이전에 이용한 건이라도 취소 전표가 행사 기간 중 매입되는 경우 기준금액에서 차감됩니다.
외화머니 확인 경로: [KB Pay> 홈> 머니&외화]
외화머니를 확인하려면 KB Pay 가입 및 등록, 외화머니 계정 생성 동의가 필요합니다.
혜택이 잘못 제공된 경우(중복 제공, 이용 후 취소 등) 받은 외화머니는 환원될 수 있습니다.
현금인출 및 단기카드대출(현금서비스) 이용금액은 제외됩니다.
혜택 받기 전 카드 해지 또는 회원 탈퇴하면 혜택이 제공되지 않습니다.
유효 기간 만료에 의한 대상카드 미소지 시 혜택이 제공되지 않습니다.
계약을 체결하기 전에 상품설명서와 약관을 확인하시기 바랍니다.
연체이자율: 회원별/이용상품별 정상이자율+3%p, 최고 연 20% 이내
단, 연체발생시점에 정상이자율이 없는 경우 아래와 같이 적용함
일시불 거래 연체 시: 거래발생시점의 최소기간(2개월) 유이자할부 수수료율 적용
무이자할부 거래 연체 시: 거래발생시점의 동일한 할부 계약기간의 유이자할부 수수료율 적용
그 외의 경우: 정상이자율은 상법상 상사법정이율과 상호금융가계자금대출금리 중 높은 금리 적용
▶ 한국은행에서 매월 발표하는 가장 최근의 비은행 금융기관 가중평균대출금리 (신규대출 기준)
상환능력에 비해 신용카드 사용액이 과도할 경우 귀하의 개인신용평점이 하락할 수 있습니다.
개인신용평점 하락 시 금융거래 관련된 불이익이 발생할 수 있습니다.
일정기간 원리금을 연체할 경우, 모든 원리금을 변제할 의무가 발생할 수 있습니다.
신용카드 발급이 부적정한 경우(연체금 보유, 개인신용평점 낮음 등) 카드발급이 제한될 수 있습니다.
카드 이용금액과 이에 수반되는 모든 수수료를 지정된 대금 결제일에 상환합니다.
금융소비자는 금소법 제19조 제1항에 따라 해당 상품 또는 서비스에 대하여 설명을 받을 권리가 있으며, 그 설명을 듣고 내용을 충분히 이해한 후 거래하시기 바랍니다.
이 행사는 KB국민카드 영업정책 및 제휴업체 상황에 따라 변경 또는 중단될 수 있습니다.
문의: KB국민카드 고객센터(1588-1688)
준법감시인 심의필 260313-00723-HPM (2026.03.13 ~ 2027.03.12)",2026-06-07 04:29:20
09922_E0001,09922,국민,ALL 카드,1000542,"AI자동화시대, 일잘러의페이백 플랜 보고서",https://card.kbcard.com/BON/DVIEW/HBBMCXCRVNEC0001?mainCC=a&eventNum=1000542,2026-03-16,2026-07-31,캐시백,대상,"KB국민 개인 신용/체크 국내외겸용 카드 (K-World 포함) 고객 (KB국민 기업, 비씨, 마에스트로카드 제외)",2026-06-07 04:29:20
09922_E0001,09922,국민,ALL 카드,1000542,"AI자동화시대, 일잘러의페이백 플랜 보고서",https://card.kbcard.com/BON/DVIEW/HBBMCXCRVNEC0001?mainCC=a&eventNum=1000542,2026-03-16,2026-07-31,캐시백,내용,"응모하고 대상카드로 행사 기간 동안
대상 AI 관련 플랫폼 누적 50/100/200달러(USD) 결제하면
5/10/20달러(USD) 외화머니 페이백 제공
대상 AI 플랫폼
CHAT GPT
CLAUDE AI
NOTION
MIDJOURNEY
GENSPARK
KLINGAI
PERPLEXITY
CURSOR
GITHUB
CAPCUT
SUNO
CANVA
GROK
GAMMA",2026-06-07 04:29:20
09922_E0001,09922,국민,ALL 카드,1000542,"AI자동화시대, 일잘러의페이백 플랜 보고서",https://card.kbcard.com/BON/DVIEW/HBBMCXCRVNEC0001?mainCC=a&eventNum=1000542,2026-03-16,2026-07-31,캐시백,혜택 제공,2026.8.31(월) 안에 제공 예정,2026-06-07 04:29:20
09922_E0001,09922,국민,ALL 카드,1000542,"AI자동화시대, 일잘러의페이백 플랜 보고서",https://card.kbcard.com/BON/DVIEW/HBBMCXCRVNEC0001?mainCC=a&eventNum=1000542,2026-03-16,2026-07-31,캐시백,확인사항,"가족 회원도 본인 회원 기준으로 응모 필수, 응모와 이용 순서는 관계없습니다.
가족카드 이용금액은 본인 회원에 합산됩니다.
해외 승인 시에만 인정되며 국내 이용금액은 제외됩니다.
KB국민카드 매입데이터 기준 가맹점명이 행사 대상 가맹점에 해당되는 경우에만 혜택이 제공됩니다.
행사 기간 동안 대상 AI 플랫폼 결제 합산 금액이 50달러(USD) 이상인 경우에만 혜택이 제공됩니다.
인앱 결제(앱스토어, 플레이스토어 결제)는 국내 승인이므로 페이백 대상이 아닙니다.
행사 기간 안에 KB국민카드 승인이 완료되고, 2026.8.14(금) 안에 매입된 해외 이용금액의 원화청구금액으로 합산 반영됩니다.
행사 기간은 한국표준시(KST)에 따른 KB국민카드 승인시간으로 적용됩니다.
이용금액 중 승인거절, 승인취소, 부분취소, 매입취소, 반품/환불등의 사유로 정상처리 되지 않을 경우 이용금액에 포함되지 않습니다.
행사 기간 이전에 이용한 건이라도 취소 전표가 행사 기간 중 매입되는 경우 기준금액에서 차감됩니다.
외화머니 확인 경로: [KB Pay> 홈> 머니&외화]
외화머니를 확인하려면 KB Pay 가입 및 등록, 외화머니 계정 생성 동의가 필요합니다.
혜택이 잘못 제공된 경우(중복 제공, 이용 후 취소 등) 받은 외화머니는 환원될 수 있습니다.
현금인출 및 단기카드대출(현금서비스) 이용금액은 제외됩니다.
혜택 받기 전 카드 해지 또는 회원 탈퇴하면 혜택이 제공되지 않습니다.
유효 기간 만료에 의한 대상카드 미소지 시 혜택이 제공되지 않습니다.
계약을 체결하기 전에 상품설명서와 약관을 확인하시기 바랍니다.
연체이자율: 회원별/이용상품별 정상이자율+3%p, 최고 연 20% 이내
단, 연체발생시점에 정상이자율이 없는 경우 아래와 같이 적용함
일시불 거래 연체 시: 거래발생시점의 최소기간(2개월) 유이자할부 수수료율 적용
무이자할부 거래 연체 시: 거래발생시점의 동일한 할부 계약기간의 유이자할부 수수료율 적용
그 외의 경우: 정상이자율은 상법상 상사법정이율과 상호금융가계자금대출금리 중 높은 금리 적용
▶ 한국은행에서 매월 발표하는 가장 최근의 비은행 금융기관 가중평균대출금리 (신규대출 기준)
상환능력에 비해 신용카드 사용액이 과도할 경우 귀하의 개인신용평점이 하락할 수 있습니다.
개인신용평점 하락 시 금융거래 관련된 불이익이 발생할 수 있습니다.
일정기간 원리금을 연체할 경우, 모든 원리금을 변제할 의무가 발생할 수 있습니다.
신용카드 발급이 부적정한 경우(연체금 보유, 개인신용평점 낮음 등) 카드발급이 제한될 수 있습니다.
카드 이용금액과 이에 수반되는 모든 수수료를 지정된 대금 결제일에 상환합니다.
금융소비자는 금소법 제19조 제1항에 따라 해당 상품 또는 서비스에 대하여 설명을 받을 권리가 있으며, 그 설명을 듣고 내용을 충분히 이해한 후 거래하시기 바랍니다.
이 행사는 KB국민카드 영업정책 및 제휴업체 상황에 따라 변경 또는 중단될 수 있습니다.
문의: KB국민카드 고객센터(1588-1688)
준법감시인 심의필 260313-00723-HPM (2026.03.13 ~ 2027.03.12)",2026-06-07 04:29:20
09562_E0015,09562,국민,트래블러스 체크카드,1000455,쓰던카드 그대로 국내공항라운지 F&B 최대50%,https://card.kbcard.com/BON/DVIEW/HBBMCXCRVNEC0001?mainCC=a&eventNum=1000455,2026-03-09,2026-12-31,할인,대상,"KB국민 개인 신용/체크 국내외겸용 카드 (K-World 포함) 고객
(KB국민 기업, 비씨, 마에스트로카드 제외)",2026-06-07 04:29:31
09562_E0015,09562,국민,트래블러스 체크카드,1000455,쓰던카드 그대로 국내공항라운지 F&B 최대50%,https://card.kbcard.com/BON/DVIEW/HBBMCXCRVNEC0001?mainCC=a&eventNum=1000455,2026-03-09,2026-12-31,할인,내용,"혜택 1.
행사 기간 안에 인천·김포·김해공항에서 본인명의의 당일 탑승권을 제시하고
본인명의의 대상카드로 결제하면 할인 혜택 제공
라운지 혜택: 스카이허브·마티나·마티나골드 라운지에서 본인이 성인 정상 요금을 결제하면 동반인 무료 입장(1+1) 또는 본인이 성인 정상 요금 결제하면 30% 현장할인(성인 정상 요금: 마티나 골드 55달러(USD), 그 외 라운지 45달러(USD))
F&B 혜택: 공항 내 엔제리너스커피, 무쿄쿠, 플레이팅, 하이네켄, 도선, 쇼콜라팔레트 지정 지점에서 결제할 때 10% 현장 할인(OEM 메뉴, 프로모션 메뉴 등 일부 품목 제외)
혜택 2.
행사 기간 안에 아래 KB국민카드 전용 '라운지 이용권 할인구매' 페이지에서 대상카드로
전세계 라운지 이용권 또는 마티나골드 라운지 이용권 결제할 때 최대 49% 즉시할인",2026-06-07 04:29:31
09562_E0015,09562,국민,트래블러스 체크카드,1000455,쓰던카드 그대로 국내공항라운지 F&B 최대50%,https://card.kbcard.com/BON/DVIEW/HBBMCXCRVNEC0001?mainCC=a&eventNum=1000455,2026-03-09,2026-12-31,할인,혜택 제공,"구분: 라운지혜택 | 대상: 마티나라운지 | 위치: 인천국제공항 제1여객터미널 4층 면세지역 11번/43번 게이트 부근 인천국제공항 제2여객터미널 4층 면세지역 252번 게이트 맞은편
구분: 마티나골드 라운지 | 대상: 인천국제공항 제2여객터미널 4층 면세지역 250번 게이트 맞은편
구분: 스카이허브 라운지 | 대상: 인천국제공항 제1여객터미널 4층 면세지역 25번/29번 게이트 부근 인천국제공항 제2여객터미널 4층 면세지역 268번 게이트 맞은편 인천국제공항 탑승동 4층 115번 게이트 부근 김포국제공항 3층 면세구역 35번 게이트 부근 김해국제공항 2층 면세구역 2, 3번/9, 10번 게이트 사이
구분: F&B 혜택 | 대상: 엔제리너스 커피 | 위치: 인천국제공항 제1여객터미널 1층 일반지역 E입국장 부근 인천국제공항 제1여객터미널 3층 면세지역 49번 게이트 부근 인천국제공항 제2여객터미널 3층 일반지역 3번 게이트 부근 인천국제공항 탑승동 3층 면세지역 132번 게이트 부근
구분: 무쿄쿠 | 대상: 인천국제공항 제1여객터미널 1층 일반지역 C입국장 부근 인천국제공항 제2여객터미널 3층 면세지역 245번 게이트 부근
구분: 플레이팅 | 대상: 인천국제공항 제1여객터미널 1층 일반지역 중앙(8번 출입구) 인천국제공항 탑승동 3층 면세지역 122번 게이트 부근 인천국제공항 제2여객터미널 4층 면세지역 249번 게이트 부근
구분: 하이네켄 | 대상: 인천국제공항 제2여객터미널 3층 면세지역 219번 게이트 부근
구분: 도선 | 대상: 인천국제공항 제2여객터미널 1층 일반지역 A입국장 부근
구분: 쇼콜라팔레트 | 대상: 인천국제공항 제2여객터미널 3층 면세지역 243번 게이트 부근
혜택 1.
현장에서 대상 실물카드로 결제할 때 바로 제공
혜택 2.
라운지 이용권 할인구매
바로가기에서 대상카드로 결제할 때 바로 제공",2026-06-07 04:29:31
09562_E0015,09562,국민,트래블러스 체크카드,1000455,쓰던카드 그대로 국내공항라운지 F&B 최대50%,https://card.kbcard.com/BON/DVIEW/HBBMCXCRVNEC0001?mainCC=a&eventNum=1000455,2026-03-09,2026-12-31,할인,확인사항,"이 혜택은 현장 또는 온라인에서 본인명의의 대상카드로 결제하실 때에만 혜택이 제공됩니다.
혜택 1은 결제 및 사용 전 KB국민카드 혜택 사용에 대해 말씀해 주셔야 현장 할인이 적용되며 결제 후 사후 할인 적용은 불가합니다.
혜택 2는 더라운지의 책임하에 운영되며, 자세한 내용은 더라운지 고객센터(1811-7437)를 통해 확인 가능합니다.
매장별 자체 행사, 무료 입장 카드 혜택 등 기타 할인, 쿠폰과 중복 적용할 수 없습니다.
예산이 소진되면, 행사가 일찍 종료될 수 있습니다.
가맹점 사정(공항 운영, 리노베이션, 팬데믹 등)에 따라 사전 고지없이 변경 또는 중단될 수 있습니다.
계약을 체결하기 전에 상품설명서와 약관을 확인하시기 바랍니다.
연체이자율: 회원별/이용상품별 정상이자율 +3%p, 최고 연 20% 안에
단, 연체발생시점에 정상이자율이 없는 경우 아래와 같이 적용함
일시불 거래 연체 시: 거래발생시점의 최소기간 (2개월) 유이자할부 수수료율 적용
무이자할부 거래 연체 시: 거래발생시점의 동일한 할부 계약기간의 유이자할부 수수료율 적용
그 외의 경우: 정상이자율은 상법상 상사법정이율과 상호금융가계자금대출금리 중 높은 금리 적용
▶ 한국은행에서 매월 발표하는 가장 최근의 비은행 금융기관 가중평균대출금리 (신규대출 기준)
상환능력에 비해 신용카드 사용액이 과도할 경우 귀하의 개인신용평점이 하락할 수 있습니다.
개인신용평점 하락 시 금융거래 관련된 불이익이 발생할 수 있습니다.
일정기간 원리금을 연체할 경우, 모든 원리금을 변제할 의무가 발생할 수 있습니다.
신용카드 발급이 부적정한 경우(연체금 보유, 개인신용평점 등 낮음) 카드발급이 제한될 수 있습니다.
카드 이용대금과 이에 수반되는 모든 수수료를 지정된 대금 결제일에 상환합니다.
금융소비자는 금소법 제19조 제1항에 따라 해당 상품 또는 서비스에 대하여 설명을 받을 권리가 있으며, 그 설명을 듣고 내용을 충분히 이해한 후 거래하시기 바랍니다.
이 행사는 KB국민카드 영업정책 및 제휴업체 상황에 따라 변경 또는 중단될 수 있습니다.
문의: KB국민카드 고객센터(1588-1688)
준법감시인 심의필 260306-00606-HPM (2026.03.06 ~ 2027.03.05)",2026-06-07 04:29:31
09922_E0002,09922,국민,ALL 카드,1000455,쓰던카드 그대로 국내공항라운지 F&B 최대50%,https://card.kbcard.com/BON/DVIEW/HBBMCXCRVNEC0001?mainCC=a&eventNum=1000455,2026-03-09,2026-12-31,할인,대상,"KB국민 개인 신용/체크 국내외겸용 카드 (K-World 포함) 고객
(KB국민 기업, 비씨, 마에스트로카드 제외)",2026-06-07 04:29:31
09922_E0002,09922,국민,ALL 카드,1000455,쓰던카드 그대로 국내공항라운지 F&B 최대50%,https://card.kbcard.com/BON/DVIEW/HBBMCXCRVNEC0001?mainCC=a&eventNum=1000455,2026-03-09,2026-12-31,할인,내용,"혜택 1.
행사 기간 안에 인천·김포·김해공항에서 본인명의의 당일 탑승권을 제시하고
본인명의의 대상카드로 결제하면 할인 혜택 제공
라운지 혜택: 스카이허브·마티나·마티나골드 라운지에서 본인이 성인 정상 요금을 결제하면 동반인 무료 입장(1+1) 또는 본인이 성인 정상 요금 결제하면 30% 현장할인(성인 정상 요금: 마티나 골드 55달러(USD), 그 외 라운지 45달러(USD))
F&B 혜택: 공항 내 엔제리너스커피, 무쿄쿠, 플레이팅, 하이네켄, 도선, 쇼콜라팔레트 지정 지점에서 결제할 때 10% 현장 할인(OEM 메뉴, 프로모션 메뉴 등 일부 품목 제외)
혜택 2.
행사 기간 안에 아래 KB국민카드 전용 '라운지 이용권 할인구매' 페이지에서 대상카드로
전세계 라운지 이용권 또는 마티나골드 라운지 이용권 결제할 때 최대 49% 즉시할인",2026-06-07 04:29:31
09922_E0002,09922,국민,ALL 카드,1000455,쓰던카드 그대로 국내공항라운지 F&B 최대50%,https://card.kbcard.com/BON/DVIEW/HBBMCXCRVNEC0001?mainCC=a&eventNum=1000455,2026-03-09,2026-12-31,할인,혜택 제공,"구분: 라운지혜택 | 대상: 마티나라운지 | 위치: 인천국제공항 제1여객터미널 4층 면세지역 11번/43번 게이트 부근 인천국제공항 제2여객터미널 4층 면세지역 252번 게이트 맞은편
구분: 마티나골드 라운지 | 대상: 인천국제공항 제2여객터미널 4층 면세지역 250번 게이트 맞은편
구분: 스카이허브 라운지 | 대상: 인천국제공항 제1여객터미널 4층 면세지역 25번/29번 게이트 부근 인천국제공항 제2여객터미널 4층 면세지역 268번 게이트 맞은편 인천국제공항 탑승동 4층 115번 게이트 부근 김포국제공항 3층 면세구역 35번 게이트 부근 김해국제공항 2층 면세구역 2, 3번/9, 10번 게이트 사이
구분: F&B 혜택 | 대상: 엔제리너스 커피 | 위치: 인천국제공항 제1여객터미널 1층 일반지역 E입국장 부근 인천국제공항 제1여객터미널 3층 면세지역 49번 게이트 부근 인천국제공항 제2여객터미널 3층 일반지역 3번 게이트 부근 인천국제공항 탑승동 3층 면세지역 132번 게이트 부근
구분: 무쿄쿠 | 대상: 인천국제공항 제1여객터미널 1층 일반지역 C입국장 부근 인천국제공항 제2여객터미널 3층 면세지역 245번 게이트 부근
구분: 플레이팅 | 대상: 인천국제공항 제1여객터미널 1층 일반지역 중앙(8번 출입구) 인천국제공항 탑승동 3층 면세지역 122번 게이트 부근 인천국제공항 제2여객터미널 4층 면세지역 249번 게이트 부근
구분: 하이네켄 | 대상: 인천국제공항 제2여객터미널 3층 면세지역 219번 게이트 부근
구분: 도선 | 대상: 인천국제공항 제2여객터미널 1층 일반지역 A입국장 부근
구분: 쇼콜라팔레트 | 대상: 인천국제공항 제2여객터미널 3층 면세지역 243번 게이트 부근
혜택 1.
현장에서 대상 실물카드로 결제할 때 바로 제공
혜택 2.
라운지 이용권 할인구매
바로가기에서 대상카드로 결제할 때 바로 제공",2026-06-07 04:29:31
09922_E0002,09922,국민,ALL 카드,1000455,쓰던카드 그대로 국내공항라운지 F&B 최대50%,https://card.kbcard.com/BON/DVIEW/HBBMCXCRVNEC0001?mainCC=a&eventNum=1000455,2026-03-09,2026-12-31,할인,확인사항,"이 혜택은 현장 또는 온라인에서 본인명의의 대상카드로 결제하실 때에만 혜택이 제공됩니다.
혜택 1은 결제 및 사용 전 KB국민카드 혜택 사용에 대해 말씀해 주셔야 현장 할인이 적용되며 결제 후 사후 할인 적용은 불가합니다.
혜택 2는 더라운지의 책임하에 운영되며, 자세한 내용은 더라운지 고객센터(1811-7437)를 통해 확인 가능합니다.
매장별 자체 행사, 무료 입장 카드 혜택 등 기타 할인, 쿠폰과 중복 적용할 수 없습니다.
예산이 소진되면, 행사가 일찍 종료될 수 있습니다.
가맹점 사정(공항 운영, 리노베이션, 팬데믹 등)에 따라 사전 고지없이 변경 또는 중단될 수 있습니다.
계약을 체결하기 전에 상품설명서와 약관을 확인하시기 바랍니다.
연체이자율: 회원별/이용상품별 정상이자율 +3%p, 최고 연 20% 안에
단, 연체발생시점에 정상이자율이 없는 경우 아래와 같이 적용함
일시불 거래 연체 시: 거래발생시점의 최소기간 (2개월) 유이자할부 수수료율 적용
무이자할부 거래 연체 시: 거래발생시점의 동일한 할부 계약기간의 유이자할부 수수료율 적용
그 외의 경우: 정상이자율은 상법상 상사법정이율과 상호금융가계자금대출금리 중 높은 금리 적용
▶ 한국은행에서 매월 발표하는 가장 최근의 비은행 금융기관 가중평균대출금리 (신규대출 기준)
상환능력에 비해 신용카드 사용액이 과도할 경우 귀하의 개인신용평점이 하락할 수 있습니다.
개인신용평점 하락 시 금융거래 관련된 불이익이 발생할 수 있습니다.
일정기간 원리금을 연체할 경우, 모든 원리금을 변제할 의무가 발생할 수 있습니다.
신용카드 발급이 부적정한 경우(연체금 보유, 개인신용평점 등 낮음) 카드발급이 제한될 수 있습니다.
카드 이용대금과 이에 수반되는 모든 수수료를 지정된 대금 결제일에 상환합니다.
금융소비자는 금소법 제19조 제1항에 따라 해당 상품 또는 서비스에 대하여 설명을 받을 권리가 있으며, 그 설명을 듣고 내용을 충분히 이해한 후 거래하시기 바랍니다.
이 행사는 KB국민카드 영업정책 및 제휴업체 상황에 따라 변경 또는 중단될 수 있습니다.
문의: KB국민카드 고객센터(1588-1688)
준법감시인 심의필 260306-00606-HPM (2026.03.06 ~ 2027.03.05)",2026-06-07 04:29:31
09562_E0016,09562,국민,트래블러스 체크카드,1000097,라쿠텐트래블최대 20% 즉시할인,https://card.kbcard.com/BON/DVIEW/HBBMCXCRVNEC0001?mainCC=a&eventNum=1000097,2026-01-15,2026-12-30,할인,대상,"KB국민 마스터 개인 신용/체크카드 고객 (KB국민 기업, 비씨, 마에스트로카드 제외)",2026-06-07 04:29:58
09562_E0016,09562,국민,트래블러스 체크카드,1000097,라쿠텐트래블최대 20% 즉시할인,https://card.kbcard.com/BON/DVIEW/HBBMCXCRVNEC0001?mainCC=a&eventNum=1000097,2026-01-15,2026-12-30,할인,내용,"라쿠텐 트래블에서 일본 전 지역 숙소 결제할 때 사용 가능한
최대 20% 즉시할인 쿠폰 제공
(일반카드 최대 1만 5천엔(JPY), 프리미엄카드 최대 100달러(USD)까지 할인)",2026-06-07 04:29:58
09562_E0016,09562,국민,트래블러스 체크카드,1000097,라쿠텐트래블최대 20% 즉시할인,https://card.kbcard.com/BON/DVIEW/HBBMCXCRVNEC0001?mainCC=a&eventNum=1000097,2026-01-15,2026-12-30,할인,혜택 제공,할인 쿠폰 다운받고 대상카드 번호 입력하면 즉시할인,2026-06-07 04:29:58
09562_E0016,09562,국민,트래블러스 체크카드,1000097,라쿠텐트래블최대 20% 즉시할인,https://card.kbcard.com/BON/DVIEW/HBBMCXCRVNEC0001?mainCC=a&eventNum=1000097,2026-01-15,2026-12-30,할인,확인사항,"일반 카드 혜택은 KB국민카드에서 프리미엄 카드 혜택은 마스터카드에서 제공합니다.
기간별로 최대 할인율과 금액이 달라질 수 있습니다.
일반 카드 혜택은 1인 2회까지 할인 적용 가능합니다.
3/6/9/12월 슈퍼세일 기간 일반 카드 혜택이 변경됩니다.(1인 2회 할인 횟수 별도 적용, 최대 할인율, 최대 할인금액)
자세한 내용은 '바로가기'에서 확인 가능합니다.
일반카드는 엔화(JPY) / 프리미엄카드는 달러(USD)로 결제할 때에만 혜택이 제공됩니다.
결제 통화변경 방법: [앱 하단 프로필> 통화 설정] 혹은 [홈페이지 우측 상단 KRW> JPY 또는 USD로 변경]
라쿠텐 트래블 웰컴 쿠폰 및 다른 행사 쿠폰과 중복 적용 받을 수 없습니다.
프로모션 코드 등록한 후 대상 카드로 결제할 때 즉시 할인되므로, 최종 결제단계에서 할인 적용 여부 확인 부탁드립니다.
결제가 완료된 후에는 소급 적용할 수 없습니다.
할인 혜택은 양도하거나 현금으로 대체할 수 없습니다.
쿠폰 코드를 사용하여 할인 적용된 건에 대해 취소 또는 환불이 발생한 경우, 해당 쿠폰 코드는 사용한 것으로 간주됩니다.
호텔 가격은 수시로 변동될 수 있습니다.
호텔 상품별 예약 조건이 다를 수 있어 결제 전에 자세한 내용을 확인하시기 바랍니다.
KB국민카드는 행사 가격이 라쿠텐 트래블에서 제공하는 요금 중 가장 저렴한 가격임을 보장하지 않습니다.
구매한 상품의 취소, 환불 요청 시 상품 페이지내 명시된 규정대로 처리됩니다.
약관을 위반하거나 부정 또는 남용할 경우, 혜택 지급을 보류 또는 철회할 수 있습니다.
상품 및 행사 관련 문의는 라쿠텐 트래블 고객센터(https://travel.faq.Rakuten.net/ko-kr/s/inquiries) 또는 080-880-0221(수신자부담)으로 문의바랍니다.
이 행사는 한국 시간 기준으로 적용됩니다.
예산이 소진되면, 행사가 일찍 종료될 수 있습니다.
이 행사는 라쿠텐 트래블 이용 약관에 따르며, 서비스 관련 모든 책임은 라쿠텐 트래블에 있습니다.
계약을 체결하기 전에 상품설명서와 약관을 확인하시기 바랍니다.
연체이자율: 회원별/이용상품별 정상이자율+3%p, 최고 연 20% 이내
단, 연체발생시점에 정상이자율이 없는 경우 아래와 같이 적용함
일시불 거래 연체 시: 거래발생시점의 최소기간 (2개월) 유이자할부 수수료율 적용
무이자할부 거래 연체 시: 거래발생시점의 동일한 할부 계약기간의 유이자할부 수수료율 적용
그 외의 경우: 정상이자율은 상법상 상사법정이율과 상호금융가계자금대출금리 중 높은 금리 적용
▶ 한국은행에서 매월 발표하는 가장 최근의 비은행 금융기관 가중평균대출금리 (신규대출 기준)
상환능력에 비해 신용카드 사용액이 과도할 경우 귀하의 개인신용평점이 하락할 수 있습니다.
개인신용평점 하락 시 금융거래 관련된 불이익이 발생할 수 있습니다.
일정기간 원리금을 연체할 경우, 모든 원리금을 변제할 의무가 발생할 수 있습니다.
신용카드 발급이 부적정한 경우(개인신용평점 낮음, 연체금 보유 등) 카드발급이 제한될 수 있습니다.
카드이용대금과 이에 수반되는 모든 수수료를 지정된 대금 결제일에 상환합니다.
금융소비자는 금소법 제19조 제1항에 따라 해당상품 또는 서비스에 대하여 설명을 받을 권리가 있으며, 그 설명을 듣고 내용을 충분히 이해한 후 거래하시기 바랍니다.
이 행사는 KB국민카드 영업정책 및 제휴업체 상황에 따라 변경 또는 중단될 수 있습니다.
문의: KB국민카드 고객센터(1588-1688)
준법감시인 심의필 260115-00110-HPM (2026.01.15 ~ 2027.01.14)",2026-06-07 04:29:58
09562_E0017,09562,국민,트래블러스 체크카드,1000057,클룩 유럽 상품최대 50%,https://card.kbcard.com/BON/DVIEW/HBBMCXCRVNEC0001?mainCC=a&eventNum=1000057,2026-01-01,2026-06-30,할인,대상,"KB국민 마스터 개인 신용/체크카드 고객 (KB국민 기업, 비씨, 마에스트로카드 제외)",2026-06-07 04:30:47
09562_E0017,09562,국민,트래블러스 체크카드,1000057,클룩 유럽 상품최대 50%,https://card.kbcard.com/BON/DVIEW/HBBMCXCRVNEC0001?mainCC=a&eventNum=1000057,2026-01-01,2026-06-30,할인,내용,"행사 기간 동안
대상카드로 클룩 전용 페이지에서 달러(USD)로 결제할 때
최대 50% 즉시할인 쿠폰 제공
혜택 1.
유럽 3대 명품 쇼핑 코스 파리 라발레빌리지, 런던 비스터빌리지, 바르셀로나 라로카빌리지 쇼핑 익스프레스 왕복권 1인 요금 50% 할인
혜택 2.
파리 디즈니랜드 200달러(USD) 이상 결제할 때 50달러(USD) 즉시할인
혜택 3.
유럽 상품 전체 100달러(USD)이상 결제할 때 25달러(USD) 즉시할인",2026-06-07 04:30:47
09562_E0017,09562,국민,트래블러스 체크카드,1000057,클룩 유럽 상품최대 50%,https://card.kbcard.com/BON/DVIEW/HBBMCXCRVNEC0001?mainCC=a&eventNum=1000057,2026-01-01,2026-06-30,할인,혜택 제공,쿠폰 다운로드 후 등록하고 대상카드로 결제할 때 바로 제공,2026-06-07 04:30:47
09562_E0017,09562,국민,트래블러스 체크카드,1000057,클룩 유럽 상품최대 50%,https://card.kbcard.com/BON/DVIEW/HBBMCXCRVNEC0001?mainCC=a&eventNum=1000057,2026-01-01,2026-06-30,할인,확인사항,"이 행사 혜택은 KB국민카드에서 제공합니다.
날짜별로 상품 가격이 다를 수 있습니다.
자세한 내용은 '클룩 바로가기'에서 확인하시기 바랍니다.
해당 쿠폰은 달러(USD)로 결제할 때만 적용됩니다.
결제 통화변경 방법: [앱 하단 혹은 홈페이지 우측 상단> My 클룩> 설정> 통화 변경]
쿠폰 다운로드 후 등록하고 대상카드로 결제할 때 즉시 할인되므로, 최종 결제단계에서 할인 적용 여부 확인하시기 바랍니다.
결제가 완료된 후에는 소급 적용할 수 없습니다.
할인 혜택은 양도하거나 현금으로 대체할 수 없습니다.
다른 행사에서 혜택을 제공 받았으면, 중복 적용되지 않습니다.
취소, 환불 및 구매 규정은 클룩의 이용 약관에 따르며, 서비스와 관련된 모든 책임은 클룩에 있습니다.
구매한 상품의 취소, 환불 요청 시 상품 페이지에 명시된 규정대로 처리됩니다.
약관을 위반하거나 부정 또는 남용할 경우, 혜택 지급을 보류 또는 철회할 수 있습니다.
상품 및 행사 관련 문의는 [클룩 앱 My 클룩> 고객센터] 혹은 02-3478-4131로 문의 바랍니다.
이 행사는 한국 시간 기준으로 적용됩니다.
예산이 소진되면, 행사가 일찍 종료될 수 있습니다.
계약을 체결하기 전에 상품설명서와 약관을 확인하시기 바랍니다.
연체이자율: 회원별/이용상품별 정상이자율+3%p, 최고 연 20% 이내
단, 연체발생시점에 정상이자율이 없는 경우 아래와 같이 적용함
일시불 거래 연체 시: 거래발생시점의 최소기간(2개월) 유이자할부 수수료율 적용
무이자할부 거래 연체 시: 거래발생시점의 동일한 할부 계약기간의 유이자할부 수수료율 적용
그 외의 경우: 정상이자율은 상법상 상사법정이율과 상호금융가계자금대출금리 중 높은 금리 적용
▶ 한국은행에서 매월 발표하는 가장 최근의 비은행 금융기관 가중평균대출금리 (신규대출 기준)
상환능력에 비해 신용카드 사용액이 과도할 경우 귀하의 개인신용평점이 하락할 수 있습니다.
개인신용평점 하락 시 금융거래 관련된 불이익이 발생할 수 있습니다.
일정기간 원리금을 연체할 경우, 모든 원리금을 변제할 의무가 발생할 수 있습니다.
신용카드 발급이 부적정한 경우(연체금 보유, 개인신용평점 낮음 등) 카드발급이 제한될 수 있습니다.
카드 이용금액과 이에 수반되는 모든 수수료를 지정된 대금 결제일에 상환합니다.
금융소비자는 금소법 제19조 제1항에 따라 해당 상품 또는 서비스에 대하여 설명을 받을 권리가 있으며, 그 설명을 듣고 내용을 충분히 이해한 후 거래하시기 바랍니다.
이 행사는 KB국민카드 영업정책 및 제휴업체 상황에 따라 변경 또는 중단될 수 있습니다.
문의: KB국민카드 고객센터(1588-1688)
준법감시인 심의필 251223-05777-HPM (2025.12.23 ~ 2026.12.22)",2026-06-07 04:30:47
09562_E0018,09562,국민,트래블러스 체크카드,1000019,트래블러스체크카드 홍콩오션파크 최대 20%,https://card.kbcard.com/BON/DVIEW/HBBMCXCRVNEC0001?mainCC=a&eventNum=1000019,2025-11-14,2026-08-31,캐시백,대상,KB국민 트래블러스 체크카드 홍콩 에디션 카드 고객,2026-06-07 04:31:25
09562_E0018,09562,국민,트래블러스 체크카드,1000019,트래블러스체크카드 홍콩오션파크 최대 20%,https://card.kbcard.com/BON/DVIEW/HBBMCXCRVNEC0001?mainCC=a&eventNum=1000019,2025-11-14,2026-08-31,캐시백,내용,"행사 기간 동안 대상카드로 오션파크 현장 매표소에서
성인/아동 입장권 최대 20% 할인
(1회 최대 4장까지 구매 가능)
정상가
성인(12세 이상) 538 홍콩달러(HKD)
아동(3 ~ 11세) 269 홍콩달러(HKD)
* 선착순 경품 혜택!
방문 선착순 200분께는 판다 러기지 태그 1개 증정!
대상 기간: 런칭 특가 기간 2025.11.1(토) ~ 12.31(수) | 할인율: 20%
대상 기간: 단독 할인 적용 기간 2026.1.1(목) ~ 8.31(월) | 할인율: 15%",2026-06-07 04:31:25
09562_E0018,09562,국민,트래블러스 체크카드,1000019,트래블러스체크카드 홍콩오션파크 최대 20%,https://card.kbcard.com/BON/DVIEW/HBBMCXCRVNEC0001?mainCC=a&eventNum=1000019,2025-11-14,2026-08-31,캐시백,혜택 제공,현지에서 대상카드 제시하고 결제할 때 바로 제공,2026-06-07 04:31:25
09562_E0018,09562,국민,트래블러스 체크카드,1000019,트래블러스체크카드 홍콩오션파크 최대 20%,https://card.kbcard.com/BON/DVIEW/HBBMCXCRVNEC0001?mainCC=a&eventNum=1000019,2025-11-14,2026-08-31,캐시백,확인사항,"이 행사 혜택은 홍콩관광청에서 제공합니다.
결제 후 사후 할인 적용할 수 없습니다.
할인 혜택은 양도하거나 현금으로 대체할 수 없습니다.
이 행사는 홍콩 시간 기준으로 적용됩니다.
예산이 소진되면, 행사가 일찍 종료될 수 있습니다.
KB국민 트래블러스체크카드 홍콩에디션 연회비: 없음
계약을 체결하기 전에 상품설명서와 약관을 확인하시기 바랍니다.
연체이자율: 회원별/이용상품별 정상이자율+3%p, 최고 연 20% 이내
단, 연체발생시점에 정상이자율이 없는 경우 아래와 같이 적용함
일시불 거래 연체 시: 거래발생시점의 최소기간(2개월) 유이자할부 수수료율 적용
무이자할부 거래 연체 시: 거래발생시점의 동일한 할부 계약기간의 유이자할부 수수료율 적용
그 외의 경우: 정상이자율은 상법상 상사법정이율과 상호금융가계자금대출금리 중 높은 금리 적용
▶ 한국은행에서 매월 발표하는 가장 최근의 비은행 금융기관 가중평균대출금리 (신규대출 기준)
상환능력에 비해 신용카드 사용액이 과도할 경우 귀하의 개인신용평점이 하락할 수 있습니다.
개인신용평점 하락 시 금융거래 관련된 불이익이 발생할 수 있습니다.
일정기간 원리금을 연체할 경우, 모든 원리금을 변제할 의무가 발생할 수 있습니다.
이 행사는 KB국민카드 영업정책 및 제휴업체 상황에 따라 변경 또는 중단될 수 있습니다.
문의: KB국민카드 고객센터(1588-1688)
준법감시인 심의필 251106-05336-HPM (2025.11.06)",2026-06-07 04:31:25
09562_E0019,09562,국민,트래블러스 체크카드,1000012,트래블러스체크카드마카오타워 1+1,https://card.kbcard.com/BON/DVIEW/HBBMCXCRVNEC0001?mainCC=a&eventNum=1000012,2025-10-01,2026-09-30,캐시백,대상,KB국민 트래블러스 체크카드 마카오에디션 고객,2026-06-07 04:31:36
09562_E0019,09562,국민,트래블러스 체크카드,1000012,트래블러스체크카드마카오타워 1+1,https://card.kbcard.com/BON/DVIEW/HBBMCXCRVNEC0001?mainCC=a&eventNum=1000012,2025-10-01,2026-09-30,캐시백,내용,"행사 기간 동안 대상카드로
마카오 타워 전망대(Observation Deck) 입장권(+ 경품 가방 포함) 성인 1명 결제하면
1명 무료(296MOP)
쁘라이야 그란드만의 남반 호수 위에 우뚝 솟은 마카오 타워는 338.8미터의 높이로, 홍콩달러로 약 10억불이 투자되었습니다. 2001년 12월 10일에 개관한 마카오 타워는 마카오 전역을 내려다 볼 수 있는 멋진 파노라마 전경을 자랑합니다.",2026-06-07 04:31:36
09562_E0019,09562,국민,트래블러스 체크카드,1000012,트래블러스체크카드마카오타워 1+1,https://card.kbcard.com/BON/DVIEW/HBBMCXCRVNEC0001?mainCC=a&eventNum=1000012,2025-10-01,2026-09-30,캐시백,혜택 제공,현장에서 카드 실물 제시하면 바로 제공,2026-06-07 04:31:36
09562_E0019,09562,국민,트래블러스 체크카드,1000012,트래블러스체크카드마카오타워 1+1,https://card.kbcard.com/BON/DVIEW/HBBMCXCRVNEC0001?mainCC=a&eventNum=1000012,2025-10-01,2026-09-30,캐시백,확인사항,"이 혜택은 마카오타워에서 제공합니다.
결제 후 사후 할인 적용할 수 없습니다.
혜택 이용 전 대상카드 실물 제시 필수입니다.
할인 혜택은 양도하거나 현금으로 대체할 수 없습니다.
이 행사는 마카오 시간 기준으로 적용됩니다.
연회비: 없음
계약을 체결하기 전에 상품설명서와 약관을 확인하시기 바랍니다.
연체이자율: 회원별/이용상품별 정상이자율+3%p, 최고 연 20% 이내
단, 연체발생시점에 정상이자율이 없는 경우 아래와 같이 적용함
일시불 거래 연체 시: 거래발생시점의 최소기간 (2개월) 유이자할부 수수료율 적용
무이자할부 거래 연체 시: 거래발생시점의 동일한 할부 계약기간의 유이자할부 수수료율 적용
그 외의 경우: 정상이자율은 상법상 상사법정이율과 상호금융가계자금대출금리 중 높은 금리 적용
▶ 한국은행에서 매월 발표하는 가장 최근의 비은행 금융기관 가중평균대출금리 (신규대출 기준)
상환능력에 비해 신용카드 사용액이 과도할 경우 귀하의 개인신용평점이 하락할 수 있습니다.
개인신용평점 하락 시 금융거래 관련된 불이익이 발생할 수 있습니다.
일정기간 원리금을 연체할 경우, 모든 원리금을 변제할 의무가 발생할 수 있습니다.
이 행사는 KB국민카드 영업정책 및 제휴업체 상황에 따라 변경 또는 중단될 수 있습니다.
문의: KB국민카드 고객센터(1588-1688)
준법감시인 심의필 250924-05000-HPM (2025.09.24)",2026-06-07 04:31:36
09562_E0020,09562,국민,트래블러스 체크카드,1000011,트래블러스체크카드마카오MGM호텔 특전,https://card.kbcard.com/BON/DVIEW/HBBMCXCRVNEC0001?mainCC=a&eventNum=1000011,2025-10-01,2026-09-30,캐시백,대상,KB국민 트래블러스 체크카드 마카오에디션 고객,2026-06-07 04:31:42
09562_E0020,09562,국민,트래블러스 체크카드,1000011,트래블러스체크카드마카오MGM호텔 특전,https://card.kbcard.com/BON/DVIEW/HBBMCXCRVNEC0001?mainCC=a&eventNum=1000011,2025-10-01,2026-09-30,캐시백,내용,"행사 기간 동안
MGM호텔에서 대상카드로 현장 결제하면
혜택 제공
구분: MGM Cotai | 내용: 에그타르트 제공 (룸 서비스로 제공) AJI and Grill 58 15% 현장할인 MACAU 2049 ticket 15% 현장할인 * MACAU 2049는 장이머우 감독의 연출하에 예술과 최첨단 기술을 융합하여 경계와 시간을 초월하는 획기적인 쇼를 선보입니다.
구분: MGM Macau | 내용: Aux Beaux Art and Bar 15% 현장할인 Afternoon Tea set at Rossio 15% 현장할인
구분: 공통 | 내용: Pastry Bar and Anytime 케이크 구매하면 아메리카노 1잔 무료 TRIA 스파 a-la-cart Spa Treatment 15% 현장할인
MGM은 『2025 Forbes Travel Guide Five-Star Award』 등급 리스트에서 파이브 스타 평가 7개를 수상하여 호텔 업계에서의 남다른 선도적 입지를 강력하게 입증하였습니다. MGM Macau 연속 10년, MGM 마카오와 코타이의 2개 스파센터 Tria는 연속 6년 파이브 스타를 수상하였고, MGM 코타이의 EMERALD TOWER, SKYLOFTS, 쓰촨 요리 레스토랑 FIVE FOOT ROAD, MGM 마카오의 광둥 요리 레스토랑 Imperial Court는 연속 4년 파이브 스타를 수상하였습니다.
$(function(){
var slides = $("".Lslide"");
function slideImg(){
var imgs = slides.find(""img"");
var first = imgs.eq(0);
var second = imgs.eq(1);
second.fadeIn(1000);
first.fadeOut(1000, function(){
first.appendTo( slides );
})
setInterval(slideImg, 2000);
})",2026-06-07 04:31:42
09562_E0020,09562,국민,트래블러스 체크카드,1000011,트래블러스체크카드마카오MGM호텔 특전,https://card.kbcard.com/BON/DVIEW/HBBMCXCRVNEC0001?mainCC=a&eventNum=1000011,2025-10-01,2026-09-30,캐시백,혜택 제공,"현장에서 카드 실물 제시하고 결제할 때 바로 제공
(MACAU 2049 티켓은 온라인 예매할 때 카드 번호와 프로모션 코드 KBMGM 입력하면 바로 제공)",2026-06-07 04:31:42
09562_E0020,09562,국민,트래블러스 체크카드,1000011,트래블러스체크카드마카오MGM호텔 특전,https://card.kbcard.com/BON/DVIEW/HBBMCXCRVNEC0001?mainCC=a&eventNum=1000011,2025-10-01,2026-09-30,캐시백,확인사항,"이 혜택은 MGM에서 제공합니다.
결제 후 사후 할인 적용할 수 없습니다.
혜택 이용 전 대상카드 실물 제시 필수입니다.
할인 혜택은 양도하거나 현금으로 대체할 수 없습니다.
이 행사는 마카오 시간 기준으로 적용됩니다.
연회비: 없음
계약을 체결하기 전에 상품설명서와 약관을 확인하시기 바랍니다.
연체이자율: 회원별/이용상품별 정상이자율+3%p, 최고 연 20% 이내
단, 연체발생시점에 정상이자율이 없는 경우 아래와 같이 적용함
일시불 거래 연체 시: 거래발생시점의 최소기간 (2개월) 유이자할부 수수료율 적용
무이자할부 거래 연체 시: 거래발생시점의 동일한 할부 계약기간의 유이자할부 수수료율 적용
그 외의 경우: 정상이자율은 상법상 상사법정이율과 상호금융가계자금대출금리 중 높은 금리 적용
▶ 한국은행에서 매월 발표하는 가장 최근의 비은행 금융기관 가중평균대출금리 (신규대출 기준)
상환능력에 비해 신용카드 사용액이 과도할 경우 귀하의 개인신용평점이 하락할 수 있습니다.
개인신용평점 하락 시 금융거래 관련된 불이익이 발생할 수 있습니다.
일정기간 원리금을 연체할 경우, 모든 원리금을 변제할 의무가 발생할 수 있습니다.
이 행사는 KB국민카드 영업정책 및 제휴업체 상황에 따라 변경 또는 중단될 수 있습니다.
문의: KB국민카드 고객센터(1588-1688)
준법감시인 심의필 250924-05005-HPM (2025.09.24)",2026-06-07 04:31:42
