notice_id,card_id,notice_content,updated_at
00235_N0001,00235,"[확인사항]
[할인(적립) 서비스 적용]
- 업종별로 적용되는 할인(적립)서비스는 이용 가맹점이 해당 카드 할인대상 KB국민카드 가맹점 업종코드로 등록된 경우에 한하여 제공됩니다. PG(인터넷) 업체를 통한 결제 및 호텔, 백화점, 대형마트, 철도역사, 아울렛 매장 등에 입점한 가맹점의 경우 할인(적립) 대상에서 제외됩니다. 미할인(적립) 대상 가맹점의 업종코드가 할인(적립)대상 업종코드로 변경된 경우 변경일 익영업일부터 매입되는 건에 대해서 할인(적립) 적용되며, 변경 전 이용(승인) 건에 대해서 소급하여 할인(적립)되지 않습니다. 가맹점 사정으로 복수의 가맹점을 소유한 경우, 승인되는 가맹점에 따라 할인(적립)이 제외될 수 있습니다.
- 할인(적립) 대상 이용(승인) 건은 이용 순서가 아닌 전표매입 순서대로 할인(적립)한도 내에서 할인(적립)됩니다. 예시) 이마트 KB국민카드로 이마트에서 11월 11일 20만원, 11월 12일 10만원을 이용(승인)하였으나 이마트에서 11월 12일 10만원 이용금액을 먼저 전표매입하는 경우 11월 12일 10만원 이용금액에 대해서 우선 할인이 적용됩니다.
- 주유 할인(적립)은 해당 정유사에서 KB국민카드로 고시하는 휘발유가 기준으로 제공되며, 이용하신 각 주유소별 유가차이 및 유종에 따라 할인(적립)금액에 차이가 발생할 수 있습니다. 특정 정유사와 제휴되지 않은 주유할인(적립) 서비스는 KB국민카드에서 지정한 정유사의 고시 휘발유가를 기준으로 제공됩니다.
- 놀이공원 할인 연간 횟수 산정 기준이 회원별인 경우 해당 놀이공원에서 매년(1월~12월) 할인 받은 횟수 전체를 합산하여 연간 횟수를 제한합니다.
- PG(인터넷) 업체를 통한 결제 및 호텔, 백화점, 대형마트, 철도역사, 아울렛 매장 등에 입점한 가맹점의 경우 할인(적립) 대상에서 제외됩니다.
- 미할인(적립) 대상 가맹점의 업종코드가 할인(적립)대상 업종코드로 변경된 경우 변경일 익영업일부터 매입되는 건에 대해서 할인(적립) 적용되며, 변경 전 이용(승인) 건에 대해서 소급하여 할인(적립)되지 않습니다.
- 가맹점 사정으로 복수의 가맹점을 소유한 경우, 승인되는 가맹점에 따라 할인(적립)이 제외될 수 있습니다.
- 예시) 이마트 KB국민카드로 이마트에서 11월 11일 20만원, 11월 12일 10만원을 이용(승인)하였으나 이마트에서 11월 12일 10만원 이용금액을 먼저 전표매입하는 경우 11월 12일 10만원 이용금액에 대해서 우선 할인이 적용됩니다.
- 특정 정유사와 제휴되지 않은 주유할인(적립) 서비스는 KB국민카드에서 지정한 정유사의 고시 휘발유가를 기준으로 제공됩니다.
[할인(적립)서비스 제외매출]
- 할인(적립) 서비스 제외매출은 다음과 같으며, 카드별 별도 조건은 해당 카드 안내를 참조하시기 바랍니다. 무이자할부 이용금액, 단기카드대출(현금서비스), 장기카드대출(카드론), 지방세, 정부지원금, 대학(대학원)등록금, 각종 수수료 및 이자, 연체료, 연회비, 상품권 및 선불카드(선불전자지급수단 포함) 구입/충전금액, 취소금액
- 무이자할부 이용금액, 단기카드대출(현금서비스), 장기카드대출(카드론), 지방세, 정부지원금, 대학(대학원)등록금, 각종 수수료 및 이자, 연체료, 연회비, 상품권 및 선불카드(선불전자지급수단 포함) 구입/충전금액, 취소금액
[연체이자율]
- 연체이자율 : 회원별/이용상품별 정상이자율 +3%p, 최고 연 20%
- 단, 연체발생시점에 정상이자율이 없는 경우 아래와 같이 적용함
- 일시불 거래 연체시 : 거래발생시점의 최소기간(2개월) 유이자 할부 수수료율 적용
- 무이자할부 거래 연체시 : 거래발생시점의 동일한 할부계약기간의 유이자할부수수료율 적용
- 그 외의 경우: 정상이자율은 상법상 상사법정이율과 상호금융 가계자금대출금리* 중 높은 금리 적용 * 한국은행에서 매월 발표하는 가장 최근의 비은행 금융기관 가중평균대출금리(신규대출 기준)
[기타]
- 상품별로 서비스 제공조건이 별도로 존재할 수 있으니, 세부내용은 해당 상품서비스 내용을 참조하여 주시기 바랍니다.
- 할인(적립) 서비스 제공 관련 카드별 실적 유예기간은 본인회원이 해당카드를 생애 최초 발급받은 경우에 적용되며, 가족카드 단독 발급 시 적용되지 않습니다.
- 할인(적립) 서비스는 제휴업체 정책에 따라 타 할인(적립)카드와 중복할인(적립)이 제한될 수 있습니다.
- 할인/적립이 적용된 매출 취소 시, 취소전표가 실시간 매입되지 않아 할인/적립 한도의 복원과 이에 따른 할인/적립이 즉시 적용되지 않을 수 있습니다.
- 적립시점 기준 60개월이 경과한 각종 포인트(KB포인트리, 금융포인트, 스타마일, 현대자동차포인트, 기아자동차포인트, S-Oil KB포인트 등 포함)는 선입선출 방식으로 월 단위로 소멸됩니다.",2026-06-05 11:20:26
00236_N0001,00236,"[확인사항]
[할인(적립) 서비스 적용]
- 업종별로 적용되는 할인(적립)서비스는 이용 가맹점이 해당 카드 할인대상 KB국민카드 가맹점 업종코드로 등록된 경우에 한하여 제공됩니다. PG(인터넷) 업체를 통한 결제 및 호텔, 백화점, 대형마트, 철도역사, 아울렛 매장 등에 입점한 가맹점의 경우 할인(적립) 대상에서 제외됩니다. 미할인(적립) 대상 가맹점의 업종코드가 할인(적립)대상 업종코드로 변경된 경우 변경일 익영업일부터 매입되는 건에 대해서 할인(적립) 적용되며, 변경 전 이용(승인) 건에 대해서 소급하여 할인(적립)되지 않습니다. 가맹점 사정으로 복수의 가맹점을 소유한 경우, 승인되는 가맹점에 따라 할인(적립)이 제외될 수 있습니다.
- 할인(적립) 대상 이용(승인) 건은 이용 순서가 아닌 전표매입 순서대로 할인(적립)한도 내에서 할인(적립)됩니다. 예시) 이마트 KB국민카드로 이마트에서 11월 11일 20만원, 11월 12일 10만원을 이용(승인)하였으나 이마트에서 11월 12일 10만원 이용금액을 먼저 전표매입하는 경우 11월 12일 10만원 이용금액에 대해서 우선 할인이 적용됩니다.
- 주유 할인(적립)은 해당 정유사에서 KB국민카드로 고시하는 휘발유가 기준으로 제공되며, 이용하신 각 주유소별 유가차이 및 유종에 따라 할인(적립)금액에 차이가 발생할 수 있습니다. 특정 정유사와 제휴되지 않은 주유할인(적립) 서비스는 KB국민카드에서 지정한 정유사의 고시 휘발유가를 기준으로 제공됩니다.
- 놀이공원 할인 연간 횟수 산정 기준이 회원별인 경우 해당 놀이공원에서 매년(1월~12월) 할인 받은 횟수 전체를 합산하여 연간 횟수를 제한합니다.
- PG(인터넷) 업체를 통한 결제 및 호텔, 백화점, 대형마트, 철도역사, 아울렛 매장 등에 입점한 가맹점의 경우 할인(적립) 대상에서 제외됩니다.
- 미할인(적립) 대상 가맹점의 업종코드가 할인(적립)대상 업종코드로 변경된 경우 변경일 익영업일부터 매입되는 건에 대해서 할인(적립) 적용되며, 변경 전 이용(승인) 건에 대해서 소급하여 할인(적립)되지 않습니다.
- 가맹점 사정으로 복수의 가맹점을 소유한 경우, 승인되는 가맹점에 따라 할인(적립)이 제외될 수 있습니다.
- 예시) 이마트 KB국민카드로 이마트에서 11월 11일 20만원, 11월 12일 10만원을 이용(승인)하였으나 이마트에서 11월 12일 10만원 이용금액을 먼저 전표매입하는 경우 11월 12일 10만원 이용금액에 대해서 우선 할인이 적용됩니다.
- 특정 정유사와 제휴되지 않은 주유할인(적립) 서비스는 KB국민카드에서 지정한 정유사의 고시 휘발유가를 기준으로 제공됩니다.
[할인(적립)서비스 제외매출]
- 할인(적립) 서비스 제외매출은 다음과 같으며, 카드별 별도 조건은 해당 카드 안내를 참조하시기 바랍니다. 무이자할부 이용금액, 단기카드대출(현금서비스), 장기카드대출(카드론), 지방세, 정부지원금, 대학(대학원)등록금, 각종 수수료 및 이자, 연체료, 연회비, 상품권 및 선불카드(선불전자지급수단 포함) 구입/충전금액, 취소금액
- 무이자할부 이용금액, 단기카드대출(현금서비스), 장기카드대출(카드론), 지방세, 정부지원금, 대학(대학원)등록금, 각종 수수료 및 이자, 연체료, 연회비, 상품권 및 선불카드(선불전자지급수단 포함) 구입/충전금액, 취소금액
[연체이자율]
- 연체이자율 : 회원별/이용상품별 정상이자율 +3%p, 최고 연 20%
- 단, 연체발생시점에 정상이자율이 없는 경우 아래와 같이 적용함
- 일시불 거래 연체시 : 거래발생시점의 최소기간(2개월) 유이자 할부 수수료율 적용
- 무이자할부 거래 연체시 : 거래발생시점의 동일한 할부계약기간의 유이자할부수수료율 적용
- 그 외의 경우: 정상이자율은 상법상 상사법정이율과 상호금융 가계자금대출금리* 중 높은 금리 적용 * 한국은행에서 매월 발표하는 가장 최근의 비은행 금융기관 가중평균대출금리(신규대출 기준)
[기타]
- 상품별로 서비스 제공조건이 별도로 존재할 수 있으니, 세부내용은 해당 상품서비스 내용을 참조하여 주시기 바랍니다.
- 할인(적립) 서비스 제공 관련 카드별 실적 유예기간은 본인회원이 해당카드를 생애 최초 발급받은 경우에 적용되며, 가족카드 단독 발급 시 적용되지 않습니다.
- 할인(적립) 서비스는 제휴업체 정책에 따라 타 할인(적립)카드와 중복할인(적립)이 제한될 수 있습니다.
- 할인/적립이 적용된 매출 취소 시, 취소전표가 실시간 매입되지 않아 할인/적립 한도의 복원과 이에 따른 할인/적립이 즉시 적용되지 않을 수 있습니다.
- 적립시점 기준 60개월이 경과한 각종 포인트(KB포인트리, 금융포인트, 스타마일, 현대자동차포인트, 기아자동차포인트, S-Oil KB포인트 등 포함)는 선입선출 방식으로 월 단위로 소멸됩니다.",2026-06-05 09:55:15
01142_N0001,01142,"[확인사항]
[할인(적립) 서비스 적용]
- 업종별로 적용되는 할인(적립)서비스는 이용 가맹점이 해당 카드 할인대상 KB국민카드 가맹점 업종코드로 등록된 경우에 한하여 제공됩니다. PG(인터넷) 업체를 통한 결제 및 호텔, 백화점, 대형마트, 철도역사, 아울렛 매장 등에 입점한 가맹점의 경우 할인(적립) 대상에서 제외됩니다. 미할인(적립) 대상 가맹점의 업종코드가 할인(적립)대상 업종코드로 변경된 경우 변경일 익영업일부터 매입되는 건에 대해서 할인(적립) 적용되며, 변경 전 이용(승인) 건에 대해서 소급하여 할인(적립)되지 않습니다. 가맹점 사정으로 복수의 가맹점을 소유한 경우, 승인되는 가맹점에 따라 할인(적립)이 제외될 수 있습니다.
- 할인(적립) 대상 이용(승인) 건은 이용 순서가 아닌 전표매입 순서대로 할인(적립)한도 내에서 할인(적립)됩니다. 예시) 이마트 KB국민카드로 이마트에서 11월 11일 20만원, 11월 12일 10만원을 이용(승인)하였으나 이마트에서 11월 12일 10만원 이용금액을 먼저 전표매입하는 경우 11월 12일 10만원 이용금액에 대해서 우선 할인이 적용됩니다.
- 주유 할인(적립)은 해당 정유사에서 KB국민카드로 고시하는 휘발유가 기준으로 제공되며, 이용하신 각 주유소별 유가차이 및 유종에 따라 할인(적립)금액에 차이가 발생할 수 있습니다. 특정 정유사와 제휴되지 않은 주유할인(적립) 서비스는 KB국민카드에서 지정한 정유사의 고시 휘발유가를 기준으로 제공됩니다.
- 놀이공원 할인 연간 횟수 산정 기준이 회원별인 경우 해당 놀이공원에서 매년(1월~12월) 할인 받은 횟수 전체를 합산하여 연간 횟수를 제한합니다.
- PG(인터넷) 업체를 통한 결제 및 호텔, 백화점, 대형마트, 철도역사, 아울렛 매장 등에 입점한 가맹점의 경우 할인(적립) 대상에서 제외됩니다.
- 미할인(적립) 대상 가맹점의 업종코드가 할인(적립)대상 업종코드로 변경된 경우 변경일 익영업일부터 매입되는 건에 대해서 할인(적립) 적용되며, 변경 전 이용(승인) 건에 대해서 소급하여 할인(적립)되지 않습니다.
- 가맹점 사정으로 복수의 가맹점을 소유한 경우, 승인되는 가맹점에 따라 할인(적립)이 제외될 수 있습니다.
- 예시) 이마트 KB국민카드로 이마트에서 11월 11일 20만원, 11월 12일 10만원을 이용(승인)하였으나 이마트에서 11월 12일 10만원 이용금액을 먼저 전표매입하는 경우 11월 12일 10만원 이용금액에 대해서 우선 할인이 적용됩니다.
- 특정 정유사와 제휴되지 않은 주유할인(적립) 서비스는 KB국민카드에서 지정한 정유사의 고시 휘발유가를 기준으로 제공됩니다.
[할인(적립)서비스 제외매출]
- 할인(적립) 서비스 제외매출은 다음과 같으며, 카드별 별도 조건은 해당 카드 안내를 참조하시기 바랍니다. 무이자할부 이용금액, 단기카드대출(현금서비스), 장기카드대출(카드론), 지방세, 정부지원금, 대학(대학원)등록금, 각종 수수료 및 이자, 연체료, 연회비, 상품권 및 선불카드(선불전자지급수단 포함) 구입/충전금액, 취소금액
- 무이자할부 이용금액, 단기카드대출(현금서비스), 장기카드대출(카드론), 지방세, 정부지원금, 대학(대학원)등록금, 각종 수수료 및 이자, 연체료, 연회비, 상품권 및 선불카드(선불전자지급수단 포함) 구입/충전금액, 취소금액
[연체이자율]
- 연체이자율 : 회원별/이용상품별 정상이자율 +3%p, 최고 연 20%
- 단, 연체발생시점에 정상이자율이 없는 경우 아래와 같이 적용함
- 일시불 거래 연체시 : 거래발생시점의 최소기간(2개월) 유이자 할부 수수료율 적용
- 무이자할부 거래 연체시 : 거래발생시점의 동일한 할부계약기간의 유이자할부수수료율 적용
- 그 외의 경우: 정상이자율은 상법상 상사법정이율과 상호금융 가계자금대출금리* 중 높은 금리 적용 * 한국은행에서 매월 발표하는 가장 최근의 비은행 금융기관 가중평균대출금리(신규대출 기준)
[기타]
- 상품별로 서비스 제공조건이 별도로 존재할 수 있으니, 세부내용은 해당 상품서비스 내용을 참조하여 주시기 바랍니다.
- 할인(적립) 서비스 제공 관련 카드별 실적 유예기간은 본인회원이 해당카드를 생애 최초 발급받은 경우에 적용되며, 가족카드 단독 발급 시 적용되지 않습니다.
- 할인(적립) 서비스는 제휴업체 정책에 따라 타 할인(적립)카드와 중복할인(적립)이 제한될 수 있습니다.
- 할인/적립이 적용된 매출 취소 시, 취소전표가 실시간 매입되지 않아 할인/적립 한도의 복원과 이에 따른 할인/적립이 즉시 적용되지 않을 수 있습니다.
- 적립시점 기준 60개월이 경과한 각종 포인트(KB포인트리, 금융포인트, 스타마일, 현대자동차포인트, 기아자동차포인트, S-Oil KB포인트 등 포함)는 선입선출 방식으로 월 단위로 소멸됩니다.",2026-06-05 11:20:30
01664_N0001,01664,"[카드이용]
- 체크카드 이용제한 : 매월 세번째 일요일 00:00 ~ 06:00 중에는 은행 전산시스템 점검 관련으로 이용이 제한될 수 있습니다.
- 체크카드 환급할인 : 체크카드 이용 후 해당 이용건이 당사에 접수 완료(카드이용일로부터 약2~3일 소요)된 후 할인금액을 카드출금 계좌로 환급하는 방식입니다. 할인한도는 매월 1일 ~ 말일까지(승인시점 기준) 이용금액으로 적용됩니다. 월간 통합할인한도는 체크카드 별로 월간 할인 받을 수 있는 최대 금액으로, 잔여한도는 다음달로 이월되지 않으며 전표가 매입되는 순서대로 월간 통합할인한도 내에서 차감됩니다. 각 할인서비스는 월간 할인한도 내에서 적용되며, 잔여한도는 이월되지 않습니다. 할인/적립이 적용된 매출 취소 시, 취소전표가 실시간 매입되지 않아 할인/적립 한도의 복원과 이에 따른 할인/적립이 즉시 적용되지 않을 수 있습니다. 각 할인서비스는 해당 가맹점이 KB국민카드 가맹점 업종코드상 할인대상 가맹점 업종으로 등록된 경우에 한하여 제공됩니다. PG(결제대행) 업체 또는 할인서비스로 제공하지 않는 타 간편결제를 통한 결제 및 호텔, 백화점 대형마트, 철도/역사 등에 입점한 가맹점이나 상품권 구매 시 할인(적립)대상에서 제외될 수 있습니다. 상품권 및 선불카드(선불전자지급수단 포함) 구입/충전 금액의 경우 할인에서 제외될 수 있습니다. 각 할인(적립)서비스는 KB국민카드 업종 분류 기준, 지정 업종 및 가맹점에 한하여 제공됩니다. 영업 마감시간 이후 결제계좌 출금 결제계좌 개설 기관의 영업  마감시간(16시) 이후 입금된 금액에  대해서는 당일 출금되지 못하여 연체 처리 될  수 있으니 유의하시기 바랍니다. 자동이체  업무 마감시간 이후 당사 홈페이지/모바일 * 등에서  바로출금(즉시결제) 또는 가상계좌 입금(송금납부)을 통해 당일 결제가 가능합니다. *세부내용 : KB국민카드 홈페이지 > MY KB >  바로출금 또는 가상계좌 참조 체크카드 국내 직불 이용한도 체크카드 국내 직불 이용한도 구분 1회 1일 월간 비고 기본부여한도 600만원 600만원 2,000만원 카드발급 시 최고한도 2,000만원 2,000만원 5,000만원 영업점/인터넷/모바일앱/고객센터 신청 특별승인한도 1억원 1억원 1억원 영업점/고객센터 신청(신청 후 30일 이내) 만 12~13세의 체크카드 직불 이용 기본한도는 1회/1일 3만원, 월간 30만원이 부여됩니다. 후불교통 기능 탑재(교통카드로 신청 시) 후불교통카드 발급 대상: 만 12세 이상 (단, 만 12~만 17세 고객의 경우 법정 대리인 동의가 필수이며 1인당 모든 카드사 대상 총 발급매수 1매 이내로 제한, 일부 상품만 발급 가능) 버스, 지하철 등 교통이용이 가능하고, 월 1회 체크카드 결제계좌에서 지정된 결제일에 자동 출금됩니다. 정상 출금되지 않은 경우 연체에 따른 교통기능 이용이 불가할 수  있으며, 미납금액에 대해서는 연체료가 부과됩니다. 체크카드 후불교통 이용대금 출금일 체크카드 후불교통 이용대금 출금일 이용일 1일 ~ 말일 출금일 말일 + 3영업일 미성년자 RF(후불교통) 체크카드 이용한도 월 5만원 이하이며, 교통카드 이용내역 및 금액 정산 체계로 일시적 이용한도 초과 사용 가능합니다.
- 할인한도는 매월 1일 ~ 말일까지(승인시점 기준) 이용금액으로 적용됩니다.
- 월간 통합할인한도는 체크카드 별로 월간 할인 받을 수 있는 최대 금액으로, 잔여한도는 다음달로 이월되지 않으며 전표가 매입되는 순서대로 월간 통합할인한도 내에서 차감됩니다.
- 각 할인서비스는 월간 할인한도 내에서 적용되며, 잔여한도는 이월되지 않습니다.
- 할인/적립이 적용된 매출 취소 시, 취소전표가 실시간 매입되지 않아 할인/적립 한도의 복원과 이에 따른 할인/적립이 즉시 적용되지 않을 수 있습니다.
- 각 할인서비스는 해당 가맹점이 KB국민카드 가맹점 업종코드상 할인대상 가맹점 업종으로 등록된 경우에 한하여 제공됩니다. PG(결제대행) 업체 또는 할인서비스로 제공하지 않는 타 간편결제를 통한 결제 및 호텔, 백화점 대형마트, 철도/역사 등에 입점한 가맹점이나 상품권 구매 시 할인(적립)대상에서 제외될 수 있습니다.
- 상품권 및 선불카드(선불전자지급수단 포함) 구입/충전 금액의 경우 할인에서 제외될 수 있습니다.
- 각 할인(적립)서비스는 KB국민카드 업종 분류 기준, 지정 업종 및 가맹점에 한하여 제공됩니다.
[영업 마감시간 이후 결제계좌 출금]
- 결제계좌 개설 기관의 영업  마감시간(16시) 이후 입금된 금액에  대해서는 당일 출금되지 못하여 연체 처리 될  수 있으니 유의하시기 바랍니다.
- 자동이체  업무 마감시간 이후 당사 홈페이지/모바일 * 등에서  바로출금(즉시결제) 또는 가상계좌 입금(송금납부)을 통해 당일 결제가 가능합니다. *세부내용 : KB국민카드 홈페이지 > MY KB >  바로출금 또는 가상계좌 참조
[체크카드 국내 직불 이용한도]
만 12~13세의 체크카드 직불 이용 기본한도는 1회/1일 3만원, 월간 30만원이 부여됩니다.
[후불교통 기능 탑재(교통카드로 신청 시)]
- 후불교통카드 발급 대상: 만 12세 이상 (단, 만 12~만 17세 고객의 경우 법정 대리인 동의가 필수이며 1인당 모든 카드사 대상 총 발급매수 1매 이내로 제한, 일부 상품만 발급 가능)
- 버스, 지하철 등 교통이용이 가능하고, 월 1회 체크카드 결제계좌에서 지정된 결제일에 자동 출금됩니다.
- 정상 출금되지 않은 경우 연체에 따른 교통기능 이용이 불가할 수  있으며, 미납금액에 대해서는 연체료가 부과됩니다.
- 체크카드 후불교통 이용대금 출금일
[미성년자 RF(후불교통) 체크카드 이용한도]
- 월 5만원 이하이며, 교통카드 이용내역 및 금액 정산 체계로 일시적 이용한도 초과 사용 가능합니다.

[해외이용]
[체크카드 해외이용 안내]
세부 내용은 'KB국민카드 해외이용종합안내'를 반드시 참고하십시오. 해외이용종합안내
[국제 브랜드별 해당 마크가 부착된 가맹점 및 CD/ATM기에서 이용 가능합니다.]
[체크카드 해외이용한도 및 이용수수료]
예금인출 및 물품구매 수수료는 국제브랜드사에서 부과하는 해외거래수수료 및 해외이용수수료가 포함됩니다.
해외에서 사용한 결제내역을 취소할 경우 환율변동에 따른 손익은 카드사가 부담합니다.
[체크카드 해외이용 시 출금방식]
- 일반 가맹점 이용 시 : 승인시점 즉시 계좌 출금
- 무승인, T&E업종 이용 시 : 전표 매입시점 계좌 출금 (승인시점 이후 평균 1주일 소요)
- T&E 업종 : 항공, 렌터카, 호텔, 무인주유기 등 여행 및 여가 관련 업종
- 승인시점 금액과 매입시점 금액이 상이한 경우 승인시점 금액이 매입시점 금액보다 큰 경우 : 차액 계좌환급 승인시점 금액이 매입시점 금액보다 적은 경우 : 차액 추가 출금되며, 계좌잔액 부족 시 차액 신용청구 됩니다. 신용청구 : 체크카드 결제일에 결제계좌에서 출금되는 것을 의미합니다.
- 매입시점 계좌잔액 부족으로 신용청구 될 경우 회원님의 신용한도가 차감됩니다. (소액신용결제서비스 등록 회원일 경우 소액신용한도가 차감됩니다)
- 승인시점 금액이 매입시점 금액보다 큰 경우 : 차액 계좌환급
- 승인시점 금액이 매입시점 금액보다 적은 경우 : 차액 추가 출금되며, 계좌잔액 부족 시 차액 신용청구 됩니다. 신용청구 : 체크카드 결제일에 결제계좌에서 출금되는 것을 의미합니다.
신용청구 : 체크카드 결제일에 결제계좌에서 출금되는 것을 의미합니다.
[체크카드 해외이용 제한]
매일 00:00 ~ 00:05 / 매월 셋째 주 일요일 00:00 ~ 06:00
[참고사항]
- 해외이용 시 거래유형 및 카드 종류에 관계없이 은행계좌당 1일 최대 600만원 상당의 미화 환산액 범위 내에서 이용 가능합니다.
- 마에스트로(Maestro) 체크카드는 해외 무승인, T&E 업종, 해외 웹사이트에서  이용 불가합니다.
- 은련(UPI) 체크카드는 해외 무승인, T&E 업종 이용 불가합니다.
- 비거주자 및 재외동포는 외국환 거래 규정에 의하여 해외사용이 불가합니다.
- 외국인 거주자의 해외 이용 (KB국민은행 영업점에서 해외사용등록 신청 후 이용 가능합니다.) KB국민은행 영업점에서 해외사용등록 신청 후 이용이 가능합니다. 외국환 거래규정상 외국인 거주자인 경우는 별도의 거래등록을 통해 연간 미화 5만불 한도 내에서(송금 및 환전 포함) 해외 예금인출 및 해외 신용카드 가맹점 또는 직불카드 가맹점 이용이 가능합니다. (비거주자 및 재외동포는 이용이 불가합니다.)
- 체크카드 이용 시 적용 환율 일반가맹점 이용: 승인시점 KB국민은행 전신환매도율(전신송금환율) 무승인/T&E업종 이용: 매입일 KB국민은행 최초 고시 전신환매도율(전신환송금환율)
- 일부 해외 거래 시 IC칩 비밀번호(PIN)을 요구하는 경우가 있으므로, 출국 전 반드시 IC칩 비밀번호(PIN) 등록여부를 확인하시기 바랍니다.
- KB국민은행 영업점에서 해외사용등록 신청 후 이용이 가능합니다.
- 외국환 거래규정상 외국인 거주자인 경우는 별도의 거래등록을 통해 연간 미화 5만불 한도 내에서(송금 및 환전 포함) 해외 예금인출 및 해외 신용카드 가맹점 또는 직불카드 가맹점 이용이 가능합니다. (비거주자 및 재외동포는 이용이 불가합니다.)
- 일반가맹점 이용: 승인시점 KB국민은행 전신환매도율(전신송금환율)
- 무승인/T&E업종 이용: 매입일 KB국민은행 최초 고시 전신환매도율(전신환송금환율)

[확인사항]
[이용실적 제외 대상]
- 체크카드 공통 실적제외 대상 외 카드 별 이용실적 제외 대상이 별도로 존재할 수 있으니, 반드시 해당카드 안내를 참조하시기 바랍니다.
[영업 마감시간 이후 결제계좌 출금]
- 결제계좌 개설 기관의 영업 마감시간(16시) 이후 입금 된 금액에 대해서는 당일 출금되지 못하여 연체 처리 될 수 있으니 유의하시기 바랍니다.
- 자동이체 업무 마감시간 이후 당사 홈페이지/모바일 등에서 바로출금(즉시결제) 또는 가상계좌 입금(송금납부) 을 통해 당일 결제가 가능합니다. 세부내용: KB국민카드 홈페이지 > MY KB > 바로출금 또는 가상계좌 참조
- 세부내용: KB국민카드 홈페이지 > MY KB > 바로출금 또는 가상계좌 참조
[연체이자율]
- 연체이자율 : 회원별/이용상품별 정상이자율 +3%p, 최고 연 20% 이내
- 단, 연체발생시점에 정상이자율이 없는 경우 아래와 같이 적용함
- 일시불 거래 연체시 : 거래발생시점의 최소기간(2개월) 유이자 할부 수수료율 적용
- 무이자할부 거래 연체시 : 거래발생시점의 동일한 할부계약기간의 유이자할부수수료율 적용
- 그 외의 경우 : 정상이자율은 상법상 상사법정이율과 상호금융 가계자금대출금리* 중 높은 금리 적용
한국은행에서 매월 발표하는 가장 최근의 비은행 금융기관 가중평균대출금리(신규대출 기준)
[기타]
- 할인(적립) 서비스 제공 관련 카드별 유예기간은 해당카드를 생애 최초 발급받은 경우에 적용됩니다.
- 할인(적립) 서비스는 제휴업체 정책에 따라 타 할인(적립)카드와 중복할인(적립)이 제한될 수 있습니다.
- 할인/적립이 적용된 매출 취소 시, 취소전표가 실시간 매입되지 않아 할인/적립 한도의 복원과 이에 따른 할인/적립이 즉시 적용되지 않을 수 있습니다.
- 환급할인은 체크카드 이용 후 이용전표가 매입처리(카드이용일로부터 약 2~3일 후) 완료된 후 할인금액을 출금계좌로 환급하는 방식입니다.
- 체크카드 소액신용결제서비스 신청 시 소액신용결제서비스로 이용된 금액은 체크카드 결제일에 결제계좌로 신용청구 됩니다.
- 체크카드로 철도승차권 예매 후 취소 시 반환수수료는 체크카드 결제일에 결제계좌로 신용 청구됩니다. 카드별 별도 조건은 상품 서비스 상세 내용을 참고하시기 바랍니다.
- 외국인 고객님께서 교통(RF)기능 탑재 상품 발급을 원할 시, 고객센터로 문의 주시기 바랍니다.
- KB국민카드 카드상품개발부 kkgc20163@kbfg.com
카드별 별도 조건은 상품 서비스 상세 내용을 참고하시기 바랍니다.

[체크카드 해외이용 안내]
- 일반 가맹점 이용 시 : 승인시점 즉시 계좌 출금
- 무승인, T&E업종 이용 시 : 전표 매입시점 계좌 출금 (승인시점 이후 평균 1주일 소요)
- T&E 업종 : 항공, 렌터카, 호텔, 무인주유기 등 여행 및 여가 관련 업종
- 승인시점 금액과 매입시점 금액이 상이한 경우
  승인시점 금액이 매입시점 금액보다 큰 경우 : 차액 계좌환급
  승인시점 금액이 매입시점 금액보다 적은 경우 : 차액 추가 출금되며, 계좌잔액 부족 시 차액
  신용청구
  됩니다.
  신용청구
  : 체크카드 결제일에 결제계좌에서 출금되는 것을 의미합니다.
- 매입시점 계좌잔액 부족으로 신용청구 될 경우 회원님의 신용한도가 차감됩니다. (소액신용결제서비스 등록 회원일 경우 소액신용한도가 차감됩니다)
- 해외이용 시 거래유형 및 카드 종류에 관계없이 은행계좌당 1일 최대 600만원 상당의 미화 환산액 범위 내에서
  이용 가능합니다.
- 마에스트로(Maestro) 체크카드는 해외 무승인, T&E 업종, 해외 웹사이트에서 이용 불가합니다.
- 은련(UPI) 체크카드는 해외 무승인, T&E 업종 이용 불가합니다.
- 비거주자 및 재외동포는 외국환 거래 규정에 의하여 해외사용이 불가합니다.
- 외국인 거주자의 해외 이용
  (KB국민은행 영업점에서 해외사용등록 신청 후 이용 가능합니다.)
  KB국민은행 영업점에서 해외사용등록 신청 후 이용이 가능합니다.
  외국환 거래규정상 외국인 거주자인 경우는 별도의 거래등록을 통해 연간 미화 5만불 한도 내에서(송금 및 환전 포함) 해외 예금인출 및 해외 신용카드 가맹점 또는 직불카드 가맹점 이용이 가능합니다. (비거주자 및 재외동포는 이용이
  불가합니다.)
- 체크카드 이용 시 적용 환율
  일반가맹점 이용: 승인시점 KB국민은행 전신환매도율(전신송금환율)
  무승인/T&E업종 이용: 매입일 KB국민은행 최초 고시 전신환매도율(전신환송금환율)
- 일부 해외 거래 시 IC칩 비밀번호(PIN)을 요구하는 경우가 있으므로, 출국 전 반드시 IC칩 비밀번호(PIN) 등록여부를 확인하시기 바랍니다.
<table class=""benefit-table""><tr><th>구분</th><th>비자(VISA)</th><th>마스터(Master)</th><th>마에스트로(Maestro)</th><th>은련(UPI)</th></tr><tr><th>물품구매</th><td>비자(VISA) 마크가 부착된 신용카드 가맹점</td><td>마스터(Master) 마크가 부착된 신용카드 가맹점</td><td>마에스트로(Maestro) 마크가 부착된 직불카드 가맹점</td><td>은련(UPI) 마크가 부착된 직불카드 가맹점</td></tr><tr><th>예금인출, 잔액조회</th><td>Plus 마크가 부착된 CD/ATM기</td><td colspan=""2"">Cirrus 마크가 부착된 CD/ATM기</td><td>UnionPay 마크가 부착된 CD/ATM기</td></tr></table>
<table class=""benefit-table""><tr><th colspan=""2"">구분</th><th>비자(VISA)</th><th>마스터(Master)</th><th>마에스트로(Maestro)</th><th>은련(UPI)</th></tr><tr><th colspan=""2"">예금인출수수료</th><td>건당 US$3 + 이용금액의 1% ~1.1% (Conversion Fee)</td><td colspan=""2"">건당 US$3 + 이용금액의 1% (Conversion Fee)</td><td>건당 US $3</td></tr><tr><th colspan=""2"">잔액조회수수료</th><td colspan=""4"">건당 US $0.5</td></tr><tr><th colspan=""2"">물품구매수수료</th><td>건당 이용금액의 0.25%+ 이용금액의 1% ~1.1% (Conversion Fee)</td><td>건당 이용금액의 0.25%+ 이용금액의 1% (Conversion Fee)</td><td>건당 US$ 0.5 + 이용금액의 1% (Conversion Fee)</td><td>건당 이용금액의 0.25%</td></tr><tr><th rowspan=""2"">이용한도</th><th>예금인출</th><td colspan=""4"">1회 100만원 / 1일 600만원 / 1개월 2,000만원 상당 미화 환산액</td></tr><tr><th>물품구매</th><td colspan=""2"">개인별 체크카드 한도 범위 내 (단, 1일 1회 600만원 상당 미화 환산액)</td><td>개인별 체크카드 한도 범위 내 (단, 1회 100만원 / 1일 600만원 상당 미화 환산액)</td><td>개인별 체크카드 한도 범위 내 (단, 1일 1회 600만원 상당 미화 환산액)</td></tr></table>",2026-06-05 09:57:12
02171_N0001,02171,"[확인사항]
[할인(적립) 서비스 적용]
- 업종별로 적용되는 할인(적립)서비스는 이용 가맹점이 해당 카드 할인대상 KB국민카드 가맹점 업종코드로 등록된 경우에 한하여 제공됩니다. PG(인터넷) 업체를 통한 결제 및 호텔, 백화점, 대형마트, 철도역사, 아울렛 매장 등에 입점한 가맹점의 경우 할인(적립) 대상에서 제외됩니다. 미할인(적립) 대상 가맹점의 업종코드가 할인(적립)대상 업종코드로 변경된 경우 변경일 익영업일부터 매입되는 건에 대해서 할인(적립) 적용되며, 변경 전 이용(승인) 건에 대해서 소급하여 할인(적립)되지 않습니다. 가맹점 사정으로 복수의 가맹점을 소유한 경우, 승인되는 가맹점에 따라 할인(적립)이 제외될 수 있습니다.
- 할인(적립) 대상 이용(승인) 건은 이용 순서가 아닌 전표매입 순서대로 할인(적립)한도 내에서 할인(적립)됩니다. 예시) 이마트 KB국민카드로 이마트에서 11월 11일 20만원, 11월 12일 10만원을 이용(승인)하였으나 이마트에서 11월 12일 10만원 이용금액을 먼저 전표매입하는 경우 11월 12일 10만원 이용금액에 대해서 우선 할인이 적용됩니다.
- 주유 할인(적립)은 해당 정유사에서 KB국민카드로 고시하는 휘발유가 기준으로 제공되며, 이용하신 각 주유소별 유가차이 및 유종에 따라 할인(적립)금액에 차이가 발생할 수 있습니다. 특정 정유사와 제휴되지 않은 주유할인(적립) 서비스는 KB국민카드에서 지정한 정유사의 고시 휘발유가를 기준으로 제공됩니다.
- 놀이공원 할인 연간 횟수 산정 기준이 회원별인 경우 해당 놀이공원에서 매년(1월~12월) 할인 받은 횟수 전체를 합산하여 연간 횟수를 제한합니다.
- PG(인터넷) 업체를 통한 결제 및 호텔, 백화점, 대형마트, 철도역사, 아울렛 매장 등에 입점한 가맹점의 경우 할인(적립) 대상에서 제외됩니다.
- 미할인(적립) 대상 가맹점의 업종코드가 할인(적립)대상 업종코드로 변경된 경우 변경일 익영업일부터 매입되는 건에 대해서 할인(적립) 적용되며, 변경 전 이용(승인) 건에 대해서 소급하여 할인(적립)되지 않습니다.
- 가맹점 사정으로 복수의 가맹점을 소유한 경우, 승인되는 가맹점에 따라 할인(적립)이 제외될 수 있습니다.
- 예시) 이마트 KB국민카드로 이마트에서 11월 11일 20만원, 11월 12일 10만원을 이용(승인)하였으나 이마트에서 11월 12일 10만원 이용금액을 먼저 전표매입하는 경우 11월 12일 10만원 이용금액에 대해서 우선 할인이 적용됩니다.
- 특정 정유사와 제휴되지 않은 주유할인(적립) 서비스는 KB국민카드에서 지정한 정유사의 고시 휘발유가를 기준으로 제공됩니다.
[할인(적립)서비스 제외매출]
- 할인(적립) 서비스 제외매출은 다음과 같으며, 카드별 별도 조건은 해당 카드 안내를 참조하시기 바랍니다. 무이자할부 이용금액, 단기카드대출(현금서비스), 장기카드대출(카드론), 지방세, 정부지원금, 대학(대학원)등록금, 각종 수수료 및 이자, 연체료, 연회비, 상품권 및 선불카드(선불전자지급수단 포함) 구입/충전금액, 취소금액
- 무이자할부 이용금액, 단기카드대출(현금서비스), 장기카드대출(카드론), 지방세, 정부지원금, 대학(대학원)등록금, 각종 수수료 및 이자, 연체료, 연회비, 상품권 및 선불카드(선불전자지급수단 포함) 구입/충전금액, 취소금액
[연체이자율]
- 연체이자율 : 회원별/이용상품별 정상이자율 +3%p, 최고 연 20%
- 단, 연체발생시점에 정상이자율이 없는 경우 아래와 같이 적용함
- 일시불 거래 연체시 : 거래발생시점의 최소기간(2개월) 유이자 할부 수수료율 적용
- 무이자할부 거래 연체시 : 거래발생시점의 동일한 할부계약기간의 유이자할부수수료율 적용
- 그 외의 경우: 정상이자율은 상법상 상사법정이율과 상호금융 가계자금대출금리* 중 높은 금리 적용 * 한국은행에서 매월 발표하는 가장 최근의 비은행 금융기관 가중평균대출금리(신규대출 기준)
[기타]
- 상품별로 서비스 제공조건이 별도로 존재할 수 있으니, 세부내용은 해당 상품서비스 내용을 참조하여 주시기 바랍니다.
- 할인(적립) 서비스 제공 관련 카드별 실적 유예기간은 본인회원이 해당카드를 생애 최초 발급받은 경우에 적용되며, 가족카드 단독 발급 시 적용되지 않습니다.
- 할인(적립) 서비스는 제휴업체 정책에 따라 타 할인(적립)카드와 중복할인(적립)이 제한될 수 있습니다.
- 할인/적립이 적용된 매출 취소 시, 취소전표가 실시간 매입되지 않아 할인/적립 한도의 복원과 이에 따른 할인/적립이 즉시 적용되지 않을 수 있습니다.
- 적립시점 기준 60개월이 경과한 각종 포인트(KB포인트리, 금융포인트, 스타마일, 현대자동차포인트, 기아자동차포인트, S-Oil KB포인트 등 포함)는 선입선출 방식으로 월 단위로 소멸됩니다.",2026-06-05 18:33:25
02210_N0001,02210,"[확인사항]
[할인(적립) 서비스 적용]
- 업종별로 적용되는 할인(적립)서비스는 이용 가맹점이 해당 카드 할인대상 KB국민카드 가맹점 업종코드로 등록된 경우에 한하여 제공됩니다. PG(인터넷) 업체를 통한 결제 및 호텔, 백화점, 대형마트, 철도역사, 아울렛 매장 등에 입점한 가맹점의 경우 할인(적립) 대상에서 제외됩니다. 미할인(적립) 대상 가맹점의 업종코드가 할인(적립)대상 업종코드로 변경된 경우 변경일 익영업일부터 매입되는 건에 대해서 할인(적립) 적용되며, 변경 전 이용(승인) 건에 대해서 소급하여 할인(적립)되지 않습니다. 가맹점 사정으로 복수의 가맹점을 소유한 경우, 승인되는 가맹점에 따라 할인(적립)이 제외될 수 있습니다.
- 할인(적립) 대상 이용(승인) 건은 이용 순서가 아닌 전표매입 순서대로 할인(적립)한도 내에서 할인(적립)됩니다. 예시) 이마트 KB국민카드로 이마트에서 11월 11일 20만원, 11월 12일 10만원을 이용(승인)하였으나 이마트에서 11월 12일 10만원 이용금액을 먼저 전표매입하는 경우 11월 12일 10만원 이용금액에 대해서 우선 할인이 적용됩니다.
- 주유 할인(적립)은 해당 정유사에서 KB국민카드로 고시하는 휘발유가 기준으로 제공되며, 이용하신 각 주유소별 유가차이 및 유종에 따라 할인(적립)금액에 차이가 발생할 수 있습니다. 특정 정유사와 제휴되지 않은 주유할인(적립) 서비스는 KB국민카드에서 지정한 정유사의 고시 휘발유가를 기준으로 제공됩니다.
- 놀이공원 할인 연간 횟수 산정 기준이 회원별인 경우 해당 놀이공원에서 매년(1월~12월) 할인 받은 횟수 전체를 합산하여 연간 횟수를 제한합니다.
- PG(인터넷) 업체를 통한 결제 및 호텔, 백화점, 대형마트, 철도역사, 아울렛 매장 등에 입점한 가맹점의 경우 할인(적립) 대상에서 제외됩니다.
- 미할인(적립) 대상 가맹점의 업종코드가 할인(적립)대상 업종코드로 변경된 경우 변경일 익영업일부터 매입되는 건에 대해서 할인(적립) 적용되며, 변경 전 이용(승인) 건에 대해서 소급하여 할인(적립)되지 않습니다.
- 가맹점 사정으로 복수의 가맹점을 소유한 경우, 승인되는 가맹점에 따라 할인(적립)이 제외될 수 있습니다.
- 예시) 이마트 KB국민카드로 이마트에서 11월 11일 20만원, 11월 12일 10만원을 이용(승인)하였으나 이마트에서 11월 12일 10만원 이용금액을 먼저 전표매입하는 경우 11월 12일 10만원 이용금액에 대해서 우선 할인이 적용됩니다.
- 특정 정유사와 제휴되지 않은 주유할인(적립) 서비스는 KB국민카드에서 지정한 정유사의 고시 휘발유가를 기준으로 제공됩니다.
[할인(적립)서비스 제외매출]
- 할인(적립) 서비스 제외매출은 다음과 같으며, 카드별 별도 조건은 해당 카드 안내를 참조하시기 바랍니다. 무이자할부 이용금액, 단기카드대출(현금서비스), 장기카드대출(카드론), 지방세, 정부지원금, 대학(대학원)등록금, 각종 수수료 및 이자, 연체료, 연회비, 상품권 및 선불카드(선불전자지급수단 포함) 구입/충전금액, 취소금액
- 무이자할부 이용금액, 단기카드대출(현금서비스), 장기카드대출(카드론), 지방세, 정부지원금, 대학(대학원)등록금, 각종 수수료 및 이자, 연체료, 연회비, 상품권 및 선불카드(선불전자지급수단 포함) 구입/충전금액, 취소금액
[연체이자율]
- 연체이자율 : 회원별/이용상품별 정상이자율 +3%p, 최고 연 20%
- 단, 연체발생시점에 정상이자율이 없는 경우 아래와 같이 적용함
- 일시불 거래 연체시 : 거래발생시점의 최소기간(2개월) 유이자 할부 수수료율 적용
- 무이자할부 거래 연체시 : 거래발생시점의 동일한 할부계약기간의 유이자할부수수료율 적용
- 그 외의 경우: 정상이자율은 상법상 상사법정이율과 상호금융 가계자금대출금리* 중 높은 금리 적용 * 한국은행에서 매월 발표하는 가장 최근의 비은행 금융기관 가중평균대출금리(신규대출 기준)
[기타]
- 상품별로 서비스 제공조건이 별도로 존재할 수 있으니, 세부내용은 해당 상품서비스 내용을 참조하여 주시기 바랍니다.
- 할인(적립) 서비스 제공 관련 카드별 실적 유예기간은 본인회원이 해당카드를 생애 최초 발급받은 경우에 적용되며, 가족카드 단독 발급 시 적용되지 않습니다.
- 할인(적립) 서비스는 제휴업체 정책에 따라 타 할인(적립)카드와 중복할인(적립)이 제한될 수 있습니다.
- 할인/적립이 적용된 매출 취소 시, 취소전표가 실시간 매입되지 않아 할인/적립 한도의 복원과 이에 따른 할인/적립이 즉시 적용되지 않을 수 있습니다.
- 적립시점 기준 60개월이 경과한 각종 포인트(KB포인트리, 금융포인트, 스타마일, 현대자동차포인트, 기아자동차포인트, S-Oil KB포인트 등 포함)는 선입선출 방식으로 월 단위로 소멸됩니다.",2026-06-05 18:33:29
02219_N0001,02219,"[확인사항]
[할인(적립) 서비스 적용]
- 업종별로 적용되는 할인(적립)서비스는 이용 가맹점이 해당 카드 할인대상 KB국민카드 가맹점 업종코드로 등록된 경우에 한하여 제공됩니다. PG(인터넷) 업체를 통한 결제 및 호텔, 백화점, 대형마트, 철도역사, 아울렛 매장 등에 입점한 가맹점의 경우 할인(적립) 대상에서 제외됩니다. 미할인(적립) 대상 가맹점의 업종코드가 할인(적립)대상 업종코드로 변경된 경우 변경일 익영업일부터 매입되는 건에 대해서 할인(적립) 적용되며, 변경 전 이용(승인) 건에 대해서 소급하여 할인(적립)되지 않습니다. 가맹점 사정으로 복수의 가맹점을 소유한 경우, 승인되는 가맹점에 따라 할인(적립)이 제외될 수 있습니다.
- 할인(적립) 대상 이용(승인) 건은 이용 순서가 아닌 전표매입 순서대로 할인(적립)한도 내에서 할인(적립)됩니다. 예시) 이마트 KB국민카드로 이마트에서 11월 11일 20만원, 11월 12일 10만원을 이용(승인)하였으나 이마트에서 11월 12일 10만원 이용금액을 먼저 전표매입하는 경우 11월 12일 10만원 이용금액에 대해서 우선 할인이 적용됩니다.
- 주유 할인(적립)은 해당 정유사에서 KB국민카드로 고시하는 휘발유가 기준으로 제공되며, 이용하신 각 주유소별 유가차이 및 유종에 따라 할인(적립)금액에 차이가 발생할 수 있습니다. 특정 정유사와 제휴되지 않은 주유할인(적립) 서비스는 KB국민카드에서 지정한 정유사의 고시 휘발유가를 기준으로 제공됩니다.
- 놀이공원 할인 연간 횟수 산정 기준이 회원별인 경우 해당 놀이공원에서 매년(1월~12월) 할인 받은 횟수 전체를 합산하여 연간 횟수를 제한합니다.
- PG(인터넷) 업체를 통한 결제 및 호텔, 백화점, 대형마트, 철도역사, 아울렛 매장 등에 입점한 가맹점의 경우 할인(적립) 대상에서 제외됩니다.
- 미할인(적립) 대상 가맹점의 업종코드가 할인(적립)대상 업종코드로 변경된 경우 변경일 익영업일부터 매입되는 건에 대해서 할인(적립) 적용되며, 변경 전 이용(승인) 건에 대해서 소급하여 할인(적립)되지 않습니다.
- 가맹점 사정으로 복수의 가맹점을 소유한 경우, 승인되는 가맹점에 따라 할인(적립)이 제외될 수 있습니다.
- 예시) 이마트 KB국민카드로 이마트에서 11월 11일 20만원, 11월 12일 10만원을 이용(승인)하였으나 이마트에서 11월 12일 10만원 이용금액을 먼저 전표매입하는 경우 11월 12일 10만원 이용금액에 대해서 우선 할인이 적용됩니다.
- 특정 정유사와 제휴되지 않은 주유할인(적립) 서비스는 KB국민카드에서 지정한 정유사의 고시 휘발유가를 기준으로 제공됩니다.
[할인(적립)서비스 제외매출]
- 할인(적립) 서비스 제외매출은 다음과 같으며, 카드별 별도 조건은 해당 카드 안내를 참조하시기 바랍니다. 무이자할부 이용금액, 단기카드대출(현금서비스), 장기카드대출(카드론), 지방세, 정부지원금, 대학(대학원)등록금, 각종 수수료 및 이자, 연체료, 연회비, 상품권 및 선불카드(선불전자지급수단 포함) 구입/충전금액, 취소금액
- 무이자할부 이용금액, 단기카드대출(현금서비스), 장기카드대출(카드론), 지방세, 정부지원금, 대학(대학원)등록금, 각종 수수료 및 이자, 연체료, 연회비, 상품권 및 선불카드(선불전자지급수단 포함) 구입/충전금액, 취소금액
[연체이자율]
- 연체이자율 : 회원별/이용상품별 정상이자율 +3%p, 최고 연 20%
- 단, 연체발생시점에 정상이자율이 없는 경우 아래와 같이 적용함
- 일시불 거래 연체시 : 거래발생시점의 최소기간(2개월) 유이자 할부 수수료율 적용
- 무이자할부 거래 연체시 : 거래발생시점의 동일한 할부계약기간의 유이자할부수수료율 적용
- 그 외의 경우: 정상이자율은 상법상 상사법정이율과 상호금융 가계자금대출금리* 중 높은 금리 적용 * 한국은행에서 매월 발표하는 가장 최근의 비은행 금융기관 가중평균대출금리(신규대출 기준)
[기타]
- 상품별로 서비스 제공조건이 별도로 존재할 수 있으니, 세부내용은 해당 상품서비스 내용을 참조하여 주시기 바랍니다.
- 할인(적립) 서비스 제공 관련 카드별 실적 유예기간은 본인회원이 해당카드를 생애 최초 발급받은 경우에 적용되며, 가족카드 단독 발급 시 적용되지 않습니다.
- 할인(적립) 서비스는 제휴업체 정책에 따라 타 할인(적립)카드와 중복할인(적립)이 제한될 수 있습니다.
- 할인/적립이 적용된 매출 취소 시, 취소전표가 실시간 매입되지 않아 할인/적립 한도의 복원과 이에 따른 할인/적립이 즉시 적용되지 않을 수 있습니다.
- 적립시점 기준 60개월이 경과한 각종 포인트(KB포인트리, 금융포인트, 스타마일, 현대자동차포인트, 기아자동차포인트, S-Oil KB포인트 등 포함)는 선입선출 방식으로 월 단위로 소멸됩니다.",2026-06-05 09:52:31
02245_N0001,02245,"[확인사항]
[할인(적립) 한도]
- 일/월/연간 할인(적립)한도 산정기간 할인(적립)한도 산정기간은 매월 1일~말일입니다. (고객별 결제일에 따른 신용공여기간 아님)
- 일/월/연간 할인(적립)한도 할인(적립) 서비스 제공시 일/월/연간 금액한도 및 횟수제한을 의미합니다. 예시) 롯데월드 종합이용권 50%할인(일1매, 연10회) 하루에 2매 이용시 1매만 할인 적용, 연간 11회 이용시 10회만 할인 적용 월간 할인(적립) 잔여한도는 다음달로 이월되지 않습니다. 예시) GS칼텍스 스마트 KB국민카드로 GS칼텍스 주유소 주유시 월간 30만원 이용금액까지 할인 제공 해당 카드로 월간 20만원 주유시 잔여 이용금액한도 10만원은 다음달로 이월되지 않음 할인/적립이 적용된 매출 취소 시, 취소전표가 실시간 매입되지 않아 할인/적립 한도의 복원과 이에 따른 할인/적립이 즉시 적용되지 않을 수 있습니다.
- 할인(적립)서비스 적용 대상 이용금액 한도 신용카드별 할인(적립) 제공을 받을 수 있는 이용금액을 의미합니다. 예시) SK스마트 KB국민카드로 SK주유소 주유시 월간 30만원 이용금액까지 할인 제공 해당 카드로 월간 40만원 주유시 30만원까지만 할인적용(10만원 미적용)
- 할인(적립)한도 산정기간은 매월 1일~말일입니다. (고객별 결제일에 따른 신용공여기간 아님)
- 할인(적립) 서비스 제공시 일/월/연간 금액한도 및 횟수제한을 의미합니다. 예시) 롯데월드 종합이용권 50%할인(일1매, 연10회) 하루에 2매 이용시 1매만 할인 적용, 연간 11회 이용시 10회만 할인 적용
- 월간 할인(적립) 잔여한도는 다음달로 이월되지 않습니다. 예시) GS칼텍스 스마트 KB국민카드로 GS칼텍스 주유소 주유시 월간 30만원 이용금액까지 할인 제공 해당 카드로 월간 20만원 주유시 잔여 이용금액한도 10만원은 다음달로 이월되지 않음
- 할인/적립이 적용된 매출 취소 시, 취소전표가 실시간 매입되지 않아 할인/적립 한도의 복원과 이에 따른 할인/적립이 즉시 적용되지 않을 수 있습니다.
하루에 2매 이용시 1매만 할인 적용, 연간 11회 이용시 10회만 할인 적용
해당 카드로 월간 20만원 주유시 잔여 이용금액한도 10만원은 다음달로 이월되지 않음
- 신용카드별 할인(적립) 제공을 받을 수 있는 이용금액을 의미합니다. 예시) SK스마트 KB국민카드로 SK주유소 주유시 월간 30만원 이용금액까지 할인 제공 해당 카드로 월간 40만원 주유시 30만원까지만 할인적용(10만원 미적용)
해당 카드로 월간 40만원 주유시 30만원까지만 할인적용(10만원 미적용)
[할인(적립) 서비스 적용]
- 업종별로 적용되는 할인(적립) 서비스는 이용 가맹점이 해당 카드 할인대상 KB국민카드 가맹점 업종코드로 등록된 경우에 한하여 제공됩니다. PG(인터넷) 업체를 통한 결제 및 호텔, 백화점, 대형마트, 철도역사, 아울렛 매장 등에 입점한 가맹점의 경우 할인(적립) 대상에서 제외됩니다. 미할인(적립) 대상 가맹점의 업종코드가 할인(적립)대상 업종코드로 변경된 경우 변경일 익영업일부터 매입되는 건에 대해서 할인(적립) 적용되며, 변경 전 이용(승인) 매출 건에 대해서 소급하여 할인(적립)되지 않습니다. 가맹점 사정으로 복수의 가맹점을 소유한 경우, 승인되는 가맹점에 따라 할인(적립)이 제외될 수 있습니다.
- 할인(적립) 대상 이용(승인)매출건은 이용 순서가 아닌 전표매입 순서대로 할인(적립)한도 내에서 할인(적립)됩니다. 예시) 이마트 KB국민카드로 이마트에서 11월 11일 20만원, 11월 12일 10만원을 이용(승인)하였으나 이마트에서 11월 12일 10만원 이용금액을 먼저 전표매입하는 경우 11월 12일 10만원 이용금액에 대해서 우선 할인이 적용됩니다.
- 주유 할인(적립)은 해당 정유사에서 KB국민카드로 고시하는 휘발유가 기준으로 제공되며, 이용하신 각 주유소별 유가차이 및 유종에 따라 할인(적립)금액에 차이가 발생할 수 있습니다. 특정 정유사와 제휴되지 않은 주유 할인(적립) 서비스는 KB국민카드에서 지정한 정유사의 고시 휘발유가를 기준으로 제공됩니다.
- 놀이공원 할인 연간 횟수 산정 기준이 회원별 기준인 경우 해당 놀이공원에서 매년(1월~12월까지) 회원이 할인받은 횟수를 전체 합산하여 연간 횟수를 제한합니다.
- PG(인터넷) 업체를 통한 결제 및 호텔, 백화점, 대형마트, 철도역사, 아울렛 매장 등에 입점한 가맹점의 경우 할인(적립) 대상에서 제외됩니다.
- 미할인(적립) 대상 가맹점의 업종코드가 할인(적립)대상 업종코드로 변경된 경우 변경일 익영업일부터 매입되는 건에 대해서 할인(적립) 적용되며, 변경 전 이용(승인) 매출 건에 대해서 소급하여 할인(적립)되지 않습니다.
- 가맹점 사정으로 복수의 가맹점을 소유한 경우, 승인되는 가맹점에 따라 할인(적립)이 제외될 수 있습니다.
예시) 이마트 KB국민카드로 이마트에서 11월 11일 20만원, 11월 12일 10만원을 이용(승인)하였으나 이마트에서 11월 12일 10만원 이용금액을 먼저 전표매입하는 경우 11월 12일 10만원 이용금액에 대해서 우선 할인이 적용됩니다.
- 특정 정유사와 제휴되지 않은 주유 할인(적립) 서비스는 KB국민카드에서 지정한 정유사의 고시 휘발유가를 기준으로 제공됩니다.
[할인(적립) 서비스 제공 제외 매출]
- 할인(적립) 서비스 제외 매출은 다음과 같으며, 카드별 별도 조건은 해당 카드 안내를 참조하시기 바랍니다. (부분)무이자할부이용금액, 단기카드대출(현금서비스), 장기카드대출(카드론), 각종 세금 및 공과금, 정부지원금, 대학(대학원)등록금, 각종 수수료 및 이자, 연체료, 연회비, 상품권 및 선불카드(선불전자지급수단 포함)구입 · 충전금액, 취소금액, 무승인전표, 아파트관리비
(부분)무이자할부이용금액, 단기카드대출(현금서비스), 장기카드대출(카드론), 각종 세금 및 공과금, 정부지원금, 대학(대학원)등록금, 각종 수수료 및 이자, 연체료, 연회비, 상품권 및 선불카드(선불전자지급수단 포함)구입 · 충전금액, 취소금액, 무승인전표, 아파트관리비
[연체이자율]
- 연체이자율 : 회원별/이용상품별 정상이자율 + 3%p, 최고 연 20% 단, 연체발생시점에 정상이자율이 없는 경우 아래와 같이 적용함
- 일시불 거래 연체시 : 거래발생시점의 최소기간(2개월) 유이자 할부수수료율 적용
- 무이자할부 거래 연체시 : 거래발생시점의 동일한 할부계약기간의 유이자할부수수료율 적용
단, 연체발생시점에 정상이자율이 없는 경우 아래와 같이 적용함
[기타]
- 상품별로 서비스 제공 조건이 별도로 존재할 수 있으니, 세부내용은 해당 상품 서비스 내용을 참조하여 주시기 바랍니다.
- 할인(적립) 서비스 제공 관련 카드별 실적유예기간은 본인회원이 해당카드를 생애 최초 발급받은 경우에 적용되며, 가족카드 단독 발급 시 적용되지 않습니다.
- 할인(적립) 서비스는 제휴업체 정책에 따라 타 할인(적립)카드와 중복 할인(적립)이 제한될 수 있습니다.
- 적립시점 기준 60개월이 경과한 각종 포인트(KB포인트리, 금융포인트, 스타마일, 현대자동차포인트, 기아자동차포인트, S-Oil KB포인트 등 포함)는 선입선출 방식으로 월 단위로 소멸됩니다.",2026-06-05 09:56:12
04284_N0001,04284,"[확인사항]
[할인(적립) 서비스 적용]
- 업종별로 적용되는 할인(적립)서비스는 이용 가맹점이 해당 카드 할인대상 KB국민카드 가맹점 업종코드로 등록된 경우에 한하여 제공됩니다. PG(인터넷) 업체를 통한 결제 및 호텔, 백화점, 대형마트, 철도역사, 아울렛 매장 등에 입점한 가맹점의 경우 할인(적립) 대상에서 제외됩니다. 미할인(적립) 대상 가맹점의 업종코드가 할인(적립)대상 업종코드로 변경된 경우 변경일 익영업일부터 매입되는 건에 대해서 할인(적립) 적용되며, 변경 전 이용(승인) 건에 대해서 소급하여 할인(적립)되지 않습니다. 가맹점 사정으로 복수의 가맹점을 소유한 경우, 승인되는 가맹점에 따라 할인(적립)이 제외될 수 있습니다.
- 할인(적립) 대상 이용(승인) 건은 이용 순서가 아닌 전표매입 순서대로 할인(적립)한도 내에서 할인(적립)됩니다. 예시) 이마트 KB국민카드로 이마트에서 11월 11일 20만원, 11월 12일 10만원을 이용(승인)하였으나 이마트에서 11월 12일 10만원 이용금액을 먼저 전표매입하는 경우 11월 12일 10만원 이용금액에 대해서 우선 할인이 적용됩니다.
- 주유 할인(적립)은 해당 정유사에서 KB국민카드로 고시하는 휘발유가 기준으로 제공되며, 이용하신 각 주유소별 유가차이 및 유종에 따라 할인(적립)금액에 차이가 발생할 수 있습니다. 특정 정유사와 제휴되지 않은 주유할인(적립) 서비스는 KB국민카드에서 지정한 정유사의 고시 휘발유가를 기준으로 제공됩니다.
- 놀이공원 할인 연간 횟수 산정 기준이 회원별인 경우 해당 놀이공원에서 매년(1월~12월) 할인 받은 횟수 전체를 합산하여 연간 횟수를 제한합니다.
- PG(인터넷) 업체를 통한 결제 및 호텔, 백화점, 대형마트, 철도역사, 아울렛 매장 등에 입점한 가맹점의 경우 할인(적립) 대상에서 제외됩니다.
- 미할인(적립) 대상 가맹점의 업종코드가 할인(적립)대상 업종코드로 변경된 경우 변경일 익영업일부터 매입되는 건에 대해서 할인(적립) 적용되며, 변경 전 이용(승인) 건에 대해서 소급하여 할인(적립)되지 않습니다.
- 가맹점 사정으로 복수의 가맹점을 소유한 경우, 승인되는 가맹점에 따라 할인(적립)이 제외될 수 있습니다.
- 예시) 이마트 KB국민카드로 이마트에서 11월 11일 20만원, 11월 12일 10만원을 이용(승인)하였으나 이마트에서 11월 12일 10만원 이용금액을 먼저 전표매입하는 경우 11월 12일 10만원 이용금액에 대해서 우선 할인이 적용됩니다.
- 특정 정유사와 제휴되지 않은 주유할인(적립) 서비스는 KB국민카드에서 지정한 정유사의 고시 휘발유가를 기준으로 제공됩니다.
[할인(적립)서비스 제외매출]
- 할인(적립) 서비스 제외매출은 다음과 같으며, 카드별 별도 조건은 해당 카드 안내를 참조하시기 바랍니다. 무이자할부 이용금액, 단기카드대출(현금서비스), 장기카드대출(카드론), 지방세, 정부지원금, 대학(대학원)등록금, 각종 수수료 및 이자, 연체료, 연회비, 상품권 및 선불카드(선불전자지급수단 포함) 구입/충전금액, 취소금액
- 무이자할부 이용금액, 단기카드대출(현금서비스), 장기카드대출(카드론), 지방세, 정부지원금, 대학(대학원)등록금, 각종 수수료 및 이자, 연체료, 연회비, 상품권 및 선불카드(선불전자지급수단 포함) 구입/충전금액, 취소금액
[연체이자율]
- 연체이자율 : 회원별/이용상품별 정상이자율 +3%p, 최고 연 20%
- 단, 연체발생시점에 정상이자율이 없는 경우 아래와 같이 적용함
- 일시불 거래 연체시 : 거래발생시점의 최소기간(2개월) 유이자 할부 수수료율 적용
- 무이자할부 거래 연체시 : 거래발생시점의 동일한 할부계약기간의 유이자할부수수료율 적용
- 그 외의 경우: 정상이자율은 상법상 상사법정이율과 상호금융 가계자금대출금리* 중 높은 금리 적용 * 한국은행에서 매월 발표하는 가장 최근의 비은행 금융기관 가중평균대출금리(신규대출 기준)
[기타]
- 상품별로 서비스 제공조건이 별도로 존재할 수 있으니, 세부내용은 해당 상품서비스 내용을 참조하여 주시기 바랍니다.
- 할인(적립) 서비스 제공 관련 카드별 실적 유예기간은 본인회원이 해당카드를 생애 최초 발급받은 경우에 적용되며, 가족카드 단독 발급 시 적용되지 않습니다.
- 할인(적립) 서비스는 제휴업체 정책에 따라 타 할인(적립)카드와 중복할인(적립)이 제한될 수 있습니다.
- 할인/적립이 적용된 매출 취소 시, 취소전표가 실시간 매입되지 않아 할인/적립 한도의 복원과 이에 따른 할인/적립이 즉시 적용되지 않을 수 있습니다.
- 적립시점 기준 60개월이 경과한 각종 포인트(KB포인트리, 금융포인트, 스타마일, 현대자동차포인트, 기아자동차포인트, S-Oil KB포인트 등 포함)는 선입선출 방식으로 월 단위로 소멸됩니다.",2026-06-05 09:54:19
04285_N0001,04285,"[확인사항]
[할인(적립) 서비스 적용]
- 업종별로 적용되는 할인(적립)서비스는 이용 가맹점이 해당 카드 할인대상 KB국민카드 가맹점 업종코드로 등록된 경우에 한하여 제공됩니다. PG(인터넷) 업체를 통한 결제 및 호텔, 백화점, 대형마트, 철도역사, 아울렛 매장 등에 입점한 가맹점의 경우 할인(적립) 대상에서 제외됩니다. 미할인(적립) 대상 가맹점의 업종코드가 할인(적립)대상 업종코드로 변경된 경우 변경일 익영업일부터 매입되는 건에 대해서 할인(적립) 적용되며, 변경 전 이용(승인) 건에 대해서 소급하여 할인(적립)되지 않습니다. 가맹점 사정으로 복수의 가맹점을 소유한 경우, 승인되는 가맹점에 따라 할인(적립)이 제외될 수 있습니다.
- 할인(적립) 대상 이용(승인) 건은 이용 순서가 아닌 전표매입 순서대로 할인(적립)한도 내에서 할인(적립)됩니다. 예시) 이마트 KB국민카드로 이마트에서 11월 11일 20만원, 11월 12일 10만원을 이용(승인)하였으나 이마트에서 11월 12일 10만원 이용금액을 먼저 전표매입하는 경우 11월 12일 10만원 이용금액에 대해서 우선 할인이 적용됩니다.
- 주유 할인(적립)은 해당 정유사에서 KB국민카드로 고시하는 휘발유가 기준으로 제공되며, 이용하신 각 주유소별 유가차이 및 유종에 따라 할인(적립)금액에 차이가 발생할 수 있습니다. 특정 정유사와 제휴되지 않은 주유할인(적립) 서비스는 KB국민카드에서 지정한 정유사의 고시 휘발유가를 기준으로 제공됩니다.
- 놀이공원 할인 연간 횟수 산정 기준이 회원별인 경우 해당 놀이공원에서 매년(1월~12월) 할인 받은 횟수 전체를 합산하여 연간 횟수를 제한합니다.
- PG(인터넷) 업체를 통한 결제 및 호텔, 백화점, 대형마트, 철도역사, 아울렛 매장 등에 입점한 가맹점의 경우 할인(적립) 대상에서 제외됩니다.
- 미할인(적립) 대상 가맹점의 업종코드가 할인(적립)대상 업종코드로 변경된 경우 변경일 익영업일부터 매입되는 건에 대해서 할인(적립) 적용되며, 변경 전 이용(승인) 건에 대해서 소급하여 할인(적립)되지 않습니다.
- 가맹점 사정으로 복수의 가맹점을 소유한 경우, 승인되는 가맹점에 따라 할인(적립)이 제외될 수 있습니다.
- 예시) 이마트 KB국민카드로 이마트에서 11월 11일 20만원, 11월 12일 10만원을 이용(승인)하였으나 이마트에서 11월 12일 10만원 이용금액을 먼저 전표매입하는 경우 11월 12일 10만원 이용금액에 대해서 우선 할인이 적용됩니다.
- 특정 정유사와 제휴되지 않은 주유할인(적립) 서비스는 KB국민카드에서 지정한 정유사의 고시 휘발유가를 기준으로 제공됩니다.
[할인(적립)서비스 제외매출]
- 할인(적립) 서비스 제외매출은 다음과 같으며, 카드별 별도 조건은 해당 카드 안내를 참조하시기 바랍니다. 무이자할부 이용금액, 단기카드대출(현금서비스), 장기카드대출(카드론), 지방세, 정부지원금, 대학(대학원)등록금, 각종 수수료 및 이자, 연체료, 연회비, 상품권 및 선불카드(선불전자지급수단 포함) 구입/충전금액, 취소금액
- 무이자할부 이용금액, 단기카드대출(현금서비스), 장기카드대출(카드론), 지방세, 정부지원금, 대학(대학원)등록금, 각종 수수료 및 이자, 연체료, 연회비, 상품권 및 선불카드(선불전자지급수단 포함) 구입/충전금액, 취소금액
[연체이자율]
- 연체이자율 : 회원별/이용상품별 정상이자율 +3%p, 최고 연 20%
- 단, 연체발생시점에 정상이자율이 없는 경우 아래와 같이 적용함
- 일시불 거래 연체시 : 거래발생시점의 최소기간(2개월) 유이자 할부 수수료율 적용
- 무이자할부 거래 연체시 : 거래발생시점의 동일한 할부계약기간의 유이자할부수수료율 적용
- 그 외의 경우: 정상이자율은 상법상 상사법정이율과 상호금융 가계자금대출금리* 중 높은 금리 적용 * 한국은행에서 매월 발표하는 가장 최근의 비은행 금융기관 가중평균대출금리(신규대출 기준)
[기타]
- 상품별로 서비스 제공조건이 별도로 존재할 수 있으니, 세부내용은 해당 상품서비스 내용을 참조하여 주시기 바랍니다.
- 할인(적립) 서비스 제공 관련 카드별 실적 유예기간은 본인회원이 해당카드를 생애 최초 발급받은 경우에 적용되며, 가족카드 단독 발급 시 적용되지 않습니다.
- 할인(적립) 서비스는 제휴업체 정책에 따라 타 할인(적립)카드와 중복할인(적립)이 제한될 수 있습니다.
- 할인/적립이 적용된 매출 취소 시, 취소전표가 실시간 매입되지 않아 할인/적립 한도의 복원과 이에 따른 할인/적립이 즉시 적용되지 않을 수 있습니다.
- 적립시점 기준 60개월이 경과한 각종 포인트(KB포인트리, 금융포인트, 스타마일, 현대자동차포인트, 기아자동차포인트, S-Oil KB포인트 등 포함)는 선입선출 방식으로 월 단위로 소멸됩니다.",2026-06-05 11:20:33
04288_N0001,04288,"[확인사항]
[할인(적립) 서비스 적용]
- 업종별로 적용되는 할인(적립)서비스는 이용 가맹점이 해당 카드 할인대상 KB국민카드 가맹점 업종코드로 등록된 경우에 한하여 제공됩니다. PG(인터넷) 업체를 통한 결제 및 호텔, 백화점, 대형마트, 철도역사, 아울렛 매장 등에 입점한 가맹점의 경우 할인(적립) 대상에서 제외됩니다. 미할인(적립) 대상 가맹점의 업종코드가 할인(적립)대상 업종코드로 변경된 경우 변경일 익영업일부터 매입되는 건에 대해서 할인(적립) 적용되며, 변경 전 이용(승인) 건에 대해서 소급하여 할인(적립)되지 않습니다. 가맹점 사정으로 복수의 가맹점을 소유한 경우, 승인되는 가맹점에 따라 할인(적립)이 제외될 수 있습니다.
- 할인(적립) 대상 이용(승인) 건은 이용 순서가 아닌 전표매입 순서대로 할인(적립)한도 내에서 할인(적립)됩니다. 예시) 이마트 KB국민카드로 이마트에서 11월 11일 20만원, 11월 12일 10만원을 이용(승인)하였으나 이마트에서 11월 12일 10만원 이용금액을 먼저 전표매입하는 경우 11월 12일 10만원 이용금액에 대해서 우선 할인이 적용됩니다.
- 주유 할인(적립)은 해당 정유사에서 KB국민카드로 고시하는 휘발유가 기준으로 제공되며, 이용하신 각 주유소별 유가차이 및 유종에 따라 할인(적립)금액에 차이가 발생할 수 있습니다. 특정 정유사와 제휴되지 않은 주유할인(적립) 서비스는 KB국민카드에서 지정한 정유사의 고시 휘발유가를 기준으로 제공됩니다.
- 놀이공원 할인 연간 횟수 산정 기준이 회원별인 경우 해당 놀이공원에서 매년(1월~12월) 할인 받은 횟수 전체를 합산하여 연간 횟수를 제한합니다.
- PG(인터넷) 업체를 통한 결제 및 호텔, 백화점, 대형마트, 철도역사, 아울렛 매장 등에 입점한 가맹점의 경우 할인(적립) 대상에서 제외됩니다.
- 미할인(적립) 대상 가맹점의 업종코드가 할인(적립)대상 업종코드로 변경된 경우 변경일 익영업일부터 매입되는 건에 대해서 할인(적립) 적용되며, 변경 전 이용(승인) 건에 대해서 소급하여 할인(적립)되지 않습니다.
- 가맹점 사정으로 복수의 가맹점을 소유한 경우, 승인되는 가맹점에 따라 할인(적립)이 제외될 수 있습니다.
- 예시) 이마트 KB국민카드로 이마트에서 11월 11일 20만원, 11월 12일 10만원을 이용(승인)하였으나 이마트에서 11월 12일 10만원 이용금액을 먼저 전표매입하는 경우 11월 12일 10만원 이용금액에 대해서 우선 할인이 적용됩니다.
- 특정 정유사와 제휴되지 않은 주유할인(적립) 서비스는 KB국민카드에서 지정한 정유사의 고시 휘발유가를 기준으로 제공됩니다.
[할인(적립)서비스 제외매출]
- 할인(적립) 서비스 제외매출은 다음과 같으며, 카드별 별도 조건은 해당 카드 안내를 참조하시기 바랍니다. 무이자할부 이용금액, 단기카드대출(현금서비스), 장기카드대출(카드론), 지방세, 정부지원금, 대학(대학원)등록금, 각종 수수료 및 이자, 연체료, 연회비, 상품권 및 선불카드(선불전자지급수단 포함) 구입/충전금액, 취소금액
- 무이자할부 이용금액, 단기카드대출(현금서비스), 장기카드대출(카드론), 지방세, 정부지원금, 대학(대학원)등록금, 각종 수수료 및 이자, 연체료, 연회비, 상품권 및 선불카드(선불전자지급수단 포함) 구입/충전금액, 취소금액
[연체이자율]
- 연체이자율 : 회원별/이용상품별 정상이자율 +3%p, 최고 연 20%
- 단, 연체발생시점에 정상이자율이 없는 경우 아래와 같이 적용함
- 일시불 거래 연체시 : 거래발생시점의 최소기간(2개월) 유이자 할부 수수료율 적용
- 무이자할부 거래 연체시 : 거래발생시점의 동일한 할부계약기간의 유이자할부수수료율 적용
- 그 외의 경우: 정상이자율은 상법상 상사법정이율과 상호금융 가계자금대출금리* 중 높은 금리 적용 * 한국은행에서 매월 발표하는 가장 최근의 비은행 금융기관 가중평균대출금리(신규대출 기준)
[기타]
- 상품별로 서비스 제공조건이 별도로 존재할 수 있으니, 세부내용은 해당 상품서비스 내용을 참조하여 주시기 바랍니다.
- 할인(적립) 서비스 제공 관련 카드별 실적 유예기간은 본인회원이 해당카드를 생애 최초 발급받은 경우에 적용되며, 가족카드 단독 발급 시 적용되지 않습니다.
- 할인(적립) 서비스는 제휴업체 정책에 따라 타 할인(적립)카드와 중복할인(적립)이 제한될 수 있습니다.
- 할인/적립이 적용된 매출 취소 시, 취소전표가 실시간 매입되지 않아 할인/적립 한도의 복원과 이에 따른 할인/적립이 즉시 적용되지 않을 수 있습니다.
- 적립시점 기준 60개월이 경과한 각종 포인트(KB포인트리, 금융포인트, 스타마일, 현대자동차포인트, 기아자동차포인트, S-Oil KB포인트 등 포함)는 선입선출 방식으로 월 단위로 소멸됩니다.",2026-06-05 17:12:09
04320_N0001,04320,"[확인사항]
[할인(적립) 서비스 적용]
- 업종별로 적용되는 할인(적립)서비스는 이용 가맹점이 해당 카드 할인대상 KB국민카드 가맹점 업종코드로 등록된 경우에 한하여 제공됩니다. PG(인터넷) 업체를 통한 결제 및 호텔, 백화점, 대형마트, 철도역사, 아울렛 매장 등에 입점한 가맹점의 경우 할인(적립) 대상에서 제외됩니다. 미할인(적립) 대상 가맹점의 업종코드가 할인(적립)대상 업종코드로 변경된 경우 변경일 익영업일부터 매입되는 건에 대해서 할인(적립) 적용되며, 변경 전 이용(승인) 건에 대해서 소급하여 할인(적립)되지 않습니다. 가맹점 사정으로 복수의 가맹점을 소유한 경우, 승인되는 가맹점에 따라 할인(적립)이 제외될 수 있습니다.
- 할인(적립) 대상 이용(승인) 건은 이용 순서가 아닌 전표매입 순서대로 할인(적립)한도 내에서 할인(적립)됩니다. 예시) 이마트 KB국민카드로 이마트에서 11월 11일 20만원, 11월 12일 10만원을 이용(승인)하였으나 이마트에서 11월 12일 10만원 이용금액을 먼저 전표매입하는 경우 11월 12일 10만원 이용금액에 대해서 우선 할인이 적용됩니다.
- 주유 할인(적립)은 해당 정유사에서 KB국민카드로 고시하는 휘발유가 기준으로 제공되며, 이용하신 각 주유소별 유가차이 및 유종에 따라 할인(적립)금액에 차이가 발생할 수 있습니다. 특정 정유사와 제휴되지 않은 주유할인(적립) 서비스는 KB국민카드에서 지정한 정유사의 고시 휘발유가를 기준으로 제공됩니다.
- 놀이공원 할인 연간 횟수 산정 기준이 회원별인 경우 해당 놀이공원에서 매년(1월~12월) 할인 받은 횟수 전체를 합산하여 연간 횟수를 제한합니다.
- PG(인터넷) 업체를 통한 결제 및 호텔, 백화점, 대형마트, 철도역사, 아울렛 매장 등에 입점한 가맹점의 경우 할인(적립) 대상에서 제외됩니다.
- 미할인(적립) 대상 가맹점의 업종코드가 할인(적립)대상 업종코드로 변경된 경우 변경일 익영업일부터 매입되는 건에 대해서 할인(적립) 적용되며, 변경 전 이용(승인) 건에 대해서 소급하여 할인(적립)되지 않습니다.
- 가맹점 사정으로 복수의 가맹점을 소유한 경우, 승인되는 가맹점에 따라 할인(적립)이 제외될 수 있습니다.
- 예시) 이마트 KB국민카드로 이마트에서 11월 11일 20만원, 11월 12일 10만원을 이용(승인)하였으나 이마트에서 11월 12일 10만원 이용금액을 먼저 전표매입하는 경우 11월 12일 10만원 이용금액에 대해서 우선 할인이 적용됩니다.
- 특정 정유사와 제휴되지 않은 주유할인(적립) 서비스는 KB국민카드에서 지정한 정유사의 고시 휘발유가를 기준으로 제공됩니다.
[할인(적립)서비스 제외매출]
- 할인(적립) 서비스 제외매출은 다음과 같으며, 카드별 별도 조건은 해당 카드 안내를 참조하시기 바랍니다. 무이자할부 이용금액, 단기카드대출(현금서비스), 장기카드대출(카드론), 지방세, 정부지원금, 대학(대학원)등록금, 각종 수수료 및 이자, 연체료, 연회비, 상품권 및 선불카드(선불전자지급수단 포함) 구입/충전금액, 취소금액
- 무이자할부 이용금액, 단기카드대출(현금서비스), 장기카드대출(카드론), 지방세, 정부지원금, 대학(대학원)등록금, 각종 수수료 및 이자, 연체료, 연회비, 상품권 및 선불카드(선불전자지급수단 포함) 구입/충전금액, 취소금액
[연체이자율]
- 연체이자율 : 회원별/이용상품별 정상이자율 +3%p, 최고 연 20%
- 단, 연체발생시점에 정상이자율이 없는 경우 아래와 같이 적용함
- 일시불 거래 연체시 : 거래발생시점의 최소기간(2개월) 유이자 할부 수수료율 적용
- 무이자할부 거래 연체시 : 거래발생시점의 동일한 할부계약기간의 유이자할부수수료율 적용
- 그 외의 경우: 정상이자율은 상법상 상사법정이율과 상호금융 가계자금대출금리* 중 높은 금리 적용 * 한국은행에서 매월 발표하는 가장 최근의 비은행 금융기관 가중평균대출금리(신규대출 기준)
[기타]
- 상품별로 서비스 제공조건이 별도로 존재할 수 있으니, 세부내용은 해당 상품서비스 내용을 참조하여 주시기 바랍니다.
- 할인(적립) 서비스 제공 관련 카드별 실적 유예기간은 본인회원이 해당카드를 생애 최초 발급받은 경우에 적용되며, 가족카드 단독 발급 시 적용되지 않습니다.
- 할인(적립) 서비스는 제휴업체 정책에 따라 타 할인(적립)카드와 중복할인(적립)이 제한될 수 있습니다.
- 할인/적립이 적용된 매출 취소 시, 취소전표가 실시간 매입되지 않아 할인/적립 한도의 복원과 이에 따른 할인/적립이 즉시 적용되지 않을 수 있습니다.
- 적립시점 기준 60개월이 경과한 각종 포인트(KB포인트리, 금융포인트, 스타마일, 현대자동차포인트, 기아자동차포인트, S-Oil KB포인트 등 포함)는 선입선출 방식으로 월 단위로 소멸됩니다.",2026-06-05 17:11:53
04336_N0001,04336,"[확인사항]
[할인(적립) 서비스 적용]
- 업종별로 적용되는 할인(적립)서비스는 이용 가맹점이 해당 카드 할인대상 KB국민카드 가맹점 업종코드로 등록된 경우에 한하여 제공됩니다. PG(인터넷) 업체를 통한 결제 및 호텔, 백화점, 대형마트, 철도역사, 아울렛 매장 등에 입점한 가맹점의 경우 할인(적립) 대상에서 제외됩니다. 미할인(적립) 대상 가맹점의 업종코드가 할인(적립)대상 업종코드로 변경된 경우 변경일 익영업일부터 매입되는 건에 대해서 할인(적립) 적용되며, 변경 전 이용(승인) 건에 대해서 소급하여 할인(적립)되지 않습니다. 가맹점 사정으로 복수의 가맹점을 소유한 경우, 승인되는 가맹점에 따라 할인(적립)이 제외될 수 있습니다.
- 할인(적립) 대상 이용(승인) 건은 이용 순서가 아닌 전표매입 순서대로 할인(적립)한도 내에서 할인(적립)됩니다. 예시) 이마트 KB국민카드로 이마트에서 11월 11일 20만원, 11월 12일 10만원을 이용(승인)하였으나 이마트에서 11월 12일 10만원 이용금액을 먼저 전표매입하는 경우 11월 12일 10만원 이용금액에 대해서 우선 할인이 적용됩니다.
- 주유 할인(적립)은 해당 정유사에서 KB국민카드로 고시하는 휘발유가 기준으로 제공되며, 이용하신 각 주유소별 유가차이 및 유종에 따라 할인(적립)금액에 차이가 발생할 수 있습니다. 특정 정유사와 제휴되지 않은 주유할인(적립) 서비스는 KB국민카드에서 지정한 정유사의 고시 휘발유가를 기준으로 제공됩니다.
- 놀이공원 할인 연간 횟수 산정 기준이 회원별인 경우 해당 놀이공원에서 매년(1월~12월) 할인 받은 횟수 전체를 합산하여 연간 횟수를 제한합니다.
- PG(인터넷) 업체를 통한 결제 및 호텔, 백화점, 대형마트, 철도역사, 아울렛 매장 등에 입점한 가맹점의 경우 할인(적립) 대상에서 제외됩니다.
- 미할인(적립) 대상 가맹점의 업종코드가 할인(적립)대상 업종코드로 변경된 경우 변경일 익영업일부터 매입되는 건에 대해서 할인(적립) 적용되며, 변경 전 이용(승인) 건에 대해서 소급하여 할인(적립)되지 않습니다.
- 가맹점 사정으로 복수의 가맹점을 소유한 경우, 승인되는 가맹점에 따라 할인(적립)이 제외될 수 있습니다.
- 예시) 이마트 KB국민카드로 이마트에서 11월 11일 20만원, 11월 12일 10만원을 이용(승인)하였으나 이마트에서 11월 12일 10만원 이용금액을 먼저 전표매입하는 경우 11월 12일 10만원 이용금액에 대해서 우선 할인이 적용됩니다.
- 특정 정유사와 제휴되지 않은 주유할인(적립) 서비스는 KB국민카드에서 지정한 정유사의 고시 휘발유가를 기준으로 제공됩니다.
[할인(적립)서비스 제외매출]
- 할인(적립) 서비스 제외매출은 다음과 같으며, 카드별 별도 조건은 해당 카드 안내를 참조하시기 바랍니다. 무이자할부 이용금액, 단기카드대출(현금서비스), 장기카드대출(카드론), 지방세, 정부지원금, 대학(대학원)등록금, 각종 수수료 및 이자, 연체료, 연회비, 상품권 및 선불카드(선불전자지급수단 포함) 구입/충전금액, 취소금액
- 무이자할부 이용금액, 단기카드대출(현금서비스), 장기카드대출(카드론), 지방세, 정부지원금, 대학(대학원)등록금, 각종 수수료 및 이자, 연체료, 연회비, 상품권 및 선불카드(선불전자지급수단 포함) 구입/충전금액, 취소금액
[연체이자율]
- 연체이자율 : 회원별/이용상품별 정상이자율 +3%p, 최고 연 20%
- 단, 연체발생시점에 정상이자율이 없는 경우 아래와 같이 적용함
- 일시불 거래 연체시 : 거래발생시점의 최소기간(2개월) 유이자 할부 수수료율 적용
- 무이자할부 거래 연체시 : 거래발생시점의 동일한 할부계약기간의 유이자할부수수료율 적용
- 그 외의 경우: 정상이자율은 상법상 상사법정이율과 상호금융 가계자금대출금리* 중 높은 금리 적용 * 한국은행에서 매월 발표하는 가장 최근의 비은행 금융기관 가중평균대출금리(신규대출 기준)
[기타]
- 상품별로 서비스 제공조건이 별도로 존재할 수 있으니, 세부내용은 해당 상품서비스 내용을 참조하여 주시기 바랍니다.
- 할인(적립) 서비스 제공 관련 카드별 실적 유예기간은 본인회원이 해당카드를 생애 최초 발급받은 경우에 적용되며, 가족카드 단독 발급 시 적용되지 않습니다.
- 할인(적립) 서비스는 제휴업체 정책에 따라 타 할인(적립)카드와 중복할인(적립)이 제한될 수 있습니다.
- 할인/적립이 적용된 매출 취소 시, 취소전표가 실시간 매입되지 않아 할인/적립 한도의 복원과 이에 따른 할인/적립이 즉시 적용되지 않을 수 있습니다.
- 적립시점 기준 60개월이 경과한 각종 포인트(KB포인트리, 금융포인트, 스타마일, 현대자동차포인트, 기아자동차포인트, S-Oil KB포인트 등 포함)는 선입선출 방식으로 월 단위로 소멸됩니다.",2026-06-05 17:12:21
04348_N0001,04348,"[확인사항]
[할인(적립) 서비스 적용]
- 업종별로 적용되는 할인(적립)서비스는 이용 가맹점이 해당 카드 할인대상 KB국민카드 가맹점 업종코드로 등록된 경우에 한하여 제공됩니다. PG(인터넷) 업체를 통한 결제 및 호텔, 백화점, 대형마트, 철도역사, 아울렛 매장 등에 입점한 가맹점의 경우 할인(적립) 대상에서 제외됩니다. 미할인(적립) 대상 가맹점의 업종코드가 할인(적립)대상 업종코드로 변경된 경우 변경일 익영업일부터 매입되는 건에 대해서 할인(적립) 적용되며, 변경 전 이용(승인) 건에 대해서 소급하여 할인(적립)되지 않습니다. 가맹점 사정으로 복수의 가맹점을 소유한 경우, 승인되는 가맹점에 따라 할인(적립)이 제외될 수 있습니다.
- 할인(적립) 대상 이용(승인) 건은 이용 순서가 아닌 전표매입 순서대로 할인(적립)한도 내에서 할인(적립)됩니다. 예시) 이마트 KB국민카드로 이마트에서 11월 11일 20만원, 11월 12일 10만원을 이용(승인)하였으나 이마트에서 11월 12일 10만원 이용금액을 먼저 전표매입하는 경우 11월 12일 10만원 이용금액에 대해서 우선 할인이 적용됩니다.
- 주유 할인(적립)은 해당 정유사에서 KB국민카드로 고시하는 휘발유가 기준으로 제공되며, 이용하신 각 주유소별 유가차이 및 유종에 따라 할인(적립)금액에 차이가 발생할 수 있습니다. 특정 정유사와 제휴되지 않은 주유할인(적립) 서비스는 KB국민카드에서 지정한 정유사의 고시 휘발유가를 기준으로 제공됩니다.
- 놀이공원 할인 연간 횟수 산정 기준이 회원별인 경우 해당 놀이공원에서 매년(1월~12월) 할인 받은 횟수 전체를 합산하여 연간 횟수를 제한합니다.
- PG(인터넷) 업체를 통한 결제 및 호텔, 백화점, 대형마트, 철도역사, 아울렛 매장 등에 입점한 가맹점의 경우 할인(적립) 대상에서 제외됩니다.
- 미할인(적립) 대상 가맹점의 업종코드가 할인(적립)대상 업종코드로 변경된 경우 변경일 익영업일부터 매입되는 건에 대해서 할인(적립) 적용되며, 변경 전 이용(승인) 건에 대해서 소급하여 할인(적립)되지 않습니다.
- 가맹점 사정으로 복수의 가맹점을 소유한 경우, 승인되는 가맹점에 따라 할인(적립)이 제외될 수 있습니다.
- 예시) 이마트 KB국민카드로 이마트에서 11월 11일 20만원, 11월 12일 10만원을 이용(승인)하였으나 이마트에서 11월 12일 10만원 이용금액을 먼저 전표매입하는 경우 11월 12일 10만원 이용금액에 대해서 우선 할인이 적용됩니다.
- 특정 정유사와 제휴되지 않은 주유할인(적립) 서비스는 KB국민카드에서 지정한 정유사의 고시 휘발유가를 기준으로 제공됩니다.
[할인(적립)서비스 제외매출]
- 할인(적립) 서비스 제외매출은 다음과 같으며, 카드별 별도 조건은 해당 카드 안내를 참조하시기 바랍니다. 무이자할부 이용금액, 단기카드대출(현금서비스), 장기카드대출(카드론), 지방세, 정부지원금, 대학(대학원)등록금, 각종 수수료 및 이자, 연체료, 연회비, 상품권 및 선불카드(선불전자지급수단 포함) 구입/충전금액, 취소금액
- 무이자할부 이용금액, 단기카드대출(현금서비스), 장기카드대출(카드론), 지방세, 정부지원금, 대학(대학원)등록금, 각종 수수료 및 이자, 연체료, 연회비, 상품권 및 선불카드(선불전자지급수단 포함) 구입/충전금액, 취소금액
[연체이자율]
- 연체이자율 : 회원별/이용상품별 정상이자율 +3%p, 최고 연 20%
- 단, 연체발생시점에 정상이자율이 없는 경우 아래와 같이 적용함
- 일시불 거래 연체시 : 거래발생시점의 최소기간(2개월) 유이자 할부 수수료율 적용
- 무이자할부 거래 연체시 : 거래발생시점의 동일한 할부계약기간의 유이자할부수수료율 적용
- 그 외의 경우: 정상이자율은 상법상 상사법정이율과 상호금융 가계자금대출금리* 중 높은 금리 적용 * 한국은행에서 매월 발표하는 가장 최근의 비은행 금융기관 가중평균대출금리(신규대출 기준)
[기타]
- 상품별로 서비스 제공조건이 별도로 존재할 수 있으니, 세부내용은 해당 상품서비스 내용을 참조하여 주시기 바랍니다.
- 할인(적립) 서비스 제공 관련 카드별 실적 유예기간은 본인회원이 해당카드를 생애 최초 발급받은 경우에 적용되며, 가족카드 단독 발급 시 적용되지 않습니다.
- 할인(적립) 서비스는 제휴업체 정책에 따라 타 할인(적립)카드와 중복할인(적립)이 제한될 수 있습니다.
- 할인/적립이 적용된 매출 취소 시, 취소전표가 실시간 매입되지 않아 할인/적립 한도의 복원과 이에 따른 할인/적립이 즉시 적용되지 않을 수 있습니다.
- 적립시점 기준 60개월이 경과한 각종 포인트(KB포인트리, 금융포인트, 스타마일, 현대자동차포인트, 기아자동차포인트, S-Oil KB포인트 등 포함)는 선입선출 방식으로 월 단위로 소멸됩니다.",2026-06-05 17:12:40
04351_N0001,04351,"[확인사항]
[연체이자율]
- 연체이자율 : 회원별/이용상품별 정상이자율 + 3%p, 최고 연 20% 단, 연체발생시점에 정상이자율이 없는 경우 아래와 같이 적용함
- 일시불 거래 연체시 : 거래발생시점의 최소기간(2개월) 유이자 할부수수료율 적용
- 무이자할부 거래 연체시 : 거래발생시점의 동일한 할부계약기간의 유이자할부수수료율 적용
단, 연체발생시점에 정상이자율이 없는 경우 아래와 같이 적용함",2026-06-05 17:12:26
04361_N0001,04361,"[확인사항]
[할인(적립) 서비스 적용]
- 업종별로 적용되는 할인(적립)서비스는 이용 가맹점이 해당 카드 할인대상 KB국민카드 가맹점 업종코드로 등록된 경우에 한하여 제공됩니다. PG(인터넷) 업체를 통한 결제 및 호텔, 백화점, 대형마트, 철도역사, 아울렛 매장 등에 입점한 가맹점의 경우 할인(적립) 대상에서 제외됩니다. 미할인(적립) 대상 가맹점의 업종코드가 할인(적립)대상 업종코드로 변경된 경우 변경일 익영업일부터 매입되는 건에 대해서 할인(적립) 적용되며, 변경 전 이용(승인) 건에 대해서 소급하여 할인(적립)되지 않습니다. 가맹점 사정으로 복수의 가맹점을 소유한 경우, 승인되는 가맹점에 따라 할인(적립)이 제외될 수 있습니다.
- 할인(적립) 대상 이용(승인) 건은 이용 순서가 아닌 전표매입 순서대로 할인(적립)한도 내에서 할인(적립)됩니다. 예시) 이마트 KB국민카드로 이마트에서 11월 11일 20만원, 11월 12일 10만원을 이용(승인)하였으나 이마트에서 11월 12일 10만원 이용금액을 먼저 전표매입하는 경우 11월 12일 10만원 이용금액에 대해서 우선 할인이 적용됩니다.
- 주유 할인(적립)은 해당 정유사에서 KB국민카드로 고시하는 휘발유가 기준으로 제공되며, 이용하신 각 주유소별 유가차이 및 유종에 따라 할인(적립)금액에 차이가 발생할 수 있습니다. 특정 정유사와 제휴되지 않은 주유할인(적립) 서비스는 KB국민카드에서 지정한 정유사의 고시 휘발유가를 기준으로 제공됩니다.
- 놀이공원 할인 연간 횟수 산정 기준이 회원별인 경우 해당 놀이공원에서 매년(1월~12월) 할인 받은 횟수 전체를 합산하여 연간 횟수를 제한합니다.
- PG(인터넷) 업체를 통한 결제 및 호텔, 백화점, 대형마트, 철도역사, 아울렛 매장 등에 입점한 가맹점의 경우 할인(적립) 대상에서 제외됩니다.
- 미할인(적립) 대상 가맹점의 업종코드가 할인(적립)대상 업종코드로 변경된 경우 변경일 익영업일부터 매입되는 건에 대해서 할인(적립) 적용되며, 변경 전 이용(승인) 건에 대해서 소급하여 할인(적립)되지 않습니다.
- 가맹점 사정으로 복수의 가맹점을 소유한 경우, 승인되는 가맹점에 따라 할인(적립)이 제외될 수 있습니다.
- 예시) 이마트 KB국민카드로 이마트에서 11월 11일 20만원, 11월 12일 10만원을 이용(승인)하였으나 이마트에서 11월 12일 10만원 이용금액을 먼저 전표매입하는 경우 11월 12일 10만원 이용금액에 대해서 우선 할인이 적용됩니다.
- 특정 정유사와 제휴되지 않은 주유할인(적립) 서비스는 KB국민카드에서 지정한 정유사의 고시 휘발유가를 기준으로 제공됩니다.
[할인(적립)서비스 제외매출]
- 할인(적립) 서비스 제외매출은 다음과 같으며, 카드별 별도 조건은 해당 카드 안내를 참조하시기 바랍니다. 무이자할부 이용금액, 단기카드대출(현금서비스), 장기카드대출(카드론), 지방세, 정부지원금, 대학(대학원)등록금, 각종 수수료 및 이자, 연체료, 연회비, 상품권 및 선불카드(선불전자지급수단 포함) 구입/충전금액, 취소금액
- 무이자할부 이용금액, 단기카드대출(현금서비스), 장기카드대출(카드론), 지방세, 정부지원금, 대학(대학원)등록금, 각종 수수료 및 이자, 연체료, 연회비, 상품권 및 선불카드(선불전자지급수단 포함) 구입/충전금액, 취소금액
[연체이자율]
- 연체이자율 : 회원별/이용상품별 정상이자율 +3%p, 최고 연 20%
- 단, 연체발생시점에 정상이자율이 없는 경우 아래와 같이 적용함
- 일시불 거래 연체시 : 거래발생시점의 최소기간(2개월) 유이자 할부 수수료율 적용
- 무이자할부 거래 연체시 : 거래발생시점의 동일한 할부계약기간의 유이자할부수수료율 적용
- 그 외의 경우: 정상이자율은 상법상 상사법정이율과 상호금융 가계자금대출금리* 중 높은 금리 적용 * 한국은행에서 매월 발표하는 가장 최근의 비은행 금융기관 가중평균대출금리(신규대출 기준)
[기타]
- 상품별로 서비스 제공조건이 별도로 존재할 수 있으니, 세부내용은 해당 상품서비스 내용을 참조하여 주시기 바랍니다.
- 할인(적립) 서비스 제공 관련 카드별 실적 유예기간은 본인회원이 해당카드를 생애 최초 발급받은 경우에 적용되며, 가족카드 단독 발급 시 적용되지 않습니다.
- 할인(적립) 서비스는 제휴업체 정책에 따라 타 할인(적립)카드와 중복할인(적립)이 제한될 수 있습니다.
- 할인/적립이 적용된 매출 취소 시, 취소전표가 실시간 매입되지 않아 할인/적립 한도의 복원과 이에 따른 할인/적립이 즉시 적용되지 않을 수 있습니다.
- 적립시점 기준 60개월이 경과한 각종 포인트(KB포인트리, 금융포인트, 스타마일, 현대자동차포인트, 기아자동차포인트, S-Oil KB포인트 등 포함)는 선입선출 방식으로 월 단위로 소멸됩니다.",2026-06-05 11:20:28
04420_N0001,04420,"[확인사항]
[할인(적립) 서비스 적용]
- 업종별로 적용되는 할인(적립)서비스는 이용 가맹점이 해당 카드 할인대상 KB국민카드 가맹점 업종코드로 등록된 경우에 한하여 제공됩니다. PG(인터넷) 업체를 통한 결제 및 호텔, 백화점, 대형마트, 철도역사, 아울렛 매장 등에 입점한 가맹점의 경우 할인(적립) 대상에서 제외됩니다. 미할인(적립) 대상 가맹점의 업종코드가 할인(적립)대상 업종코드로 변경된 경우 변경일 익영업일부터 매입되는 건에 대해서 할인(적립) 적용되며, 변경 전 이용(승인) 건에 대해서 소급하여 할인(적립)되지 않습니다. 가맹점 사정으로 복수의 가맹점을 소유한 경우, 승인되는 가맹점에 따라 할인(적립)이 제외될 수 있습니다.
- 할인(적립) 대상 이용(승인) 건은 이용 순서가 아닌 전표매입 순서대로 할인(적립)한도 내에서 할인(적립)됩니다. 예시) 이마트 KB국민카드로 이마트에서 11월 11일 20만원, 11월 12일 10만원을 이용(승인)하였으나 이마트에서 11월 12일 10만원 이용금액을 먼저 전표매입하는 경우 11월 12일 10만원 이용금액에 대해서 우선 할인이 적용됩니다.
- 주유 할인(적립)은 해당 정유사에서 KB국민카드로 고시하는 휘발유가 기준으로 제공되며, 이용하신 각 주유소별 유가차이 및 유종에 따라 할인(적립)금액에 차이가 발생할 수 있습니다. 특정 정유사와 제휴되지 않은 주유할인(적립) 서비스는 KB국민카드에서 지정한 정유사의 고시 휘발유가를 기준으로 제공됩니다.
- 놀이공원 할인 연간 횟수 산정 기준이 회원별인 경우 해당 놀이공원에서 매년(1월~12월) 할인 받은 횟수 전체를 합산하여 연간 횟수를 제한합니다.
- PG(인터넷) 업체를 통한 결제 및 호텔, 백화점, 대형마트, 철도역사, 아울렛 매장 등에 입점한 가맹점의 경우 할인(적립) 대상에서 제외됩니다.
- 미할인(적립) 대상 가맹점의 업종코드가 할인(적립)대상 업종코드로 변경된 경우 변경일 익영업일부터 매입되는 건에 대해서 할인(적립) 적용되며, 변경 전 이용(승인) 건에 대해서 소급하여 할인(적립)되지 않습니다.
- 가맹점 사정으로 복수의 가맹점을 소유한 경우, 승인되는 가맹점에 따라 할인(적립)이 제외될 수 있습니다.
- 예시) 이마트 KB국민카드로 이마트에서 11월 11일 20만원, 11월 12일 10만원을 이용(승인)하였으나 이마트에서 11월 12일 10만원 이용금액을 먼저 전표매입하는 경우 11월 12일 10만원 이용금액에 대해서 우선 할인이 적용됩니다.
- 특정 정유사와 제휴되지 않은 주유할인(적립) 서비스는 KB국민카드에서 지정한 정유사의 고시 휘발유가를 기준으로 제공됩니다.
[할인(적립)서비스 제외매출]
- 할인(적립) 서비스 제외매출은 다음과 같으며, 카드별 별도 조건은 해당 카드 안내를 참조하시기 바랍니다. 무이자할부 이용금액, 단기카드대출(현금서비스), 장기카드대출(카드론), 지방세, 정부지원금, 대학(대학원)등록금, 각종 수수료 및 이자, 연체료, 연회비, 상품권 및 선불카드(선불전자지급수단 포함) 구입/충전금액, 취소금액
- 무이자할부 이용금액, 단기카드대출(현금서비스), 장기카드대출(카드론), 지방세, 정부지원금, 대학(대학원)등록금, 각종 수수료 및 이자, 연체료, 연회비, 상품권 및 선불카드(선불전자지급수단 포함) 구입/충전금액, 취소금액
[연체이자율]
- 연체이자율 : 회원별/이용상품별 정상이자율 +3%p, 최고 연 20%
- 단, 연체발생시점에 정상이자율이 없는 경우 아래와 같이 적용함
- 일시불 거래 연체시 : 거래발생시점의 최소기간(2개월) 유이자 할부 수수료율 적용
- 무이자할부 거래 연체시 : 거래발생시점의 동일한 할부계약기간의 유이자할부수수료율 적용
- 그 외의 경우: 정상이자율은 상법상 상사법정이율과 상호금융 가계자금대출금리 * 중 높은 금리 적용
* 한국은행에서 매월 발표하는 가장 최근의 비은행 금융기관 가중평균대출금리(신규대출 기준)
[기타]
- 상품별로 서비스 제공조건이 별도로 존재할 수 있으니, 세부내용은 해당 상품서비스 내용을 참조하여 주시기 바랍니다.
- 할인(적립) 서비스 제공 관련 카드별 실적 유예기간은 본인회원이 해당카드를 생애 최초 발급받은 경우에 적용되며, 가족카드 단독 발급 시 적용되지 않습니다.
- 할인(적립) 서비스는 제휴업체 정책에 따라 타 할인(적립)카드와 중복할인(적립)이 제한될 수 있습니다.
- 할인/적립이 적용된 매출 취소 시, 취소전표가 실시간 매입되지 않아 할인/적립 한도의 복원과 이에 따른 할인/적립이 즉시 적용되지 않을 수 있습니다.
- 적립시점 기준 60개월이 경과한 각종 포인트(KB포인트리, 금융포인트, 스타마일, 현대자동차포인트, 기아자동차포인트, S-Oil KB포인트 등 포함)는 선입선출 방식으로 월 단위로 소멸됩니다.",2026-06-05 18:33:20
04423_N0001,04423,"[확인사항]
[할인(적립) 서비스 적용]
- 업종별로 적용되는 할인(적립)서비스는 이용 가맹점이 해당 카드 할인대상 KB국민카드 가맹점 업종코드로 등록된 경우에 한하여 제공됩니다. PG(인터넷) 업체를 통한 결제 및 호텔, 백화점, 대형마트, 철도역사, 아울렛 매장 등에 입점한 가맹점의 경우 할인(적립) 대상에서 제외됩니다. 미할인(적립) 대상 가맹점의 업종코드가 할인(적립)대상 업종코드로 변경된 경우 변경일 익영업일부터 매입되는 건에 대해서 할인(적립) 적용되며, 변경 전 이용(승인) 건에 대해서 소급하여 할인(적립)되지 않습니다. 가맹점 사정으로 복수의 가맹점을 소유한 경우, 승인되는 가맹점에 따라 할인(적립)이 제외될 수 있습니다.
- 할인(적립) 대상 이용(승인) 건은 이용 순서가 아닌 전표매입 순서대로 할인(적립)한도 내에서 할인(적립)됩니다. 예시) 이마트 KB국민카드로 이마트에서 11월 11일 20만원, 11월 12일 10만원을 이용(승인)하였으나 이마트에서 11월 12일 10만원 이용금액을 먼저 전표매입하는 경우 11월 12일 10만원 이용금액에 대해서 우선 할인이 적용됩니다.
- 주유 할인(적립)은 해당 정유사에서 KB국민카드로 고시하는 휘발유가 기준으로 제공되며, 이용하신 각 주유소별 유가차이 및 유종에 따라 할인(적립)금액에 차이가 발생할 수 있습니다. 특정 정유사와 제휴되지 않은 주유할인(적립) 서비스는 KB국민카드에서 지정한 정유사의 고시 휘발유가를 기준으로 제공됩니다.
- 놀이공원 할인 연간 횟수 산정 기준이 회원별인 경우 해당 놀이공원에서 매년(1월~12월) 할인 받은 횟수 전체를 합산하여 연간 횟수를 제한합니다.
- PG(인터넷) 업체를 통한 결제 및 호텔, 백화점, 대형마트, 철도역사, 아울렛 매장 등에 입점한 가맹점의 경우 할인(적립) 대상에서 제외됩니다.
- 미할인(적립) 대상 가맹점의 업종코드가 할인(적립)대상 업종코드로 변경된 경우 변경일 익영업일부터 매입되는 건에 대해서 할인(적립) 적용되며, 변경 전 이용(승인) 건에 대해서 소급하여 할인(적립)되지 않습니다.
- 가맹점 사정으로 복수의 가맹점을 소유한 경우, 승인되는 가맹점에 따라 할인(적립)이 제외될 수 있습니다.
- 예시) 이마트 KB국민카드로 이마트에서 11월 11일 20만원, 11월 12일 10만원을 이용(승인)하였으나 이마트에서 11월 12일 10만원 이용금액을 먼저 전표매입하는 경우 11월 12일 10만원 이용금액에 대해서 우선 할인이 적용됩니다.
- 특정 정유사와 제휴되지 않은 주유할인(적립) 서비스는 KB국민카드에서 지정한 정유사의 고시 휘발유가를 기준으로 제공됩니다.
[할인(적립)서비스 제외매출]
- 할인(적립) 서비스 제외매출은 다음과 같으며, 카드별 별도 조건은 해당 카드 안내를 참조하시기 바랍니다. 무이자할부 이용금액, 단기카드대출(현금서비스), 장기카드대출(카드론), 지방세, 정부지원금, 대학(대학원)등록금, 각종 수수료 및 이자, 연체료, 연회비, 상품권 및 선불카드(선불전자지급수단 포함) 구입/충전금액, 취소금액
- 무이자할부 이용금액, 단기카드대출(현금서비스), 장기카드대출(카드론), 지방세, 정부지원금, 대학(대학원)등록금, 각종 수수료 및 이자, 연체료, 연회비, 상품권 및 선불카드(선불전자지급수단 포함) 구입/충전금액, 취소금액
[연체이자율]
- 연체이자율 : 회원별/이용상품별 정상이자율 +3%p, 최고 연 20%
- 단, 연체발생시점에 정상이자율이 없는 경우 아래와 같이 적용함
- 일시불 거래 연체시 : 거래발생시점의 최소기간(2개월) 유이자 할부 수수료율 적용
- 무이자할부 거래 연체시 : 거래발생시점의 동일한 할부계약기간의 유이자할부수수료율 적용
- 그 외의 경우: 정상이자율은 상법상 상사법정이율과 상호금융 가계자금대출금리* 중 높은 금리 적용 * 한국은행에서 매월 발표하는 가장 최근의 비은행 금융기관 가중평균대출금리(신규대출 기준)
[기타]
- 상품별로 서비스 제공조건이 별도로 존재할 수 있으니, 세부내용은 해당 상품서비스 내용을 참조하여 주시기 바랍니다.
- 할인(적립) 서비스 제공 관련 카드별 실적 유예기간은 본인회원이 해당카드를 생애 최초 발급받은 경우에 적용되며, 가족카드 단독 발급 시 적용되지 않습니다.
- 할인(적립) 서비스는 제휴업체 정책에 따라 타 할인(적립)카드와 중복할인(적립)이 제한될 수 있습니다.
- 할인/적립이 적용된 매출 취소 시, 취소전표가 실시간 매입되지 않아 할인/적립 한도의 복원과 이에 따른 할인/적립이 즉시 적용되지 않을 수 있습니다.
- 적립시점 기준 60개월이 경과한 각종 포인트(KB포인트리, 금융포인트, 스타마일, 현대자동차포인트, 기아자동차포인트, S-Oil KB포인트 등 포함)는 선입선출 방식으로 월 단위로 소멸됩니다.",2026-06-05 18:33:46
04434_N0001,04434,"[확인사항]
[할인(적립) 서비스 적용]
- 업종별로 적용되는 할인(적립)서비스는 이용 가맹점이 해당 카드 할인대상 KB국민카드 가맹점 업종코드로 등록된 경우에 한하여 제공됩니다. PG(인터넷) 업체를 통한 결제 및 호텔, 백화점, 대형마트, 철도역사, 아울렛 매장 등에 입점한 가맹점의 경우 할인(적립) 대상에서 제외됩니다. 미할인(적립) 대상 가맹점의 업종코드가 할인(적립)대상 업종코드로 변경된 경우 변경일 익영업일부터 매입되는 건에 대해서 할인(적립) 적용되며, 변경 전 이용(승인) 건에 대해서 소급하여 할인(적립)되지 않습니다. 가맹점 사정으로 복수의 가맹점을 소유한 경우, 승인되는 가맹점에 따라 할인(적립)이 제외될 수 있습니다.
- 할인(적립) 대상 이용(승인) 건은 이용 순서가 아닌 전표매입 순서대로 할인(적립)한도 내에서 할인(적립)됩니다. 예시) 이마트 KB국민카드로 이마트에서 11월 11일 20만원, 11월 12일 10만원을 이용(승인)하였으나 이마트에서 11월 12일 10만원 이용금액을 먼저 전표매입하는 경우 11월 12일 10만원 이용금액에 대해서 우선 할인이 적용됩니다.
- 주유 할인(적립)은 해당 정유사에서 KB국민카드로 고시하는 휘발유가 기준으로 제공되며, 이용하신 각 주유소별 유가차이 및 유종에 따라 할인(적립)금액에 차이가 발생할 수 있습니다. 특정 정유사와 제휴되지 않은 주유할인(적립) 서비스는 KB국민카드에서 지정한 정유사의 고시 휘발유가를 기준으로 제공됩니다.
- 놀이공원 할인 연간 횟수 산정 기준이 회원별인 경우 해당 놀이공원에서 매년(1월~12월) 할인 받은 횟수 전체를 합산하여 연간 횟수를 제한합니다.
- PG(인터넷) 업체를 통한 결제 및 호텔, 백화점, 대형마트, 철도역사, 아울렛 매장 등에 입점한 가맹점의 경우 할인(적립) 대상에서 제외됩니다.
- 미할인(적립) 대상 가맹점의 업종코드가 할인(적립)대상 업종코드로 변경된 경우 변경일 익영업일부터 매입되는 건에 대해서 할인(적립) 적용되며, 변경 전 이용(승인) 건에 대해서 소급하여 할인(적립)되지 않습니다.
- 가맹점 사정으로 복수의 가맹점을 소유한 경우, 승인되는 가맹점에 따라 할인(적립)이 제외될 수 있습니다.
- 예시) 이마트 KB국민카드로 이마트에서 11월 11일 20만원, 11월 12일 10만원을 이용(승인)하였으나 이마트에서 11월 12일 10만원 이용금액을 먼저 전표매입하는 경우 11월 12일 10만원 이용금액에 대해서 우선 할인이 적용됩니다.
- 특정 정유사와 제휴되지 않은 주유할인(적립) 서비스는 KB국민카드에서 지정한 정유사의 고시 휘발유가를 기준으로 제공됩니다.
[할인(적립)서비스 제외매출]
- 할인(적립) 서비스 제외매출은 다음과 같으며, 카드별 별도 조건은 해당 카드 안내를 참조하시기 바랍니다. 무이자할부 이용금액, 단기카드대출(현금서비스), 장기카드대출(카드론), 지방세, 정부지원금, 대학(대학원)등록금, 각종 수수료 및 이자, 연체료, 연회비, 상품권 및 선불카드(선불전자지급수단 포함) 구입/충전금액, 취소금액
- 무이자할부 이용금액, 단기카드대출(현금서비스), 장기카드대출(카드론), 지방세, 정부지원금, 대학(대학원)등록금, 각종 수수료 및 이자, 연체료, 연회비, 상품권 및 선불카드(선불전자지급수단 포함) 구입/충전금액, 취소금액
[연체이자율]
- 연체이자율 : 회원별/이용상품별 정상이자율 +3%p, 최고 연 20%
- 단, 연체발생시점에 정상이자율이 없는 경우 아래와 같이 적용함
- 일시불 거래 연체시 : 거래발생시점의 최소기간(2개월) 유이자 할부 수수료율 적용
- 무이자할부 거래 연체시 : 거래발생시점의 동일한 할부계약기간의 유이자할부수수료율 적용
- 그 외의 경우: 정상이자율은 상법상 상사법정이율과 상호금융 가계자금대출금리* 중 높은 금리 적용 * 한국은행에서 매월 발표하는 가장 최근의 비은행 금융기관 가중평균대출금리(신규대출 기준)
[기타]
- 상품별로 서비스 제공조건이 별도로 존재할 수 있으니, 세부내용은 해당 상품서비스 내용을 참조하여 주시기 바랍니다.
- 할인(적립) 서비스 제공 관련 카드별 실적 유예기간은 본인회원이 해당카드를 생애 최초 발급받은 경우에 적용되며, 가족카드 단독 발급 시 적용되지 않습니다.
- 할인(적립) 서비스는 제휴업체 정책에 따라 타 할인(적립)카드와 중복할인(적립)이 제한될 수 있습니다.
- 할인/적립이 적용된 매출 취소 시, 취소전표가 실시간 매입되지 않아 할인/적립 한도의 복원과 이에 따른 할인/적립이 즉시 적용되지 않을 수 있습니다.
- 적립시점 기준 60개월이 경과한 각종 포인트(KB포인트리, 금융포인트, 스타마일, 현대자동차포인트, 기아자동차포인트, S-Oil KB포인트 등 포함)는 선입선출 방식으로 월 단위로 소멸됩니다.",2026-06-05 17:11:40
09060_N0001,09060,"[확인사항]
[할인(적립) 서비스 적용]
- 업종별로 적용되는 할인(적립)서비스는 이용 가맹점이 해당 카드 할인대상 KB국민카드 가맹점 업종코드로 등록된 경우에 한하여 제공됩니다. PG(인터넷) 업체를 통한 결제 및 호텔, 백화점, 대형마트, 철도역사, 아울렛 매장 등에 입점한 가맹점의 경우 할인(적립) 대상에서 제외됩니다. 미할인(적립) 대상 가맹점의 업종코드가 할인(적립)대상 업종코드로 변경된 경우 변경일 익영업일부터 매입되는 건에 대해서 할인(적립) 적용되며, 변경 전 이용(승인) 건에 대해서 소급하여 할인(적립)되지 않습니다. 가맹점 사정으로 복수의 가맹점을 소유한 경우, 승인되는 가맹점에 따라 할인(적립)이 제외될 수 있습니다.
- 할인(적립) 대상 이용(승인) 건은 이용 순서가 아닌 전표매입 순서대로 할인(적립)한도 내에서 할인(적립)됩니다. 예시) 이마트 KB국민카드로 이마트에서 11월 11일 20만원, 11월 12일 10만원을 이용(승인)하였으나 이마트에서 11월 12일 10만원 이용금액을 먼저 전표매입하는 경우 11월 12일 10만원 이용금액에 대해서 우선 할인이 적용됩니다.
- 주유 할인(적립)은 해당 정유사에서 KB국민카드로 고시하는 휘발유가 기준으로 제공되며, 이용하신 각 주유소별 유가차이 및 유종에 따라 할인(적립)금액에 차이가 발생할 수 있습니다. 특정 정유사와 제휴되지 않은 주유할인(적립) 서비스는 KB국민카드에서 지정한 정유사의 고시 휘발유가를 기준으로 제공됩니다.
- 놀이공원 할인 연간 횟수 산정 기준이 회원별인 경우 해당 놀이공원에서 매년(1월~12월) 할인 받은 횟수 전체를 합산하여 연간 횟수를 제한합니다.
- PG(인터넷) 업체를 통한 결제 및 호텔, 백화점, 대형마트, 철도역사, 아울렛 매장 등에 입점한 가맹점의 경우 할인(적립) 대상에서 제외됩니다.
- 미할인(적립) 대상 가맹점의 업종코드가 할인(적립)대상 업종코드로 변경된 경우 변경일 익영업일부터 매입되는 건에 대해서 할인(적립) 적용되며, 변경 전 이용(승인) 건에 대해서 소급하여 할인(적립)되지 않습니다.
- 가맹점 사정으로 복수의 가맹점을 소유한 경우, 승인되는 가맹점에 따라 할인(적립)이 제외될 수 있습니다.
- 예시) 이마트 KB국민카드로 이마트에서 11월 11일 20만원, 11월 12일 10만원을 이용(승인)하였으나 이마트에서 11월 12일 10만원 이용금액을 먼저 전표매입하는 경우 11월 12일 10만원 이용금액에 대해서 우선 할인이 적용됩니다.
- 특정 정유사와 제휴되지 않은 주유할인(적립) 서비스는 KB국민카드에서 지정한 정유사의 고시 휘발유가를 기준으로 제공됩니다.
[할인(적립)서비스 제외매출]
- 할인(적립) 서비스 제외매출은 다음과 같으며, 카드별 별도 조건은 해당 카드 안내를 참조하시기 바랍니다. 무이자할부 이용금액, 단기카드대출(현금서비스), 장기카드대출(카드론), 지방세, 정부지원금, 대학(대학원)등록금, 각종 수수료 및 이자, 연체료, 연회비, 상품권 및 선불카드(선불전자지급수단 포함) 구입/충전금액, 취소금액
- 무이자할부 이용금액, 단기카드대출(현금서비스), 장기카드대출(카드론), 지방세, 정부지원금, 대학(대학원)등록금, 각종 수수료 및 이자, 연체료, 연회비, 상품권 및 선불카드(선불전자지급수단 포함) 구입/충전금액, 취소금액
[연체이자율]
- 연체이자율 : 회원별/이용상품별 정상이자율 +3%p, 최고 연 20%
- 단, 연체발생시점에 정상이자율이 없는 경우 아래와 같이 적용함
- 일시불 거래 연체시 : 거래발생시점의 최소기간(2개월) 유이자 할부 수수료율 적용
- 무이자할부 거래 연체시 : 거래발생시점의 동일한 할부계약기간의 유이자할부수수료율 적용
- 그 외의 경우: 정상이자율은 상법상 상사법정이율과 상호금융 가계자금대출금리* 중 높은 금리 적용 * 한국은행에서 매월 발표하는 가장 최근의 비은행 금융기관 가중평균대출금리(신규대출 기준)
[기타]
- 상품별로 서비스 제공조건이 별도로 존재할 수 있으니, 세부내용은 해당 상품서비스 내용을 참조하여 주시기 바랍니다.
- 할인(적립) 서비스 제공 관련 카드별 실적 유예기간은 본인회원이 해당카드를 생애 최초 발급받은 경우에 적용되며, 가족카드 단독 발급 시 적용되지 않습니다.
- 할인(적립) 서비스는 제휴업체 정책에 따라 타 할인(적립)카드와 중복할인(적립)이 제한될 수 있습니다.
- 할인/적립이 적용된 매출 취소 시, 취소전표가 실시간 매입되지 않아 할인/적립 한도의 복원과 이에 따른 할인/적립이 즉시 적용되지 않을 수 있습니다.
- 적립시점 기준 60개월이 경과한 각종 포인트(KB포인트리, 금융포인트, 스타마일, 현대자동차포인트, 기아자동차포인트, S-Oil KB포인트 등 포함)는 선입선출 방식으로 월 단위로 소멸됩니다.",2026-06-05 09:54:05
09064_N0001,09064,"[확인사항]
[할인(적립) 서비스 적용]
- 업종별로 적용되는 할인(적립)서비스는 이용 가맹점이 해당 카드 할인대상 KB국민카드 가맹점 업종코드로 등록된 경우에 한하여 제공됩니다. PG(인터넷) 업체를 통한 결제 및 호텔, 백화점, 대형마트, 철도역사, 아울렛 매장 등에 입점한 가맹점의 경우 할인(적립) 대상에서 제외됩니다. 미할인(적립) 대상 가맹점의 업종코드가 할인(적립)대상 업종코드로 변경된 경우 변경일 익영업일부터 매입되는 건에 대해서 할인(적립) 적용되며, 변경 전 이용(승인) 건에 대해서 소급하여 할인(적립)되지 않습니다. 가맹점 사정으로 복수의 가맹점을 소유한 경우, 승인되는 가맹점에 따라 할인(적립)이 제외될 수 있습니다.
- 할인(적립) 대상 이용(승인) 건은 이용 순서가 아닌 전표매입 순서대로 할인(적립)한도 내에서 할인(적립)됩니다. 예시) 이마트 KB국민카드로 이마트에서 11월 11일 20만원, 11월 12일 10만원을 이용(승인)하였으나 이마트에서 11월 12일 10만원 이용금액을 먼저 전표매입하는 경우 11월 12일 10만원 이용금액에 대해서 우선 할인이 적용됩니다.
- 주유 할인(적립)은 해당 정유사에서 KB국민카드로 고시하는 휘발유가 기준으로 제공되며, 이용하신 각 주유소별 유가차이 및 유종에 따라 할인(적립)금액에 차이가 발생할 수 있습니다. 특정 정유사와 제휴되지 않은 주유할인(적립) 서비스는 KB국민카드에서 지정한 정유사의 고시 휘발유가를 기준으로 제공됩니다.
- 놀이공원 할인 연간 횟수 산정 기준이 회원별인 경우 해당 놀이공원에서 매년(1월~12월) 할인 받은 횟수 전체를 합산하여 연간 횟수를 제한합니다.
- PG(인터넷) 업체를 통한 결제 및 호텔, 백화점, 대형마트, 철도역사, 아울렛 매장 등에 입점한 가맹점의 경우 할인(적립) 대상에서 제외됩니다.
- 미할인(적립) 대상 가맹점의 업종코드가 할인(적립)대상 업종코드로 변경된 경우 변경일 익영업일부터 매입되는 건에 대해서 할인(적립) 적용되며, 변경 전 이용(승인) 건에 대해서 소급하여 할인(적립)되지 않습니다.
- 가맹점 사정으로 복수의 가맹점을 소유한 경우, 승인되는 가맹점에 따라 할인(적립)이 제외될 수 있습니다.
- 예시) 이마트 KB국민카드로 이마트에서 11월 11일 20만원, 11월 12일 10만원을 이용(승인)하였으나 이마트에서 11월 12일 10만원 이용금액을 먼저 전표매입하는 경우 11월 12일 10만원 이용금액에 대해서 우선 할인이 적용됩니다.
- 특정 정유사와 제휴되지 않은 주유할인(적립) 서비스는 KB국민카드에서 지정한 정유사의 고시 휘발유가를 기준으로 제공됩니다.
[할인(적립)서비스 제외매출]
- 할인(적립) 서비스 제외매출은 다음과 같으며, 카드별 별도 조건은 해당 카드 안내를 참조하시기 바랍니다. 무이자할부 이용금액, 단기카드대출(현금서비스), 장기카드대출(카드론), 지방세, 정부지원금, 대학(대학원)등록금, 각종 수수료 및 이자, 연체료, 연회비, 상품권 및 선불카드(선불전자지급수단 포함) 구입/충전금액, 취소금액
- 무이자할부 이용금액, 단기카드대출(현금서비스), 장기카드대출(카드론), 지방세, 정부지원금, 대학(대학원)등록금, 각종 수수료 및 이자, 연체료, 연회비, 상품권 및 선불카드(선불전자지급수단 포함) 구입/충전금액, 취소금액
[연체이자율]
- 연체이자율 : 회원별/이용상품별 정상이자율 +3%p, 최고 연 20%
- 단, 연체발생시점에 정상이자율이 없는 경우 아래와 같이 적용함
- 일시불 거래 연체시 : 거래발생시점의 최소기간(2개월) 유이자 할부 수수료율 적용
- 무이자할부 거래 연체시 : 거래발생시점의 동일한 할부계약기간의 유이자할부수수료율 적용
- 그 외의 경우: 정상이자율은 상법상 상사법정이율과 상호금융 가계자금대출금리* 중 높은 금리 적용 * 한국은행에서 매월 발표하는 가장 최근의 비은행 금융기관 가중평균대출금리(신규대출 기준)
[기타]
- 상품별로 서비스 제공조건이 별도로 존재할 수 있으니, 세부내용은 해당 상품서비스 내용을 참조하여 주시기 바랍니다.
- 할인(적립) 서비스 제공 관련 카드별 실적 유예기간은 본인회원이 해당카드를 생애 최초 발급받은 경우에 적용되며, 가족카드 단독 발급 시 적용되지 않습니다.
- 할인(적립) 서비스는 제휴업체 정책에 따라 타 할인(적립)카드와 중복할인(적립)이 제한될 수 있습니다.
- 할인/적립이 적용된 매출 취소 시, 취소전표가 실시간 매입되지 않아 할인/적립 한도의 복원과 이에 따른 할인/적립이 즉시 적용되지 않을 수 있습니다.
- 적립시점 기준 60개월이 경과한 각종 포인트(KB포인트리, 금융포인트, 스타마일, 현대자동차포인트, 기아자동차포인트, S-Oil KB포인트 등 포함)는 선입선출 방식으로 월 단위로 소멸됩니다.",2026-06-05 18:33:12
09115_N0001,09115,"[확인사항]
[연체이자율]
- 연체이자율 : 회원별/이용상품별 정상이자율 + 3%p, 최고 연 20% 이내 단, 연체발생시점에 정상이자율이 없는 경우 아래와 같이 적용함
- 일시불 거래 연체시 : 거래발생시점의 최소기간(2개월) 유이자 할부수수료율 적용
- 무이자할부 거래 연체시 : 거래발생시점의 동일한 할부계약기간의 유이자할부수수료율 적용
단, 연체발생시점에 정상이자율이 없는 경우 아래와 같이 적용함",2026-06-05 09:56:02
09137_N0001,09137,"[확인사항]
[연체이자율]
- 연체이자율 : 회원별/이용상품별 정상이자율 +3%p, 최고 연 20% 이내
- 단, 연체발생시점에 정상이자율이 없는 경우 아래와 같이 적용함
- 일시불 거래 연체시 : 거래발생시점의 최소기간(2개월) 유이자 할부 수수료율 적용
- 무이자할부 거래 연체시 : 거래발생시점의 동일한 할부계약기간의 유이자할부수수료율 적용
- 그 외의 경우: 정상이자율은 상법상 상사법정이율과 상호금융가계자금대출금리* 중 높은 금리 적용 * 한국은행에서 매월 발표하는 가장 최근의 비은행 금융기관 가중평균대출금리(신규대출 기준)
* 한국은행에서 매월 발표하는 가장 최근의 비은행 금융기관 가중평균대출금리(신규대출 기준)",2026-06-05 11:20:24
09174_N0001,09174,"[확인사항]
[할인(적립) 서비스 적용]
- 업종별로 적용되는 할인(적립)서비스는 이용 가맹점이 해당 카드 할인대상 KB국민카드 가맹점 업종코드로 등록된 경우에 한하여 제공됩니다. PG(인터넷) 업체를 통한 결제 및 호텔, 백화점, 대형마트, 철도역사, 아울렛 매장 등에 입점한 가맹점의 경우 할인(적립) 대상에서 제외됩니다. 미할인(적립) 대상 가맹점의 업종코드가 할인(적립)대상 업종코드로 변경된 경우 변경일 익영업일부터 매입되는 건에 대해서 할인(적립) 적용되며, 변경 전 이용(승인) 건에 대해서 소급하여 할인(적립)되지 않습니다. 가맹점 사정으로 복수의 가맹점을 소유한 경우, 승인되는 가맹점에 따라 할인(적립)이 제외될 수 있습니다.
- 할인(적립) 대상 이용(승인) 건은 이용 순서가 아닌 전표매입 순서대로 할인(적립)한도 내에서 할인(적립)됩니다. 예시) 이마트 KB국민카드로 이마트에서 11월 11일 20만원, 11월 12일 10만원을 이용(승인)하였으나 이마트에서 11월 12일 10만원 이용금액을 먼저 전표매입하는 경우 11월 12일 10만원 이용금액에 대해서 우선 할인이 적용됩니다.
- 주유 할인(적립)은 해당 정유사에서 KB국민카드로 고시하는 휘발유가 기준으로 제공되며, 이용하신 각 주유소별 유가차이 및 유종에 따라 할인(적립)금액에 차이가 발생할 수 있습니다. 특정 정유사와 제휴되지 않은 주유할인(적립) 서비스는 KB국민카드에서 지정한 정유사의 고시 휘발유가를 기준으로 제공됩니다.
- 놀이공원 할인 연간 횟수 산정 기준이 회원별인 경우 해당 놀이공원에서 매년(1월~12월) 할인 받은 횟수 전체를 합산하여 연간 횟수를 제한합니다.
- PG(인터넷) 업체를 통한 결제 및 호텔, 백화점, 대형마트, 철도역사, 아울렛 매장 등에 입점한 가맹점의 경우 할인(적립) 대상에서 제외됩니다.
- 미할인(적립) 대상 가맹점의 업종코드가 할인(적립)대상 업종코드로 변경된 경우 변경일 익영업일부터 매입되는 건에 대해서 할인(적립) 적용되며, 변경 전 이용(승인) 건에 대해서 소급하여 할인(적립)되지 않습니다.
- 가맹점 사정으로 복수의 가맹점을 소유한 경우, 승인되는 가맹점에 따라 할인(적립)이 제외될 수 있습니다.
- 예시) 이마트 KB국민카드로 이마트에서 11월 11일 20만원, 11월 12일 10만원을 이용(승인)하였으나 이마트에서 11월 12일 10만원 이용금액을 먼저 전표매입하는 경우 11월 12일 10만원 이용금액에 대해서 우선 할인이 적용됩니다.
- 특정 정유사와 제휴되지 않은 주유할인(적립) 서비스는 KB국민카드에서 지정한 정유사의 고시 휘발유가를 기준으로 제공됩니다.
[할인(적립)서비스 제외매출]
- 할인(적립) 서비스 제외매출은 다음과 같으며, 카드별 별도 조건은 해당 카드 안내를 참조하시기 바랍니다. 무이자할부 이용금액, 단기카드대출(현금서비스), 장기카드대출(카드론), 지방세, 정부지원금, 대학(대학원)등록금, 각종 수수료 및 이자, 연체료, 연회비, 상품권 및 선불카드(선불전자지급수단 포함) 구입/충전금액, 취소금액
- 무이자할부 이용금액, 단기카드대출(현금서비스), 장기카드대출(카드론), 지방세, 정부지원금, 대학(대학원)등록금, 각종 수수료 및 이자, 연체료, 연회비, 상품권 및 선불카드(선불전자지급수단 포함) 구입/충전금액, 취소금액
[연체이자율]
- 연체이자율 : 회원별/이용상품별 정상이자율 +3%p, 최고 연 20%
- 단, 연체발생시점에 정상이자율이 없는 경우 아래와 같이 적용함
- 일시불 거래 연체시 : 거래발생시점의 최소기간(2개월) 유이자 할부 수수료율 적용
- 무이자할부 거래 연체시 : 거래발생시점의 동일한 할부계약기간의 유이자할부수수료율 적용
- 그 외의 경우: 정상이자율은 상법상 상사법정이율과 상호금융 가계자금대출금리* 중 높은 금리 적용 * 한국은행에서 매월 발표하는 가장 최근의 비은행 금융기관 가중평균대출금리(신규대출 기준)
[기타]
- 상품별로 서비스 제공조건이 별도로 존재할 수 있으니, 세부내용은 해당 상품서비스 내용을 참조하여 주시기 바랍니다.
- 할인(적립) 서비스 제공 관련 카드별 실적 유예기간은 본인회원이 해당카드를 생애 최초 발급받은 경우에 적용되며, 가족카드 단독 발급 시 적용되지 않습니다.
- 할인(적립) 서비스는 제휴업체 정책에 따라 타 할인(적립)카드와 중복할인(적립)이 제한될 수 있습니다.
- 할인/적립이 적용된 매출 취소 시, 취소전표가 실시간 매입되지 않아 할인/적립 한도의 복원과 이에 따른 할인/적립이 즉시 적용되지 않을 수 있습니다.
- 적립시점 기준 60개월이 경과한 각종 포인트(KB포인트리, 금융포인트, 스타마일, 현대자동차포인트, 기아자동차포인트, S-Oil KB포인트 등 포함)는 선입선출 방식으로 월 단위로 소멸됩니다.",2026-06-05 09:53:55
09244_N0001,09244,"[확인사항]
[할인(적립) 서비스 적용]
- 업종별로 적용되는 할인(적립)서비스는 이용 가맹점이 해당 카드 할인대상 KB국민카드 가맹점 업종코드로 등록된 경우에 한하여 제공됩니다. PG(인터넷) 업체를 통한 결제 및 호텔, 백화점, 대형마트, 철도역사, 아울렛 매장 등에 입점한 가맹점의 경우 할인(적립) 대상에서 제외됩니다. 미할인(적립) 대상 가맹점의 업종코드가 할인(적립)대상 업종코드로 변경된 경우 변경일 익영업일부터 매입되는 건에 대해서 할인(적립) 적용되며, 변경 전 이용(승인) 건에 대해서 소급하여 할인(적립)되지 않습니다. 가맹점 사정으로 복수의 가맹점을 소유한 경우, 승인되는 가맹점에 따라 할인(적립)이 제외될 수 있습니다.
- 할인(적립) 대상 이용(승인) 건은 이용 순서가 아닌 전표매입 순서대로 할인(적립)한도 내에서 할인(적립)됩니다. 예시) 이마트 KB국민카드로 이마트에서 11월 11일 20만원, 11월 12일 10만원을 이용(승인)하였으나 이마트에서 11월 12일 10만원 이용금액을 먼저 전표매입하는 경우 11월 12일 10만원 이용금액에 대해서 우선 할인이 적용됩니다.
- 주유 할인(적립)은 해당 정유사에서 KB국민카드로 고시하는 휘발유가 기준으로 제공되며, 이용하신 각 주유소별 유가차이 및 유종에 따라 할인(적립)금액에 차이가 발생할 수 있습니다. 특정 정유사와 제휴되지 않은 주유할인(적립) 서비스는 KB국민카드에서 지정한 정유사의 고시 휘발유가를 기준으로 제공됩니다.
- 놀이공원 할인 연간 횟수 산정 기준이 회원별인 경우 해당 놀이공원에서 매년(1월~12월) 할인 받은 횟수 전체를 합산하여 연간 횟수를 제한합니다.
- PG(인터넷) 업체를 통한 결제 및 호텔, 백화점, 대형마트, 철도역사, 아울렛 매장 등에 입점한 가맹점의 경우 할인(적립) 대상에서 제외됩니다.
- 미할인(적립) 대상 가맹점의 업종코드가 할인(적립)대상 업종코드로 변경된 경우 변경일 익영업일부터 매입되는 건에 대해서 할인(적립) 적용되며, 변경 전 이용(승인) 건에 대해서 소급하여 할인(적립)되지 않습니다.
- 가맹점 사정으로 복수의 가맹점을 소유한 경우, 승인되는 가맹점에 따라 할인(적립)이 제외될 수 있습니다.
- 예시) 이마트 KB국민카드로 이마트에서 11월 11일 20만원, 11월 12일 10만원을 이용(승인)하였으나 이마트에서 11월 12일 10만원 이용금액을 먼저 전표매입하는 경우 11월 12일 10만원 이용금액에 대해서 우선 할인이 적용됩니다.
- 특정 정유사와 제휴되지 않은 주유할인(적립) 서비스는 KB국민카드에서 지정한 정유사의 고시 휘발유가를 기준으로 제공됩니다.
[할인(적립)서비스 제외매출]
- 할인(적립) 서비스 제외매출은 다음과 같으며, 카드별 별도 조건은 해당 카드 안내를 참조하시기 바랍니다. 무이자할부 이용금액, 단기카드대출(현금서비스), 장기카드대출(카드론), 지방세, 정부지원금, 대학(대학원)등록금, 각종 수수료 및 이자, 연체료, 연회비, 상품권 및 선불카드(선불전자지급수단 포함) 구입/충전금액, 취소금액
- 무이자할부 이용금액, 단기카드대출(현금서비스), 장기카드대출(카드론), 지방세, 정부지원금, 대학(대학원)등록금, 각종 수수료 및 이자, 연체료, 연회비, 상품권 및 선불카드(선불전자지급수단 포함) 구입/충전금액, 취소금액
[연체이자율]
- 연체이자율 : 회원별/이용상품별 정상이자율 +3%p, 최고 연 20%
- 단, 연체발생시점에 정상이자율이 없는 경우 아래와 같이 적용함
- 일시불 거래 연체시 : 거래발생시점의 최소기간(2개월) 유이자 할부 수수료율 적용
- 무이자할부 거래 연체시 : 거래발생시점의 동일한 할부계약기간의 유이자할부수수료율 적용
- 그 외의 경우: 정상이자율은 상법상 상사법정이율과 상호금융 가계자금대출금리* 중 높은 금리 적용 * 한국은행에서 매월 발표하는 가장 최근의 비은행 금융기관 가중평균대출금리(신규대출 기준)
[기타]
- 상품별로 서비스 제공조건이 별도로 존재할 수 있으니, 세부내용은 해당 상품서비스 내용을 참조하여 주시기 바랍니다.
- 할인(적립) 서비스 제공 관련 카드별 실적 유예기간은 본인회원이 해당카드를 생애 최초 발급받은 경우에 적용되며, 가족카드 단독 발급 시 적용되지 않습니다.
- 할인(적립) 서비스는 제휴업체 정책에 따라 타 할인(적립)카드와 중복할인(적립)이 제한될 수 있습니다.
- 할인/적립이 적용된 매출 취소 시, 취소전표가 실시간 매입되지 않아 할인/적립 한도의 복원과 이에 따른 할인/적립이 즉시 적용되지 않을 수 있습니다.
- 적립시점 기준 60개월이 경과한 각종 포인트(KB포인트리, 금융포인트, 스타마일, 현대자동차포인트, 기아자동차포인트, S-Oil KB포인트 등 포함)는 선입선출 방식으로 월 단위로 소멸됩니다.",2026-06-05 18:32:50
09248_N0001,09248,"[확인사항]
[할인(적립) 서비스 적용]
- 업종별로 적용되는 할인(적립)서비스는 이용 가맹점이 해당 카드 할인대상 KB국민카드 가맹점 업종코드로 등록된 경우에 한하여 제공됩니다. PG(인터넷) 업체를 통한 결제 및 호텔, 백화점, 대형마트, 철도역사, 아울렛 매장 등에 입점한 가맹점의 경우 할인(적립) 대상에서 제외됩니다. 미할인(적립) 대상 가맹점의 업종코드가 할인(적립)대상 업종코드로 변경된 경우 변경일 익영업일부터 매입되는 건에 대해서 할인(적립) 적용되며, 변경 전 이용(승인) 건에 대해서 소급하여 할인(적립)되지 않습니다. 가맹점 사정으로 복수의 가맹점을 소유한 경우, 승인되는 가맹점에 따라 할인(적립)이 제외될 수 있습니다.
- 할인(적립) 대상 이용(승인) 건은 이용 순서가 아닌 전표매입 순서대로 할인(적립)한도 내에서 할인(적립)됩니다. 예시) 이마트 KB국민카드로 이마트에서 11월 11일 20만원, 11월 12일 10만원을 이용(승인)하였으나 이마트에서 11월 12일 10만원 이용금액을 먼저 전표매입하는 경우 11월 12일 10만원 이용금액에 대해서 우선 할인이 적용됩니다.
- 주유 할인(적립)은 해당 정유사에서 KB국민카드로 고시하는 휘발유가 기준으로 제공되며, 이용하신 각 주유소별 유가차이 및 유종에 따라 할인(적립)금액에 차이가 발생할 수 있습니다. 특정 정유사와 제휴되지 않은 주유할인(적립) 서비스는 KB국민카드에서 지정한 정유사의 고시 휘발유가를 기준으로 제공됩니다.
- 놀이공원 할인 연간 횟수 산정 기준이 회원별인 경우 해당 놀이공원에서 매년(1월~12월) 할인 받은 횟수 전체를 합산하여 연간 횟수를 제한합니다.
- PG(인터넷) 업체를 통한 결제 및 호텔, 백화점, 대형마트, 철도역사, 아울렛 매장 등에 입점한 가맹점의 경우 할인(적립) 대상에서 제외됩니다.
- 미할인(적립) 대상 가맹점의 업종코드가 할인(적립)대상 업종코드로 변경된 경우 변경일 익영업일부터 매입되는 건에 대해서 할인(적립) 적용되며, 변경 전 이용(승인) 건에 대해서 소급하여 할인(적립)되지 않습니다.
- 가맹점 사정으로 복수의 가맹점을 소유한 경우, 승인되는 가맹점에 따라 할인(적립)이 제외될 수 있습니다.
- 예시) 이마트 KB국민카드로 이마트에서 11월 11일 20만원, 11월 12일 10만원을 이용(승인)하였으나 이마트에서 11월 12일 10만원 이용금액을 먼저 전표매입하는 경우 11월 12일 10만원 이용금액에 대해서 우선 할인이 적용됩니다.
- 특정 정유사와 제휴되지 않은 주유할인(적립) 서비스는 KB국민카드에서 지정한 정유사의 고시 휘발유가를 기준으로 제공됩니다.
[할인(적립)서비스 제외매출]
- 할인(적립) 서비스 제외매출은 다음과 같으며, 카드별 별도 조건은 해당 카드 안내를 참조하시기 바랍니다. 무이자할부 이용금액, 단기카드대출(현금서비스), 장기카드대출(카드론), 지방세, 정부지원금, 대학(대학원)등록금, 각종 수수료 및 이자, 연체료, 연회비, 상품권 및 선불카드(선불전자지급수단 포함) 구입/충전금액, 취소금액
- 무이자할부 이용금액, 단기카드대출(현금서비스), 장기카드대출(카드론), 지방세, 정부지원금, 대학(대학원)등록금, 각종 수수료 및 이자, 연체료, 연회비, 상품권 및 선불카드(선불전자지급수단 포함) 구입/충전금액, 취소금액
[연체이자율]
- 연체이자율 : 회원별/이용상품별 정상이자율 +3%p, 최고 연 20%
- 단, 연체발생시점에 정상이자율이 없는 경우 아래와 같이 적용함
- 일시불 거래 연체시 : 거래발생시점의 최소기간(2개월) 유이자 할부 수수료율 적용
- 무이자할부 거래 연체시 : 거래발생시점의 동일한 할부계약기간의 유이자할부수수료율 적용
- 그 외의 경우: 정상이자율은 상법상 상사법정이율과 상호금융 가계자금대출금리* 중 높은 금리 적용 * 한국은행에서 매월 발표하는 가장 최근의 비은행 금융기관 가중평균대출금리(신규대출 기준)
[기타]
- 상품별로 서비스 제공조건이 별도로 존재할 수 있으니, 세부내용은 해당 상품서비스 내용을 참조하여 주시기 바랍니다.
- 할인(적립) 서비스 제공 관련 카드별 실적 유예기간은 본인회원이 해당카드를 생애 최초 발급받은 경우에 적용되며, 가족카드 단독 발급 시 적용되지 않습니다.
- 할인(적립) 서비스는 제휴업체 정책에 따라 타 할인(적립)카드와 중복할인(적립)이 제한될 수 있습니다.
- 할인/적립이 적용된 매출 취소 시, 취소전표가 실시간 매입되지 않아 할인/적립 한도의 복원과 이에 따른 할인/적립이 즉시 적용되지 않을 수 있습니다.
- 적립시점 기준 60개월이 경과한 각종 포인트(KB포인트리, 금융포인트, 스타마일, 현대자동차포인트, 기아자동차포인트, S-Oil KB포인트 등 포함)는 선입선출 방식으로 월 단위로 소멸됩니다.",2026-06-05 10:52:36
09272_N0001,09272,"[확인사항]
[할인(적립) 서비스 적용]
- 업종별로 적용되는 할인(적립)서비스는 이용 가맹점이 해당 카드 할인대상 KB국민카드 가맹점 업종코드로 등록된 경우에 한하여 제공됩니다. PG(인터넷) 업체를 통한 결제 및 호텔, 백화점, 대형마트, 철도역사, 아울렛 매장 등에 입점한 가맹점의 경우 할인(적립) 대상에서 제외됩니다. 미할인(적립) 대상 가맹점의 업종코드가 할인(적립)대상 업종코드로 변경된 경우 변경일 익영업일부터 매입되는 건에 대해서 할인(적립) 적용되며, 변경 전 이용(승인) 건에 대해서 소급하여 할인(적립)되지 않습니다. 가맹점 사정으로 복수의 가맹점을 소유한 경우, 승인되는 가맹점에 따라 할인(적립)이 제외될 수 있습니다.
- 할인(적립) 대상 이용(승인) 건은 이용 순서가 아닌 전표매입 순서대로 할인(적립)한도 내에서 할인(적립)됩니다. 예시) 이마트 KB국민카드로 이마트에서 11월 11일 20만원, 11월 12일 10만원을 이용(승인)하였으나 이마트에서 11월 12일 10만원 이용금액을 먼저 전표매입하는 경우 11월 12일 10만원 이용금액에 대해서 우선 할인이 적용됩니다.
- 주유 할인(적립)은 해당 정유사에서 KB국민카드로 고시하는 휘발유가 기준으로 제공되며, 이용하신 각 주유소별 유가차이 및 유종에 따라 할인(적립)금액에 차이가 발생할 수 있습니다. 특정 정유사와 제휴되지 않은 주유할인(적립) 서비스는 KB국민카드에서 지정한 정유사의 고시 휘발유가를 기준으로 제공됩니다.
- 놀이공원 할인 연간 횟수 산정 기준이 회원별인 경우 해당 놀이공원에서 매년(1월~12월) 할인 받은 횟수 전체를 합산하여 연간 횟수를 제한합니다.
- PG(인터넷) 업체를 통한 결제 및 호텔, 백화점, 대형마트, 철도역사, 아울렛 매장 등에 입점한 가맹점의 경우 할인(적립) 대상에서 제외됩니다.
- 미할인(적립) 대상 가맹점의 업종코드가 할인(적립)대상 업종코드로 변경된 경우 변경일 익영업일부터 매입되는 건에 대해서 할인(적립) 적용되며, 변경 전 이용(승인) 건에 대해서 소급하여 할인(적립)되지 않습니다.
- 가맹점 사정으로 복수의 가맹점을 소유한 경우, 승인되는 가맹점에 따라 할인(적립)이 제외될 수 있습니다.
- 예시) 이마트 KB국민카드로 이마트에서 11월 11일 20만원, 11월 12일 10만원을 이용(승인)하였으나 이마트에서 11월 12일 10만원 이용금액을 먼저 전표매입하는 경우 11월 12일 10만원 이용금액에 대해서 우선 할인이 적용됩니다.
- 특정 정유사와 제휴되지 않은 주유할인(적립) 서비스는 KB국민카드에서 지정한 정유사의 고시 휘발유가를 기준으로 제공됩니다.
[할인(적립)서비스 제외매출]
- 할인(적립) 서비스 제외매출은 다음과 같으며, 카드별 별도 조건은 해당 카드 안내를 참조하시기 바랍니다. 무이자할부 이용금액, 단기카드대출(현금서비스), 장기카드대출(카드론), 지방세, 정부지원금, 대학(대학원)등록금, 각종 수수료 및 이자, 연체료, 연회비, 상품권 및 선불카드(선불전자지급수단 포함) 구입/충전금액, 취소금액
- 무이자할부 이용금액, 단기카드대출(현금서비스), 장기카드대출(카드론), 지방세, 정부지원금, 대학(대학원)등록금, 각종 수수료 및 이자, 연체료, 연회비, 상품권 및 선불카드(선불전자지급수단 포함) 구입/충전금액, 취소금액
[연체이자율]
- 연체이자율 : 회원별/이용상품별 정상이자율 +3%p, 최고 연 20%
- 단, 연체발생시점에 정상이자율이 없는 경우 아래와 같이 적용함
- 일시불 거래 연체시 : 거래발생시점의 최소기간(2개월) 유이자 할부 수수료율 적용
- 무이자할부 거래 연체시 : 거래발생시점의 동일한 할부계약기간의 유이자할부수수료율 적용
- 그 외의 경우: 정상이자율은 상법상 상사법정이율과 상호금융 가계자금대출금리* 중 높은 금리 적용 * 한국은행에서 매월 발표하는 가장 최근의 비은행 금융기관 가중평균대출금리(신규대출 기준)
[기타]
- 상품별로 서비스 제공조건이 별도로 존재할 수 있으니, 세부내용은 해당 상품서비스 내용을 참조하여 주시기 바랍니다.
- 할인(적립) 서비스 제공 관련 카드별 실적 유예기간은 본인회원이 해당카드를 생애 최초 발급받은 경우에 적용되며, 가족카드 단독 발급 시 적용되지 않습니다.
- 할인(적립) 서비스는 제휴업체 정책에 따라 타 할인(적립)카드와 중복할인(적립)이 제한될 수 있습니다.
- 할인/적립이 적용된 매출 취소 시, 취소전표가 실시간 매입되지 않아 할인/적립 한도의 복원과 이에 따른 할인/적립이 즉시 적용되지 않을 수 있습니다.
- 적립시점 기준 60개월이 경과한 각종 포인트(KB포인트리, 금융포인트, 스타마일, 현대자동차포인트, 기아자동차포인트, S-Oil KB포인트 등 포함)는 선입선출 방식으로 월 단위로 소멸됩니다.",2026-06-05 17:10:49
09293_N0001,09293,"[확인사항]
[연체이자율]
- 연체이자율 : 회원별/이용상품별 정상이자율 +3%p, 최고 연 20%
- 단, 연체발생시점에 정상이자율이 없는 경우 아래와 같이 적용함
- 일시불 거래 연체시 : 거래발생시점의 최소기간(2개월) 유이자 할부 수수료율 적용
- 무이자할부 거래 연체시 : 거래발생시점의 동일한 할부계약기간의 유이자할부수수료율 적용
- 그 외의 경우 : 정상이자율은 상법상 상사법정이율과 상호금융 가계자금대출금리* 중 높은 금리 적용 * 한국은행에서 매월 발표하는 가장 최근의 비은행 금융기관 가중평균대출금리(신규대출 기준)
* 한국은행에서 매월 발표하는 가장 최근의 비은행 금융기관 가중평균대출금리(신규대출 기준)",2026-06-05 09:56:48
09297_N0001,09297,"[확인사항]
[연체이자율]
- 연체이자율 : 회원별/이용상품별 정상이자율 +3%p, 최고 연 20% 이내
- 단, 연체발생시점에 정상이자율이 없는 경우 아래와 같이 적용함
- 일시불 거래 연체시 : 거래발생시점의 최소기간(2개월) 유이자 할부 수수료율 적용
- 무이자할부 거래 연체시 : 거래발생시점의 동일한 할부계약기간의 유이자할부수수료율 적용
- 그 외의 경우: 정상이자율은 상법상 상사법정이율과 상호금융가계자금대출금리 * 중 높은 금리 적용
* 한국은행에서 매월 발표하는 가장 최근의 비은행 금융기관 가중평균대출금리(신규대출 기준)",2026-06-06 06:37:26
09298_N0001,09298,"[확인사항]
[연체이자율]
- 연체이자율 : 회원별/이용상품별 정상이자율 +3%p, 최고 연 20% 이내
- 단, 연체발생시점에 정상이자율이 없는 경우 아래와 같이 적용함
- 일시불 거래 연체시 : 거래발생시점의 최소기간(2개월) 유이자 할부 수수료율 적용
- 무이자할부 거래 연체시 : 거래발생시점의 동일한 할부계약기간의 유이자할부수수료율 적용
- 그 외의 경우: 정상이자율은 상법상 상사법정이율과 상호금융가계자금대출금리 * 중 높은 금리 적용
* 한국은행에서 매월 발표하는 가장 최근의 비은행 금융기관 가중평균대출금리(신규대출 기준)",2026-06-05 10:51:55
09314_N0001,09314,"[확인사항]
[할인(적립) 서비스 적용]
- 업종별로 적용되는 할인(적립)서비스는 이용 가맹점이 해당 카드 할인대상 KB국민카드 가맹점 업종코드로 등록된 경우에 한하여 제공됩니다. PG(인터넷) 업체를 통한 결제 및 호텔, 백화점, 대형마트, 철도역사, 아울렛 매장 등에 입점한 가맹점의 경우 할인(적립) 대상에서 제외됩니다. 미할인(적립) 대상 가맹점의 업종코드가 할인(적립)대상 업종코드로 변경된 경우 변경일 익영업일부터 매입되는 건에 대해서 할인(적립) 적용되며, 변경 전 이용(승인) 건에 대해서 소급하여 할인(적립)되지 않습니다. 가맹점 사정으로 복수의 가맹점을 소유한 경우, 승인되는 가맹점에 따라 할인(적립)이 제외될 수 있습니다.
- 할인(적립) 대상 이용(승인) 건은 이용 순서가 아닌 전표매입 순서대로 할인(적립)한도 내에서 할인(적립)됩니다. 예시) 이마트 KB국민카드로 이마트에서 11월 11일 20만원, 11월 12일 10만원을 이용(승인)하였으나 이마트에서 11월 12일 10만원 이용금액을 먼저 전표매입하는 경우 11월 12일 10만원 이용금액에 대해서 우선 할인이 적용됩니다.
- 주유 할인(적립)은 해당 정유사에서 KB국민카드로 고시하는 휘발유가 기준으로 제공되며, 이용하신 각 주유소별 유가차이 및 유종에 따라 할인(적립)금액에 차이가 발생할 수 있습니다. 특정 정유사와 제휴되지 않은 주유할인(적립) 서비스는 KB국민카드에서 지정한 정유사의 고시 휘발유가를 기준으로 제공됩니다.
- 놀이공원 할인 연간 횟수 산정 기준이 회원별인 경우 해당 놀이공원에서 매년(1월~12월) 할인 받은 횟수 전체를 합산하여 연간 횟수를 제한합니다.
- PG(인터넷) 업체를 통한 결제 및 호텔, 백화점, 대형마트, 철도역사, 아울렛 매장 등에 입점한 가맹점의 경우 할인(적립) 대상에서 제외됩니다.
- 미할인(적립) 대상 가맹점의 업종코드가 할인(적립)대상 업종코드로 변경된 경우 변경일 익영업일부터 매입되는 건에 대해서 할인(적립) 적용되며, 변경 전 이용(승인) 건에 대해서 소급하여 할인(적립)되지 않습니다.
- 가맹점 사정으로 복수의 가맹점을 소유한 경우, 승인되는 가맹점에 따라 할인(적립)이 제외될 수 있습니다.
- 예시) 이마트 KB국민카드로 이마트에서 11월 11일 20만원, 11월 12일 10만원을 이용(승인)하였으나 이마트에서 11월 12일 10만원 이용금액을 먼저 전표매입하는 경우 11월 12일 10만원 이용금액에 대해서 우선 할인이 적용됩니다.
- 특정 정유사와 제휴되지 않은 주유할인(적립) 서비스는 KB국민카드에서 지정한 정유사의 고시 휘발유가를 기준으로 제공됩니다.
[할인(적립)서비스 제외매출]
- 할인(적립) 서비스 제외매출은 다음과 같으며, 카드별 별도 조건은 해당 카드 안내를 참조하시기 바랍니다. 무이자할부 이용금액, 단기카드대출(현금서비스), 장기카드대출(카드론), 지방세, 정부지원금, 대학(대학원)등록금, 각종 수수료 및 이자, 연체료, 연회비, 상품권 및 선불카드(선불전자지급수단 포함) 구입/충전금액, 취소금액
- 무이자할부 이용금액, 단기카드대출(현금서비스), 장기카드대출(카드론), 지방세, 정부지원금, 대학(대학원)등록금, 각종 수수료 및 이자, 연체료, 연회비, 상품권 및 선불카드(선불전자지급수단 포함) 구입/충전금액, 취소금액
[연체이자율]
- 연체이자율 : 회원별/이용상품별 정상이자율 +3%p, 최고 연 20%
- 단, 연체발생시점에 정상이자율이 없는 경우 아래와 같이 적용함
- 일시불 거래 연체시 : 거래발생시점의 최소기간(2개월) 유이자 할부 수수료율 적용
- 무이자할부 거래 연체시 : 거래발생시점의 동일한 할부계약기간의 유이자할부수수료율 적용
- 그 외의 경우: 정상이자율은 상법상 상사법정이율과 상호금융 가계자금대출금리* 중 높은 금리 적용 * 한국은행에서 매월 발표하는 가장 최근의 비은행 금융기관 가중평균대출금리(신규대출 기준)
[기타]
- 상품별로 서비스 제공조건이 별도로 존재할 수 있으니, 세부내용은 해당 상품서비스 내용을 참조하여 주시기 바랍니다.
- 할인(적립) 서비스 제공 관련 카드별 실적 유예기간은 본인회원이 해당카드를 생애 최초 발급받은 경우에 적용되며, 가족카드 단독 발급 시 적용되지 않습니다.
- 할인(적립) 서비스는 제휴업체 정책에 따라 타 할인(적립)카드와 중복할인(적립)이 제한될 수 있습니다.
- 할인/적립이 적용된 매출 취소 시, 취소전표가 실시간 매입되지 않아 할인/적립 한도의 복원과 이에 따른 할인/적립이 즉시 적용되지 않을 수 있습니다.
- 적립시점 기준 60개월이 경과한 각종 포인트(KB포인트리, 금융포인트, 스타마일, 현대자동차포인트, 기아자동차포인트, S-Oil KB포인트 등 포함)는 선입선출 방식으로 월 단위로 소멸됩니다.",2026-06-05 17:11:12
09321_N0001,09321,"[확인사항]
[전월 이용 실적 기준]
- 전월 1일 ~ 말일까지 KB국민 K-패스카드의 일시불 및 할부 승인 금액 기준
- 해외 이용금액은 전월 1일 ~ 말일까지 일시불 매입 완료 기준
- 취소 금액은 취소 전표가 당사에 접수된 월의 실적에서 차감
[전월 이용 실적 제외 대상]
- KB국민 K-패스카드로 청구할인 서비스를 적용 받은 이용건(해당 매출 전체), 단기카드대출(현금서비스), 장기카드대출(카드론), 아파트관리비, 초/중/고 학교납입금 전체(수업료/교육비/현장학습비/급식비 등), 대학(원)등록금, 정부지원금(보육료/유치원보조비/바우처 이용금액 등), 각종 세금, 공과금(전기/수도 등), 4대 사회보험료(건강/연금/고용/산재), 각종 수수료 및 이자, 연체료, 연회비, 상품권 및 선불카드(선불전자지급수단 포함) 구입/충전금액, 무승인전표(대중교통, 공항버스, 자판기, 터널통행료, 항공기내 이용 등), 취소금액
[할인 제외 대상]
- 무이자할부, 상품권 및 선불카드(선불전자지급수단 포함) 구입/충전금액, 연체료, 취소금액
[연체이자율]
- 연체이자율 : 회원별/이용상품별 정상이자율 +3%p, 최고 연 20%
- 단, 연체발생시점에 정상이자율이 없는 경우 아래와 같이 적용함
- 일시불 거래 연체시 : 거래발생시점의 최소기간(2개월) 유이자 할부 수수료율 적용
- 무이자할부 거래 연체시 : 거래발생시점의 동일한 할부계약기간의 유이자할부수수료율 적용
[해외 이용 확인사항]
- 해외 이용시(해외사이트 거래 포함) 미화(USD)기준 거래미화금액에 접수일의 (KB국민은행) 최초고시 전신환 매도율을 적용한 후, 국제브랜드사가 부과하는 국제브랜드 수수료(VISA 1.1%) 와 KB국민카드 가 부과하는 해외서비스 수수료 (0.25%) 를 포함하여 원화로 청구됩니다. 이 경우 KB국민카드의 해외서비스 수수료는 국제브랜드 수수료를 제외하고 산정됩니다.
- 해외 이용시 청구금액 산출방법 해외 이용시 청구금액 = (거래미화금액 X 전신환매도율¹) + 국제브랜드 수수료² + 해외서비스 수수료³ 전신환 매도율 : 접수일의 KB국민은행 최초고시 전신환매도율 국제브랜드 수수료 = (거래미화금액 X 국제브랜드 이용수수료율) X 전신환매도율 해외서비스 수수료 = (거래미화금액 X 해외서비스 수수료율) X 전신환매도율 해당 내용은 해외원화결제(DCC) 서비스 수수료가 없는 경우이며, 해외원화결제(DCC) 서비스 이용 시 추가 수수료가   발생할 수 있으니 유의하시기 바랍니다.
- 해외원화결제(DCC) 차단 서비스 이용방법 : KB국민카드 홈페이지/모바일앱 > 서비스 > 해외이용서비스 > 해외원화결제차단서비스
해외 이용시 청구금액 = (거래미화금액 X 전신환매도율¹) + 국제브랜드 수수료² + 해외서비스 수수료³
- 전신환 매도율 : 접수일의 KB국민은행 최초고시 전신환매도율
- 국제브랜드 수수료 = (거래미화금액 X 국제브랜드 이용수수료율) X 전신환매도율
- 해외서비스 수수료 = (거래미화금액 X 해외서비스 수수료율) X 전신환매도율
해당 내용은 해외원화결제(DCC) 서비스 수수료가 없는 경우이며, 해외원화결제(DCC) 서비스 이용 시 추가 수수료가   발생할 수 있으니 유의하시기 바랍니다.
[기타]
- KB국민 K-패스카드 업종에 따른 청구 할인서비스는 대상 가맹점이 KB국민카드의 업종분류기준 상 해당 업종에 한하여 제공합니다.
- 별도 전용 가맹점번호로 승인되는 PG(결제대행)업체 또는 일부 간편결제(Pay) 이용 시 할인대상에서 제외될 수 있습니다.
- KB국민 K-패스카드 할인 서비스 대상 업종은 해당 가맹점 사업자번호로 당사 영업점 및 고객센터 1588-1688, KB국민은행 영업점을 통해 확인이 가능합니다.
- 전표 매입 순서대로 월간 할인한도내 서비스가 적용되며, 잔여 할인한도는 이월되지 않습니다.
- 할인 받은 이용 건을 취소할 경우 취소전표가 실시간 접수되지 않아 할인 한도가 즉시 복원되지 않을 수 있습니다.
- 결제계좌 개설 기관의 영업 마감시간(16시) 이후 결제계좌에 입금된 금액에 대해서는 결제계좌 개설 기관의 사정에 따라 당일 출금하지 못하여 연체로 처리될 수 있으므로 유의하시기 바랍니다. 자동이체 업무 마감시간 이후 당사 홈페이지/모바일* 등에서   바로출금(즉시결제) 또는 가상계좌 입금(송금납부)을 통해 당일 결제가 가능합니다. 세부내용 : KB국민카드 홈페이지 > MY KB > 바로출금결제 또는 가상계좌결제 참조
- KB국민 K-패스카드는 기본 포인트리가 적립되지 않습니다. 단, KB국민카드 스타샵 가맹점에서 제공해드리는 포인트는 적립됩니다.
세부내용 : KB국민카드 홈페이지 > MY KB > 바로출금결제 또는 가상계좌결제 참조",2026-06-05 09:55:27
09322_N0001,09322,"[카드이용]
[체크카드 이용제한]
- 매월 세번째 일요일 00:00~06:00 중에는 은행 전산시스템 점검 관련으로 이용이 제한될 수 있으며, 점검시간이 변경될 경우 별도로 고지해 드립니다.
[영업 마감시간 이후 결제계좌 출금]
- 결제계좌 개설기관의 영업 마감시간(16시) 이후 입금 된 금액에 대해서는 당일 출금되지 못하여 연체 처리 될 수 있으니 유의 하시기 바랍니다. 자동이체 업무 마감시간 이후 당사 홈페이지/ 모바일* 등에서 바로출금(즉시결제) 또는 가상계좌 입금(송금납부)을 통해 당일 결제가 가능합니다. 세부내용: KB국민카드 홈페이지 > MY KB > 바로출금 또는  가상계좌 참조
세부내용: KB국민카드 홈페이지 > MY KB > 바로출금 또는  가상계좌 참조
[체크카드 직불이용한도]
- 카드발급 시 부여한도(기본한도) 직불이용한도 구분 1회 1일 월간 만12세 ~ 13세 3만원 3만원 30만원 만14세 이상 600만원 600만원 2,000만원
[후불교통기능 탑재]
- 버스, 지하철 등 교통이용이 가능하고, 매월 체크카드 결제 계좌에서 지정된 결제일에 자동 출금됩니다.
- 정상 출금되지 않은 경우 연체에 따른 교통기능 이용이 불가할 수  있으며, 미납금액에 대해서는 연체료가 부과됩니다. 이용일 안내 이용일 1일 ~ 말일 출금일 말일 + 3영업일
[미성년자 RF(후불교통) 체크카드 이용한도]
- 월 5만원 이하이며, 교통카드 이용내역 및 금액 정산 체계로 일시적 이용한도 초과 사용 가능합니다.

[해외이용]
[체크카드 해외이용 안내]
세부 내용은 'KB국민카드 해외이용안내'를 반드시 참고하시오. 해외이용안내
[국제 브랜드별 해당 마크가 부착된 가맹점 및 CD/ATM기에서 이용 가능합니다.]
[체크카드 해외이용한도 및 이용수수료]
예금인출 및 물품구매 수수료는 국제브랜드사에서 부과하는 해외거래수수료 및 해외이용수수료가 포함됩니다.
[체크카드 해외이용 시 출금방식]
- 일반 가맹점 이용 시 : 승인시점 즉시 계좌 출금
- 무승인, T&E업종 이용 시 : 전표 매입시점 계좌 출금 (승인시점 이후 평균 1주일 소요)
- T&E 업종 : 항공, 렌터카, 호텔, 무인주유기 등 여행 및 여가 관련 업종
- 승인시점 금액과 매입시점 금액이 상이한 경우 승인시점 금액이 매입시점 금액보다 큰 경우 : 차액 계좌환급 승인시점 금액이 매입시점 금액보다 적은 경우 : 차액 추가 출금되며, 계좌잔액 부족 시 차액 신용청구 됩니다. 신용청구 : 체크카드 결제일에 결제계좌에서 출금되는 것을 의미합니다.
- 매입시점 계좌잔액 부족으로 신용청구 될 경우 회원님의 신용한도가 차감됩니다. (소액신용결제서비스 등록 회원일 경우 소액신용한도가 차감됩니다)
- 승인시점 금액이 매입시점 금액보다 큰 경우 : 차액 계좌환급
- 승인시점 금액이 매입시점 금액보다 적은 경우 : 차액 추가 출금되며, 계좌잔액 부족 시 차액 신용청구 됩니다. 신용청구 : 체크카드 결제일에 결제계좌에서 출금되는 것을 의미합니다.
신용청구 : 체크카드 결제일에 결제계좌에서 출금되는 것을 의미합니다.
[체크카드 해외이용 제한]
매일 00:00 ~ 00:05 / 매월 셋째 주 일요일 00:00 ~ 06:00
[참고사항]
- 해외이용 시 거래유형 및 카드 종류에 관계없이 은행계좌당 1일 최대 600만원 상당의 미화 환산액 범위 내에서 이용 가능합니다.
- 마에스트로(Maestro) 체크카드는 해외 무승인, T&E 업종, 해외 웹사이트에서  이용 불가합니다.
- 은련(UPI) 체크카드는 해외 무승인, T&E 업종 이용 불가합니다.
- 비거주자 및 재외동포는 외국환 거래 규정에 의하여 해외사용이 불가합니다.
- 외국인 거주자의 해외 이용 (KB국민은행 영업점에서 해외사용등록 신청 후 이용 가능합니다.) KB국민은행 영업점에서 해외사용등록 신청 후 이용이 가능합니다. 외국환 거래규정상 외국인 거주자인 경우는 별도의 거래등록을 통해 연간 미화 5만불 한도 내에서(송금 및 환전 포함) 해외 예금인출 및 해외 신용카드 가맹점 또는 직불카드 가맹점 이용이 가능합니다. (비거주자 및 재외동포는 이용이 불가합니다.)
- 체크카드 이용 시 적용 환율 일반가맹점 이용: 승인시점 KB국민은행 전신환매도율(전신송금환율) 무승인/T&E업종 이용: 매입일 KB국민은행 최고 고시 전신환매도율(전신송금환율)
- 일부 해외 거래 시 IC칩 비밀번호(PIN)을 요구하는 경우가 있으므로, 출국 전 반드시 IC칩 비밀번호(PIN) 등록여부를 확인하시기 바랍니다.
- KB국민은행 영업점에서 해외사용등록 신청 후 이용이 가능합니다.
- 외국환 거래규정상 외국인 거주자인 경우는 별도의 거래등록을 통해 연간 미화 5만불 한도 내에서(송금 및 환전 포함) 해외 예금인출 및 해외 신용카드 가맹점 또는 직불카드 가맹점 이용이 가능합니다. (비거주자 및 재외동포는 이용이 불가합니다.)
- 일반가맹점 이용: 승인시점 KB국민은행 전신환매도율(전신송금환율)
- 무승인/T&E업종 이용: 매입일 KB국민은행 최고 고시 전신환매도율(전신송금환율)

[확인사항]
[이용실적 제외 대상]
- 체크카드 공통 실적제외 대상 외 카드 별 이용실적 제외 대상이 별도로 존재할 수 있으니, 반드시 해당카드 안내를 참조하시기 바랍니다.
[영업 마감시간 이후 결제계좌 출금]
- 결제계좌 개설 기관의 영업 마감시간(16시) 이후 입금 된 금액에 대해서는 당일 출금되지 못하여 연체 처리 될 수 있으니 유의하시기 바랍니다.
- 자동이체 업무 마감시간 이후 당사 홈페이지/모바일 등에서 바로출금(즉시결제) 또는 가상계좌 입금(송금납부) 을 통해 당일 결제가 가능합니다. 세부내용: KB국민카드 홈페이지 > MY KB > 바로출금 또는 가상계좌 참조
- 세부내용: KB국민카드 홈페이지 > MY KB > 바로출금 또는 가상계좌 참조
[연체이자율]
- 연체이자율 : 회원별/이용상품별 정상이자율 +3%p, 최고 연 20%
- 단, 연체발생시점에 정상이자율이 없는 경우 아래와 같이 적용함
- 일시불 거래 연체시 : 거래발생시점의 최소기간(2개월) 유이자 할부 수수료율 적용
- 무이자할부 거래 연체시 : 거래발생시점의 동일한 할부계약기간의 유이자할부수수료율 적용
- 그 외의 경우 : 정상이자율은 상법상 상사법정이율과 상호금융 가계자금대출금리* 중 높은 금리 적용
한국은행에서 매월 발표하는 가장 최근의 비은행 금융기관 가중평균대출금리(신규대출 기준)
[기타]
- 할인(적립) 서비스 제공 관련 카드별 유예기간은 해당카드를 생애 최초 발급받은 경우에 적용됩니다.
- 할인(적립) 서비스는 제휴업체 정책에 따라 타 할인(적립)카드와 중복할인(적립)이 제한될 수 있습니다.
- 환급할인은 체크카드 이용 후 이용전표가 매입처리(카드이용일로부터 약 2~3일 후) 완료된 후 할인금액을 출금계좌로 환급하는 방식입니다.
- 체크카드 소액신용결제서비스 신청 시 소액신용결제서비스로 이용된 금액은 체크카드 결제일에 결제계좌로 신용청구 됩니다.
- 체크카드로 철도승차권 예매 후 취소 시 반환수수료는 체크카드 결제일에 결제계좌로 신용 청구됩니다. 카드별 별도 조건은 상품 서비스 상세 내용을 참고하시기 바랍니다.
- 외국인 고객님께서 교통(RF)기능 탑재 상품 발급을 원할 시, 고객센터로 문의 주시기 바랍니다.
- KB국민카드 기업상품부 kkgc20163@kbfg.com
카드별 별도 조건은 상품 서비스 상세 내용을 참고하시기 바랍니다.",2026-06-05 11:20:35
09561_N0001,09561,"[확인사항]
[연체이자율]
- 연체이자율 : 회원별/이용상품별 정상이자율 +3%p, 최고 연 20% 이내
- 단, 연체발생시점에 정상이자율이 없는 경우 아래와 같이 적용함
- 일시불 거래 연체시 : 거래발생시점의 최소기간(2개월) 유이자 할부 수수료율 적용
- 무이자할부 거래 연체시 : 거래발생시점의 동일한 할부계약기간의 유이자할부수수료율 적용
- 그 외의 경우: 정상이자율은 상법상 상사법정이율과 상호금융가계자금대출금리* 중 높은 금리 적용 * 한국은행에서 매월 발표하는 가장 최근의 비은행 금융기관 가중평균대출금리(신규대출 기준)

[해외이용TIP]
[① 신용카드로 결제한 A고객]
각종 수수료 가 더해진 금액을 신용카드 결제일에 냄
※ WE:SH Travel 카드가 아닌 Mastercard 브랜드 당사 신용카드의 경우
[② 현금으로 결제한 B고객]
은행에서 환전한 달러를 직접 들고가서 결제함
[③ WE:SH Travel 챙겨간 C고객]
WE:SH Travel 카드 한 장으로 가볍게 환전 & 수수료 없이 내가 쓴 금액만 해외 결제!
[[산출 근거]]
- A고객 : (1,000USD x 1,341.80원) + 국제브랜드 수수료(1,000USD x 1.0% x 1,341.80원) + 해외이용 수수료 (1,000USD x 0.25% x 1,341.80원) = 1,358,570원
- B고객 : 1,000USD x 1,352.25원 = 1,352,250원
- C고객 : 1,000USD x 1,329.00원 = 1,329,000원
기준매매율 1,329.00원, 전신환매도율 1,341.80원, 현찰매도율 1,352.25원, 국제브랜드 수수료율 1.0%, 해외이용 수수료율 0.25% 가정",2026-06-05 11:20:31
09579_N0001,09579,"[확인사항]
[할인(적립) 서비스 적용]
- 업종별로 적용되는 할인(적립)서비스는 이용 가맹점이 해당 카드 할인대상 KB국민카드 가맹점 업종코드로 등록된 경우에 한하여 제공됩니다. PG(인터넷) 업체를 통한 결제 및 호텔, 백화점, 대형마트, 철도역사, 아울렛 매장 등에 입점한 가맹점의 경우 할인(적립) 대상에서 제외됩니다. 미할인(적립) 대상 가맹점의 업종코드가 할인(적립)대상 업종코드로 변경된 경우 변경일 익영업일부터 매입되는 건에 대해서 할인(적립) 적용되며, 변경 전 이용(승인) 건에 대해서 소급하여 할인(적립)되지 않습니다. 가맹점 사정으로 복수의 가맹점을 소유한 경우, 승인되는 가맹점에 따라 할인(적립)이 제외될 수 있습니다.
- 할인(적립) 대상 이용(승인) 건은 이용 순서가 아닌 전표매입 순서대로 할인(적립)한도 내에서 할인(적립)됩니다. 예시) 이마트 KB국민카드로 이마트에서 11월 11일 20만원, 11월 12일 10만원을 이용(승인)하였으나 이마트에서 11월 12일 10만원 이용금액을 먼저 전표매입하는 경우 11월 12일 10만원 이용금액에 대해서 우선 할인이 적용됩니다.
- 주유 할인(적립)은 해당 정유사에서 KB국민카드로 고시하는 휘발유가 기준으로 제공되며, 이용하신 각 주유소별 유가차이 및 유종에 따라 할인(적립)금액에 차이가 발생할 수 있습니다. 특정 정유사와 제휴되지 않은 주유할인(적립) 서비스는 KB국민카드에서 지정한 정유사의 고시 휘발유가를 기준으로 제공됩니다.
- 놀이공원 할인 연간 횟수 산정 기준이 회원별인 경우 해당 놀이공원에서 매년(1월~12월) 할인 받은 횟수 전체를 합산하여 연간 횟수를 제한합니다.
- PG(인터넷) 업체를 통한 결제 및 호텔, 백화점, 대형마트, 철도역사, 아울렛 매장 등에 입점한 가맹점의 경우 할인(적립) 대상에서 제외됩니다.
- 미할인(적립) 대상 가맹점의 업종코드가 할인(적립)대상 업종코드로 변경된 경우 변경일 익영업일부터 매입되는 건에 대해서 할인(적립) 적용되며, 변경 전 이용(승인) 건에 대해서 소급하여 할인(적립)되지 않습니다.
- 가맹점 사정으로 복수의 가맹점을 소유한 경우, 승인되는 가맹점에 따라 할인(적립)이 제외될 수 있습니다.
- 예시) 이마트 KB국민카드로 이마트에서 11월 11일 20만원, 11월 12일 10만원을 이용(승인)하였으나 이마트에서 11월 12일 10만원 이용금액을 먼저 전표매입하는 경우 11월 12일 10만원 이용금액에 대해서 우선 할인이 적용됩니다.
- 특정 정유사와 제휴되지 않은 주유할인(적립) 서비스는 KB국민카드에서 지정한 정유사의 고시 휘발유가를 기준으로 제공됩니다.
[할인(적립)서비스 제외매출]
- 할인(적립) 서비스 제외매출은 다음과 같으며, 카드별 별도 조건은 해당 카드 안내를 참조하시기 바랍니다. 무이자할부 이용금액, 단기카드대출(현금서비스), 장기카드대출(카드론), 지방세, 정부지원금, 대학(대학원)등록금, 각종 수수료 및 이자, 연체료, 연회비, 상품권 및 선불카드(선불전자지급수단 포함) 구입/충전금액, 취소금액
- 무이자할부 이용금액, 단기카드대출(현금서비스), 장기카드대출(카드론), 지방세, 정부지원금, 대학(대학원)등록금, 각종 수수료 및 이자, 연체료, 연회비, 상품권 및 선불카드(선불전자지급수단 포함) 구입/충전금액, 취소금액
[연체이자율]
- 연체이자율 : 회원별/이용상품별 정상이자율 +3%p, 최고 연 20%
- 단, 연체발생시점에 정상이자율이 없는 경우 아래와 같이 적용함
- 일시불 거래 연체시 : 거래발생시점의 최소기간(2개월) 유이자 할부 수수료율 적용
- 무이자할부 거래 연체시 : 거래발생시점의 동일한 할부계약기간의 유이자할부수수료율 적용
- 그 외의 경우: 정상이자율은 상법상 상사법정이율과 상호금융 가계자금대출금리* 중 높은 금리 적용 * 한국은행에서 매월 발표하는 가장 최근의 비은행 금융기관 가중평균대출금리(신규대출 기준)
[기타]
- 상품별로 서비스 제공조건이 별도로 존재할 수 있으니, 세부내용은 해당 상품서비스 내용을 참조하여 주시기 바랍니다.
- 할인(적립) 서비스 제공 관련 카드별 실적 유예기간은 본인회원이 해당카드를 생애 최초 발급받은 경우에 적용되며, 가족카드 단독 발급 시 적용되지 않습니다.
- 할인(적립) 서비스는 제휴업체 정책에 따라 타 할인(적립)카드와 중복할인(적립)이 제한될 수 있습니다.
- 할인/적립이 적용된 매출 취소 시, 취소전표가 실시간 매입되지 않아 할인/적립 한도의 복원과 이에 따른 할인/적립이 즉시 적용되지 않을 수 있습니다.
- 적립시점 기준 60개월이 경과한 각종 포인트(KB포인트리, 금융포인트, 스타마일, 현대자동차포인트, 기아자동차포인트, S-Oil KB포인트 등 포함)는 선입선출 방식으로 월 단위로 소멸됩니다.",2026-06-05 18:33:54
09780_N0001,09780,"[확인사항]
[연체이자율]
- 연체이자율 : 회원별/이용상품별 정상이자율 +3%p, 최고 연 20% 이내
- 단, 연체발생시점에 정상이자율이 없는 경우 아래와 같이 적용함
- 일시불 거래 연체시 : 거래발생시점의 최소기간(2개월) 유이자 할부 수수료율 적용
- 무이자할부 거래 연체시 : 거래발생시점의 동일한 할부계약기간의 유이자할부수수료율 적용
- 그 외의 경우: 정상이자율은 상법상 상사법정이율과 상호금융가계자금대출금리* 중 높은 금리 적용 * 한국은행에서 매월 발표하는 가장 최근의 비은행 금융기관 가중평균대출금리(신규대출 기준)",2026-06-05 10:53:10
09923_N0001,09923,"[확인사항]
[연체이자율]
- 연체이자율 : 회원별/이용상품별 정상이자율 +3%p, 최고 연 20% 이내
- 단, 연체발생시점에 정상이자율이 없는 경우 아래와 같이 적용함
- 일시불 거래 연체시 : 거래발생시점의 최소기간(2개월) 유이자 할부 수수료율 적용
- 무이자할부 거래 연체시 : 거래발생시점의 동일한 할부계약기간의 유이자할부수수료율 적용
- 그 외의 경우: 정상이자율은 상법상 상사법정이율과 상호금융가계자금대출금리* 중 높은 금리 적용 * 한국은행에서 매월 발표하는 가장 최근의 비은행 금융기관 가중평균대출금리(신규대출 기준)",2026-06-05 09:53:42
04425_N0001,04425,"[할인(적립) 서비스 적용]
업종별로 적용되는 할인(적립)서비스는 이용 가맹점이 해당 카드 할인대상 KB국민카드 가맹점 업종코드로 등록된 경우에 한하여 제공됩니다. PG(인터넷) 업체를 통한 결제 및 호텔, 백화점, 대형마트, 철도역사, 아울렛 매장 등에 입점한 가맹점의 경우 할인(적립) 대상에서 제외됩니다. 미할인(적립) 대상 가맹점의 업종코드가 할인(적립)대상 업종코드로 변경된 경우 변경일 익영업일부터 매입되는 건에 대해서 할인(적립) 적용되며, 변경 전 이용(승인) 건에 대해서 소급하여 할인(적립)되지 않습니다. 가맹점 사정으로 복수의 가맹점을 소유한 경우, 승인되는 가맹점에 따라 할인(적립)이 제외될 수 있습니다.
할인(적립) 대상 이용(승인) 건은 이용 순서가 아닌 전표매입 순서대로 할인(적립)한도 내에서 할인(적립)됩니다. 예시) 이마트 KB국민카드로 이마트에서 11월 11일 20만원, 11월 12일 10만원을 이용(승인)하였으나 이마트에서 11월 12일 10만원 이용금액을 먼저 전표매입하는 경우 11월 12일 10만원 이용금액에 대해서 우선 할인이 적용됩니다.
주유 할인(적립)은 해당 정유사에서 KB국민카드로 고시하는 휘발유가 기준으로 제공되며, 이용하신 각 주유소별 유가차이 및 유종에 따라 할인(적립)금액에 차이가 발생할 수 있습니다. 특정 정유사와 제휴되지 않은 주유할인(적립) 서비스는 KB국민카드에서 지정한 정유사의 고시 휘발유가를 기준으로 제공됩니다.
놀이공원 할인 연간 횟수 산정 기준이 회원별인 경우 해당 놀이공원에서 매년(1월~12월) 할인 받은 횟수 전체를 합산하여 연간 횟수를 제한합니다.

[할인(적립)서비스 제외매출]
할인(적립) 서비스 제외매출은 다음과 같으며
카드별 별도 조건은 해당 카드 안내를 참조하시기 바랍니다. 무이자할부 이용금액
단기카드대출(현금서비스)
장기카드대출(카드론)
지방세
정부지원금
대학(대학원)등록금
각종 수수료 및 이자
연체료
연회비
상품권 및 선불카드(선불전자지급수단 포함) 구입/충전금액
취소금액

[연체이자율]
연체이자율 : 회원별/이용상품별 정상이자율 +3%p, 최고 연 20%
단, 연체발생시점에 정상이자율이 없는 경우 아래와 같이 적용함
일시불 거래 연체시 : 거래발생시점의 최소기간(2개월) 유이자 할부 수수료율 적용
무이자할부 거래 연체시 : 거래발생시점의 동일한 할부계약기간의 유이자할부수수료율 적용
그 외의 경우: 정상이자율은 상법상 상사법정이율과 상호금융 가계자금대출금리 중 높은 금리 적용  한국은행에서 매월 발표하는 가장 최근의 비은행 금융기관 가중평균대출금리(신규대출 기준)

[기타]
상품별로 서비스 제공조건이 별도로 존재할 수 있으니, 세부내용은 해당 상품서비스 내용을 참조하여 주시기 바랍니다.
할인(적립) 서비스 제공 관련 카드별 실적 유예기간은 본인회원이 해당카드를 생애 최초 발급받은 경우에 적용되며, 가족카드 단독 발급 시 적용되지 않습니다.
할인(적립) 서비스는 제휴업체 정책에 따라 타 할인(적립)카드와 중복할인(적립)이 제한될 수 있습니다.
할인/적립이 적용된 매출 취소 시, 취소전표가 실시간 매입되지 않아 할인/적립 한도의 복원과 이에 따른 할인/적립이 즉시 적용되지 않을 수 있습니다.
적립시점 기준 60개월이 경과한 각종 포인트(KB포인트리, 금융포인트, 스타마일, 현대자동차포인트, 기아자동차포인트, S-Oil KB포인트 등 포함)는 선입선출 방식으로 월 단위로 소멸됩니다.",2026-06-02
09922_N0001,09922,"[연체이자율]
연체이자율 : 회원별/이용상품별 정상이자율 +3%p, 최고 연 20% 이내
단, 연체발생시점에 정상이자율이 없는 경우 아래와 같이 적용함
일시불 거래 연체시 : 거래발생시점의 최소기간(2개월) 유이자 할부 수수료율 적용
무이자할부 거래 연체시 : 거래발생시점의 동일한 할부계약기간의 유이자할부수수료율 적용
그 외의 경우: 정상이자율은 상법상 상사법정이율과 상호금융가계자금대출금리 중 높은 금리 적용  한국은행에서 매월 발표하는 가장 최근의 비은행 금융기관 가중평균대출금리(신규대출 기준)",2026-06-02
09790_N0001,09790,"[할인(적립) 서비스 적용]
업종별로 적용되는 할인(적립)서비스는 이용 가맹점이 해당 카드 할인대상 KB국민카드 가맹점 업종코드로 등록된 경우에 한하여 제공됩니다. PG(인터넷) 업체를 통한 결제 및 호텔, 백화점, 대형마트, 철도역사, 아울렛 매장 등에 입점한 가맹점의 경우 할인(적립) 대상에서 제외됩니다. 미할인(적립) 대상 가맹점의 업종코드가 할인(적립)대상 업종코드로 변경된 경우 변경일 익영업일부터 매입되는 건에 대해서 할인(적립) 적용되며, 변경 전 이용(승인) 건에 대해서 소급하여 할인(적립)되지 않습니다. 가맹점 사정으로 복수의 가맹점을 소유한 경우, 승인되는 가맹점에 따라 할인(적립)이 제외될 수 있습니다.
할인(적립) 대상 이용(승인) 건은 이용 순서가 아닌 전표매입 순서대로 할인(적립)한도 내에서 할인(적립)됩니다. 예시) 이마트 KB국민카드로 이마트에서 11월 11일 20만원, 11월 12일 10만원을 이용(승인)하였으나 이마트에서 11월 12일 10만원 이용금액을 먼저 전표매입하는 경우 11월 12일 10만원 이용금액에 대해서 우선 할인이 적용됩니다.
주유 할인(적립)은 해당 정유사에서 KB국민카드로 고시하는 휘발유가 기준으로 제공되며, 이용하신 각 주유소별 유가차이 및 유종에 따라 할인(적립)금액에 차이가 발생할 수 있습니다. 특정 정유사와 제휴되지 않은 주유할인(적립) 서비스는 KB국민카드에서 지정한 정유사의 고시 휘발유가를 기준으로 제공됩니다.
놀이공원 할인 연간 횟수 산정 기준이 회원별인 경우 해당 놀이공원에서 매년(1월~12월) 할인 받은 횟수 전체를 합산하여 연간 횟수를 제한합니다.

[할인(적립)서비스 제외매출]
할인(적립) 서비스 제외매출은 다음과 같으며
카드별 별도 조건은 해당 카드 안내를 참조하시기 바랍니다. 무이자할부 이용금액
단기카드대출(현금서비스)
장기카드대출(카드론)
지방세
정부지원금
대학(대학원)등록금
각종 수수료 및 이자
연체료
연회비
상품권 및 선불카드(선불전자지급수단 포함) 구입/충전금액
취소금액

[연체이자율]
연체이자율 : 회원별/이용상품별 정상이자율 +3%p, 최고 연 20%
단, 연체발생시점에 정상이자율이 없는 경우 아래와 같이 적용함
일시불 거래 연체시 : 거래발생시점의 최소기간(2개월) 유이자 할부 수수료율 적용
무이자할부 거래 연체시 : 거래발생시점의 동일한 할부계약기간의 유이자할부수수료율 적용
그 외의 경우: 정상이자율은 상법상 상사법정이율과 상호금융 가계자금대출금리 중 높은 금리 적용  한국은행에서 매월 발표하는 가장 최근의 비은행 금융기관 가중평균대출금리(신규대출 기준)

[기타]
상품별로 서비스 제공조건이 별도로 존재할 수 있으니, 세부내용은 해당 상품서비스 내용을 참조하여 주시기 바랍니다.
할인(적립) 서비스 제공 관련 카드별 실적 유예기간은 본인회원이 해당카드를 생애 최초 발급받은 경우에 적용되며, 가족카드 단독 발급 시 적용되지 않습니다.
할인(적립) 서비스는 제휴업체 정책에 따라 타 할인(적립)카드와 중복할인(적립)이 제한될 수 있습니다.
할인/적립이 적용된 매출 취소 시, 취소전표가 실시간 매입되지 않아 할인/적립 한도의 복원과 이에 따른 할인/적립이 즉시 적용되지 않을 수 있습니다.
적립시점 기준 60개월이 경과한 각종 포인트(KB포인트리, 금융포인트, 스타마일, 현대자동차포인트, 기아자동차포인트, S-Oil KB포인트 등 포함)는 선입선출 방식으로 월 단위로 소멸됩니다.",2026-06-02
04325_N0001,04325,"[할인(적립) 서비스 적용]
업종별로 적용되는 할인(적립)서비스는 이용 가맹점이 해당 카드 할인대상 KB국민카드 가맹점 업종코드로 등록된 경우에 한하여 제공됩니다. PG(인터넷) 업체를 통한 결제 및 호텔, 백화점, 대형마트, 철도역사, 아울렛 매장 등에 입점한 가맹점의 경우 할인(적립) 대상에서 제외됩니다. 미할인(적립) 대상 가맹점의 업종코드가 할인(적립)대상 업종코드로 변경된 경우 변경일 익영업일부터 매입되는 건에 대해서 할인(적립) 적용되며, 변경 전 이용(승인) 건에 대해서 소급하여 할인(적립)되지 않습니다. 가맹점 사정으로 복수의 가맹점을 소유한 경우, 승인되는 가맹점에 따라 할인(적립)이 제외될 수 있습니다.
할인(적립) 대상 이용(승인) 건은 이용 순서가 아닌 전표매입 순서대로 할인(적립)한도 내에서 할인(적립)됩니다. 예시) 이마트 KB국민카드로 이마트에서 11월 11일 20만원, 11월 12일 10만원을 이용(승인)하였으나 이마트에서 11월 12일 10만원 이용금액을 먼저 전표매입하는 경우 11월 12일 10만원 이용금액에 대해서 우선 할인이 적용됩니다.
주유 할인(적립)은 해당 정유사에서 KB국민카드로 고시하는 휘발유가 기준으로 제공되며, 이용하신 각 주유소별 유가차이 및 유종에 따라 할인(적립)금액에 차이가 발생할 수 있습니다. 특정 정유사와 제휴되지 않은 주유할인(적립) 서비스는 KB국민카드에서 지정한 정유사의 고시 휘발유가를 기준으로 제공됩니다.
놀이공원 할인 연간 횟수 산정 기준이 회원별인 경우 해당 놀이공원에서 매년(1월~12월) 할인 받은 횟수 전체를 합산하여 연간 횟수를 제한합니다.

[할인(적립)서비스 제외매출]
할인(적립) 서비스 제외매출은 다음과 같으며
카드별 별도 조건은 해당 카드 안내를 참조하시기 바랍니다. 무이자할부 이용금액
단기카드대출(현금서비스)
장기카드대출(카드론)
지방세
정부지원금
대학(대학원)등록금
각종 수수료 및 이자
연체료
연회비
상품권 및 선불카드(선불전자지급수단 포함) 구입/충전금액
취소금액

[연체이자율]
연체이자율 : 회원별/이용상품별 정상이자율 +3%p, 최고 연 20%
단, 연체발생시점에 정상이자율이 없는 경우 아래와 같이 적용함
일시불 거래 연체시 : 거래발생시점의 최소기간(2개월) 유이자 할부 수수료율 적용
무이자할부 거래 연체시 : 거래발생시점의 동일한 할부계약기간의 유이자할부수수료율 적용
그 외의 경우: 정상이자율은 상법상 상사법정이율과 상호금융 가계자금대출금리 중 높은 금리 적용  한국은행에서 매월 발표하는 가장 최근의 비은행 금융기관 가중평균대출금리(신규대출 기준)

[기타]
상품별로 서비스 제공조건이 별도로 존재할 수 있으니, 세부내용은 해당 상품서비스 내용을 참조하여 주시기 바랍니다.
할인(적립) 서비스 제공 관련 카드별 실적 유예기간은 본인회원이 해당카드를 생애 최초 발급받은 경우에 적용되며, 가족카드 단독 발급 시 적용되지 않습니다.
할인(적립) 서비스는 제휴업체 정책에 따라 타 할인(적립)카드와 중복할인(적립)이 제한될 수 있습니다.
할인/적립이 적용된 매출 취소 시, 취소전표가 실시간 매입되지 않아 할인/적립 한도의 복원과 이에 따른 할인/적립이 즉시 적용되지 않을 수 있습니다.
적립시점 기준 60개월이 경과한 각종 포인트(KB포인트리, 금융포인트, 스타마일, 현대자동차포인트, 기아자동차포인트, S-Oil KB포인트 등 포함)는 선입선출 방식으로 월 단위로 소멸됩니다.",2026-06-02
04331_N0001,04331,"[할인(적립) 서비스 적용]
업종별로 적용되는 할인(적립)서비스는 이용 가맹점이 해당 카드 할인대상 KB국민카드 가맹점 업종코드로 등록된 경우에 한하여 제공됩니다. PG(인터넷) 업체를 통한 결제 및 호텔, 백화점, 대형마트, 철도역사, 아울렛 매장 등에 입점한 가맹점의 경우 할인(적립) 대상에서 제외됩니다. 미할인(적립) 대상 가맹점의 업종코드가 할인(적립)대상 업종코드로 변경된 경우 변경일 익영업일부터 매입되는 건에 대해서 할인(적립) 적용되며, 변경 전 이용(승인) 건에 대해서 소급하여 할인(적립)되지 않습니다. 가맹점 사정으로 복수의 가맹점을 소유한 경우, 승인되는 가맹점에 따라 할인(적립)이 제외될 수 있습니다.
할인(적립) 대상 이용(승인) 건은 이용 순서가 아닌 전표매입 순서대로 할인(적립)한도 내에서 할인(적립)됩니다. 예시) 이마트 KB국민카드로 이마트에서 11월 11일 20만원, 11월 12일 10만원을 이용(승인)하였으나 이마트에서 11월 12일 10만원 이용금액을 먼저 전표매입하는 경우 11월 12일 10만원 이용금액에 대해서 우선 할인이 적용됩니다.
주유 할인(적립)은 해당 정유사에서 KB국민카드로 고시하는 휘발유가 기준으로 제공되며, 이용하신 각 주유소별 유가차이 및 유종에 따라 할인(적립)금액에 차이가 발생할 수 있습니다. 특정 정유사와 제휴되지 않은 주유할인(적립) 서비스는 KB국민카드에서 지정한 정유사의 고시 휘발유가를 기준으로 제공됩니다.
놀이공원 할인 연간 횟수 산정 기준이 회원별인 경우 해당 놀이공원에서 매년(1월~12월) 할인 받은 횟수 전체를 합산하여 연간 횟수를 제한합니다.

[할인(적립)서비스 제외매출]
할인(적립) 서비스 제외매출은 다음과 같으며
카드별 별도 조건은 해당 카드 안내를 참조하시기 바랍니다. 무이자할부 이용금액
단기카드대출(현금서비스)
장기카드대출(카드론)
지방세
정부지원금
대학(대학원)등록금
각종 수수료 및 이자
연체료
연회비
상품권 및 선불카드(선불전자지급수단 포함) 구입/충전금액
취소금액

[연체이자율]
연체이자율 : 회원별/이용상품별 정상이자율 +3%p, 최고 연 20%
단, 연체발생시점에 정상이자율이 없는 경우 아래와 같이 적용함
일시불 거래 연체시 : 거래발생시점의 최소기간(2개월) 유이자 할부 수수료율 적용
무이자할부 거래 연체시 : 거래발생시점의 동일한 할부계약기간의 유이자할부수수료율 적용
그 외의 경우: 정상이자율은 상법상 상사법정이율과 상호금융 가계자금대출금리 중 높은 금리 적용  한국은행에서 매월 발표하는 가장 최근의 비은행 금융기관 가중평균대출금리(신규대출 기준)

[기타]
상품별로 서비스 제공조건이 별도로 존재할 수 있으니, 세부내용은 해당 상품서비스 내용을 참조하여 주시기 바랍니다.
할인(적립) 서비스 제공 관련 카드별 실적 유예기간은 본인회원이 해당카드를 생애 최초 발급받은 경우에 적용되며, 가족카드 단독 발급 시 적용되지 않습니다.
할인(적립) 서비스는 제휴업체 정책에 따라 타 할인(적립)카드와 중복할인(적립)이 제한될 수 있습니다.
할인/적립이 적용된 매출 취소 시, 취소전표가 실시간 매입되지 않아 할인/적립 한도의 복원과 이에 따른 할인/적립이 즉시 적용되지 않을 수 있습니다.
적립시점 기준 60개월이 경과한 각종 포인트(KB포인트리, 금융포인트, 스타마일, 현대자동차포인트, 기아자동차포인트, S-Oil KB포인트 등 포함)는 선입선출 방식으로 월 단위로 소멸됩니다.",2026-06-02
04485_N0001,04485,"[할인(적립) 서비스 적용]
업종별로 적용되는 할인(적립)서비스는 이용 가맹점이 해당 카드 할인대상 KB국민카드 가맹점 업종코드로 등록된 경우에 한하여 제공됩니다. PG(인터넷) 업체를 통한 결제 및 호텔, 백화점, 대형마트, 철도역사, 아울렛 매장 등에 입점한 가맹점의 경우 할인(적립) 대상에서 제외됩니다. 미할인(적립) 대상 가맹점의 업종코드가 할인(적립)대상 업종코드로 변경된 경우 변경일 익영업일부터 매입되는 건에 대해서 할인(적립) 적용되며, 변경 전 이용(승인) 건에 대해서 소급하여 할인(적립)되지 않습니다. 가맹점 사정으로 복수의 가맹점을 소유한 경우, 승인되는 가맹점에 따라 할인(적립)이 제외될 수 있습니다.
할인(적립) 대상 이용(승인) 건은 이용 순서가 아닌 전표매입 순서대로 할인(적립)한도 내에서 할인(적립)됩니다. 예시) 이마트 KB국민카드로 이마트에서 11월 11일 20만원, 11월 12일 10만원을 이용(승인)하였으나 이마트에서 11월 12일 10만원 이용금액을 먼저 전표매입하는 경우 11월 12일 10만원 이용금액에 대해서 우선 할인이 적용됩니다.
주유 할인(적립)은 해당 정유사에서 KB국민카드로 고시하는 휘발유가 기준으로 제공되며, 이용하신 각 주유소별 유가차이 및 유종에 따라 할인(적립)금액에 차이가 발생할 수 있습니다. 특정 정유사와 제휴되지 않은 주유할인(적립) 서비스는 KB국민카드에서 지정한 정유사의 고시 휘발유가를 기준으로 제공됩니다.
놀이공원 할인 연간 횟수 산정 기준이 회원별인 경우 해당 놀이공원에서 매년(1월~12월) 할인 받은 횟수 전체를 합산하여 연간 횟수를 제한합니다.

[할인(적립)서비스 제외매출]
할인(적립) 서비스 제외매출은 다음과 같으며
카드별 별도 조건은 해당 카드 안내를 참조하시기 바랍니다. 무이자할부 이용금액
단기카드대출(현금서비스)
장기카드대출(카드론)
지방세
정부지원금
대학(대학원)등록금
각종 수수료 및 이자
연체료
연회비
상품권 및 선불카드(선불전자지급수단 포함) 구입/충전금액
취소금액

[연체이자율]
연체이자율 : 회원별/이용상품별 정상이자율 +3%p, 최고 연 20%
단, 연체발생시점에 정상이자율이 없는 경우 아래와 같이 적용함
일시불 거래 연체시 : 거래발생시점의 최소기간(2개월) 유이자 할부 수수료율 적용
무이자할부 거래 연체시 : 거래발생시점의 동일한 할부계약기간의 유이자할부수수료율 적용
그 외의 경우: 정상이자율은 상법상 상사법정이율과 상호금융 가계자금대출금리 중 높은 금리 적용  한국은행에서 매월 발표하는 가장 최근의 비은행 금융기관 가중평균대출금리(신규대출 기준)

[기타]
상품별로 서비스 제공조건이 별도로 존재할 수 있으니, 세부내용은 해당 상품서비스 내용을 참조하여 주시기 바랍니다.
할인(적립) 서비스 제공 관련 카드별 실적 유예기간은 본인회원이 해당카드를 생애 최초 발급받은 경우에 적용되며, 가족카드 단독 발급 시 적용되지 않습니다.
할인(적립) 서비스는 제휴업체 정책에 따라 타 할인(적립)카드와 중복할인(적립)이 제한될 수 있습니다.
할인/적립이 적용된 매출 취소 시, 취소전표가 실시간 매입되지 않아 할인/적립 한도의 복원과 이에 따른 할인/적립이 즉시 적용되지 않을 수 있습니다.
적립시점 기준 60개월이 경과한 각종 포인트(KB포인트리, 금융포인트, 스타마일, 현대자동차포인트, 기아자동차포인트, S-Oil KB포인트 등 포함)는 선입선출 방식으로 월 단위로 소멸됩니다.",2026-06-02
04345_N0001,04345,"[할인(적립) 서비스 적용]
업종별로 적용되는 할인(적립)서비스는 이용 가맹점이 해당 카드 할인대상 KB국민카드 가맹점 업종코드로 등록된 경우에 한하여 제공됩니다. PG(인터넷) 업체를 통한 결제 및 호텔, 백화점, 대형마트, 철도역사, 아울렛 매장 등에 입점한 가맹점의 경우 할인(적립) 대상에서 제외됩니다. 미할인(적립) 대상 가맹점의 업종코드가 할인(적립)대상 업종코드로 변경된 경우 변경일 익영업일부터 매입되는 건에 대해서 할인(적립) 적용되며, 변경 전 이용(승인) 건에 대해서 소급하여 할인(적립)되지 않습니다. 가맹점 사정으로 복수의 가맹점을 소유한 경우, 승인되는 가맹점에 따라 할인(적립)이 제외될 수 있습니다.
할인(적립) 대상 이용(승인) 건은 이용 순서가 아닌 전표매입 순서대로 할인(적립)한도 내에서 할인(적립)됩니다. 예시) 이마트 KB국민카드로 이마트에서 11월 11일 20만원, 11월 12일 10만원을 이용(승인)하였으나 이마트에서 11월 12일 10만원 이용금액을 먼저 전표매입하는 경우 11월 12일 10만원 이용금액에 대해서 우선 할인이 적용됩니다.
주유 할인(적립)은 해당 정유사에서 KB국민카드로 고시하는 휘발유가 기준으로 제공되며, 이용하신 각 주유소별 유가차이 및 유종에 따라 할인(적립)금액에 차이가 발생할 수 있습니다. 특정 정유사와 제휴되지 않은 주유할인(적립) 서비스는 KB국민카드에서 지정한 정유사의 고시 휘발유가를 기준으로 제공됩니다.
놀이공원 할인 연간 횟수 산정 기준이 회원별인 경우 해당 놀이공원에서 매년(1월~12월) 할인 받은 횟수 전체를 합산하여 연간 횟수를 제한합니다.

[할인(적립)서비스 제외매출]
할인(적립) 서비스 제외매출은 다음과 같으며
카드별 별도 조건은 해당 카드 안내를 참조하시기 바랍니다. 무이자할부 이용금액
단기카드대출(현금서비스)
장기카드대출(카드론)
지방세
정부지원금
대학(대학원)등록금
각종 수수료 및 이자
연체료
연회비
상품권 및 선불카드(선불전자지급수단 포함) 구입/충전금액
취소금액

[연체이자율]
연체이자율 : 회원별/이용상품별 정상이자율 +3%p, 최고 연 20%
단, 연체발생시점에 정상이자율이 없는 경우 아래와 같이 적용함
일시불 거래 연체시 : 거래발생시점의 최소기간(2개월) 유이자 할부 수수료율 적용
무이자할부 거래 연체시 : 거래발생시점의 동일한 할부계약기간의 유이자할부수수료율 적용
그 외의 경우: 정상이자율은 상법상 상사법정이율과 상호금융 가계자금대출금리 중 높은 금리 적용  한국은행에서 매월 발표하는 가장 최근의 비은행 금융기관 가중평균대출금리(신규대출 기준)

[기타]
상품별로 서비스 제공조건이 별도로 존재할 수 있으니, 세부내용은 해당 상품서비스 내용을 참조하여 주시기 바랍니다.
할인(적립) 서비스 제공 관련 카드별 실적 유예기간은 본인회원이 해당카드를 생애 최초 발급받은 경우에 적용되며, 가족카드 단독 발급 시 적용되지 않습니다.
할인(적립) 서비스는 제휴업체 정책에 따라 타 할인(적립)카드와 중복할인(적립)이 제한될 수 있습니다.
할인/적립이 적용된 매출 취소 시, 취소전표가 실시간 매입되지 않아 할인/적립 한도의 복원과 이에 따른 할인/적립이 즉시 적용되지 않을 수 있습니다.
적립시점 기준 60개월이 경과한 각종 포인트(KB포인트리, 금융포인트, 스타마일, 현대자동차포인트, 기아자동차포인트, S-Oil KB포인트 등 포함)는 선입선출 방식으로 월 단위로 소멸됩니다.",2026-06-02
04324_N0001,04324,"[할인(적립) 서비스 적용]
업종별로 적용되는 할인(적립)서비스는 이용 가맹점이 해당 카드 할인대상 KB국민카드 가맹점 업종코드로 등록된 경우에 한하여 제공됩니다. PG(인터넷) 업체를 통한 결제 및 호텔, 백화점, 대형마트, 철도역사, 아울렛 매장 등에 입점한 가맹점의 경우 할인(적립) 대상에서 제외됩니다. 미할인(적립) 대상 가맹점의 업종코드가 할인(적립)대상 업종코드로 변경된 경우 변경일 익영업일부터 매입되는 건에 대해서 할인(적립) 적용되며, 변경 전 이용(승인) 건에 대해서 소급하여 할인(적립)되지 않습니다. 가맹점 사정으로 복수의 가맹점을 소유한 경우, 승인되는 가맹점에 따라 할인(적립)이 제외될 수 있습니다.
할인(적립) 대상 이용(승인) 건은 이용 순서가 아닌 전표매입 순서대로 할인(적립)한도 내에서 할인(적립)됩니다. 예시) 이마트 KB국민카드로 이마트에서 11월 11일 20만원, 11월 12일 10만원을 이용(승인)하였으나 이마트에서 11월 12일 10만원 이용금액을 먼저 전표매입하는 경우 11월 12일 10만원 이용금액에 대해서 우선 할인이 적용됩니다.
주유 할인(적립)은 해당 정유사에서 KB국민카드로 고시하는 휘발유가 기준으로 제공되며, 이용하신 각 주유소별 유가차이 및 유종에 따라 할인(적립)금액에 차이가 발생할 수 있습니다. 특정 정유사와 제휴되지 않은 주유할인(적립) 서비스는 KB국민카드에서 지정한 정유사의 고시 휘발유가를 기준으로 제공됩니다.
놀이공원 할인 연간 횟수 산정 기준이 회원별인 경우 해당 놀이공원에서 매년(1월~12월) 할인 받은 횟수 전체를 합산하여 연간 횟수를 제한합니다.

[할인(적립)서비스 제외매출]
할인(적립) 서비스 제외매출은 다음과 같으며
카드별 별도 조건은 해당 카드 안내를 참조하시기 바랍니다. 무이자할부 이용금액
단기카드대출(현금서비스)
장기카드대출(카드론)
지방세
정부지원금
대학(대학원)등록금
각종 수수료 및 이자
연체료
연회비
상품권 및 선불카드(선불전자지급수단 포함) 구입/충전금액
취소금액

[연체이자율]
연체이자율 : 회원별/이용상품별 정상이자율 +3%p, 최고 연 20%
단, 연체발생시점에 정상이자율이 없는 경우 아래와 같이 적용함
일시불 거래 연체시 : 거래발생시점의 최소기간(2개월) 유이자 할부 수수료율 적용
무이자할부 거래 연체시 : 거래발생시점의 동일한 할부계약기간의 유이자할부수수료율 적용
그 외의 경우: 정상이자율은 상법상 상사법정이율과 상호금융 가계자금대출금리 중 높은 금리 적용  한국은행에서 매월 발표하는 가장 최근의 비은행 금융기관 가중평균대출금리(신규대출 기준)

[기타]
상품별로 서비스 제공조건이 별도로 존재할 수 있으니, 세부내용은 해당 상품서비스 내용을 참조하여 주시기 바랍니다.
할인(적립) 서비스 제공 관련 카드별 실적 유예기간은 본인회원이 해당카드를 생애 최초 발급받은 경우에 적용되며, 가족카드 단독 발급 시 적용되지 않습니다.
할인(적립) 서비스는 제휴업체 정책에 따라 타 할인(적립)카드와 중복할인(적립)이 제한될 수 있습니다.
할인/적립이 적용된 매출 취소 시, 취소전표가 실시간 매입되지 않아 할인/적립 한도의 복원과 이에 따른 할인/적립이 즉시 적용되지 않을 수 있습니다.
적립시점 기준 60개월이 경과한 각종 포인트(KB포인트리, 금융포인트, 스타마일, 현대자동차포인트, 기아자동차포인트, S-Oil KB포인트 등 포함)는 선입선출 방식으로 월 단위로 소멸됩니다.",2026-06-02
07964_N0001,07964,"[이용실적 제외 대상]
체크카드 공통 실적제외 대상 외 카드 별 이용실적 제외 대상이 별도로 존재할 수 있으니, 반드시 해당카드 안내를 참조하시기 바랍니다.
<table class=""benefit-table""><tr><th>구분</th><th>체크승인</th><th>체크소액신용승인</th></tr><tr><th>체크카드 전월 이용실적</th><td>포함</td><td>포함</td></tr><tr><th>연말정산 소득공제</th><td>체크 이용분</td><td>신용 이용분</td></tr><tr><th>상품 서비스 할인</th><td>환급할인</td><td>청구할인</td></tr></table>

[영업 마감시간 이후 결제계좌 출금]
결제계좌 개설 기관의 영업 마감시간(16시) 이후 입금 된 금액에 대해서는 당일 출금되지 못하여 연체 처리 될 수 있으니 유의하시기 바랍니다.
자동이체 업무 마감시간 이후 당사 홈페이지/모바일 등에서 바로출금(즉시결제) 또는 가상계좌 입금(송금납부) 을 통해 당일 결제가 가능합니다. 세부내용: KB국민카드 홈페이지 > MY KB > 바로출금 또는 가상계좌 참조

[연체이자율]
연체이자율 : 회원별/이용상품별 정상이자율 +3%p, 최고 연 20% 이내
단, 연체발생시점에 정상이자율이 없는 경우 아래와 같이 적용함
일시불 거래 연체시 : 거래발생시점의 최소기간(2개월) 유이자 할부 수수료율 적용
무이자할부 거래 연체시 : 거래발생시점의 동일한 할부계약기간의 유이자할부수수료율 적용
그 외의 경우 : 정상이자율은 상법상 상사법정이율과 상호금융 가계자금대출금리 중 높은 금리 적용

[기타]
할인(적립) 서비스 제공 관련 카드별 유예기간은 해당카드를 생애 최초 발급받은 경우에 적용됩니다.
할인(적립) 서비스는 제휴업체 정책에 따라 타 할인(적립)카드와 중복할인(적립)이 제한될 수 있습니다.
할인/적립이 적용된 매출 취소 시, 취소전표가 실시간 매입되지 않아 할인/적립 한도의 복원과 이에 따른 할인/적립이 즉시 적용되지 않을 수 있습니다.
환급할인은 체크카드 이용 후 이용전표가 매입처리(카드이용일로부터 약 2~3일 후) 완료된 후 할인금액을 출금계좌로 환급하는 방식입니다.
체크카드 소액신용결제서비스 신청 시 소액신용결제서비스로 이용된 금액은 체크카드 결제일에 결제계좌로 신용청구 됩니다.
체크카드로 철도승차권 예매 후 취소 시 반환수수료는 체크카드 결제일에 결제계좌로 신용 청구됩니다. 카드별 별도 조건은 상품 서비스 상세 내용을 참고하시기 바랍니다.
외국인 고객님께서 교통(RF)기능 탑재 상품 발급을 원할 시, 고객센터로 문의 주시기 바랍니다.
KB국민카드 카드상품개발부 kkgc20163@kbfg.com

[체크카드 해외이용 안내]
세부 내용은 'KB국민카드 해외이용종합안내'를 반드시 참고하십시오. 해외이용종합안내

[국제 브랜드별 해당 마크가 부착된 가맹점 및 CD/ATM기에서 이용 가능합니다.]
<table class=""benefit-table""><tr><th>구분</th><th>비자(VISA)</th><th>마스터(Master)</th><th>마에스트로(Maestro)</th><th>은련(UPI)</th></tr><tr><th>물품구매</th><td>비자(VISA) 마크가 부착된 신용카드 가맹점</td><td>마스터(Master) 마크가 부착된 신용카드 가맹점</td><td>마에스트로(Maestro) 마크가 부착된 직불카드 가맹점</td><td>은련(UPI) 마크가 부착된 직불카드 가맹점</td></tr><tr><th>예금인출, 잔액조회</th><td>Plus 마크가 부착된 CD/ATM기</td><td colspan=""2"">Cirrus 마크가 부착된 CD/ATM기</td><td>UnionPay 마크가 부착된 CD/ATM기</td></tr></table>

[체크카드 해외이용한도 및 이용수수료]
<table class=""benefit-table""><tr><th colspan=""2"">구분</th><th>비자(VISA)</th><th>마스터(Master)</th><th>마에스트로(Maestro)</th><th>은련(UPI)</th></tr><tr><th colspan=""2"">예금인출수수료</th><td>건당 US$3 + 이용금액의 1% ~1.1% (Conversion Fee)</td><td colspan=""2"">건당 US$3 + 이용금액의 1% (Conversion Fee)</td><td>건당 US $3</td></tr><tr><th colspan=""2"">잔액조회수수료</th><td colspan=""4"">건당 US $0.5</td></tr><tr><th colspan=""2"">물품구매수수료</th><td>건당 이용금액의 0.25%+ 이용금액의 1% ~1.1% (Conversion Fee)</td><td>건당 이용금액의 0.25%+ 이용금액의 1% (Conversion Fee)</td><td>건당 US$ 0.5 + 이용금액의 1% (Conversion Fee)</td><td>건당 이용금액의 0.25%</td></tr><tr><th rowspan=""2"">이용한도</th><th>예금인출</th><td colspan=""4"">1회 100만원 / 1일 600만원 / 1개월 2,000만원 상당 미화 환산액</td></tr><tr><th>물품구매</th><td colspan=""2"">개인별 체크카드 한도 범위 내 (단, 1일 1회 600만원 상당 미화 환산액)</td><td>개인별 체크카드 한도 범위 내 (단, 1회 100만원 / 1일 600만원 상당 미화 환산액)</td><td>개인별 체크카드 한도 범위 내 (단, 1일 1회 600만원 상당 미화 환산액)</td></tr></table>
예금인출 및 물품구매 수수료는 국제브랜드사에서 부과하는 해외거래수수료 및 해외이용수수료가 포함됩니다.
해외에서 사용한 결제내역을 취소할 경우 환율변동에 따른 손익은 카드사가 부담합니다.

[체크카드 해외이용 시 출금방식]
일반 가맹점 이용 시 : 승인시점 즉시 계좌 출금
무승인, T&E업종 이용 시 : 전표 매입시점 계좌 출금 (승인시점 이후 평균 1주일 소요)
T&E 업종 : 항공, 렌터카, 호텔, 무인주유기 등 여행 및 여가 관련 업종
승인시점 금액과 매입시점 금액이 상이한 경우 승인시점 금액이 매입시점 금액보다 큰 경우 : 차액 계좌환급 승인시점 금액이 매입시점 금액보다 적은 경우 : 차액 추가 출금되며, 계좌잔액 부족 시 차액 신용청구 됩니다. 신용청구 : 체크카드 결제일에 결제계좌에서 출금되는 것을 의미합니다.
매입시점 계좌잔액 부족으로 신용청구 될 경우 회원님의 신용한도가 차감됩니다. (소액신용결제서비스 등록 회원일 경우 소액신용한도가 차감됩니다)

[체크카드 해외이용 제한]
매일 00:00 ~ 00:05 / 매월 셋째 주 일요일 00:00 ~ 06:00

[참고사항]
해외이용 시 거래유형 및 카드 종류에 관계없이 은행계좌당 1일 최대 600만원 상당의 미화 환산액 범위 내에서 이용 가능합니다.
마에스트로(Maestro) 체크카드는 해외 무승인, T&E 업종, 해외 웹사이트에서  이용 불가합니다.
은련(UPI) 체크카드는 해외 무승인, T&E 업종 이용 불가합니다.
비거주자 및 재외동포는 외국환 거래 규정에 의하여 해외사용이 불가합니다.
외국인 거주자의 해외 이용 (KB국민은행 영업점에서 해외사용등록 신청 후 이용 가능합니다.) KB국민은행 영업점에서 해외사용등록 신청 후 이용이 가능합니다. 외국환 거래규정상 외국인 거주자인 경우는 별도의 거래등록을 통해 연간 미화 5만불 한도 내에서(송금 및 환전 포함) 해외 예금인출 및 해외 신용카드 가맹점 또는 직불카드 가맹점 이용이 가능합니다. (비거주자 및 재외동포는 이용이 불가합니다.)
체크카드 이용 시 적용 환율 일반가맹점 이용: 승인시점 KB국민은행 전신환매도율(전신송금환율) 무승인/T&E업종 이용: 매입일 KB국민은행 최초 고시 전신환매도율(전신환송금환율)
일부 해외 거래 시 IC칩 비밀번호(PIN)을 요구하는 경우가 있으므로, 출국 전 반드시 IC칩 비밀번호(PIN) 등록여부를 확인하시기 바랍니다.",2026-06-02
09562_N0001,09562,"[이용실적 제외 대상]
체크카드 공통 실적제외 대상 외 카드 별 이용실적 제외 대상이 별도로 존재할 수 있으니, 반드시 해당카드 안내를 참조하시기 바랍니다.
<table class=""benefit-table""><tr><th>구분</th><th>체크승인</th><th>체크소액신용승인</th></tr><tr><th>체크카드 전월 이용실적</th><td>포함</td><td>포함</td></tr><tr><th>연말정산 소득공제</th><td>체크 이용분</td><td>신용 이용분</td></tr><tr><th>상품 서비스 할인</th><td>환급할인</td><td>청구할인</td></tr></table>

[기타]
체크카드 소액신용결제서비스 신청 시 소액신용결제서비스로 이용된 금액은 체크카드 결제일에 결제계좌로 신용청구 됩니다.
체크카드로 철도승차권 예매 후 취소 시 반환수수료는 체크카드 결제일에 결제계좌로 신용 청구됩니다. 카드별 별도 조건은 상품 서비스 상세 내용을 참고하시기 바랍니다.
외국인 고객님께서 교통(RF)기능 탑재 상품 발급을 원할 시, 고객센터로 문의 주시기 바랍니다.

[KB국민 트래블러스 체크카드 이용]
트래블러스 체크카드는 KB국민은행 입출금통장을 국내 결제계좌로 등록하는 직불카드(체크카드)이며, 해외 이용시 KB Pay 외화머니 또는 KB국민은행 외화통장 중 1개를 해외 결제계좌로 선택해서 외화로 이용 가능합니다.
국내 가맹점 이용은 KB국민은행 결제(출금)계좌에서 원화 출금됩니다.
해외 이용시 고객님께서 설정하신 해외 결제계좌(KB Pay 외화머니 또는 KB국민은행 외화통장)에서 외화 출금됩니다.
<table class=""benefit-table""><tr><th>구분</th><th>결제 계좌</th><th>출금 통화</th><th>비고</th></tr><tr><td>국내 이용</td><td>KB국민은행 입출금통장</td><td>원화</td><td>-</td></tr><tr><td rowspan=""2"">해외 이용</td><td>KB Pay 외화머니</td><td>현지 통화 (충전 미지원 통화는 달러(USD) 출금) 국제 브랜드사에서 정한 환율로 환산</td><td rowspan=""2"">KB Pay 에서 결제 계좌 변경 가능</td></tr><tr><td>KB국민은행 외화통장</td><td>달러(USD) 국제 브랜드사에서 정한 환율로 환산</td></tr></table>
국내 이용 환급할인은 결제(출금)계좌로 원화 입금되며, 후불교통 이용, 소액신용, 무승인 매입건은 결제계좌에서 원화 출금됩니다.
KB Pay 외화머니로 환전 가능한 통화 종류는 KB국민카드 홈페이지(www.kbcard.com)에서 확인 가능합니다.
외화머니 충전, 결제 등과 관련된 정책은 KB Pay 머니 서비스 이용약관, KB Pay 외화 머니 서비스 이용약관을 따르며 자세한 내용은 KB Pay APP 또는 KB국민카드 홈페이지(card.kbcard.com)를 참고하시기 바랍니다.
외화통장은 KB국민은행이 지정한 외화예금상품으로만 가능합니다. 외화통장 관련 자세한 내용은 KB국민은행에 문의바랍니다.

[[국내이용 안내]]
국내 가맹점 이용 시 국내 결제(출금)계좌에서 원화로 출금됩니다.
현금인출(CD) 기능 등록 시 국내 ATM에서 현금인출 가능하며, 국내 결제 계좌에서 인출됩니다.

[[해외이용 안내]]
해외 가맹점 및 해외 ATM 이용을 위해 KB Pay 외화머니 또는 KB국민은행 외화통장에 잔액을 보유하셔야 합니다.
해외 이용시 결제계좌는 KB Pay에서 등록 및 변경 가능합니다. (외화머니 ↔ 외화통장)
트래블러스 체크카드는 해외원화결제서비스(DCC) 이용이 불가합니다.
<table class=""benefit-table""><tr><th colspan=""2"">구분</th><th>일반가맹점 이용</th><th>무승인/T&E업종 이용</th></tr><tr><td colspan=""2"">출금시점</td><td>승인시점 즉시 출금</td><td>매출전표 매입일 출금</td></tr><tr><td rowspan=""2"">출금통화</td><td>KB Pay 외화머니</td><td colspan=""2"">충전 지원 통화 : 현지 거래 통화 충전 미지원 통화: 달러(USD) 국제 브랜드사에서 정한 환율로 환산</td></tr><tr><td>KB국민은행 외화통장</td><td colspan=""2"">달러(USD) 국제 브랜드사에서 정한 환율로 환산</td></tr></table>
선택하신 해외 결제계좌로 외화 입출금이 불가능한 경우 달러(USD) 기준 차액에 접수일의
KB국민은행 최초 고시 전신환 매도율을 적용하여 체크카드 결제일에 국내 결제계좌에서 원화로 출금 또는 입금(환급) 됩니다.
(추가 원화 출금 시 수수료가 청구될 수 있습니다.)
무승인/T&E 업종 이용 시 매출전표 매입일에 해외 결제계좌에서 출금됩니다. (이용일로부터 통상 2~5영업일 소요) 단, 출금시점에 해외 결제계좌 잔액부족 시 체크카드 결제일에 국내 결제계좌에서 전액 원화 출금됩니다. T&E(Travel&Entertainment)업종 : 항공/렌터카/호텔/숙박업체/무인주유기 등
T&E업종을 이용하신 상태에서 추가적으로 이용하실 경우 아직 출금되지 않은 T&E업종 이용금액과 결제하실 금액의 합계만큼 외화 잔액을 보유하고 계셔야 이용가능합니다.
이용대금이 매입일에 확정되는 거래에 있어 승인시점 출금 금액과 전표 매입 금액간 차이가 발생하는 경우 해외 결제계좌에서
추가 출금 또는 환급될 수 있습니다. (단, 해외 결제계좌 잔액 부족시 체크카드 결제일에 국내 결제계좌에서 원화 출금 됩니다.)

[체크카드 이용제한]
매월 세번째 일요일 00:00 ~ 06:00 중에는 은행 전산시스템 점검 관련으로 이용이 제한될 수 있습니다.

[영업 마감시간 이후 결제계좌 출금]
결제계좌 개설 기관의 영업 마감시간(16시) 이후 입금 된 금액에 대해서는 당일 출금되지 못하여 연체 처리 될 수 있으니 유의하시기 바랍니다.
자동이체 업무 마감시간 이후 당사 홈페이지/모바일  등에서 바로출금(즉시결제) 또는 가상계좌 입금(송금납부)을 통해 당일 결제가 가능합니다.  세부내용: KB국민카드 홈페이지 > MY KB > 바로출금 또는 가상계좌 참조

[상품이용한도]
상품이용한도는 특정 상품에만 부여되는 개별 이용한도로 변경(증액 또는 감액)이 불가합니다.
상품이용한도는 국내외 이용을 모두 합산한 금액 기준이며, 해외이용은 원화 환산액 기준으로 산정합니다.
상품이용한도가 부여되는 체크카드는 체크카드 직불이용한도가 아닌 상품이용한도 내에서 이용됩니다.
동일계열카드는 상품이용한도가 합산됩니다.
<table class=""benefit-table""><tr><th colspan=""2"">트래블러스 체크카드 상품이용한도</th></tr><tr><th>1일</th><th>월간</th></tr><tr><td>600만원</td><td>2,000만원</td></tr></table>

[체크카드 후불교통기능]
버스, 지하철 등 교통이용이 가능하고, 월 1회 체크카드 결제계좌에서 아래의 지정된 결제일에 자동 출금됩니다.
정상 출금되지 않은 경우 연체에 따른 교통기능 이용이 불가할 수 있으며, 미납금액에 대해서는 연체료가 부과됩니다.
미성년자 후불교통(RF) 이용한도는 5만원 이하로, 교통카드 이용내역 및 금액 정산 체계에 따른 일시적 이용한도 초과 사용이 가능합니다.
CMS 결제기관 제휴 체크카드는 후불교통(RF) 이용대금이 다음과 같이 청구됩니다.  청구횟수: 월 1회, 청구일: 해당 제휴 체크카드 결제일

[미성년자 후불교통 체크카드 이용]
법정 대리인의 동의를 받은 미성년자는 청소년 후불교통 체크카드를 발급 받을 수 있으며, 전체 카드사 기준 1인 1매만 소지 가능합니다.
월 이용한도는 5만원 이하이나, 교통카드 이용내역 및 금액 정산 체계로 일시적 이용한도 초과 사용이 가능합니다.

[체크카드 해외이용 안내]
세부 내용은 'KB국민카드 해외이용종합안내'를 반드시 참고하십시오. 해외이용종합안내

[국제 브랜드별 해당 마크가 부착된 가맹점 및 CD/ATM기에서 이용 가능합니다.]
<table class=""benefit-table""><tr><th>구분</th><th>비자(VISA)</th><th>마스터(Master)</th><th>마에스트로(Maestro)</th><th>은련(UPI)</th></tr><tr><th>물품구매</th><td>비자(VISA) 마크가 부착된 신용카드 가맹점</td><td>마스터(Master) 마크가 부착된 신용카드 가맹점</td><td>마에스트로(Maestro) 마크가 부착된 직불카드 가맹점</td><td>은련(UPI) 마크가 부착된 직불카드 가맹점</td></tr><tr><th>예금인출, 잔액조회</th><td>Plus 마크가 부착된 CD/ATM기</td><td colspan=""2"">Cirrus 마크가 부착된 CD/ATM기</td><td>UnionPay 마크가 부착된 CD/ATM기</td></tr></table>

[체크카드 해외이용한도 및 이용수수료]
<table class=""benefit-table""><tr><th colspan=""2"">구분</th><th>비자(VISA)</th><th>마스터(Master)</th><th>마에스트로(Maestro)</th><th>은련(UPI)</th></tr><tr><th colspan=""2"">예금인출수수료</th><td>건당 US$3 + 이용금액의 1% ~1.1% (Conversion Fee)</td><td colspan=""2"">건당 US$3 + 이용금액의 1% (Conversion Fee)</td><td>건당 US $3</td></tr><tr><th colspan=""2"">잔액조회수수료</th><td colspan=""4"">건당 US $0.5</td></tr><tr><th colspan=""2"">물품구매수수료</th><td>건당 이용금액의 0.25%+ 이용금액의 1% ~1.1% (Conversion Fee)</td><td>건당 이용금액의 0.25%+ 이용금액의 1% (Conversion Fee)</td><td>건당 US$ 0.5 + 이용금액의 1% (Conversion Fee)</td><td>건당 이용금액의 0.25%</td></tr><tr><th rowspan=""2"">이용한도</th><th>예금인출</th><td colspan=""4"">1회 100만원 / 1일 600만원 / 1개월 2,000만원 상당 미화 환산액</td></tr><tr><th>물품구매</th><td colspan=""2"">개인별 체크카드 한도 범위 내 (단, 1일 1회 600만원 상당 미화 환산액)</td><td>개인별 체크카드 한도 범위 내 (단, 1회 100만원 / 1일 600만원 상당 미화 환산액)</td><td>개인별 체크카드 한도 범위 내 (단, 1일 1회 600만원 상당 미화 환산액)</td></tr></table>
예금인출 및 물품구매 수수료는 국제브랜드사에서 부과하는 해외거래수수료 및 해외이용수수료가 포함됩니다.
해외에서 사용한 결제내역을 취소할 경우 환율변동에 따른 손익은 카드사가 부담합니다.

[체크카드 해외이용 시 출금방식]
일반 가맹점 이용 시 : 승인시점 즉시 계좌 출금
무승인, T&E업종 이용 시 : 전표 매입시점 계좌 출금 (승인시점 이후 평균 1주일 소요)
T&E 업종 : 항공, 렌터카, 호텔, 무인주유기 등 여행 및 여가 관련 업종
승인시점 금액과 매입시점 금액이 상이한 경우 승인시점 금액이 매입시점 금액보다 큰 경우 : 차액 계좌환급 승인시점 금액이 매입시점 금액보다 적은 경우 : 차액 추가 출금되며, 계좌잔액 부족 시 차액 신용청구 됩니다. 신용청구 : 체크카드 결제일에 결제계좌에서 출금되는 것을 의미합니다.
매입시점 계좌잔액 부족으로 신용청구 될 경우 회원님의 신용한도가 차감됩니다. (소액신용결제서비스 등록 회원일 경우 소액신용한도가 차감됩니다)

[체크카드 해외이용 제한]
매일 00:00 ~ 00:05 / 매월 셋째 주 일요일 00:00 ~ 06:00

[참고사항]
해외이용 시 거래유형 및 카드 종류에 관계없이 은행계좌당 1일 최대 600만원 상당의 미화 환산액 범위 내에서 이용 가능합니다.
마에스트로(Maestro) 체크카드는 해외 무승인, T&E 업종, 해외 웹사이트에서  이용 불가합니다.
은련(UPI) 체크카드는 해외 무승인, T&E 업종 이용 불가합니다.
비거주자 및 재외동포는 외국환 거래 규정에 의하여 해외사용이 불가합니다.
외국인 거주자의 해외 이용 (KB국민은행 영업점에서 해외사용등록 신청 후 이용 가능합니다.) KB국민은행 영업점에서 해외사용등록 신청 후 이용이 가능합니다. 외국환 거래규정상 외국인 거주자인 경우는 별도의 거래등록을 통해 연간 미화 5만불 한도 내에서(송금 및 환전 포함) 해외 예금인출 및 해외 신용카드 가맹점 또는 직불카드 가맹점 이용이 가능합니다. (비거주자 및 재외동포는 이용이 불가합니다.)
체크카드 이용 시 적용 환율 일반가맹점 이용: 승인시점 KB국민은행 전신환매도율(전신송금환율) 무승인/T&E업종 이용: 매입일 KB국민은행 최초 고시 전신환매도율(전신환송금환율)
일부 해외 거래 시 IC칩 비밀번호(PIN)을 요구하는 경우가 있으므로, 출국 전 반드시 IC칩 비밀번호(PIN) 등록여부를 확인하시기 바랍니다.",2026-06-02
07972_N0001,07972,"[이용실적 제외 대상]
체크카드 공통 실적제외 대상 외 카드 별 이용실적 제외 대상이 별도로 존재할 수 있으니, 반드시 해당카드 안내를 참조하시기 바랍니다.
<table class=""benefit-table""><tr><th>구분</th><th>체크승인</th><th>체크소액신용승인</th></tr><tr><th>체크카드 전월 이용실적</th><td>포함</td><td>포함</td></tr><tr><th>연말정산 소득공제</th><td>체크 이용분</td><td>신용 이용분</td></tr><tr><th>상품 서비스 할인</th><td>환급할인</td><td>청구할인</td></tr></table>

[영업 마감시간 이후 결제계좌 출금]
결제계좌 개설 기관의 영업 마감시간(16시) 이후 입금 된 금액에 대해서는 당일 출금되지 못하여 연체 처리 될 수 있으니 유의하시기 바랍니다.
자동이체 업무 마감시간 이후 당사 홈페이지/모바일 등에서 바로출금(즉시결제) 또는 가상계좌 입금(송금납부) 을 통해 당일 결제가 가능합니다. 세부내용: KB국민카드 홈페이지 > MY KB > 바로출금 또는 가상계좌 참조

[연체이자율]
연체이자율 : 회원별/이용상품별 정상이자율 +3%p, 최고 연 20% 이내
단, 연체발생시점에 정상이자율이 없는 경우 아래와 같이 적용함
일시불 거래 연체시 : 거래발생시점의 최소기간(2개월) 유이자 할부 수수료율 적용
무이자할부 거래 연체시 : 거래발생시점의 동일한 할부계약기간의 유이자할부수수료율 적용
그 외의 경우 : 정상이자율은 상법상 상사법정이율과 상호금융 가계자금대출금리 중 높은 금리 적용

[기타]
할인(적립) 서비스 제공 관련 카드별 유예기간은 해당카드를 생애 최초 발급받은 경우에 적용됩니다.
할인(적립) 서비스는 제휴업체 정책에 따라 타 할인(적립)카드와 중복할인(적립)이 제한될 수 있습니다.
할인/적립이 적용된 매출 취소 시, 취소전표가 실시간 매입되지 않아 할인/적립 한도의 복원과 이에 따른 할인/적립이 즉시 적용되지 않을 수 있습니다.
환급할인은 체크카드 이용 후 이용전표가 매입처리(카드이용일로부터 약 2~3일 후) 완료된 후 할인금액을 출금계좌로 환급하는 방식입니다.
체크카드 소액신용결제서비스 신청 시 소액신용결제서비스로 이용된 금액은 체크카드 결제일에 결제계좌로 신용청구 됩니다.
체크카드로 철도승차권 예매 후 취소 시 반환수수료는 체크카드 결제일에 결제계좌로 신용 청구됩니다. 카드별 별도 조건은 상품 서비스 상세 내용을 참고하시기 바랍니다.
외국인 고객님께서 교통(RF)기능 탑재 상품 발급을 원할 시, 고객센터로 문의 주시기 바랍니다.
KB국민카드 카드상품개발부 kkgc20163@kbfg.com

[카드이용]
체크카드 이용제한 : 매월 세번째 일요일 00:00 ~ 06:00 중에는 은행 전산시스템 점검 관련으로 이용이 제한될 수 있습니다.
체크카드 환급할인 : 체크카드 이용 후 해당 이용건이 당사에 접수 완료(카드이용일로부터 약2~3일 소요)된 후 할인금액을 카드출금 계좌로 환급하는 방식입니다. 할인한도는 매월 1일 ~ 말일까지(승인시점 기준) 이용금액으로 적용됩니다. 월간 통합할인한도는 체크카드 별로 월간 할인 받을 수 있는 최대 금액으로
잔여한도는 다음달로 이월되지 않으며 전표가 매입되는 순서대로 월간 통합할인한도 내에서 차감됩니다. 각 할인서비스는 월간 할인한도 내에서 적용되며
잔여한도는 이월되지 않습니다. 할인받은 매출을 취소한 경우 취소 전표가 실시간 접수되지 않아 할인한도가 즉시 복원되지 않을 수 있습니다. 각 할인서비스는 해당 가맹점이 KB국민카드의 가맹점업종코드 상 할인대상 가맹점 업종으로 등록된 경우에 한하여 제공됩니다. 가맹점 정보가 해당 업체가 아닌 결제대행업체(PG) 또는 간편결제 전용 가맹점으로 확인되는 경우 ‘결제대행업체’ 또는 ‘간편결제’ 가맹점으로 분류되어 할인대상에서 제외됩니다. 자세한 사항은 KB국민카드 고객센터(☎1588-1688)에 문의하시기 바랍니다. 구매/예약 대행사이트를 통한 결제 및 호텔
백화점
대형마트
철도/역사 등에 입점한 가맹점 이용 시 할인 대상에서 제외될 수 있습니다. 상품권 및 선불카드(선불전자지급수단 포함) 구입·충전금액의 경우 할인대상에서 제외됩니다. 동일계열카드는 전월이용실적 및 할인한도가 합산됩니다. 각 할인(적립)서비스는 KB국민카드 업종 분류 기준
지정 업종 및 가맹점에 한하여 제공됩니다.

[영업 마감시간 이후 결제계좌 출금]
결제계좌 개설 기관의 영업  마감시간(16시) 이후 입금된 금액에  대해서는 당일 출금되지 못하여 연체 처리 될  수 있으니 유의하시기 바랍니다.
자동이체  업무 마감시간 이후 당사 홈페이지/모바일  등에서  바로출금(즉시결제) 또는 가상계좌 입금(송금납부)을 통해 당일 결제가 가능합니다. 세부내용 : KB국민카드 홈페이지 > MY KB >  바로출금 또는 가상계좌 참조

[체크카드 국내 직불 이용한도]
<table class=""benefit-table""><tr><th>구분</th><th>1회</th><th>1일</th><th>월간</th><th>비고</th></tr><tr><th>기본부여한도</th><td>600만원</td><td>600만원</td><td>2,000만원</td><td>카드발급 시</td></tr><tr><th>최고한도</th><td>2,000만원</td><td>2,000만원</td><td>5,000만원</td><td>영업점/인터넷/모바일앱/고객센터 신청</td></tr><tr><th>특별승인한도</th><td>1억원</td><td>1억원</td><td>1억원</td><td>영업점/고객센터 신청(신청 후 30일 이내)</td></tr></table>
만 12~13세의 체크카드 직불 이용 기본한도는 1회/1일 3만원, 월간 30만원이 부여됩니다.
미성년자 후불교통(RF) 이용한도는 5만원 이하로, 교통카드 이용내역 및 금액 정산 체계에 따른 일시적 이용한도 초과 사용 가능합니다.

[체크카드 후불교통기능]
버스, 지하철 등 교통이용이 가능하고, 월 1회 체크카드 결제계좌에서 아래의 지정된 결제일에 자동 출금됩니다.
정상 출금되지 않은 경우 연체에 따른 교통기능 이용이 불가할 수 있으며, 미납금액에 대해서는 연체료가 부과됩니다.
<table class=""benefit-table""><tr><th>이용일</th><th>1 ~  말일</th></tr><tr><th>출금일</th><td>말일 + 3영업일</td></tr></table>
CMS 결제기관 제휴 체크카드는 후불교통(RF) 이용대금이 다음과 같이 청구됩니다.  청구횟수 : 월 1회  청구일 : 해당 제휴 체크카드 결제일

[체크카드 해외이용 안내]
세부 내용은 'KB국민카드 해외이용종합안내'를 반드시 참고하십시오. 해외이용종합안내

[국제 브랜드별 해당 마크가 부착된 가맹점 및 CD/ATM기에서 이용 가능합니다.]
<table class=""benefit-table""><tr><th>구분</th><th>비자(VISA)</th><th>마스터(Master)</th><th>마에스트로(Maestro)</th><th>은련(UPI)</th></tr><tr><th>물품구매</th><td>비자(VISA) 마크가 부착된 신용카드 가맹점</td><td>마스터(Master) 마크가 부착된 신용카드 가맹점</td><td>마에스트로(Maestro) 마크가 부착된 직불카드 가맹점</td><td>은련(UPI) 마크가 부착된 직불카드 가맹점</td></tr><tr><th>예금인출, 잔액조회</th><td>Plus 마크가 부착된 CD/ATM기</td><td colspan=""2"">Cirrus 마크가 부착된 CD/ATM기</td><td>UnionPay 마크가 부착된 CD/ATM기</td></tr></table>

[체크카드 해외이용한도 및 이용수수료]
<table class=""benefit-table""><tr><th colspan=""2"">구분</th><th>비자(VISA)</th><th>마스터(Master)</th><th>마에스트로(Maestro)</th><th>은련(UPI)</th></tr><tr><th colspan=""2"">예금인출수수료</th><td>건당 US$3 + 이용금액의 1% ~1.1% (Conversion Fee)</td><td colspan=""2"">건당 US$3 + 이용금액의 1% (Conversion Fee)</td><td>건당 US $3</td></tr><tr><th colspan=""2"">잔액조회수수료</th><td colspan=""4"">건당 US $0.5</td></tr><tr><th colspan=""2"">물품구매수수료</th><td>건당 이용금액의 0.25%+ 이용금액의 1% ~1.1% (Conversion Fee)</td><td>건당 이용금액의 0.25%+ 이용금액의 1% (Conversion Fee)</td><td>건당 US$ 0.5 + 이용금액의 1% (Conversion Fee)</td><td>건당 이용금액의 0.25%</td></tr><tr><th rowspan=""2"">이용한도</th><th>예금인출</th><td colspan=""4"">1회 100만원 / 1일 600만원 / 1개월 2,000만원 상당 미화 환산액</td></tr><tr><th>물품구매</th><td colspan=""2"">개인별 체크카드 한도 범위 내 (단, 1일 1회 600만원 상당 미화 환산액)</td><td>개인별 체크카드 한도 범위 내 (단, 1회 100만원 / 1일 600만원 상당 미화 환산액)</td><td>개인별 체크카드 한도 범위 내 (단, 1일 1회 600만원 상당 미화 환산액)</td></tr></table>
예금인출 및 물품구매 수수료는 국제브랜드사에서 부과하는 해외거래수수료 및 해외이용수수료가 포함됩니다.
해외에서 사용한 결제내역을 취소할 경우 환율변동에 따른 손익은 카드사가 부담합니다.

[체크카드 해외이용 시 출금방식]
일반 가맹점 이용 시 : 승인시점 즉시 계좌 출금
무승인, T&E업종 이용 시 : 전표 매입시점 계좌 출금 (승인시점 이후 평균 1주일 소요)
T&E 업종 : 항공, 렌터카, 호텔, 무인주유기 등 여행 및 여가 관련 업종
승인시점 금액과 매입시점 금액이 상이한 경우 승인시점 금액이 매입시점 금액보다 큰 경우 : 차액 계좌환급 승인시점 금액이 매입시점 금액보다 적은 경우 : 차액 추가 출금되며, 계좌잔액 부족 시 차액 신용청구 됩니다. 신용청구 : 체크카드 결제일에 결제계좌에서 출금되는 것을 의미합니다.
매입시점 계좌잔액 부족으로 신용청구 될 경우 회원님의 신용한도가 차감됩니다. (소액신용결제서비스 등록 회원일 경우 소액신용한도가 차감됩니다)

[체크카드 해외이용 제한]
매일 00:00 ~ 00:05 / 매월 셋째 주 일요일 00:00 ~ 06:00

[참고사항]
해외이용 시 거래유형 및 카드 종류에 관계없이 은행계좌당 1일 최대 600만원 상당의 미화 환산액 범위 내에서 이용 가능합니다.
마에스트로(Maestro) 체크카드는 해외 무승인, T&E 업종, 해외 웹사이트에서  이용 불가합니다.
은련(UPI) 체크카드는 해외 무승인, T&E 업종 이용 불가합니다.
비거주자 및 재외동포는 외국환 거래 규정에 의하여 해외사용이 불가합니다.
외국인 거주자의 해외 이용 (KB국민은행 영업점에서 해외사용등록 신청 후 이용 가능합니다.) KB국민은행 영업점에서 해외사용등록 신청 후 이용이 가능합니다. 외국환 거래규정상 외국인 거주자인 경우는 별도의 거래등록을 통해 연간 미화 5만불 한도 내에서(송금 및 환전 포함) 해외 예금인출 및 해외 신용카드 가맹점 또는 직불카드 가맹점 이용이 가능합니다. (비거주자 및 재외동포는 이용이 불가합니다.)
체크카드 이용 시 적용 환율 일반가맹점 이용: 승인시점 KB국민은행 전신환매도율(전신송금환율) 무승인/T&E업종 이용: 매입일 KB국민은행 최초 고시 전신환매도율(전신환송금환율)
일부 해외 거래 시 IC칩 비밀번호(PIN)을 요구하는 경우가 있으므로, 출국 전 반드시 IC칩 비밀번호(PIN) 등록여부를 확인하시기 바랍니다.",2026-06-02
