benefit_id,card_id,row_type,benefit_group,benefit_title,category,category_id,on_offline,benefit_type,benefit_value,benefit_unit,target_merchants,performance_level,performance_min,performance_max,min_amount,unit_amount,max_count,max_limit,max_limit_unit,group_max_limit,group_max_limit_unit,updated_at,ui_title,ui_content
AAP1846_B0001,AAP1846,주요혜택,커피전문점/편의점 할인,서비스안내,카페/베이커리,14,Offline,할인,10,%,"스타벅스, 이디야커피, 투썸플레이스, 커피빈, 블루보틀",전월 이용금액 40만원 이상~80만원 미만,400000,800000,,,,,,3000,원,2026-06-08 05:55:07,카페/베이커리 10% 할인,"[서비스안내]
커피전문점/편의점 10% 결제일할인

[대상점]
<table class=""benefit-table""><tr><th>구분</th><th>할인 대상</th></tr><tr><td>커피전문점</td><td>스타벅스, 이디야커피, 투썸플레이스, 커피빈, 블루보틀</td></tr><tr><td>편의점</td><td>CU, GS25, 세븐일레븐, 이마트24</td></tr></table>

[할인기준]
<table class=""benefit-table""><tr><th colspan=""2"">전월 이용금액대별 통합 월 할인한도</th></tr><tr><th>40만원 이상</th><th>80만원 이상</th></tr><tr><td>3,000원</td><td>6,000원</td></tr></table>

[이용조건]
발급월+ 1 개월까지는 전월 이용금액 40 만원 미만 시에도 40 만원 이상~ 80 만원 미만 실적구간 혜택 제공 (전월 이용금액 80 만원 이상 시에는 해당 실적구간 혜택 제공)

[할인 제외 대상]
무이자할부 이용금액
삼성카드 할인이 적용된 일시불 및 할부 이용금액
기프트/선불카드(포인트, 사이버머니 등 전자지급수단 포함) 구매 및 충전, 상품권 구매건

[유의사항]
오프라인 결제건에 한하며, 백화점, 할인점, 쇼핑몰 등의 임대매장은 제외(단, 스타벅스의 경우, 사이렌오더 결제건도 혜택 제공)
삼성카드의 다른 결제일할인 혜택과 중복 적용되지 않으며, 할인 혜택이 큰 금액만 적용
할인 혜택은 승인일 기준으로 적용
전월 이용금액 산정은 승인일 기준으로 적용. 다만, 해외 결제건 및 무승인 결제건(예 : 대중교통, 이동통신 등 정기결제건 등)은 매출전표 접수일 기준으로 적용
자체 가맹점번호로 승인 처리되는 일부 결제건(간편결제, 키오스크 등)은 할인 대상에서 제외
전월 이용금액 기준 매월 1일부터 말일까지 이용한 일시불 및 할부 이용금액 (단기카드대출(현금서비스), 장기카드대출(카드론), 각종 수수료 및 이자(할부수수료, 카드대출 이자 등), 연체료, 연회비 납부건은 일시불 및 할부 이용금액에 해당되지 않음)
매월 1일부터 말일까지 이용한 일시불 및 할부 이용금액 (단기카드대출(현금서비스), 장기카드대출(카드론), 각종 수수료 및 이자(할부수수료, 카드대출 이자 등), 연체료, 연회비 납부건은 일시불 및 할부 이용금액에 해당되지 않음)
전월 이용금액 제외 대상 건강보험/국민연금/고용보험/산재보험 및 장애인 고용부담금, 국세/지방세/공과금 납부건 아파트 관리비, 부동산 임대료 납부건 대중교통(후불교통기능/모바일교통기능 결제건), 택시 이용금액 유치원 납입금, 초/중/고등학교 학교납입금, 대학 등록금 납부건 기프트/선불카드(포인트, 사이버머니 등 전자지급수단 포함) 구매 및 충전, 상품권 구매건
건강보험/국민연금/고용보험/산재보험 및 장애인 고용부담금, 국세/지방세/공과금 납부건
아파트 관리비, 부동산 임대료 납부건
대중교통(후불교통기능/모바일교통기능 결제건), 택시 이용금액
유치원 납입금, 초/중/고등학교 학교납입금, 대학 등록금 납부건
삼성카드 가맹점 업종 분류 기준에 의한 등록 가맹점에 한함
삼성카드는 아래 항목을 공과금으로 분류함 전기요금, 사회보험료(건강보험/국민연금/고용보험/산재보험), 우편요금, 도시가스요금, 여권 발급비용, 상하수도요금, 과태료, 범칙금, 벌금, 국가/공공기관/공공단체(지방자치단체, 공공조합, 영조물, 공재단)에서 개설한 가맹점 이용금액
전기요금, 사회보험료(건강보험/국민연금/고용보험/산재보험), 우편요금, 도시가스요금, 여권 발급비용, 상하수도요금, 과태료, 범칙금, 벌금, 국가/공공기관/공공단체(지방자치단체, 공공조합, 영조물, 공재단)에서 개설한 가맹점 이용금액
결제 취소금액은 매출취소전표가 삼성카드에 접수된 달의 이용금액에서 차감 혜택이 적용된 결제건이 취소될 경우, 할인, 포인트 적립 등의 횟수 및 한도는 매출취소전표가 접수된 이후에 복원 포인트가 적립된 결제건이 취소될 경우, 해당 포인트는 보유 포인트에서 자동 차감되며, 포인트 부족 시 카드 결제계좌에서 자동 출금
혜택이 적용된 결제건이 취소될 경우, 할인, 포인트 적립 등의 횟수 및 한도는 매출취소전표가 접수된 이후에 복원
포인트가 적립된 결제건이 취소될 경우, 해당 포인트는 보유 포인트에서 자동 차감되며, 포인트 부족 시 카드 결제계좌에서 자동 출금"
AAP1846_B0002,AAP1846,주요혜택,커피전문점/편의점 할인,서비스안내,카페/베이커리,14,Offline,할인,10,%,"스타벅스, 이디야커피, 투썸플레이스, 커피빈, 블루보틀",전월 이용금액 80만원 이상,800000,,,,,,,6000,원,2026-06-08 05:55:07,카페/베이커리 10% 할인,"[서비스안내]
커피전문점/편의점 10% 결제일할인

[대상점]
<table class=""benefit-table""><tr><th>구분</th><th>할인 대상</th></tr><tr><td>커피전문점</td><td>스타벅스, 이디야커피, 투썸플레이스, 커피빈, 블루보틀</td></tr><tr><td>편의점</td><td>CU, GS25, 세븐일레븐, 이마트24</td></tr></table>

[할인기준]
<table class=""benefit-table""><tr><th colspan=""2"">전월 이용금액대별 통합 월 할인한도</th></tr><tr><th>40만원 이상</th><th>80만원 이상</th></tr><tr><td>3,000원</td><td>6,000원</td></tr></table>

[이용조건]
발급월+ 1 개월까지는 전월 이용금액 40 만원 미만 시에도 40 만원 이상~ 80 만원 미만 실적구간 혜택 제공 (전월 이용금액 80 만원 이상 시에는 해당 실적구간 혜택 제공)

[할인 제외 대상]
무이자할부 이용금액
삼성카드 할인이 적용된 일시불 및 할부 이용금액
기프트/선불카드(포인트, 사이버머니 등 전자지급수단 포함) 구매 및 충전, 상품권 구매건

[유의사항]
오프라인 결제건에 한하며, 백화점, 할인점, 쇼핑몰 등의 임대매장은 제외(단, 스타벅스의 경우, 사이렌오더 결제건도 혜택 제공)
삼성카드의 다른 결제일할인 혜택과 중복 적용되지 않으며, 할인 혜택이 큰 금액만 적용
할인 혜택은 승인일 기준으로 적용
전월 이용금액 산정은 승인일 기준으로 적용. 다만, 해외 결제건 및 무승인 결제건(예 : 대중교통, 이동통신 등 정기결제건 등)은 매출전표 접수일 기준으로 적용
자체 가맹점번호로 승인 처리되는 일부 결제건(간편결제, 키오스크 등)은 할인 대상에서 제외
전월 이용금액 기준 매월 1일부터 말일까지 이용한 일시불 및 할부 이용금액 (단기카드대출(현금서비스), 장기카드대출(카드론), 각종 수수료 및 이자(할부수수료, 카드대출 이자 등), 연체료, 연회비 납부건은 일시불 및 할부 이용금액에 해당되지 않음)
매월 1일부터 말일까지 이용한 일시불 및 할부 이용금액 (단기카드대출(현금서비스), 장기카드대출(카드론), 각종 수수료 및 이자(할부수수료, 카드대출 이자 등), 연체료, 연회비 납부건은 일시불 및 할부 이용금액에 해당되지 않음)
전월 이용금액 제외 대상 건강보험/국민연금/고용보험/산재보험 및 장애인 고용부담금, 국세/지방세/공과금 납부건 아파트 관리비, 부동산 임대료 납부건 대중교통(후불교통기능/모바일교통기능 결제건), 택시 이용금액 유치원 납입금, 초/중/고등학교 학교납입금, 대학 등록금 납부건 기프트/선불카드(포인트, 사이버머니 등 전자지급수단 포함) 구매 및 충전, 상품권 구매건
건강보험/국민연금/고용보험/산재보험 및 장애인 고용부담금, 국세/지방세/공과금 납부건
아파트 관리비, 부동산 임대료 납부건
대중교통(후불교통기능/모바일교통기능 결제건), 택시 이용금액
유치원 납입금, 초/중/고등학교 학교납입금, 대학 등록금 납부건
삼성카드 가맹점 업종 분류 기준에 의한 등록 가맹점에 한함
삼성카드는 아래 항목을 공과금으로 분류함 전기요금, 사회보험료(건강보험/국민연금/고용보험/산재보험), 우편요금, 도시가스요금, 여권 발급비용, 상하수도요금, 과태료, 범칙금, 벌금, 국가/공공기관/공공단체(지방자치단체, 공공조합, 영조물, 공재단)에서 개설한 가맹점 이용금액
전기요금, 사회보험료(건강보험/국민연금/고용보험/산재보험), 우편요금, 도시가스요금, 여권 발급비용, 상하수도요금, 과태료, 범칙금, 벌금, 국가/공공기관/공공단체(지방자치단체, 공공조합, 영조물, 공재단)에서 개설한 가맹점 이용금액
결제 취소금액은 매출취소전표가 삼성카드에 접수된 달의 이용금액에서 차감 혜택이 적용된 결제건이 취소될 경우, 할인, 포인트 적립 등의 횟수 및 한도는 매출취소전표가 접수된 이후에 복원 포인트가 적립된 결제건이 취소될 경우, 해당 포인트는 보유 포인트에서 자동 차감되며, 포인트 부족 시 카드 결제계좌에서 자동 출금
혜택이 적용된 결제건이 취소될 경우, 할인, 포인트 적립 등의 횟수 및 한도는 매출취소전표가 접수된 이후에 복원
포인트가 적립된 결제건이 취소될 경우, 해당 포인트는 보유 포인트에서 자동 차감되며, 포인트 부족 시 카드 결제계좌에서 자동 출금"
AAP1846_B0003,AAP1846,주요혜택,커피전문점/편의점 할인,서비스안내,편의점,13,Offline,할인,10,%,"CU, GS25, 세븐일레븐, 이마트24",전월 이용금액 40만원 이상~80만원 미만,400000,800000,,,,,,3000,원,2026-06-08 05:55:07,편의점 10% 할인,"[서비스안내]
커피전문점/편의점 10% 결제일할인

[대상점]
<table class=""benefit-table""><tr><th>구분</th><th>할인 대상</th></tr><tr><td>커피전문점</td><td>스타벅스, 이디야커피, 투썸플레이스, 커피빈, 블루보틀</td></tr><tr><td>편의점</td><td>CU, GS25, 세븐일레븐, 이마트24</td></tr></table>

[할인기준]
<table class=""benefit-table""><tr><th colspan=""2"">전월 이용금액대별 통합 월 할인한도</th></tr><tr><th>40만원 이상</th><th>80만원 이상</th></tr><tr><td>3,000원</td><td>6,000원</td></tr></table>

[이용조건]
발급월+ 1 개월까지는 전월 이용금액 40 만원 미만 시에도 40 만원 이상~ 80 만원 미만 실적구간 혜택 제공 (전월 이용금액 80 만원 이상 시에는 해당 실적구간 혜택 제공)

[할인 제외 대상]
무이자할부 이용금액
삼성카드 할인이 적용된 일시불 및 할부 이용금액
기프트/선불카드(포인트, 사이버머니 등 전자지급수단 포함) 구매 및 충전, 상품권 구매건

[유의사항]
오프라인 결제건에 한하며, 백화점, 할인점, 쇼핑몰 등의 임대매장은 제외(단, 스타벅스의 경우, 사이렌오더 결제건도 혜택 제공)
삼성카드의 다른 결제일할인 혜택과 중복 적용되지 않으며, 할인 혜택이 큰 금액만 적용
할인 혜택은 승인일 기준으로 적용
전월 이용금액 산정은 승인일 기준으로 적용. 다만, 해외 결제건 및 무승인 결제건(예 : 대중교통, 이동통신 등 정기결제건 등)은 매출전표 접수일 기준으로 적용
자체 가맹점번호로 승인 처리되는 일부 결제건(간편결제, 키오스크 등)은 할인 대상에서 제외
전월 이용금액 기준 매월 1일부터 말일까지 이용한 일시불 및 할부 이용금액 (단기카드대출(현금서비스), 장기카드대출(카드론), 각종 수수료 및 이자(할부수수료, 카드대출 이자 등), 연체료, 연회비 납부건은 일시불 및 할부 이용금액에 해당되지 않음)
매월 1일부터 말일까지 이용한 일시불 및 할부 이용금액 (단기카드대출(현금서비스), 장기카드대출(카드론), 각종 수수료 및 이자(할부수수료, 카드대출 이자 등), 연체료, 연회비 납부건은 일시불 및 할부 이용금액에 해당되지 않음)
전월 이용금액 제외 대상 건강보험/국민연금/고용보험/산재보험 및 장애인 고용부담금, 국세/지방세/공과금 납부건 아파트 관리비, 부동산 임대료 납부건 대중교통(후불교통기능/모바일교통기능 결제건), 택시 이용금액 유치원 납입금, 초/중/고등학교 학교납입금, 대학 등록금 납부건 기프트/선불카드(포인트, 사이버머니 등 전자지급수단 포함) 구매 및 충전, 상품권 구매건
건강보험/국민연금/고용보험/산재보험 및 장애인 고용부담금, 국세/지방세/공과금 납부건
아파트 관리비, 부동산 임대료 납부건
대중교통(후불교통기능/모바일교통기능 결제건), 택시 이용금액
유치원 납입금, 초/중/고등학교 학교납입금, 대학 등록금 납부건
삼성카드 가맹점 업종 분류 기준에 의한 등록 가맹점에 한함
삼성카드는 아래 항목을 공과금으로 분류함 전기요금, 사회보험료(건강보험/국민연금/고용보험/산재보험), 우편요금, 도시가스요금, 여권 발급비용, 상하수도요금, 과태료, 범칙금, 벌금, 국가/공공기관/공공단체(지방자치단체, 공공조합, 영조물, 공재단)에서 개설한 가맹점 이용금액
전기요금, 사회보험료(건강보험/국민연금/고용보험/산재보험), 우편요금, 도시가스요금, 여권 발급비용, 상하수도요금, 과태료, 범칙금, 벌금, 국가/공공기관/공공단체(지방자치단체, 공공조합, 영조물, 공재단)에서 개설한 가맹점 이용금액
결제 취소금액은 매출취소전표가 삼성카드에 접수된 달의 이용금액에서 차감 혜택이 적용된 결제건이 취소될 경우, 할인, 포인트 적립 등의 횟수 및 한도는 매출취소전표가 접수된 이후에 복원 포인트가 적립된 결제건이 취소될 경우, 해당 포인트는 보유 포인트에서 자동 차감되며, 포인트 부족 시 카드 결제계좌에서 자동 출금
혜택이 적용된 결제건이 취소될 경우, 할인, 포인트 적립 등의 횟수 및 한도는 매출취소전표가 접수된 이후에 복원
포인트가 적립된 결제건이 취소될 경우, 해당 포인트는 보유 포인트에서 자동 차감되며, 포인트 부족 시 카드 결제계좌에서 자동 출금"
AAP1846_B0004,AAP1846,주요혜택,커피전문점/편의점 할인,서비스안내,편의점,13,Offline,할인,10,%,"CU, GS25, 세븐일레븐, 이마트24",전월 이용금액 80만원 이상,800000,,,,,,,6000,원,2026-06-08 05:55:07,편의점 10% 할인,"[서비스안내]
커피전문점/편의점 10% 결제일할인

[대상점]
<table class=""benefit-table""><tr><th>구분</th><th>할인 대상</th></tr><tr><td>커피전문점</td><td>스타벅스, 이디야커피, 투썸플레이스, 커피빈, 블루보틀</td></tr><tr><td>편의점</td><td>CU, GS25, 세븐일레븐, 이마트24</td></tr></table>

[할인기준]
<table class=""benefit-table""><tr><th colspan=""2"">전월 이용금액대별 통합 월 할인한도</th></tr><tr><th>40만원 이상</th><th>80만원 이상</th></tr><tr><td>3,000원</td><td>6,000원</td></tr></table>

[이용조건]
발급월+ 1 개월까지는 전월 이용금액 40 만원 미만 시에도 40 만원 이상~ 80 만원 미만 실적구간 혜택 제공 (전월 이용금액 80 만원 이상 시에는 해당 실적구간 혜택 제공)

[할인 제외 대상]
무이자할부 이용금액
삼성카드 할인이 적용된 일시불 및 할부 이용금액
기프트/선불카드(포인트, 사이버머니 등 전자지급수단 포함) 구매 및 충전, 상품권 구매건

[유의사항]
오프라인 결제건에 한하며, 백화점, 할인점, 쇼핑몰 등의 임대매장은 제외(단, 스타벅스의 경우, 사이렌오더 결제건도 혜택 제공)
삼성카드의 다른 결제일할인 혜택과 중복 적용되지 않으며, 할인 혜택이 큰 금액만 적용
할인 혜택은 승인일 기준으로 적용
전월 이용금액 산정은 승인일 기준으로 적용. 다만, 해외 결제건 및 무승인 결제건(예 : 대중교통, 이동통신 등 정기결제건 등)은 매출전표 접수일 기준으로 적용
자체 가맹점번호로 승인 처리되는 일부 결제건(간편결제, 키오스크 등)은 할인 대상에서 제외
전월 이용금액 기준 매월 1일부터 말일까지 이용한 일시불 및 할부 이용금액 (단기카드대출(현금서비스), 장기카드대출(카드론), 각종 수수료 및 이자(할부수수료, 카드대출 이자 등), 연체료, 연회비 납부건은 일시불 및 할부 이용금액에 해당되지 않음)
매월 1일부터 말일까지 이용한 일시불 및 할부 이용금액 (단기카드대출(현금서비스), 장기카드대출(카드론), 각종 수수료 및 이자(할부수수료, 카드대출 이자 등), 연체료, 연회비 납부건은 일시불 및 할부 이용금액에 해당되지 않음)
전월 이용금액 제외 대상 건강보험/국민연금/고용보험/산재보험 및 장애인 고용부담금, 국세/지방세/공과금 납부건 아파트 관리비, 부동산 임대료 납부건 대중교통(후불교통기능/모바일교통기능 결제건), 택시 이용금액 유치원 납입금, 초/중/고등학교 학교납입금, 대학 등록금 납부건 기프트/선불카드(포인트, 사이버머니 등 전자지급수단 포함) 구매 및 충전, 상품권 구매건
건강보험/국민연금/고용보험/산재보험 및 장애인 고용부담금, 국세/지방세/공과금 납부건
아파트 관리비, 부동산 임대료 납부건
대중교통(후불교통기능/모바일교통기능 결제건), 택시 이용금액
유치원 납입금, 초/중/고등학교 학교납입금, 대학 등록금 납부건
삼성카드 가맹점 업종 분류 기준에 의한 등록 가맹점에 한함
삼성카드는 아래 항목을 공과금으로 분류함 전기요금, 사회보험료(건강보험/국민연금/고용보험/산재보험), 우편요금, 도시가스요금, 여권 발급비용, 상하수도요금, 과태료, 범칙금, 벌금, 국가/공공기관/공공단체(지방자치단체, 공공조합, 영조물, 공재단)에서 개설한 가맹점 이용금액
전기요금, 사회보험료(건강보험/국민연금/고용보험/산재보험), 우편요금, 도시가스요금, 여권 발급비용, 상하수도요금, 과태료, 범칙금, 벌금, 국가/공공기관/공공단체(지방자치단체, 공공조합, 영조물, 공재단)에서 개설한 가맹점 이용금액
결제 취소금액은 매출취소전표가 삼성카드에 접수된 달의 이용금액에서 차감 혜택이 적용된 결제건이 취소될 경우, 할인, 포인트 적립 등의 횟수 및 한도는 매출취소전표가 접수된 이후에 복원 포인트가 적립된 결제건이 취소될 경우, 해당 포인트는 보유 포인트에서 자동 차감되며, 포인트 부족 시 카드 결제계좌에서 자동 출금
혜택이 적용된 결제건이 취소될 경우, 할인, 포인트 적립 등의 횟수 및 한도는 매출취소전표가 접수된 이후에 복원
포인트가 적립된 결제건이 취소될 경우, 해당 포인트는 보유 포인트에서 자동 차감되며, 포인트 부족 시 카드 결제계좌에서 자동 출금"
AAP1846_B0005,AAP1846,주요혜택,이동통신 할인,할인기준,생활비,12,,할인,5,%,"SKT, KT, LG U+, SK텔링크, KT스카이라이프, KT M모바일, 헬로모바일, 미디어로그",전월 이용금액 40만원 이상 80만원 미만,400000,800000,,,,3000,원,,,2026-06-08 05:55:07,생활비 5% 할인,"[서비스안내]
이동통신요금 정기결제 시 5%/7% 결제일할인

[대상점]
<table class=""benefit-table""><tr><th>구분</th><th>할인 대상</th></tr><tr><td>이동통신</td><td>SKT/KT/LG U+/알뜰폰(SK텔링크, KT스카이라이프, KT M모바일, 헬로모바일, 미디어로그) 이동통신요금</td></tr></table>

[할인기준]
이동통신 업종 할인기준(전월 이용금액대별 할인율 및 통합 월 할인한도)을 확인하실 수 있는 표입니다. 전월 이용금액대별 할인율 및 통합 월 할인한도 전월 이용금액 40만원 이상 80만원 이상 할인율 5% 7% 할인한도 3,000원 6,000원
<table class=""benefit-table""><tr><th colspan=""3"">전월 이용금액대별 할인율 및 통합 월 할인한도</th></tr><tr><th>전월 이용금액</th><th>40만원 이상</th><th>80만원 이상</th></tr><tr><td>할인율</td><td>5%</td><td>7%</td></tr><tr><td>할인한도</td><td>3,000원</td><td>6,000원</td></tr></table>

[이용조건]
발급월+ 1 개월까지는 전월 이용금액 40 만원 미만 시에도 40 만원 이상~ 80 만원 미만 실적구간 혜택 제공 (전월 이용금액 80 만원 이상 시에는 해당 실적구간 혜택 제공)

[할인 제외 대상]
무이자할부 이용금액
삼성카드 할인이 적용된 일시불 및 할부 이용금액
기프트/선불카드(포인트, 사이버머니 등 전자지급수단 포함) 구매 및 충전, 상품권 구매건

[유의사항]
알뜰폰은 결합상품요금, 휴대폰 단말기 구매금액 및 대리점 카드 결제건 제외
삼성카드의 다른 결제일할인 혜택과 중복 적용되지 않으며, 할인 혜택이 큰 금액만 적용
할인 혜택은 승인일 기준으로 적용
전월 이용금액 산정은 승인일 기준으로 적용. 다만, 해외 결제건 및 무승인 결제건(예 : 대중교통, 이동통신 등 정기결제건 등)은 매출전표 접수일 기준으로 적용
자체 가맹점번호로 승인 처리되는 일부 결제건(간편결제, 키오스크 등)은 할인 대상에서 제외
전월 이용금액 기준 매월 1일부터 말일까지 이용한 일시불 및 할부 이용금액 (단기카드대출(현금서비스), 장기카드대출(카드론), 각종 수수료 및 이자(할부수수료, 카드대출 이자 등), 연체료, 연회비 납부건은 일시불 및 할부 이용금액에 해당되지 않음)
매월 1일부터 말일까지 이용한 일시불 및 할부 이용금액 (단기카드대출(현금서비스), 장기카드대출(카드론), 각종 수수료 및 이자(할부수수료, 카드대출 이자 등), 연체료, 연회비 납부건은 일시불 및 할부 이용금액에 해당되지 않음)
전월 이용금액 제외 대상 건강보험/국민연금/고용보험/산재보험 및 장애인 고용부담금, 국세/지방세/공과금 납부건 아파트 관리비, 부동산 임대료 납부건 대중교통(후불교통기능/모바일교통기능 결제건), 택시 이용금액 유치원 납입금, 초/중/고등학교 학교납입금, 대학 등록금 납부건 기프트/선불카드(포인트, 사이버머니 등 전자지급수단 포함) 구매 및 충전, 상품권 구매건
건강보험/국민연금/고용보험/산재보험 및 장애인 고용부담금, 국세/지방세/공과금 납부건
아파트 관리비, 부동산 임대료 납부건
대중교통(후불교통기능/모바일교통기능 결제건), 택시 이용금액
유치원 납입금, 초/중/고등학교 학교납입금, 대학 등록금 납부건
삼성카드 가맹점 업종 분류 기준에 의한 등록 가맹점에 한함
삼성카드는 아래 항목을 공과금으로 분류함 전기요금, 사회보험료(건강보험/국민연금/고용보험/산재보험), 우편요금, 도시가스요금, 여권 발급비용, 상하수도요금, 과태료, 범칙금, 벌금, 국가/공공기관/공공단체(지방자치단체, 공공조합, 영조물, 공재단)에서 개설한 가맹점 이용금액
전기요금, 사회보험료(건강보험/국민연금/고용보험/산재보험), 우편요금, 도시가스요금, 여권 발급비용, 상하수도요금, 과태료, 범칙금, 벌금, 국가/공공기관/공공단체(지방자치단체, 공공조합, 영조물, 공재단)에서 개설한 가맹점 이용금액
결제 취소금액은 매출취소전표가 삼성카드에 접수된 달의 이용금액에서 차감 혜택이 적용된 결제건이 취소될 경우, 할인, 포인트 적립 등의 횟수 및 한도는 매출취소전표가 접수된 이후에 복원 포인트가 적립된 결제건이 취소될 경우, 해당 포인트는 보유 포인트에서 자동 차감되며, 포인트 부족 시 카드 결제계좌에서 자동 출금
혜택이 적용된 결제건이 취소될 경우, 할인, 포인트 적립 등의 횟수 및 한도는 매출취소전표가 접수된 이후에 복원
포인트가 적립된 결제건이 취소될 경우, 해당 포인트는 보유 포인트에서 자동 차감되며, 포인트 부족 시 카드 결제계좌에서 자동 출금"
AAP1846_B0006,AAP1846,주요혜택,이동통신 할인,할인기준,생활비,12,,할인,7,%,"SKT, KT, LG U+, SK텔링크, KT스카이라이프, KT M모바일, 헬로모바일, 미디어로그",전월 이용금액 80만원 이상,800000,,,,,6000,원,,,2026-06-08 05:55:07,생활비 7% 할인,"[서비스안내]
이동통신요금 정기결제 시 5%/7% 결제일할인

[대상점]
<table class=""benefit-table""><tr><th>구분</th><th>할인 대상</th></tr><tr><td>이동통신</td><td>SKT/KT/LG U+/알뜰폰(SK텔링크, KT스카이라이프, KT M모바일, 헬로모바일, 미디어로그) 이동통신요금</td></tr></table>

[할인기준]
이동통신 업종 할인기준(전월 이용금액대별 할인율 및 통합 월 할인한도)을 확인하실 수 있는 표입니다. 전월 이용금액대별 할인율 및 통합 월 할인한도 전월 이용금액 40만원 이상 80만원 이상 할인율 5% 7% 할인한도 3,000원 6,000원
<table class=""benefit-table""><tr><th colspan=""3"">전월 이용금액대별 할인율 및 통합 월 할인한도</th></tr><tr><th>전월 이용금액</th><th>40만원 이상</th><th>80만원 이상</th></tr><tr><td>할인율</td><td>5%</td><td>7%</td></tr><tr><td>할인한도</td><td>3,000원</td><td>6,000원</td></tr></table>

[이용조건]
발급월+ 1 개월까지는 전월 이용금액 40 만원 미만 시에도 40 만원 이상~ 80 만원 미만 실적구간 혜택 제공 (전월 이용금액 80 만원 이상 시에는 해당 실적구간 혜택 제공)

[할인 제외 대상]
무이자할부 이용금액
삼성카드 할인이 적용된 일시불 및 할부 이용금액
기프트/선불카드(포인트, 사이버머니 등 전자지급수단 포함) 구매 및 충전, 상품권 구매건

[유의사항]
알뜰폰은 결합상품요금, 휴대폰 단말기 구매금액 및 대리점 카드 결제건 제외
삼성카드의 다른 결제일할인 혜택과 중복 적용되지 않으며, 할인 혜택이 큰 금액만 적용
할인 혜택은 승인일 기준으로 적용
전월 이용금액 산정은 승인일 기준으로 적용. 다만, 해외 결제건 및 무승인 결제건(예 : 대중교통, 이동통신 등 정기결제건 등)은 매출전표 접수일 기준으로 적용
자체 가맹점번호로 승인 처리되는 일부 결제건(간편결제, 키오스크 등)은 할인 대상에서 제외
전월 이용금액 기준 매월 1일부터 말일까지 이용한 일시불 및 할부 이용금액 (단기카드대출(현금서비스), 장기카드대출(카드론), 각종 수수료 및 이자(할부수수료, 카드대출 이자 등), 연체료, 연회비 납부건은 일시불 및 할부 이용금액에 해당되지 않음)
매월 1일부터 말일까지 이용한 일시불 및 할부 이용금액 (단기카드대출(현금서비스), 장기카드대출(카드론), 각종 수수료 및 이자(할부수수료, 카드대출 이자 등), 연체료, 연회비 납부건은 일시불 및 할부 이용금액에 해당되지 않음)
전월 이용금액 제외 대상 건강보험/국민연금/고용보험/산재보험 및 장애인 고용부담금, 국세/지방세/공과금 납부건 아파트 관리비, 부동산 임대료 납부건 대중교통(후불교통기능/모바일교통기능 결제건), 택시 이용금액 유치원 납입금, 초/중/고등학교 학교납입금, 대학 등록금 납부건 기프트/선불카드(포인트, 사이버머니 등 전자지급수단 포함) 구매 및 충전, 상품권 구매건
건강보험/국민연금/고용보험/산재보험 및 장애인 고용부담금, 국세/지방세/공과금 납부건
아파트 관리비, 부동산 임대료 납부건
대중교통(후불교통기능/모바일교통기능 결제건), 택시 이용금액
유치원 납입금, 초/중/고등학교 학교납입금, 대학 등록금 납부건
삼성카드 가맹점 업종 분류 기준에 의한 등록 가맹점에 한함
삼성카드는 아래 항목을 공과금으로 분류함 전기요금, 사회보험료(건강보험/국민연금/고용보험/산재보험), 우편요금, 도시가스요금, 여권 발급비용, 상하수도요금, 과태료, 범칙금, 벌금, 국가/공공기관/공공단체(지방자치단체, 공공조합, 영조물, 공재단)에서 개설한 가맹점 이용금액
전기요금, 사회보험료(건강보험/국민연금/고용보험/산재보험), 우편요금, 도시가스요금, 여권 발급비용, 상하수도요금, 과태료, 범칙금, 벌금, 국가/공공기관/공공단체(지방자치단체, 공공조합, 영조물, 공재단)에서 개설한 가맹점 이용금액
결제 취소금액은 매출취소전표가 삼성카드에 접수된 달의 이용금액에서 차감 혜택이 적용된 결제건이 취소될 경우, 할인, 포인트 적립 등의 횟수 및 한도는 매출취소전표가 접수된 이후에 복원 포인트가 적립된 결제건이 취소될 경우, 해당 포인트는 보유 포인트에서 자동 차감되며, 포인트 부족 시 카드 결제계좌에서 자동 출금
혜택이 적용된 결제건이 취소될 경우, 할인, 포인트 적립 등의 횟수 및 한도는 매출취소전표가 접수된 이후에 복원
포인트가 적립된 결제건이 취소될 경우, 해당 포인트는 보유 포인트에서 자동 차감되며, 포인트 부족 시 카드 결제계좌에서 자동 출금"
AAP1846_B0007,AAP1846,주요혜택,생활 편의 영역 할인,서비스안내,배달,15,Online,할인,5,%,"배달의민족, 요기요, 쿠팡이츠",전월 이용금액 40만원 이상~80만원 미만,400000,800000,,,,,,3000,원,2026-06-08 05:55:07,배달 5% 할인,"[서비스안내]
배달앱/온라인쇼핑몰/헬스&뷰티/생활잡화 5%/7% 결제일할인

[대상점]
생활 편의 업종 내 할인 대상을 확인하실 수 있는 표입니다. 구분 할인 대상 배달앱 배달의민족, 요기요, 쿠팡이츠 온라인쇼핑몰 쿠팡, 네이버플러스 스토어, SSG.COM, 롯데ON, G마켓, 옥션, 11번가, 삼성카드 쇼핑 헬스&뷰티 올리브영 생활잡화 다이소
<table class=""benefit-table""><tr><th>구분</th><th>할인 대상</th></tr><tr><td>배달앱</td><td>배달의민족, 요기요, 쿠팡이츠</td></tr><tr><td>온라인쇼핑몰</td><td>쿠팡, 네이버플러스 스토어, SSG.COM, 롯데ON, G마켓, 옥션, 11번가, 삼성카드 쇼핑</td></tr><tr><td>헬스&뷰티</td><td>올리브영</td></tr><tr><td>생활잡화</td><td>다이소</td></tr></table>

[할인기준]
생활 편의 영역 할인기준(전월 이용금액대별 할인율 및 통합 월 할인한도)을 확인하실 수 있는 표 입니다. 전월 이용금액대별 할인율 및 통합 월 할인한도 전월 이용금액 40만원 이상 80만원 이상 할인율 5% 7% 할인한도 3,000원 6,000원
<table class=""benefit-table""><tr><th colspan=""3"">전월 이용금액대별 할인율 및 통합 월 할인한도</th></tr><tr><th>전월 이용금액</th><th>40만원 이상</th><th>80만원 이상</th></tr><tr><td>할인율</td><td>5%</td><td>7%</td></tr><tr><td>할인한도</td><td>3,000원</td><td>6,000원</td></tr></table>

[이용조건]
발급월+1개월까지는 전월 이용금액 40만원 미만 시에도 40만원 이상~80만원 미만 실적구간 혜택 제공(전월 이용금액 80만원 이상 시에는 해당 실적구간 혜택 제공)

[할인 제외 대상]
무이자할부 이용금액
삼성카드 할인이 적용된 일시불 및 할부 이용금액
기프트/선불카드(포인트, 사이버머니 등 전자지급수단 포함) 구매 및 충전, 상품권 구매건

[유의사항]
배달앱은 공식 홈페이지/앱을 통한 결제건에 한하며, 가맹점 직접 결제건은 제외
헬스&뷰티, 생활잡화는 오프라인 결제건에 한하며, 백화점, 할인점, 쇼핑몰 등의 임대매장은 제외
삼성카드의 다른 결제일할인 혜택과 중복 적용되지 않으며, 할인 혜택이 큰 금액만 적용
할인 혜택은 승인일 기준으로 적용
전월 이용금액 산정은 승인일 기준으로 적용. 다만, 해외 결제건 및 무승인 결제건(예 : 대중교통, 이동통신 등 정기결제건 등)은 매출전표 접수일 기준으로 적용
자체 가맹점번호로 승인 처리되는 일부 결제건(간편결제, 키오스크 등)은 할인 대상에서 제외
전월 이용금액 기준 매월 1일부터 말일까지 이용한 일시불 및 할부 이용금액 (단기카드대출(현금서비스), 장기카드대출(카드론), 각종 수수료 및 이자(할부수수료, 카드대출 이자 등), 연체료, 연회비 납부건은 일시불 및 할부 이용금액에 해당되지 않음)
매월 1일부터 말일까지 이용한 일시불 및 할부 이용금액 (단기카드대출(현금서비스), 장기카드대출(카드론), 각종 수수료 및 이자(할부수수료, 카드대출 이자 등), 연체료, 연회비 납부건은 일시불 및 할부 이용금액에 해당되지 않음)
전월 이용금액 제외 대상 건강보험/국민연금/고용보험/산재보험 및 장애인 고용부담금, 국세/지방세/공과금 납부건 아파트 관리비, 부동산 임대료 납부건 대중교통(후불교통기능/모바일교통기능 결제건), 택시 이용금액 유치원 납입금, 초/중/고등학교 학교납입금, 대학 등록금 납부건 기프트/선불카드(포인트, 사이버머니 등 전자지급수단 포함) 구매 및 충전, 상품권 구매건
건강보험/국민연금/고용보험/산재보험 및 장애인 고용부담금, 국세/지방세/공과금 납부건
아파트 관리비, 부동산 임대료 납부건
대중교통(후불교통기능/모바일교통기능 결제건), 택시 이용금액
유치원 납입금, 초/중/고등학교 학교납입금, 대학 등록금 납부건
삼성카드 가맹점 업종 분류 기준에 의한 등록 가맹점에 한함
삼성카드는 아래 항목을 공과금으로 분류함 전기요금, 사회보험료(건강보험/국민연금/고용보험/산재보험), 우편요금, 도시가스요금, 여권 발급비용, 상하수도요금, 과태료, 범칙금, 벌금, 국가/공공기관/공공단체(지방자치단체, 공공조합, 영조물, 공재단)에서 개설한 가맹점 이용금액
전기요금, 사회보험료(건강보험/국민연금/고용보험/산재보험), 우편요금, 도시가스요금, 여권 발급비용, 상하수도요금, 과태료, 범칙금, 벌금, 국가/공공기관/공공단체(지방자치단체, 공공조합, 영조물, 공재단)에서 개설한 가맹점 이용금액
결제 취소금액은 매출취소전표가 삼성카드에 접수된 달의 이용금액에서 차감 혜택이 적용된 결제건이 취소될 경우, 할인, 포인트 적립 등의 횟수 및 한도는 매출취소전표가 접수된 이후에 복원 포인트가 적립된 결제건이 취소될 경우, 해당 포인트는 보유 포인트에서 자동 차감되며, 포인트 부족 시 카드 결제계좌에서 자동 출금
혜택이 적용된 결제건이 취소될 경우, 할인, 포인트 적립 등의 횟수 및 한도는 매출취소전표가 접수된 이후에 복원
포인트가 적립된 결제건이 취소될 경우, 해당 포인트는 보유 포인트에서 자동 차감되며, 포인트 부족 시 카드 결제계좌에서 자동 출금"
AAP1846_B0008,AAP1846,주요혜택,생활 편의 영역 할인,서비스안내,배달,15,Online,할인,7,%,"배달의민족, 요기요, 쿠팡이츠",전월 이용금액 80만원 이상,800000,,,,,,,6000,원,2026-06-08 05:55:07,배달 7% 할인,"[서비스안내]
배달앱/온라인쇼핑몰/헬스&뷰티/생활잡화 5%/7% 결제일할인

[대상점]
생활 편의 업종 내 할인 대상을 확인하실 수 있는 표입니다. 구분 할인 대상 배달앱 배달의민족, 요기요, 쿠팡이츠 온라인쇼핑몰 쿠팡, 네이버플러스 스토어, SSG.COM, 롯데ON, G마켓, 옥션, 11번가, 삼성카드 쇼핑 헬스&뷰티 올리브영 생활잡화 다이소
<table class=""benefit-table""><tr><th>구분</th><th>할인 대상</th></tr><tr><td>배달앱</td><td>배달의민족, 요기요, 쿠팡이츠</td></tr><tr><td>온라인쇼핑몰</td><td>쿠팡, 네이버플러스 스토어, SSG.COM, 롯데ON, G마켓, 옥션, 11번가, 삼성카드 쇼핑</td></tr><tr><td>헬스&뷰티</td><td>올리브영</td></tr><tr><td>생활잡화</td><td>다이소</td></tr></table>

[할인기준]
생활 편의 영역 할인기준(전월 이용금액대별 할인율 및 통합 월 할인한도)을 확인하실 수 있는 표 입니다. 전월 이용금액대별 할인율 및 통합 월 할인한도 전월 이용금액 40만원 이상 80만원 이상 할인율 5% 7% 할인한도 3,000원 6,000원
<table class=""benefit-table""><tr><th colspan=""3"">전월 이용금액대별 할인율 및 통합 월 할인한도</th></tr><tr><th>전월 이용금액</th><th>40만원 이상</th><th>80만원 이상</th></tr><tr><td>할인율</td><td>5%</td><td>7%</td></tr><tr><td>할인한도</td><td>3,000원</td><td>6,000원</td></tr></table>

[이용조건]
발급월+1개월까지는 전월 이용금액 40만원 미만 시에도 40만원 이상~80만원 미만 실적구간 혜택 제공(전월 이용금액 80만원 이상 시에는 해당 실적구간 혜택 제공)

[할인 제외 대상]
무이자할부 이용금액
삼성카드 할인이 적용된 일시불 및 할부 이용금액
기프트/선불카드(포인트, 사이버머니 등 전자지급수단 포함) 구매 및 충전, 상품권 구매건

[유의사항]
배달앱은 공식 홈페이지/앱을 통한 결제건에 한하며, 가맹점 직접 결제건은 제외
헬스&뷰티, 생활잡화는 오프라인 결제건에 한하며, 백화점, 할인점, 쇼핑몰 등의 임대매장은 제외
삼성카드의 다른 결제일할인 혜택과 중복 적용되지 않으며, 할인 혜택이 큰 금액만 적용
할인 혜택은 승인일 기준으로 적용
전월 이용금액 산정은 승인일 기준으로 적용. 다만, 해외 결제건 및 무승인 결제건(예 : 대중교통, 이동통신 등 정기결제건 등)은 매출전표 접수일 기준으로 적용
자체 가맹점번호로 승인 처리되는 일부 결제건(간편결제, 키오스크 등)은 할인 대상에서 제외
전월 이용금액 기준 매월 1일부터 말일까지 이용한 일시불 및 할부 이용금액 (단기카드대출(현금서비스), 장기카드대출(카드론), 각종 수수료 및 이자(할부수수료, 카드대출 이자 등), 연체료, 연회비 납부건은 일시불 및 할부 이용금액에 해당되지 않음)
매월 1일부터 말일까지 이용한 일시불 및 할부 이용금액 (단기카드대출(현금서비스), 장기카드대출(카드론), 각종 수수료 및 이자(할부수수료, 카드대출 이자 등), 연체료, 연회비 납부건은 일시불 및 할부 이용금액에 해당되지 않음)
전월 이용금액 제외 대상 건강보험/국민연금/고용보험/산재보험 및 장애인 고용부담금, 국세/지방세/공과금 납부건 아파트 관리비, 부동산 임대료 납부건 대중교통(후불교통기능/모바일교통기능 결제건), 택시 이용금액 유치원 납입금, 초/중/고등학교 학교납입금, 대학 등록금 납부건 기프트/선불카드(포인트, 사이버머니 등 전자지급수단 포함) 구매 및 충전, 상품권 구매건
건강보험/국민연금/고용보험/산재보험 및 장애인 고용부담금, 국세/지방세/공과금 납부건
아파트 관리비, 부동산 임대료 납부건
대중교통(후불교통기능/모바일교통기능 결제건), 택시 이용금액
유치원 납입금, 초/중/고등학교 학교납입금, 대학 등록금 납부건
삼성카드 가맹점 업종 분류 기준에 의한 등록 가맹점에 한함
삼성카드는 아래 항목을 공과금으로 분류함 전기요금, 사회보험료(건강보험/국민연금/고용보험/산재보험), 우편요금, 도시가스요금, 여권 발급비용, 상하수도요금, 과태료, 범칙금, 벌금, 국가/공공기관/공공단체(지방자치단체, 공공조합, 영조물, 공재단)에서 개설한 가맹점 이용금액
전기요금, 사회보험료(건강보험/국민연금/고용보험/산재보험), 우편요금, 도시가스요금, 여권 발급비용, 상하수도요금, 과태료, 범칙금, 벌금, 국가/공공기관/공공단체(지방자치단체, 공공조합, 영조물, 공재단)에서 개설한 가맹점 이용금액
결제 취소금액은 매출취소전표가 삼성카드에 접수된 달의 이용금액에서 차감 혜택이 적용된 결제건이 취소될 경우, 할인, 포인트 적립 등의 횟수 및 한도는 매출취소전표가 접수된 이후에 복원 포인트가 적립된 결제건이 취소될 경우, 해당 포인트는 보유 포인트에서 자동 차감되며, 포인트 부족 시 카드 결제계좌에서 자동 출금
혜택이 적용된 결제건이 취소될 경우, 할인, 포인트 적립 등의 횟수 및 한도는 매출취소전표가 접수된 이후에 복원
포인트가 적립된 결제건이 취소될 경우, 해당 포인트는 보유 포인트에서 자동 차감되며, 포인트 부족 시 카드 결제계좌에서 자동 출금"
AAP1846_B0009,AAP1846,주요혜택,생활 편의 영역 할인,서비스안내,온라인쇼핑,1,Online,할인,5,%,"쿠팡, 네이버플러스 스토어, SSG.COM, 롯데ON, G마켓, 옥션, 11번가, 삼성카드 쇼핑",전월 이용금액 40만원 이상~80만원 미만,400000,800000,,,,,,3000,원,2026-06-08 05:55:07,온라인쇼핑 5% 할인,"[서비스안내]
배달앱/온라인쇼핑몰/헬스&뷰티/생활잡화 5%/7% 결제일할인

[대상점]
생활 편의 업종 내 할인 대상을 확인하실 수 있는 표입니다. 구분 할인 대상 배달앱 배달의민족, 요기요, 쿠팡이츠 온라인쇼핑몰 쿠팡, 네이버플러스 스토어, SSG.COM, 롯데ON, G마켓, 옥션, 11번가, 삼성카드 쇼핑 헬스&뷰티 올리브영 생활잡화 다이소
<table class=""benefit-table""><tr><th>구분</th><th>할인 대상</th></tr><tr><td>배달앱</td><td>배달의민족, 요기요, 쿠팡이츠</td></tr><tr><td>온라인쇼핑몰</td><td>쿠팡, 네이버플러스 스토어, SSG.COM, 롯데ON, G마켓, 옥션, 11번가, 삼성카드 쇼핑</td></tr><tr><td>헬스&뷰티</td><td>올리브영</td></tr><tr><td>생활잡화</td><td>다이소</td></tr></table>

[할인기준]
생활 편의 영역 할인기준(전월 이용금액대별 할인율 및 통합 월 할인한도)을 확인하실 수 있는 표 입니다. 전월 이용금액대별 할인율 및 통합 월 할인한도 전월 이용금액 40만원 이상 80만원 이상 할인율 5% 7% 할인한도 3,000원 6,000원
<table class=""benefit-table""><tr><th colspan=""3"">전월 이용금액대별 할인율 및 통합 월 할인한도</th></tr><tr><th>전월 이용금액</th><th>40만원 이상</th><th>80만원 이상</th></tr><tr><td>할인율</td><td>5%</td><td>7%</td></tr><tr><td>할인한도</td><td>3,000원</td><td>6,000원</td></tr></table>

[이용조건]
발급월+1개월까지는 전월 이용금액 40만원 미만 시에도 40만원 이상~80만원 미만 실적구간 혜택 제공(전월 이용금액 80만원 이상 시에는 해당 실적구간 혜택 제공)

[할인 제외 대상]
무이자할부 이용금액
삼성카드 할인이 적용된 일시불 및 할부 이용금액
기프트/선불카드(포인트, 사이버머니 등 전자지급수단 포함) 구매 및 충전, 상품권 구매건

[유의사항]
배달앱은 공식 홈페이지/앱을 통한 결제건에 한하며, 가맹점 직접 결제건은 제외
헬스&뷰티, 생활잡화는 오프라인 결제건에 한하며, 백화점, 할인점, 쇼핑몰 등의 임대매장은 제외
삼성카드의 다른 결제일할인 혜택과 중복 적용되지 않으며, 할인 혜택이 큰 금액만 적용
할인 혜택은 승인일 기준으로 적용
전월 이용금액 산정은 승인일 기준으로 적용. 다만, 해외 결제건 및 무승인 결제건(예 : 대중교통, 이동통신 등 정기결제건 등)은 매출전표 접수일 기준으로 적용
자체 가맹점번호로 승인 처리되는 일부 결제건(간편결제, 키오스크 등)은 할인 대상에서 제외
전월 이용금액 기준 매월 1일부터 말일까지 이용한 일시불 및 할부 이용금액 (단기카드대출(현금서비스), 장기카드대출(카드론), 각종 수수료 및 이자(할부수수료, 카드대출 이자 등), 연체료, 연회비 납부건은 일시불 및 할부 이용금액에 해당되지 않음)
매월 1일부터 말일까지 이용한 일시불 및 할부 이용금액 (단기카드대출(현금서비스), 장기카드대출(카드론), 각종 수수료 및 이자(할부수수료, 카드대출 이자 등), 연체료, 연회비 납부건은 일시불 및 할부 이용금액에 해당되지 않음)
전월 이용금액 제외 대상 건강보험/국민연금/고용보험/산재보험 및 장애인 고용부담금, 국세/지방세/공과금 납부건 아파트 관리비, 부동산 임대료 납부건 대중교통(후불교통기능/모바일교통기능 결제건), 택시 이용금액 유치원 납입금, 초/중/고등학교 학교납입금, 대학 등록금 납부건 기프트/선불카드(포인트, 사이버머니 등 전자지급수단 포함) 구매 및 충전, 상품권 구매건
건강보험/국민연금/고용보험/산재보험 및 장애인 고용부담금, 국세/지방세/공과금 납부건
아파트 관리비, 부동산 임대료 납부건
대중교통(후불교통기능/모바일교통기능 결제건), 택시 이용금액
유치원 납입금, 초/중/고등학교 학교납입금, 대학 등록금 납부건
삼성카드 가맹점 업종 분류 기준에 의한 등록 가맹점에 한함
삼성카드는 아래 항목을 공과금으로 분류함 전기요금, 사회보험료(건강보험/국민연금/고용보험/산재보험), 우편요금, 도시가스요금, 여권 발급비용, 상하수도요금, 과태료, 범칙금, 벌금, 국가/공공기관/공공단체(지방자치단체, 공공조합, 영조물, 공재단)에서 개설한 가맹점 이용금액
전기요금, 사회보험료(건강보험/국민연금/고용보험/산재보험), 우편요금, 도시가스요금, 여권 발급비용, 상하수도요금, 과태료, 범칙금, 벌금, 국가/공공기관/공공단체(지방자치단체, 공공조합, 영조물, 공재단)에서 개설한 가맹점 이용금액
결제 취소금액은 매출취소전표가 삼성카드에 접수된 달의 이용금액에서 차감 혜택이 적용된 결제건이 취소될 경우, 할인, 포인트 적립 등의 횟수 및 한도는 매출취소전표가 접수된 이후에 복원 포인트가 적립된 결제건이 취소될 경우, 해당 포인트는 보유 포인트에서 자동 차감되며, 포인트 부족 시 카드 결제계좌에서 자동 출금
혜택이 적용된 결제건이 취소될 경우, 할인, 포인트 적립 등의 횟수 및 한도는 매출취소전표가 접수된 이후에 복원
포인트가 적립된 결제건이 취소될 경우, 해당 포인트는 보유 포인트에서 자동 차감되며, 포인트 부족 시 카드 결제계좌에서 자동 출금"
AAP1846_B0010,AAP1846,주요혜택,생활 편의 영역 할인,서비스안내,온라인쇼핑,1,Online,할인,7,%,"쿠팡, 네이버플러스 스토어, SSG.COM, 롯데ON, G마켓, 옥션, 11번가, 삼성카드 쇼핑",전월 이용금액 80만원 이상,800000,,,,,,,6000,원,2026-06-08 05:55:07,온라인쇼핑 7% 할인,"[서비스안내]
배달앱/온라인쇼핑몰/헬스&뷰티/생활잡화 5%/7% 결제일할인

[대상점]
생활 편의 업종 내 할인 대상을 확인하실 수 있는 표입니다. 구분 할인 대상 배달앱 배달의민족, 요기요, 쿠팡이츠 온라인쇼핑몰 쿠팡, 네이버플러스 스토어, SSG.COM, 롯데ON, G마켓, 옥션, 11번가, 삼성카드 쇼핑 헬스&뷰티 올리브영 생활잡화 다이소
<table class=""benefit-table""><tr><th>구분</th><th>할인 대상</th></tr><tr><td>배달앱</td><td>배달의민족, 요기요, 쿠팡이츠</td></tr><tr><td>온라인쇼핑몰</td><td>쿠팡, 네이버플러스 스토어, SSG.COM, 롯데ON, G마켓, 옥션, 11번가, 삼성카드 쇼핑</td></tr><tr><td>헬스&뷰티</td><td>올리브영</td></tr><tr><td>생활잡화</td><td>다이소</td></tr></table>

[할인기준]
생활 편의 영역 할인기준(전월 이용금액대별 할인율 및 통합 월 할인한도)을 확인하실 수 있는 표 입니다. 전월 이용금액대별 할인율 및 통합 월 할인한도 전월 이용금액 40만원 이상 80만원 이상 할인율 5% 7% 할인한도 3,000원 6,000원
<table class=""benefit-table""><tr><th colspan=""3"">전월 이용금액대별 할인율 및 통합 월 할인한도</th></tr><tr><th>전월 이용금액</th><th>40만원 이상</th><th>80만원 이상</th></tr><tr><td>할인율</td><td>5%</td><td>7%</td></tr><tr><td>할인한도</td><td>3,000원</td><td>6,000원</td></tr></table>

[이용조건]
발급월+1개월까지는 전월 이용금액 40만원 미만 시에도 40만원 이상~80만원 미만 실적구간 혜택 제공(전월 이용금액 80만원 이상 시에는 해당 실적구간 혜택 제공)

[할인 제외 대상]
무이자할부 이용금액
삼성카드 할인이 적용된 일시불 및 할부 이용금액
기프트/선불카드(포인트, 사이버머니 등 전자지급수단 포함) 구매 및 충전, 상품권 구매건

[유의사항]
배달앱은 공식 홈페이지/앱을 통한 결제건에 한하며, 가맹점 직접 결제건은 제외
헬스&뷰티, 생활잡화는 오프라인 결제건에 한하며, 백화점, 할인점, 쇼핑몰 등의 임대매장은 제외
삼성카드의 다른 결제일할인 혜택과 중복 적용되지 않으며, 할인 혜택이 큰 금액만 적용
할인 혜택은 승인일 기준으로 적용
전월 이용금액 산정은 승인일 기준으로 적용. 다만, 해외 결제건 및 무승인 결제건(예 : 대중교통, 이동통신 등 정기결제건 등)은 매출전표 접수일 기준으로 적용
자체 가맹점번호로 승인 처리되는 일부 결제건(간편결제, 키오스크 등)은 할인 대상에서 제외
전월 이용금액 기준 매월 1일부터 말일까지 이용한 일시불 및 할부 이용금액 (단기카드대출(현금서비스), 장기카드대출(카드론), 각종 수수료 및 이자(할부수수료, 카드대출 이자 등), 연체료, 연회비 납부건은 일시불 및 할부 이용금액에 해당되지 않음)
매월 1일부터 말일까지 이용한 일시불 및 할부 이용금액 (단기카드대출(현금서비스), 장기카드대출(카드론), 각종 수수료 및 이자(할부수수료, 카드대출 이자 등), 연체료, 연회비 납부건은 일시불 및 할부 이용금액에 해당되지 않음)
전월 이용금액 제외 대상 건강보험/국민연금/고용보험/산재보험 및 장애인 고용부담금, 국세/지방세/공과금 납부건 아파트 관리비, 부동산 임대료 납부건 대중교통(후불교통기능/모바일교통기능 결제건), 택시 이용금액 유치원 납입금, 초/중/고등학교 학교납입금, 대학 등록금 납부건 기프트/선불카드(포인트, 사이버머니 등 전자지급수단 포함) 구매 및 충전, 상품권 구매건
건강보험/국민연금/고용보험/산재보험 및 장애인 고용부담금, 국세/지방세/공과금 납부건
아파트 관리비, 부동산 임대료 납부건
대중교통(후불교통기능/모바일교통기능 결제건), 택시 이용금액
유치원 납입금, 초/중/고등학교 학교납입금, 대학 등록금 납부건
삼성카드 가맹점 업종 분류 기준에 의한 등록 가맹점에 한함
삼성카드는 아래 항목을 공과금으로 분류함 전기요금, 사회보험료(건강보험/국민연금/고용보험/산재보험), 우편요금, 도시가스요금, 여권 발급비용, 상하수도요금, 과태료, 범칙금, 벌금, 국가/공공기관/공공단체(지방자치단체, 공공조합, 영조물, 공재단)에서 개설한 가맹점 이용금액
전기요금, 사회보험료(건강보험/국민연금/고용보험/산재보험), 우편요금, 도시가스요금, 여권 발급비용, 상하수도요금, 과태료, 범칙금, 벌금, 국가/공공기관/공공단체(지방자치단체, 공공조합, 영조물, 공재단)에서 개설한 가맹점 이용금액
결제 취소금액은 매출취소전표가 삼성카드에 접수된 달의 이용금액에서 차감 혜택이 적용된 결제건이 취소될 경우, 할인, 포인트 적립 등의 횟수 및 한도는 매출취소전표가 접수된 이후에 복원 포인트가 적립된 결제건이 취소될 경우, 해당 포인트는 보유 포인트에서 자동 차감되며, 포인트 부족 시 카드 결제계좌에서 자동 출금
혜택이 적용된 결제건이 취소될 경우, 할인, 포인트 적립 등의 횟수 및 한도는 매출취소전표가 접수된 이후에 복원
포인트가 적립된 결제건이 취소될 경우, 해당 포인트는 보유 포인트에서 자동 차감되며, 포인트 부족 시 카드 결제계좌에서 자동 출금"
AAP1846_B0011,AAP1846,주요혜택,생활 편의 영역 할인,서비스안내,패션/뷰티,2,Offline,할인,5,%,올리브영,전월 이용금액 40만원 이상~80만원 미만,400000,800000,,,,,,3000,원,2026-06-08 05:55:07,패션/뷰티 5% 할인,"[서비스안내]
배달앱/온라인쇼핑몰/헬스&뷰티/생활잡화 5%/7% 결제일할인

[대상점]
생활 편의 업종 내 할인 대상을 확인하실 수 있는 표입니다. 구분 할인 대상 배달앱 배달의민족, 요기요, 쿠팡이츠 온라인쇼핑몰 쿠팡, 네이버플러스 스토어, SSG.COM, 롯데ON, G마켓, 옥션, 11번가, 삼성카드 쇼핑 헬스&뷰티 올리브영 생활잡화 다이소
<table class=""benefit-table""><tr><th>구분</th><th>할인 대상</th></tr><tr><td>배달앱</td><td>배달의민족, 요기요, 쿠팡이츠</td></tr><tr><td>온라인쇼핑몰</td><td>쿠팡, 네이버플러스 스토어, SSG.COM, 롯데ON, G마켓, 옥션, 11번가, 삼성카드 쇼핑</td></tr><tr><td>헬스&뷰티</td><td>올리브영</td></tr><tr><td>생활잡화</td><td>다이소</td></tr></table>

[할인기준]
생활 편의 영역 할인기준(전월 이용금액대별 할인율 및 통합 월 할인한도)을 확인하실 수 있는 표 입니다. 전월 이용금액대별 할인율 및 통합 월 할인한도 전월 이용금액 40만원 이상 80만원 이상 할인율 5% 7% 할인한도 3,000원 6,000원
<table class=""benefit-table""><tr><th colspan=""3"">전월 이용금액대별 할인율 및 통합 월 할인한도</th></tr><tr><th>전월 이용금액</th><th>40만원 이상</th><th>80만원 이상</th></tr><tr><td>할인율</td><td>5%</td><td>7%</td></tr><tr><td>할인한도</td><td>3,000원</td><td>6,000원</td></tr></table>

[이용조건]
발급월+1개월까지는 전월 이용금액 40만원 미만 시에도 40만원 이상~80만원 미만 실적구간 혜택 제공(전월 이용금액 80만원 이상 시에는 해당 실적구간 혜택 제공)

[할인 제외 대상]
무이자할부 이용금액
삼성카드 할인이 적용된 일시불 및 할부 이용금액
기프트/선불카드(포인트, 사이버머니 등 전자지급수단 포함) 구매 및 충전, 상품권 구매건

[유의사항]
배달앱은 공식 홈페이지/앱을 통한 결제건에 한하며, 가맹점 직접 결제건은 제외
헬스&뷰티, 생활잡화는 오프라인 결제건에 한하며, 백화점, 할인점, 쇼핑몰 등의 임대매장은 제외
삼성카드의 다른 결제일할인 혜택과 중복 적용되지 않으며, 할인 혜택이 큰 금액만 적용
할인 혜택은 승인일 기준으로 적용
전월 이용금액 산정은 승인일 기준으로 적용. 다만, 해외 결제건 및 무승인 결제건(예 : 대중교통, 이동통신 등 정기결제건 등)은 매출전표 접수일 기준으로 적용
자체 가맹점번호로 승인 처리되는 일부 결제건(간편결제, 키오스크 등)은 할인 대상에서 제외
전월 이용금액 기준 매월 1일부터 말일까지 이용한 일시불 및 할부 이용금액 (단기카드대출(현금서비스), 장기카드대출(카드론), 각종 수수료 및 이자(할부수수료, 카드대출 이자 등), 연체료, 연회비 납부건은 일시불 및 할부 이용금액에 해당되지 않음)
매월 1일부터 말일까지 이용한 일시불 및 할부 이용금액 (단기카드대출(현금서비스), 장기카드대출(카드론), 각종 수수료 및 이자(할부수수료, 카드대출 이자 등), 연체료, 연회비 납부건은 일시불 및 할부 이용금액에 해당되지 않음)
전월 이용금액 제외 대상 건강보험/국민연금/고용보험/산재보험 및 장애인 고용부담금, 국세/지방세/공과금 납부건 아파트 관리비, 부동산 임대료 납부건 대중교통(후불교통기능/모바일교통기능 결제건), 택시 이용금액 유치원 납입금, 초/중/고등학교 학교납입금, 대학 등록금 납부건 기프트/선불카드(포인트, 사이버머니 등 전자지급수단 포함) 구매 및 충전, 상품권 구매건
건강보험/국민연금/고용보험/산재보험 및 장애인 고용부담금, 국세/지방세/공과금 납부건
아파트 관리비, 부동산 임대료 납부건
대중교통(후불교통기능/모바일교통기능 결제건), 택시 이용금액
유치원 납입금, 초/중/고등학교 학교납입금, 대학 등록금 납부건
삼성카드 가맹점 업종 분류 기준에 의한 등록 가맹점에 한함
삼성카드는 아래 항목을 공과금으로 분류함 전기요금, 사회보험료(건강보험/국민연금/고용보험/산재보험), 우편요금, 도시가스요금, 여권 발급비용, 상하수도요금, 과태료, 범칙금, 벌금, 국가/공공기관/공공단체(지방자치단체, 공공조합, 영조물, 공재단)에서 개설한 가맹점 이용금액
전기요금, 사회보험료(건강보험/국민연금/고용보험/산재보험), 우편요금, 도시가스요금, 여권 발급비용, 상하수도요금, 과태료, 범칙금, 벌금, 국가/공공기관/공공단체(지방자치단체, 공공조합, 영조물, 공재단)에서 개설한 가맹점 이용금액
결제 취소금액은 매출취소전표가 삼성카드에 접수된 달의 이용금액에서 차감 혜택이 적용된 결제건이 취소될 경우, 할인, 포인트 적립 등의 횟수 및 한도는 매출취소전표가 접수된 이후에 복원 포인트가 적립된 결제건이 취소될 경우, 해당 포인트는 보유 포인트에서 자동 차감되며, 포인트 부족 시 카드 결제계좌에서 자동 출금
혜택이 적용된 결제건이 취소될 경우, 할인, 포인트 적립 등의 횟수 및 한도는 매출취소전표가 접수된 이후에 복원
포인트가 적립된 결제건이 취소될 경우, 해당 포인트는 보유 포인트에서 자동 차감되며, 포인트 부족 시 카드 결제계좌에서 자동 출금"
AAP1846_B0012,AAP1846,주요혜택,생활 편의 영역 할인,서비스안내,패션/뷰티,2,Offline,할인,7,%,올리브영,전월 이용금액 80만원 이상,800000,,,,,,,6000,원,2026-06-08 05:55:07,패션/뷰티 7% 할인,"[서비스안내]
배달앱/온라인쇼핑몰/헬스&뷰티/생활잡화 5%/7% 결제일할인

[대상점]
생활 편의 업종 내 할인 대상을 확인하실 수 있는 표입니다. 구분 할인 대상 배달앱 배달의민족, 요기요, 쿠팡이츠 온라인쇼핑몰 쿠팡, 네이버플러스 스토어, SSG.COM, 롯데ON, G마켓, 옥션, 11번가, 삼성카드 쇼핑 헬스&뷰티 올리브영 생활잡화 다이소
<table class=""benefit-table""><tr><th>구분</th><th>할인 대상</th></tr><tr><td>배달앱</td><td>배달의민족, 요기요, 쿠팡이츠</td></tr><tr><td>온라인쇼핑몰</td><td>쿠팡, 네이버플러스 스토어, SSG.COM, 롯데ON, G마켓, 옥션, 11번가, 삼성카드 쇼핑</td></tr><tr><td>헬스&뷰티</td><td>올리브영</td></tr><tr><td>생활잡화</td><td>다이소</td></tr></table>

[할인기준]
생활 편의 영역 할인기준(전월 이용금액대별 할인율 및 통합 월 할인한도)을 확인하실 수 있는 표 입니다. 전월 이용금액대별 할인율 및 통합 월 할인한도 전월 이용금액 40만원 이상 80만원 이상 할인율 5% 7% 할인한도 3,000원 6,000원
<table class=""benefit-table""><tr><th colspan=""3"">전월 이용금액대별 할인율 및 통합 월 할인한도</th></tr><tr><th>전월 이용금액</th><th>40만원 이상</th><th>80만원 이상</th></tr><tr><td>할인율</td><td>5%</td><td>7%</td></tr><tr><td>할인한도</td><td>3,000원</td><td>6,000원</td></tr></table>

[이용조건]
발급월+1개월까지는 전월 이용금액 40만원 미만 시에도 40만원 이상~80만원 미만 실적구간 혜택 제공(전월 이용금액 80만원 이상 시에는 해당 실적구간 혜택 제공)

[할인 제외 대상]
무이자할부 이용금액
삼성카드 할인이 적용된 일시불 및 할부 이용금액
기프트/선불카드(포인트, 사이버머니 등 전자지급수단 포함) 구매 및 충전, 상품권 구매건

[유의사항]
배달앱은 공식 홈페이지/앱을 통한 결제건에 한하며, 가맹점 직접 결제건은 제외
헬스&뷰티, 생활잡화는 오프라인 결제건에 한하며, 백화점, 할인점, 쇼핑몰 등의 임대매장은 제외
삼성카드의 다른 결제일할인 혜택과 중복 적용되지 않으며, 할인 혜택이 큰 금액만 적용
할인 혜택은 승인일 기준으로 적용
전월 이용금액 산정은 승인일 기준으로 적용. 다만, 해외 결제건 및 무승인 결제건(예 : 대중교통, 이동통신 등 정기결제건 등)은 매출전표 접수일 기준으로 적용
자체 가맹점번호로 승인 처리되는 일부 결제건(간편결제, 키오스크 등)은 할인 대상에서 제외
전월 이용금액 기준 매월 1일부터 말일까지 이용한 일시불 및 할부 이용금액 (단기카드대출(현금서비스), 장기카드대출(카드론), 각종 수수료 및 이자(할부수수료, 카드대출 이자 등), 연체료, 연회비 납부건은 일시불 및 할부 이용금액에 해당되지 않음)
매월 1일부터 말일까지 이용한 일시불 및 할부 이용금액 (단기카드대출(현금서비스), 장기카드대출(카드론), 각종 수수료 및 이자(할부수수료, 카드대출 이자 등), 연체료, 연회비 납부건은 일시불 및 할부 이용금액에 해당되지 않음)
전월 이용금액 제외 대상 건강보험/국민연금/고용보험/산재보험 및 장애인 고용부담금, 국세/지방세/공과금 납부건 아파트 관리비, 부동산 임대료 납부건 대중교통(후불교통기능/모바일교통기능 결제건), 택시 이용금액 유치원 납입금, 초/중/고등학교 학교납입금, 대학 등록금 납부건 기프트/선불카드(포인트, 사이버머니 등 전자지급수단 포함) 구매 및 충전, 상품권 구매건
건강보험/국민연금/고용보험/산재보험 및 장애인 고용부담금, 국세/지방세/공과금 납부건
아파트 관리비, 부동산 임대료 납부건
대중교통(후불교통기능/모바일교통기능 결제건), 택시 이용금액
유치원 납입금, 초/중/고등학교 학교납입금, 대학 등록금 납부건
삼성카드 가맹점 업종 분류 기준에 의한 등록 가맹점에 한함
삼성카드는 아래 항목을 공과금으로 분류함 전기요금, 사회보험료(건강보험/국민연금/고용보험/산재보험), 우편요금, 도시가스요금, 여권 발급비용, 상하수도요금, 과태료, 범칙금, 벌금, 국가/공공기관/공공단체(지방자치단체, 공공조합, 영조물, 공재단)에서 개설한 가맹점 이용금액
전기요금, 사회보험료(건강보험/국민연금/고용보험/산재보험), 우편요금, 도시가스요금, 여권 발급비용, 상하수도요금, 과태료, 범칙금, 벌금, 국가/공공기관/공공단체(지방자치단체, 공공조합, 영조물, 공재단)에서 개설한 가맹점 이용금액
결제 취소금액은 매출취소전표가 삼성카드에 접수된 달의 이용금액에서 차감 혜택이 적용된 결제건이 취소될 경우, 할인, 포인트 적립 등의 횟수 및 한도는 매출취소전표가 접수된 이후에 복원 포인트가 적립된 결제건이 취소될 경우, 해당 포인트는 보유 포인트에서 자동 차감되며, 포인트 부족 시 카드 결제계좌에서 자동 출금
혜택이 적용된 결제건이 취소될 경우, 할인, 포인트 적립 등의 횟수 및 한도는 매출취소전표가 접수된 이후에 복원
포인트가 적립된 결제건이 취소될 경우, 해당 포인트는 보유 포인트에서 자동 차감되며, 포인트 부족 시 카드 결제계좌에서 자동 출금"
AAP1846_B0013,AAP1846,주요혜택,생활 편의 영역 할인,서비스안내,슈퍼마켓/생활잡화,3,Offline,할인,5,%,다이소,전월 이용금액 40만원 이상~80만원 미만,400000,800000,,,,,,3000,원,2026-06-08 05:55:07,슈퍼마켓/생활잡화 5% 할인,"[서비스안내]
배달앱/온라인쇼핑몰/헬스&뷰티/생활잡화 5%/7% 결제일할인

[대상점]
생활 편의 업종 내 할인 대상을 확인하실 수 있는 표입니다. 구분 할인 대상 배달앱 배달의민족, 요기요, 쿠팡이츠 온라인쇼핑몰 쿠팡, 네이버플러스 스토어, SSG.COM, 롯데ON, G마켓, 옥션, 11번가, 삼성카드 쇼핑 헬스&뷰티 올리브영 생활잡화 다이소
<table class=""benefit-table""><tr><th>구분</th><th>할인 대상</th></tr><tr><td>배달앱</td><td>배달의민족, 요기요, 쿠팡이츠</td></tr><tr><td>온라인쇼핑몰</td><td>쿠팡, 네이버플러스 스토어, SSG.COM, 롯데ON, G마켓, 옥션, 11번가, 삼성카드 쇼핑</td></tr><tr><td>헬스&뷰티</td><td>올리브영</td></tr><tr><td>생활잡화</td><td>다이소</td></tr></table>

[할인기준]
생활 편의 영역 할인기준(전월 이용금액대별 할인율 및 통합 월 할인한도)을 확인하실 수 있는 표 입니다. 전월 이용금액대별 할인율 및 통합 월 할인한도 전월 이용금액 40만원 이상 80만원 이상 할인율 5% 7% 할인한도 3,000원 6,000원
<table class=""benefit-table""><tr><th colspan=""3"">전월 이용금액대별 할인율 및 통합 월 할인한도</th></tr><tr><th>전월 이용금액</th><th>40만원 이상</th><th>80만원 이상</th></tr><tr><td>할인율</td><td>5%</td><td>7%</td></tr><tr><td>할인한도</td><td>3,000원</td><td>6,000원</td></tr></table>

[이용조건]
발급월+1개월까지는 전월 이용금액 40만원 미만 시에도 40만원 이상~80만원 미만 실적구간 혜택 제공(전월 이용금액 80만원 이상 시에는 해당 실적구간 혜택 제공)

[할인 제외 대상]
무이자할부 이용금액
삼성카드 할인이 적용된 일시불 및 할부 이용금액
기프트/선불카드(포인트, 사이버머니 등 전자지급수단 포함) 구매 및 충전, 상품권 구매건

[유의사항]
배달앱은 공식 홈페이지/앱을 통한 결제건에 한하며, 가맹점 직접 결제건은 제외
헬스&뷰티, 생활잡화는 오프라인 결제건에 한하며, 백화점, 할인점, 쇼핑몰 등의 임대매장은 제외
삼성카드의 다른 결제일할인 혜택과 중복 적용되지 않으며, 할인 혜택이 큰 금액만 적용
할인 혜택은 승인일 기준으로 적용
전월 이용금액 산정은 승인일 기준으로 적용. 다만, 해외 결제건 및 무승인 결제건(예 : 대중교통, 이동통신 등 정기결제건 등)은 매출전표 접수일 기준으로 적용
자체 가맹점번호로 승인 처리되는 일부 결제건(간편결제, 키오스크 등)은 할인 대상에서 제외
전월 이용금액 기준 매월 1일부터 말일까지 이용한 일시불 및 할부 이용금액 (단기카드대출(현금서비스), 장기카드대출(카드론), 각종 수수료 및 이자(할부수수료, 카드대출 이자 등), 연체료, 연회비 납부건은 일시불 및 할부 이용금액에 해당되지 않음)
매월 1일부터 말일까지 이용한 일시불 및 할부 이용금액 (단기카드대출(현금서비스), 장기카드대출(카드론), 각종 수수료 및 이자(할부수수료, 카드대출 이자 등), 연체료, 연회비 납부건은 일시불 및 할부 이용금액에 해당되지 않음)
전월 이용금액 제외 대상 건강보험/국민연금/고용보험/산재보험 및 장애인 고용부담금, 국세/지방세/공과금 납부건 아파트 관리비, 부동산 임대료 납부건 대중교통(후불교통기능/모바일교통기능 결제건), 택시 이용금액 유치원 납입금, 초/중/고등학교 학교납입금, 대학 등록금 납부건 기프트/선불카드(포인트, 사이버머니 등 전자지급수단 포함) 구매 및 충전, 상품권 구매건
건강보험/국민연금/고용보험/산재보험 및 장애인 고용부담금, 국세/지방세/공과금 납부건
아파트 관리비, 부동산 임대료 납부건
대중교통(후불교통기능/모바일교통기능 결제건), 택시 이용금액
유치원 납입금, 초/중/고등학교 학교납입금, 대학 등록금 납부건
삼성카드 가맹점 업종 분류 기준에 의한 등록 가맹점에 한함
삼성카드는 아래 항목을 공과금으로 분류함 전기요금, 사회보험료(건강보험/국민연금/고용보험/산재보험), 우편요금, 도시가스요금, 여권 발급비용, 상하수도요금, 과태료, 범칙금, 벌금, 국가/공공기관/공공단체(지방자치단체, 공공조합, 영조물, 공재단)에서 개설한 가맹점 이용금액
전기요금, 사회보험료(건강보험/국민연금/고용보험/산재보험), 우편요금, 도시가스요금, 여권 발급비용, 상하수도요금, 과태료, 범칙금, 벌금, 국가/공공기관/공공단체(지방자치단체, 공공조합, 영조물, 공재단)에서 개설한 가맹점 이용금액
결제 취소금액은 매출취소전표가 삼성카드에 접수된 달의 이용금액에서 차감 혜택이 적용된 결제건이 취소될 경우, 할인, 포인트 적립 등의 횟수 및 한도는 매출취소전표가 접수된 이후에 복원 포인트가 적립된 결제건이 취소될 경우, 해당 포인트는 보유 포인트에서 자동 차감되며, 포인트 부족 시 카드 결제계좌에서 자동 출금
혜택이 적용된 결제건이 취소될 경우, 할인, 포인트 적립 등의 횟수 및 한도는 매출취소전표가 접수된 이후에 복원
포인트가 적립된 결제건이 취소될 경우, 해당 포인트는 보유 포인트에서 자동 차감되며, 포인트 부족 시 카드 결제계좌에서 자동 출금"
AAP1846_B0014,AAP1846,주요혜택,생활 편의 영역 할인,서비스안내,슈퍼마켓/생활잡화,3,Offline,할인,7,%,다이소,전월 이용금액 80만원 이상,800000,,,,,,,6000,원,2026-06-08 05:55:07,슈퍼마켓/생활잡화 7% 할인,"[서비스안내]
배달앱/온라인쇼핑몰/헬스&뷰티/생활잡화 5%/7% 결제일할인

[대상점]
생활 편의 업종 내 할인 대상을 확인하실 수 있는 표입니다. 구분 할인 대상 배달앱 배달의민족, 요기요, 쿠팡이츠 온라인쇼핑몰 쿠팡, 네이버플러스 스토어, SSG.COM, 롯데ON, G마켓, 옥션, 11번가, 삼성카드 쇼핑 헬스&뷰티 올리브영 생활잡화 다이소
<table class=""benefit-table""><tr><th>구분</th><th>할인 대상</th></tr><tr><td>배달앱</td><td>배달의민족, 요기요, 쿠팡이츠</td></tr><tr><td>온라인쇼핑몰</td><td>쿠팡, 네이버플러스 스토어, SSG.COM, 롯데ON, G마켓, 옥션, 11번가, 삼성카드 쇼핑</td></tr><tr><td>헬스&뷰티</td><td>올리브영</td></tr><tr><td>생활잡화</td><td>다이소</td></tr></table>

[할인기준]
생활 편의 영역 할인기준(전월 이용금액대별 할인율 및 통합 월 할인한도)을 확인하실 수 있는 표 입니다. 전월 이용금액대별 할인율 및 통합 월 할인한도 전월 이용금액 40만원 이상 80만원 이상 할인율 5% 7% 할인한도 3,000원 6,000원
<table class=""benefit-table""><tr><th colspan=""3"">전월 이용금액대별 할인율 및 통합 월 할인한도</th></tr><tr><th>전월 이용금액</th><th>40만원 이상</th><th>80만원 이상</th></tr><tr><td>할인율</td><td>5%</td><td>7%</td></tr><tr><td>할인한도</td><td>3,000원</td><td>6,000원</td></tr></table>

[이용조건]
발급월+1개월까지는 전월 이용금액 40만원 미만 시에도 40만원 이상~80만원 미만 실적구간 혜택 제공(전월 이용금액 80만원 이상 시에는 해당 실적구간 혜택 제공)

[할인 제외 대상]
무이자할부 이용금액
삼성카드 할인이 적용된 일시불 및 할부 이용금액
기프트/선불카드(포인트, 사이버머니 등 전자지급수단 포함) 구매 및 충전, 상품권 구매건

[유의사항]
배달앱은 공식 홈페이지/앱을 통한 결제건에 한하며, 가맹점 직접 결제건은 제외
헬스&뷰티, 생활잡화는 오프라인 결제건에 한하며, 백화점, 할인점, 쇼핑몰 등의 임대매장은 제외
삼성카드의 다른 결제일할인 혜택과 중복 적용되지 않으며, 할인 혜택이 큰 금액만 적용
할인 혜택은 승인일 기준으로 적용
전월 이용금액 산정은 승인일 기준으로 적용. 다만, 해외 결제건 및 무승인 결제건(예 : 대중교통, 이동통신 등 정기결제건 등)은 매출전표 접수일 기준으로 적용
자체 가맹점번호로 승인 처리되는 일부 결제건(간편결제, 키오스크 등)은 할인 대상에서 제외
전월 이용금액 기준 매월 1일부터 말일까지 이용한 일시불 및 할부 이용금액 (단기카드대출(현금서비스), 장기카드대출(카드론), 각종 수수료 및 이자(할부수수료, 카드대출 이자 등), 연체료, 연회비 납부건은 일시불 및 할부 이용금액에 해당되지 않음)
매월 1일부터 말일까지 이용한 일시불 및 할부 이용금액 (단기카드대출(현금서비스), 장기카드대출(카드론), 각종 수수료 및 이자(할부수수료, 카드대출 이자 등), 연체료, 연회비 납부건은 일시불 및 할부 이용금액에 해당되지 않음)
전월 이용금액 제외 대상 건강보험/국민연금/고용보험/산재보험 및 장애인 고용부담금, 국세/지방세/공과금 납부건 아파트 관리비, 부동산 임대료 납부건 대중교통(후불교통기능/모바일교통기능 결제건), 택시 이용금액 유치원 납입금, 초/중/고등학교 학교납입금, 대학 등록금 납부건 기프트/선불카드(포인트, 사이버머니 등 전자지급수단 포함) 구매 및 충전, 상품권 구매건
건강보험/국민연금/고용보험/산재보험 및 장애인 고용부담금, 국세/지방세/공과금 납부건
아파트 관리비, 부동산 임대료 납부건
대중교통(후불교통기능/모바일교통기능 결제건), 택시 이용금액
유치원 납입금, 초/중/고등학교 학교납입금, 대학 등록금 납부건
삼성카드 가맹점 업종 분류 기준에 의한 등록 가맹점에 한함
삼성카드는 아래 항목을 공과금으로 분류함 전기요금, 사회보험료(건강보험/국민연금/고용보험/산재보험), 우편요금, 도시가스요금, 여권 발급비용, 상하수도요금, 과태료, 범칙금, 벌금, 국가/공공기관/공공단체(지방자치단체, 공공조합, 영조물, 공재단)에서 개설한 가맹점 이용금액
전기요금, 사회보험료(건강보험/국민연금/고용보험/산재보험), 우편요금, 도시가스요금, 여권 발급비용, 상하수도요금, 과태료, 범칙금, 벌금, 국가/공공기관/공공단체(지방자치단체, 공공조합, 영조물, 공재단)에서 개설한 가맹점 이용금액
결제 취소금액은 매출취소전표가 삼성카드에 접수된 달의 이용금액에서 차감 혜택이 적용된 결제건이 취소될 경우, 할인, 포인트 적립 등의 횟수 및 한도는 매출취소전표가 접수된 이후에 복원 포인트가 적립된 결제건이 취소될 경우, 해당 포인트는 보유 포인트에서 자동 차감되며, 포인트 부족 시 카드 결제계좌에서 자동 출금
혜택이 적용된 결제건이 취소될 경우, 할인, 포인트 적립 등의 횟수 및 한도는 매출취소전표가 접수된 이후에 복원
포인트가 적립된 결제건이 취소될 경우, 해당 포인트는 보유 포인트에서 자동 차감되며, 포인트 부족 시 카드 결제계좌에서 자동 출금"
AAP1846_B0015,AAP1846,주요혜택,디지털콘텐츠 할인,서비스안내,구독/스트리밍,8,Online,할인,30,%,"넷플릭스, 디즈니+, 웨이브, 유튜브 프리미엄, 티빙, 멜론",40만원 이상~80만원 미만,400000,800000,,,,3000,원,,,2026-06-08 05:55:07,구독/스트리밍 30% 할인,"[서비스안내]
디지털콘텐츠 정기결제 시 30% 결제일할인

[대상점]
<table class=""benefit-table""><tr><th>구분</th><th>할인 대상</th></tr><tr><td>디지털콘텐츠</td><td>넷플릭스/디즈니+/웨이브/유튜브 프리미엄/티빙/멜론</td></tr></table>

[할인기준]
<table class=""benefit-table""><tr><th colspan=""2"">전월 이용금액대별 통합 월 할인한도</th></tr><tr><th>40만원 이상</th><th>80만원 이상</th></tr><tr><td>3,000원</td><td>6,000원</td></tr></table>

[이용조건]
발급월+ 1 개월까지는 전월 이용금액 40 만원 미만 시에도 40 만원 이상~ 80 만원 미만 실적구간 혜택 제공(전월 이용금액 80 만원 이상 시에는 해당 실적구간 혜택 제공)

[할인 제외 대상]
무이자할부 이용금액
삼성카드 할인이 적용된 일시불 및 할부 이용금액
기프트/선불카드(포인트, 사이버머니 등 전자지급수단 포함) 구매 및 충전, 상품권 구매건

[유의사항]
구글플레이, 앱스토어 등을 통한 결제건(인앱 결제) 제외
삼성카드의 다른 결제일할인 혜택과 중복 적용되지 않으며, 할인 혜택이 큰 금액만 적용
할인 혜택은 승인일 기준으로 적용
전월 이용금액 산정은 승인일 기준으로 적용. 다만, 해외 결제건 및 무승인 결제건(예 : 대중교통, 이동통신 등 정기결제건 등)은 매출전표 접수일 기준으로 적용
자체 가맹점번호로 승인 처리되는 일부 결제건(간편결제, 키오스크 등)은 할인 대상에서 제외
전월 이용금액 기준 매월 1일부터 말일까지 이용한 일시불 및 할부 이용금액 (단기카드대출(현금서비스), 장기카드대출(카드론), 각종 수수료 및 이자(할부수수료, 카드대출 이자 등), 연체료, 연회비 납부건은 일시불 및 할부 이용금액에 해당되지 않음)
매월 1일부터 말일까지 이용한 일시불 및 할부 이용금액 (단기카드대출(현금서비스), 장기카드대출(카드론), 각종 수수료 및 이자(할부수수료, 카드대출 이자 등), 연체료, 연회비 납부건은 일시불 및 할부 이용금액에 해당되지 않음)
전월 이용금액 제외 대상 건강보험/국민연금/고용보험/산재보험 및 장애인 고용부담금, 국세/지방세/공과금 납부건 아파트 관리비, 부동산 임대료 납부건 대중교통(후불교통기능/모바일교통기능 결제건), 택시 이용금액 유치원 납입금, 초/중/고등학교 학교납입금, 대학 등록금 납부건 기프트/선불카드(포인트, 사이버머니 등 전자지급수단 포함) 구매 및 충전, 상품권 구매건
건강보험/국민연금/고용보험/산재보험 및 장애인 고용부담금, 국세/지방세/공과금 납부건
아파트 관리비, 부동산 임대료 납부건
대중교통(후불교통기능/모바일교통기능 결제건), 택시 이용금액
유치원 납입금, 초/중/고등학교 학교납입금, 대학 등록금 납부건
삼성카드 가맹점 업종 분류 기준에 의한 등록 가맹점에 한함
삼성카드는 아래 항목을 공과금으로 분류함 전기요금, 사회보험료(건강보험/국민연금/고용보험/산재보험), 우편요금, 도시가스요금, 여권 발급비용, 상하수도요금, 과태료, 범칙금, 벌금, 국가/공공기관/공공단체(지방자치단체, 공공조합, 영조물, 공재단)에서 개설한 가맹점 이용금액
전기요금, 사회보험료(건강보험/국민연금/고용보험/산재보험), 우편요금, 도시가스요금, 여권 발급비용, 상하수도요금, 과태료, 범칙금, 벌금, 국가/공공기관/공공단체(지방자치단체, 공공조합, 영조물, 공재단)에서 개설한 가맹점 이용금액
결제 취소금액은 매출취소전표가 삼성카드에 접수된 달의 이용금액에서 차감 혜택이 적용된 결제건이 취소될 경우, 할인, 포인트 적립 등의 횟수 및 한도는 매출취소전표가 접수된 이후에 복원 포인트가 적립된 결제건이 취소될 경우, 해당 포인트는 보유 포인트에서 자동 차감되며, 포인트 부족 시 카드 결제계좌에서 자동 출금
혜택이 적용된 결제건이 취소될 경우, 할인, 포인트 적립 등의 횟수 및 한도는 매출취소전표가 접수된 이후에 복원
포인트가 적립된 결제건이 취소될 경우, 해당 포인트는 보유 포인트에서 자동 차감되며, 포인트 부족 시 카드 결제계좌에서 자동 출금"
AAP1846_B0016,AAP1846,주요혜택,디지털콘텐츠 할인,서비스안내,구독/스트리밍,8,Online,할인,30,%,"넷플릭스, 디즈니+, 웨이브, 유튜브 프리미엄, 티빙, 멜론",80만원 이상,800000,,,,,6000,원,,,2026-06-08 05:55:07,구독/스트리밍 30% 할인,"[서비스안내]
디지털콘텐츠 정기결제 시 30% 결제일할인

[대상점]
<table class=""benefit-table""><tr><th>구분</th><th>할인 대상</th></tr><tr><td>디지털콘텐츠</td><td>넷플릭스/디즈니+/웨이브/유튜브 프리미엄/티빙/멜론</td></tr></table>

[할인기준]
<table class=""benefit-table""><tr><th colspan=""2"">전월 이용금액대별 통합 월 할인한도</th></tr><tr><th>40만원 이상</th><th>80만원 이상</th></tr><tr><td>3,000원</td><td>6,000원</td></tr></table>

[이용조건]
발급월+ 1 개월까지는 전월 이용금액 40 만원 미만 시에도 40 만원 이상~ 80 만원 미만 실적구간 혜택 제공(전월 이용금액 80 만원 이상 시에는 해당 실적구간 혜택 제공)

[할인 제외 대상]
무이자할부 이용금액
삼성카드 할인이 적용된 일시불 및 할부 이용금액
기프트/선불카드(포인트, 사이버머니 등 전자지급수단 포함) 구매 및 충전, 상품권 구매건

[유의사항]
구글플레이, 앱스토어 등을 통한 결제건(인앱 결제) 제외
삼성카드의 다른 결제일할인 혜택과 중복 적용되지 않으며, 할인 혜택이 큰 금액만 적용
할인 혜택은 승인일 기준으로 적용
전월 이용금액 산정은 승인일 기준으로 적용. 다만, 해외 결제건 및 무승인 결제건(예 : 대중교통, 이동통신 등 정기결제건 등)은 매출전표 접수일 기준으로 적용
자체 가맹점번호로 승인 처리되는 일부 결제건(간편결제, 키오스크 등)은 할인 대상에서 제외
전월 이용금액 기준 매월 1일부터 말일까지 이용한 일시불 및 할부 이용금액 (단기카드대출(현금서비스), 장기카드대출(카드론), 각종 수수료 및 이자(할부수수료, 카드대출 이자 등), 연체료, 연회비 납부건은 일시불 및 할부 이용금액에 해당되지 않음)
매월 1일부터 말일까지 이용한 일시불 및 할부 이용금액 (단기카드대출(현금서비스), 장기카드대출(카드론), 각종 수수료 및 이자(할부수수료, 카드대출 이자 등), 연체료, 연회비 납부건은 일시불 및 할부 이용금액에 해당되지 않음)
전월 이용금액 제외 대상 건강보험/국민연금/고용보험/산재보험 및 장애인 고용부담금, 국세/지방세/공과금 납부건 아파트 관리비, 부동산 임대료 납부건 대중교통(후불교통기능/모바일교통기능 결제건), 택시 이용금액 유치원 납입금, 초/중/고등학교 학교납입금, 대학 등록금 납부건 기프트/선불카드(포인트, 사이버머니 등 전자지급수단 포함) 구매 및 충전, 상품권 구매건
건강보험/국민연금/고용보험/산재보험 및 장애인 고용부담금, 국세/지방세/공과금 납부건
아파트 관리비, 부동산 임대료 납부건
대중교통(후불교통기능/모바일교통기능 결제건), 택시 이용금액
유치원 납입금, 초/중/고등학교 학교납입금, 대학 등록금 납부건
삼성카드 가맹점 업종 분류 기준에 의한 등록 가맹점에 한함
삼성카드는 아래 항목을 공과금으로 분류함 전기요금, 사회보험료(건강보험/국민연금/고용보험/산재보험), 우편요금, 도시가스요금, 여권 발급비용, 상하수도요금, 과태료, 범칙금, 벌금, 국가/공공기관/공공단체(지방자치단체, 공공조합, 영조물, 공재단)에서 개설한 가맹점 이용금액
전기요금, 사회보험료(건강보험/국민연금/고용보험/산재보험), 우편요금, 도시가스요금, 여권 발급비용, 상하수도요금, 과태료, 범칙금, 벌금, 국가/공공기관/공공단체(지방자치단체, 공공조합, 영조물, 공재단)에서 개설한 가맹점 이용금액
결제 취소금액은 매출취소전표가 삼성카드에 접수된 달의 이용금액에서 차감 혜택이 적용된 결제건이 취소될 경우, 할인, 포인트 적립 등의 횟수 및 한도는 매출취소전표가 접수된 이후에 복원 포인트가 적립된 결제건이 취소될 경우, 해당 포인트는 보유 포인트에서 자동 차감되며, 포인트 부족 시 카드 결제계좌에서 자동 출금
혜택이 적용된 결제건이 취소될 경우, 할인, 포인트 적립 등의 횟수 및 한도는 매출취소전표가 접수된 이후에 복원
포인트가 적립된 결제건이 취소될 경우, 해당 포인트는 보유 포인트에서 자동 차감되며, 포인트 부족 시 카드 결제계좌에서 자동 출금"
AAP1846_B0017,AAP1846,주요혜택,해외 할인,서비스안내,해외,19,Online,할인,1,%,"해외 가맹점, 해외 직접구매",,0,,,,,,,,,2026-06-08 05:55:07,해외 1% 할인,"[서비스안내]
전월 이용금액에 관계없이, 할인한도 없이 해외 1% 결제일할인

[대상점]
<table class=""benefit-table""><tr><th>구분</th><th>할인 대상</th></tr><tr><td>해외</td><td>해외 가맹점 및 해외 직접구매 이용건</td></tr></table>

[할인 제외 대상]
무이자할부 이용금액
삼성카드 할인이 적용된 일시불 및 할부 이용금액
기프트/선불카드(포인트, 사이버머니 등 전자지급수단 포함) 구매 및 충전, 상품권 구매건

[유의사항]
해외겸용카드에 한해 제공
해외 이용 시 별도의 수수료 부과. 자세한 내용은 연회비 안내 화면 내 ‘유의사항’에서 확인
삼성카드의 다른 결제일할인 혜택과 중복 적용되지 않으며, 할인 혜택이 큰 금액만 적용
할인 혜택은 승인일 기준으로 적용
전월 이용금액 산정은 승인일 기준으로 적용. 다만, 해외 결제건 및 무승인 결제건(예 : 대중교통, 이동통신 등 정기결제건 등)은 매출전표 접수일 기준으로 적용
자체 가맹점번호로 승인 처리되는 일부 결제건(간편결제, 키오스크 등)은 할인 대상에서 제외
삼성카드 가맹점 업종 분류 기준에 의한 등록 가맹점에 한함
삼성카드는 아래 항목을 공과금으로 분류함 전기요금, 사회보험료(건강보험/국민연금/고용보험/산재보험), 우편요금, 도시가스요금, 여권 발급비용, 상하수도요금, 과태료, 범칙금, 벌금, 국가/공공기관/공공단체(지방자치단체, 공공조합, 영조물, 공재단)에서 개설한 가맹점 이용금액
전기요금, 사회보험료(건강보험/국민연금/고용보험/산재보험), 우편요금, 도시가스요금, 여권 발급비용, 상하수도요금, 과태료, 범칙금, 벌금, 국가/공공기관/공공단체(지방자치단체, 공공조합, 영조물, 공재단)에서 개설한 가맹점 이용금액
결제 취소금액은 매출취소전표가 삼성카드에 접수된 달의 이용금액에서 차감 혜택이 적용된 결제건이 취소될 경우, 할인, 포인트 적립 등의 횟수 및 한도는 매출취소전표가 접수된 이후에 복원 포인트가 적립된 결제건이 취소될 경우, 해당 포인트는 보유 포인트에서 자동 차감되며, 포인트 부족 시 카드 결제계좌에서 자동 출금
혜택이 적용된 결제건이 취소될 경우, 할인, 포인트 적립 등의 횟수 및 한도는 매출취소전표가 접수된 이후에 복원
포인트가 적립된 결제건이 취소될 경우, 해당 포인트는 보유 포인트에서 자동 차감되며, 포인트 부족 시 카드 결제계좌에서 자동 출금"
AAP1846_B0018,AAP1846,주요혜택,기후동행카드 혜택,기후동행카드 혜택,기타,22,,서비스,,,,,,,,,,,,,,2026-06-08 05:55:07,기후동행카드 혜택,"[서비스안내]
기후동행카드는 서울시 기후동행카드 서비스 범위 내에서 무제한으로 대중교통(버스, 지하철), 따릉이 이용이 가능한 정기권 후불교통카드
모바일 교통카드(삼성페이, 모바일 티머니, 모바일 이즐 등) 서비스 이용이 불가하며, 실물 카드 이용 시에만 서울시 기후동행카드 혜택 적용
기후동행카드 서비스 범위는 서울시 홈페이지(seoul.go.kr)에서 확인
<table class=""benefit-table""><tr><th rowspan=""2"">이용방법</th><th>카드등록</th><td>후불 기후동행카드의 정기권 혜택 적용을 위해서는 반드시 카드 이용 전, 기후동행카드를 티머니  홈페이지(pay.tmoney.co.kr)에 등록하셔야 합니다. 카드 미등록 시 정기권 혜택이 적용되지 않으며, 이용요금 전체가 청구됩니다. 재발급(분실, 훼손, 만기 등) 등으로 인해 카드번호가 변경된 경우 재등록이 필요하며, 미등록 시 이용요금 전체가 청구됩니다.</td></tr><tr><th>이용기간 및 청구기준</th><td>이용기간 : 매월 1일부터 말일까지(카드 등록월에는 등록일 ~ 말일) 청구기준 : 월 부담한도 미만 사용 시(실 사용금액 청구) 월 부담한도 이상 사용 시(월 부담한도금액으로 청구) 월 부담한도 및  세부사항은 서울시 기후동행카드 정책에 따라 적용되며, 상세내용은 서울시 홈페이지(seoul.go.kr) 및 티머니 홈페이지(pay.tmoney.co.kr)에서 확인하실 수 있습니다. 거래 수집시점에 따라 일부거래는 익월사용분으로 처리될 수 있습니다.</td></tr></table>
기후동행 삼성카드는 서울시 기후동행카드 정책이 적용되므로, 이용 전 반드시 정책을 확인하시기 바랍니다.
후불 기후동행카드 정책 및 상세 이용방법은 서울시 홈페이지(seoul.go.kr) 및 티머니 홈페이지 (pay.tmoney.co.kr)에서 확인이 가능합니다.
문의사항은 서울시 다산콜센터 : 120 / 티머니 고객센터 : 1644-0088로 연락 부탁드립니다"
AAP1653_B0001,AAP1653,주요혜택,다이소멤버십포인트 적립,서비스안내,슈퍼마켓/생활잡화,3,Offline,포인트,0.5,%,다이소,,,,,,,,,,,2026-06-08 05:56:00,슈퍼마켓/생활잡화 0.5% 적립,"[서비스안내]
전월 이용금액에 관계없이, 적립한도 없이 다이소에서 결제 시 0.5% 다이소 멤버십 포인트 적립

[적립 제외 대상]
기프트/선불카드(포인트, 사이버머니 등 전자지급수단 포함) 구매 및 충전, 상품권 구매건

[유의사항]
다이소 멤버십 포인트 자체 적립에 0.5%가 추가 적립됩니다.
오프라인 일반 결제건에 한하며, 백화점, 할인점, 쇼핑몰 내 임대매장은 제외됩니다.
다이소 멤버십 탈회 시 혜택이 제공되지 않습니다.
삼성카드 가맹점 업종 분류 기준에 의한 등록 가맹점에 한합니다.
삼성카드는 아래 항목을 공과금으로 분류하고 있습니다. 전기요금, 사회보험료(건강보험/국민연금/고용보험/산재보험), 우편요금, 도시가스요금, 여권 발급비용, 상하수도요금, 과태료, 범칙금, 벌금, 국가·공공기관·공공단체(지방자치단체, 공공조합, 영조물, 공재단) 에서 개설한 가맹점 이용금액
전기요금, 사회보험료(건강보험/국민연금/고용보험/산재보험), 우편요금, 도시가스요금, 여권 발급비용, 상하수도요금, 과태료, 범칙금, 벌금, 국가·공공기관·공공단체(지방자치단체, 공공조합, 영조물, 공재단) 에서 개설한 가맹점 이용금액
삼성카드는 결제 취소건을 매출취소전표 접수월의 이용금액에서 차감 반영하고 있습니다.
다이소 멤버십 포인트는 다이소의 운영기준에 따르며, 포인트에 대한 자세한 내용은 다이소 홈페이지( www.daiso.co.kr ) 및 고객센터( 1599-2211 )를 통해 확인 바랍니다."
AAP1653_B0002,AAP1653,주요혜택,다이소 할인,할인기준,슈퍼마켓/생활잡화,3,Offline,할인,2000,원,다이소,전월 30만원 이상~60만원 미만,300000,600000,10000,,5,,,,,2026-06-08 05:56:00,슈퍼마켓/생활잡화 2천원 할인,"[서비스안내]
다이소에서 10,000 원 이상 결제 시 2,000 원~ 4,000 원 결제일할인(청구할인)

[할인기준]
<table class=""benefit-table""><tr><th rowspan=""2"">전월 이용금액</th><th colspan=""2"">할인금액</th></tr><tr><th>건별 10,000 원 이상 결제 시</th><th>건별 20,000 원 이상 결제 시</th></tr><tr><th>30 만원 이상</th><td>2,000 원</td><td>3,000 원</td></tr><tr><th>60 만원 이상</th><td>3,000 원</td><td>4,000 원</td></tr></table>

[이용조건]
전월 이용금액 30 만원 이상 시 제공
발급월+1개월까지는 전월 이용금액 30 만원 미만 시에도 30 만원 이상~ 60 만원 미만 실적구간의 혜택 제공 전월 이용금액 60 만원 이상 시에는 해당 실적구간 서비스 제공
전월 이용금액 60 만원 이상 시에는 해당 실적구간 서비스 제공
일 1회, 월 5회 제공

[할인 제외 대상]
무이자할부, 삼성카드 할인이 적용된 일시불 및 할부 이용금액, 기프트/선불카드 (포인트, 사이버머니 등 전자지급수단 포함) 구매 및 충전, 상품권 구매건

[유의사항]
오프라인 일반 결제건에 한하며, 백화점, 할인점, 쇼핑몰 내 임대매장은 제외됩니다.
삼성카드 가맹점 업종 분류 기준에 의한 등록 가맹점에 한합니다.
삼성카드는 아래 항목을 공과금으로 분류하고 있습니다. 전기요금, 사회보험료(건강보험/국민연금/고용보험/산재보험), 우편요금, 도시가스요금, 여권 발급비용, 상하수도요금, 과태료, 범칙금, 벌금, 국가·공공기관·공공단체(지방자치단체, 공공조합, 영조물, 공재단) 에서 개설한 가맹점 이용금액
전기요금, 사회보험료(건강보험/국민연금/고용보험/산재보험), 우편요금, 도시가스요금, 여권 발급비용, 상하수도요금, 과태료, 범칙금, 벌금, 국가·공공기관·공공단체(지방자치단체, 공공조합, 영조물, 공재단) 에서 개설한 가맹점 이용금액
삼성카드는 결제 취소건을 매출취소전표 접수월의 이용금액에서 차감 반영하고 있습니다.
전월 이용금액이란, 매월 1일부터 말일까지 이용한 일시불 및 할부 이용금액을 의미하며, 단기카드대출(현금서비스), 장기카드대출(카드론), 각종 수수료 및 이자(할부수수료, 카드대출 이자 등), 연체료, 연회비 납부건은 일시불 및 할부 이용금액에 해당되지 않습니다.
전월 이용금액 산정 시, 건강보험/국민연금/고용보험/산재보험 및 장애인 고용부담금, 국세/지방세/공과금, 초·중·고등학교 학교납입금, 대학 등록금, 대중교통, 택시, 아파트 관리비, 부동산 임대료, 기프트/선불카드(포인트, 사이버머니 등 전자지급수단 포함) 구매 및 충전, 상품권 구매건은 제외됩니다.
삼성카드의 다른 결제일할인(청구할인) 혜택과 중복 적용되지 않으며, 할인 혜택이 큰 금액만 적용됩니다.
할인 혜택 및 전월 이용금액 산정은 승인 시점 기준으로 적용됩니다. 다만, 해외 결제건 및 무승인 결제건(예 : 대중교통, 이동통신 등 자동납부 결제건 등)의 경우 매출전표 접수 시점 기준으로 적용됩니다."
AAP1653_B0003,AAP1653,주요혜택,다이소 할인,할인기준,슈퍼마켓/생활잡화,3,Offline,할인,3000,원,다이소,전월 60만원 이상,600000,,10000,,5,,,,,2026-06-08 05:56:00,슈퍼마켓/생활잡화 3천원 할인,"[서비스안내]
다이소에서 10,000 원 이상 결제 시 2,000 원~ 4,000 원 결제일할인(청구할인)

[할인기준]
<table class=""benefit-table""><tr><th rowspan=""2"">전월 이용금액</th><th colspan=""2"">할인금액</th></tr><tr><th>건별 10,000 원 이상 결제 시</th><th>건별 20,000 원 이상 결제 시</th></tr><tr><th>30 만원 이상</th><td>2,000 원</td><td>3,000 원</td></tr><tr><th>60 만원 이상</th><td>3,000 원</td><td>4,000 원</td></tr></table>

[이용조건]
전월 이용금액 30 만원 이상 시 제공
발급월+1개월까지는 전월 이용금액 30 만원 미만 시에도 30 만원 이상~ 60 만원 미만 실적구간의 혜택 제공 전월 이용금액 60 만원 이상 시에는 해당 실적구간 서비스 제공
전월 이용금액 60 만원 이상 시에는 해당 실적구간 서비스 제공
일 1회, 월 5회 제공

[할인 제외 대상]
무이자할부, 삼성카드 할인이 적용된 일시불 및 할부 이용금액, 기프트/선불카드 (포인트, 사이버머니 등 전자지급수단 포함) 구매 및 충전, 상품권 구매건

[유의사항]
오프라인 일반 결제건에 한하며, 백화점, 할인점, 쇼핑몰 내 임대매장은 제외됩니다.
삼성카드 가맹점 업종 분류 기준에 의한 등록 가맹점에 한합니다.
삼성카드는 아래 항목을 공과금으로 분류하고 있습니다. 전기요금, 사회보험료(건강보험/국민연금/고용보험/산재보험), 우편요금, 도시가스요금, 여권 발급비용, 상하수도요금, 과태료, 범칙금, 벌금, 국가·공공기관·공공단체(지방자치단체, 공공조합, 영조물, 공재단) 에서 개설한 가맹점 이용금액
전기요금, 사회보험료(건강보험/국민연금/고용보험/산재보험), 우편요금, 도시가스요금, 여권 발급비용, 상하수도요금, 과태료, 범칙금, 벌금, 국가·공공기관·공공단체(지방자치단체, 공공조합, 영조물, 공재단) 에서 개설한 가맹점 이용금액
삼성카드는 결제 취소건을 매출취소전표 접수월의 이용금액에서 차감 반영하고 있습니다.
전월 이용금액이란, 매월 1일부터 말일까지 이용한 일시불 및 할부 이용금액을 의미하며, 단기카드대출(현금서비스), 장기카드대출(카드론), 각종 수수료 및 이자(할부수수료, 카드대출 이자 등), 연체료, 연회비 납부건은 일시불 및 할부 이용금액에 해당되지 않습니다.
전월 이용금액 산정 시, 건강보험/국민연금/고용보험/산재보험 및 장애인 고용부담금, 국세/지방세/공과금, 초·중·고등학교 학교납입금, 대학 등록금, 대중교통, 택시, 아파트 관리비, 부동산 임대료, 기프트/선불카드(포인트, 사이버머니 등 전자지급수단 포함) 구매 및 충전, 상품권 구매건은 제외됩니다.
삼성카드의 다른 결제일할인(청구할인) 혜택과 중복 적용되지 않으며, 할인 혜택이 큰 금액만 적용됩니다.
할인 혜택 및 전월 이용금액 산정은 승인 시점 기준으로 적용됩니다. 다만, 해외 결제건 및 무승인 결제건(예 : 대중교통, 이동통신 등 자동납부 결제건 등)의 경우 매출전표 접수 시점 기준으로 적용됩니다."
AAP1653_B0004,AAP1653,주요혜택,다이소 할인,할인기준,슈퍼마켓/생활잡화,3,Offline,할인,4000,원,다이소,전월 60만원 이상,600000,,20000,,5,,,,,2026-06-08 05:56:00,슈퍼마켓/생활잡화 4천원 할인,"[서비스안내]
다이소에서 10,000 원 이상 결제 시 2,000 원~ 4,000 원 결제일할인(청구할인)

[할인기준]
<table class=""benefit-table""><tr><th rowspan=""2"">전월 이용금액</th><th colspan=""2"">할인금액</th></tr><tr><th>건별 10,000 원 이상 결제 시</th><th>건별 20,000 원 이상 결제 시</th></tr><tr><th>30 만원 이상</th><td>2,000 원</td><td>3,000 원</td></tr><tr><th>60 만원 이상</th><td>3,000 원</td><td>4,000 원</td></tr></table>

[이용조건]
전월 이용금액 30 만원 이상 시 제공
발급월+1개월까지는 전월 이용금액 30 만원 미만 시에도 30 만원 이상~ 60 만원 미만 실적구간의 혜택 제공 전월 이용금액 60 만원 이상 시에는 해당 실적구간 서비스 제공
전월 이용금액 60 만원 이상 시에는 해당 실적구간 서비스 제공
일 1회, 월 5회 제공

[할인 제외 대상]
무이자할부, 삼성카드 할인이 적용된 일시불 및 할부 이용금액, 기프트/선불카드 (포인트, 사이버머니 등 전자지급수단 포함) 구매 및 충전, 상품권 구매건

[유의사항]
오프라인 일반 결제건에 한하며, 백화점, 할인점, 쇼핑몰 내 임대매장은 제외됩니다.
삼성카드 가맹점 업종 분류 기준에 의한 등록 가맹점에 한합니다.
삼성카드는 아래 항목을 공과금으로 분류하고 있습니다. 전기요금, 사회보험료(건강보험/국민연금/고용보험/산재보험), 우편요금, 도시가스요금, 여권 발급비용, 상하수도요금, 과태료, 범칙금, 벌금, 국가·공공기관·공공단체(지방자치단체, 공공조합, 영조물, 공재단) 에서 개설한 가맹점 이용금액
전기요금, 사회보험료(건강보험/국민연금/고용보험/산재보험), 우편요금, 도시가스요금, 여권 발급비용, 상하수도요금, 과태료, 범칙금, 벌금, 국가·공공기관·공공단체(지방자치단체, 공공조합, 영조물, 공재단) 에서 개설한 가맹점 이용금액
삼성카드는 결제 취소건을 매출취소전표 접수월의 이용금액에서 차감 반영하고 있습니다.
전월 이용금액이란, 매월 1일부터 말일까지 이용한 일시불 및 할부 이용금액을 의미하며, 단기카드대출(현금서비스), 장기카드대출(카드론), 각종 수수료 및 이자(할부수수료, 카드대출 이자 등), 연체료, 연회비 납부건은 일시불 및 할부 이용금액에 해당되지 않습니다.
전월 이용금액 산정 시, 건강보험/국민연금/고용보험/산재보험 및 장애인 고용부담금, 국세/지방세/공과금, 초·중·고등학교 학교납입금, 대학 등록금, 대중교통, 택시, 아파트 관리비, 부동산 임대료, 기프트/선불카드(포인트, 사이버머니 등 전자지급수단 포함) 구매 및 충전, 상품권 구매건은 제외됩니다.
삼성카드의 다른 결제일할인(청구할인) 혜택과 중복 적용되지 않으며, 할인 혜택이 큰 금액만 적용됩니다.
할인 혜택 및 전월 이용금액 산정은 승인 시점 기준으로 적용됩니다. 다만, 해외 결제건 및 무승인 결제건(예 : 대중교통, 이동통신 등 자동납부 결제건 등)의 경우 매출전표 접수 시점 기준으로 적용됩니다."
AAP1653_B0005,AAP1653,주요혜택,커피전문점 할인,서비스안내,카페/베이커리,14,Offline,할인,2000,원,"스타벅스, 이디야커피, 투썸플레이스, 카페베네, 탐앤탐스, 커피빈, 엔제리너스, 할리스커피, 파스쿠찌, 아티제, 폴 바셋",전월 이용금액 30만원 이상,300000,,10000,,5,,,,,2026-06-08 05:56:00,카페/베이커리 2천원 할인,"[서비스안내]
커피전문점에서 10,000 원 이상 결제 시 2,000 원 결제일할인(청구할인)

[대상점]
<table class=""benefit-table""><tr><th>업종</th><th>할인 대상점</th></tr><tr><td>커피전문점</td><td>스타벅스, 이디야커피, 투썸플레이스, 카페베네, 탐앤탐스, 커피빈, 엔제리너스, 할리스커피, 파스쿠찌, 아티제, 폴 바셋</td></tr></table>

[이용조건]
전월 이용금액 30 만원 이상 시 제공
발급월+1개월까지는 전월 이용금액 30 만원 미만 시에도 혜택 제공
통합 일 1회, 월 5회 제공

[할인 제외 대상]
무이자할부, 삼성카드 할인이 적용된 일시불 및 할부 이용금액, 기프트/선불카드 (포인트, 사이버머니 등 전자지급수단 포함) 구매 및 충전, 상품권 구매건

[유의사항]
오프라인 일반 결제건에 한하며, 백화점, 할인점, 쇼핑몰 내 임대매장은 제외됩니다.
스타벅스의 경우, 사이렌오더 결제건도 혜택이 제공됩니다.
삼성카드 가맹점 업종 분류 기준에 의한 등록 가맹점에 한합니다.
삼성카드는 아래 항목을 공과금으로 분류하고 있습니다. 전기요금, 사회보험료(건강보험/국민연금/고용보험/산재보험), 우편요금, 도시가스요금, 여권 발급비용, 상하수도요금, 과태료, 범칙금, 벌금, 국가·공공기관·공공단체(지방자치단체, 공공조합, 영조물, 공재단) 에서 개설한 가맹점 이용금액
전기요금, 사회보험료(건강보험/국민연금/고용보험/산재보험), 우편요금, 도시가스요금, 여권 발급비용, 상하수도요금, 과태료, 범칙금, 벌금, 국가·공공기관·공공단체(지방자치단체, 공공조합, 영조물, 공재단) 에서 개설한 가맹점 이용금액
삼성카드는 결제 취소건을 매출취소전표 접수월의 이용금액에서 차감 반영하고 있습니다.
전월 이용금액이란, 매월 1일부터 말일까지 이용한 일시불 및 할부 이용금액을 의미하며, 단기카드대출(현금서비스), 장기카드대출(카드론), 각종 수수료 및 이자(할부수수료, 카드대출 이자 등), 연체료, 연회비 납부건은 일시불 및 할부 이용금액에 해당되지 않습니다.
전월 이용금액 산정 시, 건강보험/국민연금/고용보험/산재보험 및 장애인 고용부담금, 국세/지방세/공과금, 초·중·고등학교 학교납입금, 대학 등록금, 대중교통, 택시, 아파트 관리비, 부동산 임대료, 기프트/선불카드(포인트, 사이버머니 등 전자지급수단 포함) 구매 및 충전, 상품권 구매건은 제외됩니다.
삼성카드의 다른 결제일할인(청구할인) 혜택과 중복 적용되지 않으며, 할인 혜택이 큰 금액만 적용됩니다.
할인 혜택 및 전월 이용금액 산정은 승인 시점 기준으로 적용됩니다. 다만, 해외 결제건 및 무승인 결제건(예 : 대중교통, 이동통신 등 자동납부 결제건 등)의 경우 매출전표 접수 시점 기준으로 적용됩니다."
AAP1653_B0006,AAP1653,주요혜택,배달앱 할인,서비스안내,배달,15,Online,할인,2000,원,"배달의민족, 요기요, 쿠팡이츠",전월 30만원 이상,300000,,20000,,5,,,,,2026-06-08 05:56:00,배달 2천원 할인,"[서비스안내]
배달앱에서 20,000 원 이상 결제 시 2,000 원 결제일할인(청구할인)

[대상점]
<table class=""benefit-table""><tr><th>업종</th><th>할인 대상점</th></tr><tr><td>배달앱</td><td>배달의민족, 요기요, 쿠팡이츠</td></tr></table>

[이용조건]
전월 이용금액 30 만원 이상 시 제공
발급월+1개월까지는 전월 이용금액 30 만원 미만 시에도 혜택 제공
통합 일 1회, 월 5회 제공

[할인 제외 대상]
무이자할부, 삼성카드 할인이 적용된 일시불 및 할부 이용금액, 기프트/선불카드 (포인트, 사이버머니 등 전자지급수단 포함) 구매 및 충전, 상품권 구매건

[유의사항]
공식 홈페이지·앱을 통한 결제건에 한하며, 가맹점 직접 결제건은 제외됩니다.
삼성카드 가맹점 업종 분류 기준에 의한 등록 가맹점에 한합니다.
삼성카드는 아래 항목을 공과금으로 분류하고 있습니다. 전기요금, 사회보험료(건강보험/국민연금/고용보험/산재보험), 우편요금, 도시가스요금, 여권 발급비용, 상하수도요금, 과태료, 범칙금, 벌금, 국가·공공기관·공공단체(지방자치단체, 공공조합, 영조물, 공재단) 에서 개설한 가맹점 이용금액
전기요금, 사회보험료(건강보험/국민연금/고용보험/산재보험), 우편요금, 도시가스요금, 여권 발급비용, 상하수도요금, 과태료, 범칙금, 벌금, 국가·공공기관·공공단체(지방자치단체, 공공조합, 영조물, 공재단) 에서 개설한 가맹점 이용금액
삼성카드는 결제 취소건을 매출취소전표 접수월의 이용금액에서 차감 반영하고 있습니다.
전월 이용금액이란, 매월 1일부터 말일까지 이용한 일시불 및 할부 이용금액을 의미하며, 단기카드대출(현금서비스), 장기카드대출(카드론), 각종 수수료 및 이자(할부수수료, 카드대출 이자 등), 연체료, 연회비 납부건은 일시불 및 할부 이용금액에 해당되지 않습니다.
전월 이용금액 산정 시, 건강보험/국민연금/고용보험/산재보험 및 장애인 고용부담금, 국세/지방세/공과금, 초·중·고등학교 학교납입금, 대학 등록금, 대중교통, 택시, 아파트 관리비, 부동산 임대료, 기프트/선불카드(포인트, 사이버머니 등 전자지급수단 포함) 구매 및 충전, 상품권 구매건은 제외됩니다.
삼성카드의 다른 결제일할인(청구할인) 혜택과 중복 적용되지 않으며, 할인 혜택이 큰 금액만 적용됩니다.
할인 혜택 및 전월 이용금액 산정은 승인 시점 기준으로 적용됩니다. 다만, 해외 결제건 및 무승인 결제건(예 : 대중교통, 이동통신 등 자동납부 결제건 등)의 경우 매출전표 접수 시점 기준으로 적용됩니다."
AAP1653_B0007,AAP1653,주요혜택,다이소 할인,서비스안내,슈퍼마켓/생활잡화,3,Online,할인,1,%,다이소몰,,,,,,,,,,,2026-06-08 05:56:00,슈퍼마켓/생활잡화 1% 할인,"[서비스안내]
전월 이용금액에 관계없이, 할인한도 없이 다이소몰 1% 결제일할인(청구할인)

[할인 제외 대상]
무이자할부, 삼성카드 할인이 적용된 일시불 및 할부 이용금액, 기프트/선불카드 (포인트, 사이버머니 등 전자지급수단 포함) 구매 및 충전, 상품권 구매건

[유의사항]
공식 홈페이지( daisomall.co.kr )·앱을 통한 결제건에 한하며, 간편결제를 통한 결제건은 제외됩니다.
삼성카드 가맹점 업종 분류 기준에 의한 등록 가맹점에 한합니다.
삼성카드는 아래 항목을 공과금으로 분류하고 있습니다. 전기요금, 사회보험료(건강보험/국민연금/고용보험/산재보험), 우편요금, 도시가스요금, 여권 발급비용, 상하수도요금, 과태료, 범칙금, 벌금, 국가·공공기관·공공단체(지방자치단체, 공공조합, 영조물, 공재단)에서 개설한 가맹점 이용금액
전기요금, 사회보험료(건강보험/국민연금/고용보험/산재보험), 우편요금, 도시가스요금, 여권 발급비용, 상하수도요금, 과태료, 범칙금, 벌금, 국가·공공기관·공공단체(지방자치단체, 공공조합, 영조물, 공재단)에서 개설한 가맹점 이용금액
삼성카드는 결제 취소건을 매출취소전표 접수월의 이용금액에서 차감 반영하고 있습니다.
삼성카드의 다른 결제일할인(청구할인) 혜택과 중복 적용되지 않으며, 할인 혜택이 큰 금액만 적용됩니다.
할인 혜택 및 전월 이용금액 산정은 승인 시점 기준으로 적용됩니다. 다만, 해외 결제건 및 무승인 결제건(예 : 대중교통, 이동통신 등 자동납부 결제건 등)의 경우 매출전표 접수 시점 기준으로 적용됩니다."
AAP1653_B0008,AAP1653,주요혜택,할인점·온라인쇼핑몰·편의점·의료 할인,서비스안내,슈퍼마켓/생활잡화,3,Offline,할인,1,%,"이마트, 이마트 트레이더스, 롯데마트, 홈플러스",,0,,,,,,,,,2026-06-08 05:56:00,슈퍼마켓/생활잡화 1% 할인,"[서비스안내]
전월 이용금액에 관계없이, 할인한도 없이 할인점·온라인쇼핑몰·편의점·의료 1% 결제일할인(청구할인)

[대상점]
<table class=""benefit-table""><tr><th>업종</th><th>할인 대상점</th></tr><tr><td>할인점</td><td>이마트, 이마트 트레이더스, 롯데마트, 홈플러스</td></tr><tr><td>온라인쇼핑몰</td><td>삼성카드 쇼핑, G마켓, 옥션, 11 번가, 인터파크, 쿠팡, 티몬, 위메프</td></tr><tr><td>편의점</td><td>CU , GS25 , 세븐일레븐, 미니스톱, 이마트24</td></tr><tr><td>의료</td><td>병·의원, 약국, 동물병원</td></tr></table>

[할인 제외 대상]
무이자할부, 삼성카드 할인이 적용된 일시불 및 할부 이용금액, 기프트/선불카드 (포인트, 사이버머니 등 전자지급수단 포함) 구매 및 충전, 상품권 구매건

[유의사항]
할인점의 경우, 오프라인 일반 결제건에 한하며, 기업형 슈퍼마켓(이마트 에브리데이, 롯데슈퍼, 홈플러스 익스프레스 등), 쇼핑 외 결제건(상품권, 주차장 등), 할인점 내 임대매장은 제외됩니다.
편의점의 경우, 오프라인 일반 결제건에 한하며, 백화점, 할인점, 쇼핑몰 내 임대매장은 제외됩니다.
의료의 경우, 오프라인 일반 결제건에 한하며, 요양병원, 보건소는 제외됩니다.
삼성카드 가맹점 업종 분류 기준에 의한 등록 가맹점에 한합니다.
삼성카드는 아래 항목을 공과금으로 분류하고 있습니다. 전기요금, 사회보험료(건강보험/국민연금/고용보험/산재보험), 우편요금, 도시가스요금, 여권 발급비용, 상하수도요금, 과태료, 범칙금, 벌금, 국가·공공기관·공공단체(지방자치단체, 공공조합, 영조물, 공재단) 에서 개설한 가맹점 이용금액
전기요금, 사회보험료(건강보험/국민연금/고용보험/산재보험), 우편요금, 도시가스요금, 여권 발급비용, 상하수도요금, 과태료, 범칙금, 벌금, 국가·공공기관·공공단체(지방자치단체, 공공조합, 영조물, 공재단) 에서 개설한 가맹점 이용금액
삼성카드는 결제 취소건을 매출취소전표 접수월의 이용금액에서 차감 반영하고 있습니다.
삼성카드의 다른 결제일할인(청구할인) 혜택과 중복 적용되지 않으며, 할인 혜택이 큰 금액만 적용됩니다.
할인 혜택 및 전월 이용금액 산정은 승인 시점 기준으로 적용됩니다. 다만, 해외 결제건 및 무승인 결제건(예 : 대중교통, 이동통신 등 자동납부 결제건 등)의 경우 매출전표 접수 시점 기준으로 적용됩니다."
AAP1653_B0009,AAP1653,주요혜택,할인점·온라인쇼핑몰·편의점·의료 할인,서비스안내,온라인쇼핑,1,Online,할인,1,%,"삼성카드 쇼핑, G마켓, 옥션, 11번가, 인터파크, 쿠팡, 티몬, 위메프",,0,,,,,,,,,2026-06-08 05:56:00,온라인쇼핑 1% 할인,"[서비스안내]
전월 이용금액에 관계없이, 할인한도 없이 할인점·온라인쇼핑몰·편의점·의료 1% 결제일할인(청구할인)

[대상점]
<table class=""benefit-table""><tr><th>업종</th><th>할인 대상점</th></tr><tr><td>할인점</td><td>이마트, 이마트 트레이더스, 롯데마트, 홈플러스</td></tr><tr><td>온라인쇼핑몰</td><td>삼성카드 쇼핑, G마켓, 옥션, 11 번가, 인터파크, 쿠팡, 티몬, 위메프</td></tr><tr><td>편의점</td><td>CU , GS25 , 세븐일레븐, 미니스톱, 이마트24</td></tr><tr><td>의료</td><td>병·의원, 약국, 동물병원</td></tr></table>

[할인 제외 대상]
무이자할부, 삼성카드 할인이 적용된 일시불 및 할부 이용금액, 기프트/선불카드 (포인트, 사이버머니 등 전자지급수단 포함) 구매 및 충전, 상품권 구매건

[유의사항]
할인점의 경우, 오프라인 일반 결제건에 한하며, 기업형 슈퍼마켓(이마트 에브리데이, 롯데슈퍼, 홈플러스 익스프레스 등), 쇼핑 외 결제건(상품권, 주차장 등), 할인점 내 임대매장은 제외됩니다.
편의점의 경우, 오프라인 일반 결제건에 한하며, 백화점, 할인점, 쇼핑몰 내 임대매장은 제외됩니다.
의료의 경우, 오프라인 일반 결제건에 한하며, 요양병원, 보건소는 제외됩니다.
삼성카드 가맹점 업종 분류 기준에 의한 등록 가맹점에 한합니다.
삼성카드는 아래 항목을 공과금으로 분류하고 있습니다. 전기요금, 사회보험료(건강보험/국민연금/고용보험/산재보험), 우편요금, 도시가스요금, 여권 발급비용, 상하수도요금, 과태료, 범칙금, 벌금, 국가·공공기관·공공단체(지방자치단체, 공공조합, 영조물, 공재단) 에서 개설한 가맹점 이용금액
전기요금, 사회보험료(건강보험/국민연금/고용보험/산재보험), 우편요금, 도시가스요금, 여권 발급비용, 상하수도요금, 과태료, 범칙금, 벌금, 국가·공공기관·공공단체(지방자치단체, 공공조합, 영조물, 공재단) 에서 개설한 가맹점 이용금액
삼성카드는 결제 취소건을 매출취소전표 접수월의 이용금액에서 차감 반영하고 있습니다.
삼성카드의 다른 결제일할인(청구할인) 혜택과 중복 적용되지 않으며, 할인 혜택이 큰 금액만 적용됩니다.
할인 혜택 및 전월 이용금액 산정은 승인 시점 기준으로 적용됩니다. 다만, 해외 결제건 및 무승인 결제건(예 : 대중교통, 이동통신 등 자동납부 결제건 등)의 경우 매출전표 접수 시점 기준으로 적용됩니다."
AAP1653_B0010,AAP1653,주요혜택,할인점·온라인쇼핑몰·편의점·의료 할인,서비스안내,편의점,13,Offline,할인,1,%,"CU, GS25, 세븐일레븐, 미니스톱, 이마트24",,0,,,,,,,,,2026-06-08 05:56:00,편의점 1% 할인,"[서비스안내]
전월 이용금액에 관계없이, 할인한도 없이 할인점·온라인쇼핑몰·편의점·의료 1% 결제일할인(청구할인)

[대상점]
<table class=""benefit-table""><tr><th>업종</th><th>할인 대상점</th></tr><tr><td>할인점</td><td>이마트, 이마트 트레이더스, 롯데마트, 홈플러스</td></tr><tr><td>온라인쇼핑몰</td><td>삼성카드 쇼핑, G마켓, 옥션, 11 번가, 인터파크, 쿠팡, 티몬, 위메프</td></tr><tr><td>편의점</td><td>CU , GS25 , 세븐일레븐, 미니스톱, 이마트24</td></tr><tr><td>의료</td><td>병·의원, 약국, 동물병원</td></tr></table>

[할인 제외 대상]
무이자할부, 삼성카드 할인이 적용된 일시불 및 할부 이용금액, 기프트/선불카드 (포인트, 사이버머니 등 전자지급수단 포함) 구매 및 충전, 상품권 구매건

[유의사항]
할인점의 경우, 오프라인 일반 결제건에 한하며, 기업형 슈퍼마켓(이마트 에브리데이, 롯데슈퍼, 홈플러스 익스프레스 등), 쇼핑 외 결제건(상품권, 주차장 등), 할인점 내 임대매장은 제외됩니다.
편의점의 경우, 오프라인 일반 결제건에 한하며, 백화점, 할인점, 쇼핑몰 내 임대매장은 제외됩니다.
의료의 경우, 오프라인 일반 결제건에 한하며, 요양병원, 보건소는 제외됩니다.
삼성카드 가맹점 업종 분류 기준에 의한 등록 가맹점에 한합니다.
삼성카드는 아래 항목을 공과금으로 분류하고 있습니다. 전기요금, 사회보험료(건강보험/국민연금/고용보험/산재보험), 우편요금, 도시가스요금, 여권 발급비용, 상하수도요금, 과태료, 범칙금, 벌금, 국가·공공기관·공공단체(지방자치단체, 공공조합, 영조물, 공재단) 에서 개설한 가맹점 이용금액
전기요금, 사회보험료(건강보험/국민연금/고용보험/산재보험), 우편요금, 도시가스요금, 여권 발급비용, 상하수도요금, 과태료, 범칙금, 벌금, 국가·공공기관·공공단체(지방자치단체, 공공조합, 영조물, 공재단) 에서 개설한 가맹점 이용금액
삼성카드는 결제 취소건을 매출취소전표 접수월의 이용금액에서 차감 반영하고 있습니다.
삼성카드의 다른 결제일할인(청구할인) 혜택과 중복 적용되지 않으며, 할인 혜택이 큰 금액만 적용됩니다.
할인 혜택 및 전월 이용금액 산정은 승인 시점 기준으로 적용됩니다. 다만, 해외 결제건 및 무승인 결제건(예 : 대중교통, 이동통신 등 자동납부 결제건 등)의 경우 매출전표 접수 시점 기준으로 적용됩니다."
AAP1653_B0011,AAP1653,주요혜택,할인점·온라인쇼핑몰·편의점·의료 할인,서비스안내,의료,21,Offline,할인,1,%,"병·의원, 약국, 동물병원",,0,,,,,,,,,2026-06-08 05:56:00,의료 1% 할인,"[서비스안내]
전월 이용금액에 관계없이, 할인한도 없이 할인점·온라인쇼핑몰·편의점·의료 1% 결제일할인(청구할인)

[대상점]
<table class=""benefit-table""><tr><th>업종</th><th>할인 대상점</th></tr><tr><td>할인점</td><td>이마트, 이마트 트레이더스, 롯데마트, 홈플러스</td></tr><tr><td>온라인쇼핑몰</td><td>삼성카드 쇼핑, G마켓, 옥션, 11 번가, 인터파크, 쿠팡, 티몬, 위메프</td></tr><tr><td>편의점</td><td>CU , GS25 , 세븐일레븐, 미니스톱, 이마트24</td></tr><tr><td>의료</td><td>병·의원, 약국, 동물병원</td></tr></table>

[할인 제외 대상]
무이자할부, 삼성카드 할인이 적용된 일시불 및 할부 이용금액, 기프트/선불카드 (포인트, 사이버머니 등 전자지급수단 포함) 구매 및 충전, 상품권 구매건

[유의사항]
할인점의 경우, 오프라인 일반 결제건에 한하며, 기업형 슈퍼마켓(이마트 에브리데이, 롯데슈퍼, 홈플러스 익스프레스 등), 쇼핑 외 결제건(상품권, 주차장 등), 할인점 내 임대매장은 제외됩니다.
편의점의 경우, 오프라인 일반 결제건에 한하며, 백화점, 할인점, 쇼핑몰 내 임대매장은 제외됩니다.
의료의 경우, 오프라인 일반 결제건에 한하며, 요양병원, 보건소는 제외됩니다.
삼성카드 가맹점 업종 분류 기준에 의한 등록 가맹점에 한합니다.
삼성카드는 아래 항목을 공과금으로 분류하고 있습니다. 전기요금, 사회보험료(건강보험/국민연금/고용보험/산재보험), 우편요금, 도시가스요금, 여권 발급비용, 상하수도요금, 과태료, 범칙금, 벌금, 국가·공공기관·공공단체(지방자치단체, 공공조합, 영조물, 공재단) 에서 개설한 가맹점 이용금액
전기요금, 사회보험료(건강보험/국민연금/고용보험/산재보험), 우편요금, 도시가스요금, 여권 발급비용, 상하수도요금, 과태료, 범칙금, 벌금, 국가·공공기관·공공단체(지방자치단체, 공공조합, 영조물, 공재단) 에서 개설한 가맹점 이용금액
삼성카드는 결제 취소건을 매출취소전표 접수월의 이용금액에서 차감 반영하고 있습니다.
삼성카드의 다른 결제일할인(청구할인) 혜택과 중복 적용되지 않으며, 할인 혜택이 큰 금액만 적용됩니다.
할인 혜택 및 전월 이용금액 산정은 승인 시점 기준으로 적용됩니다. 다만, 해외 결제건 및 무승인 결제건(예 : 대중교통, 이동통신 등 자동납부 결제건 등)의 경우 매출전표 접수 시점 기준으로 적용됩니다."
AAP1911_B0001,AAP1911,주요혜택,무신사 10%/2% 무신사머니리워드 적립,서비스안내,패션/뷰티,2,Both,포인트,10,%,"무신사, 29CM, 솔드아웃, 무신사 스탠다드, 무신사 엠프티",전월 30만원 이상,300000,,,,,40000,포인트,,,2026-06-08 05:56:39,패션/뷰티 10% 적립,"[서비스안내]
무신사 이용 시 10%/2% 무신사머니리워드 적립

[대상점]
<table class=""benefit-table""><tr><th>구분</th><th>적립 대상</th></tr><tr><td>무신사</td><td>무신사(무신사, 29CM, 솔드아웃, 무신사 스탠다드, 무신사 엠프티) 온오프라인</td></tr></table>

[적립조건]
<table class=""benefit-table""><tr><th colspan=""3"">전월 이용금액대별 적립률 및 통합 월 적립한도</th></tr><tr><th>구분</th><th>30만원 이상</th><th>30만원 미만</th></tr><tr><td>적립률</td><td>10%</td><td>2%</td></tr><tr><td>적립한도</td><td>40,000 P</td><td>20,000 P</td></tr></table>

[이용조건]
발급월+1개월까지는 전월 이용금액 30만원 미만 시에도 30만원 이상 실적구간 혜택 제공

[적립 제외 대상]
무이자할부 이용금액
삼성카드의 다른 행사 혜택이 적용된 일시불 및 할부 이용금액
건강보험/국민연금/고용보험/산재보험 및 장애인 고용부담금, 국세/지방세/공과금 납부건
부동산 임대료 납부건
유치원 납입금, 초/중/고등학교 학교납입금, 대학 등록금 납부건
대중교통(후불교통기능/모바일교통기능 결제건), 택시, 고속버스(차내 단말기 및 고속버스 앱 결제), 고속도로 통행요금 납부건
기프트/선불카드(포인트, 사이버머니 등 전자지급수단 포함) 구매 및 충전, 상품권 구매건
문자알림서비스, 스마트오토서비스 이용금액
삼성카드와 구매캐시백 포인트 제공 계약을 체결한 일부 가맹점 의약품/유류 구매한도 대금결제건

[유의사항]
온라인은 공식 홈페이지/앱을 통한 결제건에 한함
오프라인은 국내 매장에 한하며, 백화점, 할인점, 쇼핑몰 등의 임대매장은 제외
무신사 대상 가맹점 관련 자세한 내용은 ‘무신사 홈페이지’ 또는 ‘무신사 앱’에서 확인
‘국내외 가맹점 1% 무신사머니리워드 적립’ 혜택과 중복 적용 불가
통합 월 적립한도 초과 시 ‘국내외 가맹점 1% 무신사머니리워드 적립’ 혜택 제공 불가
본인카드와 가족카드의 이용실적, 적립한도는 합산하여 산정
적립 혜택은 매출전표 접수 시점 순으로 적용
전월 이용금액 산정은 승인일 기준으로 적용. 다만, 해외 결제건 및 무승인 결제건 (예 : 대중교통, 이동통신 등 정기결제건 등)은 매출전표 접수일 기준으로 적용
가맹점 정보가 해당 업체가 아닌 결제대행업체(PG) 또는 간편결제 전용 가맹점으로 확인되는 경우, '결제대행업체' 또는 '간편결제' 가맹점으로 분류되어 무신사10%/2% 무신사머니리워드 적립 대상에서 제외. (예 : 무신사에서 네이버페이로 결제 시 가맹점명이 '네이버페이'인 경우 무신사 가맹점이 아닌 간편결제 가맹점으로 분류)자세한 내용은 삼성카드 대표전화(1588-8700)로 문의
전월 이용금액 제외 대상 건강보험/국민연금/고용보험/산재보험 및 장애인 고용부담금, 국세/지방세/공과금 납부건 아파트관리비, 부동산 임대료 납부건 유치원 납입금, 초/중/고등학교 학교납입금, 대학 등록금 납부건 기프트/선불카드(포인트, 사이버머니 등 전자지급수단 포함) 구매 및 충전, 상품권 구매건
아파트관리비, 부동산 임대료 납부건

[안내사항]
삼성카드 가맹점 업종 분류 기준에 의한 등록 가맹점에 한함
삼성카드는 아래 항목을 공과금으로 분류함 전기요금, 사회보험료(건강보험/국민연금/고용보험/산재보험), 우편요금, 도시가스요금, 여권 발급비용, 상하수도요금, 과태료, 범칙금, 벌금, 국가/공공기관/공공단체(지방자치단체, 공공조합, 영조물, 공재단)에서 개설한 가맹점 이용금액
전기요금, 사회보험료(건강보험/국민연금/고용보험/산재보험), 우편요금, 도시가스요금, 여권 발급비용, 상하수도요금, 과태료, 범칙금, 벌금, 국가/공공기관/공공단체(지방자치단체, 공공조합, 영조물, 공재단)에서 개설한 가맹점 이용금액
결제 취소금액은 매출취소전표가 삼성카드에 접수된 달의 이용금액에서 차감 혜택이 적용된 결제건이 취소될 경우, 할인/포인트 적립 등의 횟수 및 한도는 매출취소전표가 접수된 이후에 복원 포인트가 적립된 결제건이 취소될 경우, 해당 포인트는 보유포인트에서 자동 차감되며, 포인트 부족 시 카드 결제계좌에서 자동 출금
혜택이 적용된 결제건이 취소될 경우, 할인/포인트 적립 등의 횟수 및 한도는 매출취소전표가 접수된 이후에 복원
포인트가 적립된 결제건이 취소될 경우, 해당 포인트는 보유포인트에서 자동 차감되며, 포인트 부족 시 카드 결제계좌에서 자동 출금
연말정산 시 가족카드(신용) 이용금액은 가족 회원의 '신용카드 등 사용금액'으로 포함되며, 연간 소득금액은 국세청 기준을 따름
가족 회원이 별도로 카드 승인 알림을 받고자 하는 경우, 본인 회원이 삼성카드 대표전화 또는 홈페이지/앱을 통해 신청 가능
가족카드 이용대금명세서는 본인카드 이용대금명세서와 함께 본인 회원에게 발송
가족카드 이용으로 적립된 포인트는 본인 회원의 포인트에 합산되며, 대여 및 양도 대상이 되지 않음
이혼, 사망, 파양 등 가족관계 변동 시 본인 회원이 삼성카드 대표전화 또는 홈페이지/앱을 통해 본인카드 및 가족카드의 정지 또는 해지 가능
가족관계가 변동되었음에도 가족카드를 정지 또는 해지하지 않은 경우, 본인 회원에게 의도하지 않은 카드 이용 및 책임이 발생할 수 있음
본인 회원이 요청할 경우 가족 회원의 동의 없이 가족카드의 한도하향, 정지, 해지 가능
가족카드 연회비는 상품별 연회비 부과 기준을 따르며, 가족카드 발급 매수는 제한 없음

[무신사머니포인트 안내]
무신사머니 포인트란 무신사에서 사용할 수 있는 결제 수단으로, 무신사페이먼츠 서비스 가입 후 무신사머니 서비스 이용을 동의한 경우 적립 및 사용 가능
무신사머니 포인트는 다른 사람에게 양도 및 선물 불가
무신사머니 포인트 사용, 운영 기준 등에 대한 자세한 내용은 무신사페이먼츠 홈페이지(www.musinsapayments.com)에서 확인
무신사머니 포인트는 무신사페이먼츠가 운영/관리하며, 무신사페이먼츠가 지정한 사용처에서 사용 가능 (1 무신사머니 포인트=1원의 가치)

[전월 이용금액 기준]
매월 1일부터 말일까지 이용한 일시불 및 할부 이용금액(단기카드대출(현금서비스), 장기카드대출(카드론), 각종 수수료 및 이자 (할부 수수료, 카드대출 이자 등), 연체료, 연회비 납부건은 일시불 및 할부 이용금액에 해당되지않음)

[무신사머니리워드 안내]
무신사머니리워드는 무신사 삼성카드 이용 시 적립되는 포인트
무신사머니리워드는 ‘무신사머니 포인트’로 자동 전환 후 무신사 홈페이지 또는 앱에서 조회 및 사용 가능
‘무신사머니 포인트’로 전환된 무신사머니리워드는 전환 취소 불가 (1 무신사머니리워드=1 무신사머니 포인트의 가치)
매월 1일부터 말일까지의 매출전표 접수건에 대해 적립된 무신사머니리워드는 다음달 15일까지 접수된 매출전표 취소건을 반영하여 다음달 20일에 ‘무신사머니 포인트’로 자동 전환되며, 아래의 경우 해당월 전환 불가 무신사 회원이 아닌 경우 무신사 회원 자격을 상실한 경우 무신사페이먼츠 서비스 이용자가 아닌 경우 적립된 무신사머니리워드가 0 포인트 이하인 경우 무신사머니 포인트 전환 시점에 통신 장애가 발생한 경우
무신사 회원이 아닌 경우
무신사 회원 자격을 상실한 경우
무신사페이먼츠 서비스 이용자가 아닌 경우
적립된 무신사머니리워드가 0 포인트 이하인 경우
무신사머니 포인트 전환 시점에 통신 장애가 발생한 경우
무신사머니 포인트로 전환되지 않은 무신사머니리워드는 전환 조건 충족 시 다음달 20일에 전환
삼성카드의 다른 포인트와 합산하여 사용 불가
무신사머니리워드의 유효기간은 5년으로, 유효기간 만료 시 월 단위로 자동 소멸
‘무신사머니 포인트’로 전환된 이후, 해당 결제건 취소 시 자세한 내용은 ‘안내사항’에서 확인
무신사머니리워드 적립에 대한 자세한 내용은 ‘삼성카드 홈페이지(PC) 또는 앱’에서 확인"
AAP1911_B0002,AAP1911,주요혜택,무신사 10%/2% 무신사머니리워드 적립,서비스안내,패션/뷰티,2,Both,포인트,2,%,"무신사, 29CM, 솔드아웃, 무신사 스탠다드, 무신사 엠프티",전월 30만원 미만,0,300000,,,,20000,포인트,,,2026-06-08 05:56:39,패션/뷰티 2% 적립,"[서비스안내]
무신사 이용 시 10%/2% 무신사머니리워드 적립

[대상점]
<table class=""benefit-table""><tr><th>구분</th><th>적립 대상</th></tr><tr><td>무신사</td><td>무신사(무신사, 29CM, 솔드아웃, 무신사 스탠다드, 무신사 엠프티) 온오프라인</td></tr></table>

[적립조건]
<table class=""benefit-table""><tr><th colspan=""3"">전월 이용금액대별 적립률 및 통합 월 적립한도</th></tr><tr><th>구분</th><th>30만원 이상</th><th>30만원 미만</th></tr><tr><td>적립률</td><td>10%</td><td>2%</td></tr><tr><td>적립한도</td><td>40,000 P</td><td>20,000 P</td></tr></table>

[이용조건]
발급월+1개월까지는 전월 이용금액 30만원 미만 시에도 30만원 이상 실적구간 혜택 제공

[적립 제외 대상]
무이자할부 이용금액
삼성카드의 다른 행사 혜택이 적용된 일시불 및 할부 이용금액
건강보험/국민연금/고용보험/산재보험 및 장애인 고용부담금, 국세/지방세/공과금 납부건
부동산 임대료 납부건
유치원 납입금, 초/중/고등학교 학교납입금, 대학 등록금 납부건
대중교통(후불교통기능/모바일교통기능 결제건), 택시, 고속버스(차내 단말기 및 고속버스 앱 결제), 고속도로 통행요금 납부건
기프트/선불카드(포인트, 사이버머니 등 전자지급수단 포함) 구매 및 충전, 상품권 구매건
문자알림서비스, 스마트오토서비스 이용금액
삼성카드와 구매캐시백 포인트 제공 계약을 체결한 일부 가맹점 의약품/유류 구매한도 대금결제건

[유의사항]
온라인은 공식 홈페이지/앱을 통한 결제건에 한함
오프라인은 국내 매장에 한하며, 백화점, 할인점, 쇼핑몰 등의 임대매장은 제외
무신사 대상 가맹점 관련 자세한 내용은 ‘무신사 홈페이지’ 또는 ‘무신사 앱’에서 확인
‘국내외 가맹점 1% 무신사머니리워드 적립’ 혜택과 중복 적용 불가
통합 월 적립한도 초과 시 ‘국내외 가맹점 1% 무신사머니리워드 적립’ 혜택 제공 불가
본인카드와 가족카드의 이용실적, 적립한도는 합산하여 산정
적립 혜택은 매출전표 접수 시점 순으로 적용
전월 이용금액 산정은 승인일 기준으로 적용. 다만, 해외 결제건 및 무승인 결제건 (예 : 대중교통, 이동통신 등 정기결제건 등)은 매출전표 접수일 기준으로 적용
가맹점 정보가 해당 업체가 아닌 결제대행업체(PG) 또는 간편결제 전용 가맹점으로 확인되는 경우, '결제대행업체' 또는 '간편결제' 가맹점으로 분류되어 무신사10%/2% 무신사머니리워드 적립 대상에서 제외. (예 : 무신사에서 네이버페이로 결제 시 가맹점명이 '네이버페이'인 경우 무신사 가맹점이 아닌 간편결제 가맹점으로 분류)자세한 내용은 삼성카드 대표전화(1588-8700)로 문의
전월 이용금액 제외 대상 건강보험/국민연금/고용보험/산재보험 및 장애인 고용부담금, 국세/지방세/공과금 납부건 아파트관리비, 부동산 임대료 납부건 유치원 납입금, 초/중/고등학교 학교납입금, 대학 등록금 납부건 기프트/선불카드(포인트, 사이버머니 등 전자지급수단 포함) 구매 및 충전, 상품권 구매건
아파트관리비, 부동산 임대료 납부건

[안내사항]
삼성카드 가맹점 업종 분류 기준에 의한 등록 가맹점에 한함
삼성카드는 아래 항목을 공과금으로 분류함 전기요금, 사회보험료(건강보험/국민연금/고용보험/산재보험), 우편요금, 도시가스요금, 여권 발급비용, 상하수도요금, 과태료, 범칙금, 벌금, 국가/공공기관/공공단체(지방자치단체, 공공조합, 영조물, 공재단)에서 개설한 가맹점 이용금액
전기요금, 사회보험료(건강보험/국민연금/고용보험/산재보험), 우편요금, 도시가스요금, 여권 발급비용, 상하수도요금, 과태료, 범칙금, 벌금, 국가/공공기관/공공단체(지방자치단체, 공공조합, 영조물, 공재단)에서 개설한 가맹점 이용금액
결제 취소금액은 매출취소전표가 삼성카드에 접수된 달의 이용금액에서 차감 혜택이 적용된 결제건이 취소될 경우, 할인/포인트 적립 등의 횟수 및 한도는 매출취소전표가 접수된 이후에 복원 포인트가 적립된 결제건이 취소될 경우, 해당 포인트는 보유포인트에서 자동 차감되며, 포인트 부족 시 카드 결제계좌에서 자동 출금
혜택이 적용된 결제건이 취소될 경우, 할인/포인트 적립 등의 횟수 및 한도는 매출취소전표가 접수된 이후에 복원
포인트가 적립된 결제건이 취소될 경우, 해당 포인트는 보유포인트에서 자동 차감되며, 포인트 부족 시 카드 결제계좌에서 자동 출금
연말정산 시 가족카드(신용) 이용금액은 가족 회원의 '신용카드 등 사용금액'으로 포함되며, 연간 소득금액은 국세청 기준을 따름
가족 회원이 별도로 카드 승인 알림을 받고자 하는 경우, 본인 회원이 삼성카드 대표전화 또는 홈페이지/앱을 통해 신청 가능
가족카드 이용대금명세서는 본인카드 이용대금명세서와 함께 본인 회원에게 발송
가족카드 이용으로 적립된 포인트는 본인 회원의 포인트에 합산되며, 대여 및 양도 대상이 되지 않음
이혼, 사망, 파양 등 가족관계 변동 시 본인 회원이 삼성카드 대표전화 또는 홈페이지/앱을 통해 본인카드 및 가족카드의 정지 또는 해지 가능
가족관계가 변동되었음에도 가족카드를 정지 또는 해지하지 않은 경우, 본인 회원에게 의도하지 않은 카드 이용 및 책임이 발생할 수 있음
본인 회원이 요청할 경우 가족 회원의 동의 없이 가족카드의 한도하향, 정지, 해지 가능
가족카드 연회비는 상품별 연회비 부과 기준을 따르며, 가족카드 발급 매수는 제한 없음

[무신사머니포인트 안내]
무신사머니 포인트란 무신사에서 사용할 수 있는 결제 수단으로, 무신사페이먼츠 서비스 가입 후 무신사머니 서비스 이용을 동의한 경우 적립 및 사용 가능
무신사머니 포인트는 다른 사람에게 양도 및 선물 불가
무신사머니 포인트 사용, 운영 기준 등에 대한 자세한 내용은 무신사페이먼츠 홈페이지(www.musinsapayments.com)에서 확인
무신사머니 포인트는 무신사페이먼츠가 운영/관리하며, 무신사페이먼츠가 지정한 사용처에서 사용 가능 (1 무신사머니 포인트=1원의 가치)

[전월 이용금액 기준]
매월 1일부터 말일까지 이용한 일시불 및 할부 이용금액(단기카드대출(현금서비스), 장기카드대출(카드론), 각종 수수료 및 이자 (할부 수수료, 카드대출 이자 등), 연체료, 연회비 납부건은 일시불 및 할부 이용금액에 해당되지않음)

[무신사머니리워드 안내]
무신사머니리워드는 무신사 삼성카드 이용 시 적립되는 포인트
무신사머니리워드는 ‘무신사머니 포인트’로 자동 전환 후 무신사 홈페이지 또는 앱에서 조회 및 사용 가능
‘무신사머니 포인트’로 전환된 무신사머니리워드는 전환 취소 불가 (1 무신사머니리워드=1 무신사머니 포인트의 가치)
매월 1일부터 말일까지의 매출전표 접수건에 대해 적립된 무신사머니리워드는 다음달 15일까지 접수된 매출전표 취소건을 반영하여 다음달 20일에 ‘무신사머니 포인트’로 자동 전환되며, 아래의 경우 해당월 전환 불가 무신사 회원이 아닌 경우 무신사 회원 자격을 상실한 경우 무신사페이먼츠 서비스 이용자가 아닌 경우 적립된 무신사머니리워드가 0 포인트 이하인 경우 무신사머니 포인트 전환 시점에 통신 장애가 발생한 경우
무신사 회원이 아닌 경우
무신사 회원 자격을 상실한 경우
무신사페이먼츠 서비스 이용자가 아닌 경우
적립된 무신사머니리워드가 0 포인트 이하인 경우
무신사머니 포인트 전환 시점에 통신 장애가 발생한 경우
무신사머니 포인트로 전환되지 않은 무신사머니리워드는 전환 조건 충족 시 다음달 20일에 전환
삼성카드의 다른 포인트와 합산하여 사용 불가
무신사머니리워드의 유효기간은 5년으로, 유효기간 만료 시 월 단위로 자동 소멸
‘무신사머니 포인트’로 전환된 이후, 해당 결제건 취소 시 자세한 내용은 ‘안내사항’에서 확인
무신사머니리워드 적립에 대한 자세한 내용은 ‘삼성카드 홈페이지(PC) 또는 앱’에서 확인"
AAP1911_B0003,AAP1911,주요혜택,국내외 가맹점 1% 무신사머니리워드 적립,서비스안내,기타,22,Both,포인트,1,%,국내외 가맹점,,,,,,,,,,,2026-06-08 05:56:39,기타 1% 적립,"[서비스안내]
무신사 이용 시 10%/2% 무신사머니리워드 적립

[대상점]
<table class=""benefit-table""><tr><th>구분</th><th>적립 대상</th></tr><tr><td>무신사</td><td>무신사(무신사, 29CM, 솔드아웃, 무신사 스탠다드, 무신사 엠프티) 온오프라인</td></tr></table>

[적립조건]
<table class=""benefit-table""><tr><th colspan=""3"">전월 이용금액대별 적립률 및 통합 월 적립한도</th></tr><tr><th>구분</th><th>30만원 이상</th><th>30만원 미만</th></tr><tr><td>적립률</td><td>10%</td><td>2%</td></tr><tr><td>적립한도</td><td>40,000 P</td><td>20,000 P</td></tr></table>

[이용조건]
발급월+1개월까지는 전월 이용금액 30만원 미만 시에도 30만원 이상 실적구간 혜택 제공

[적립 제외 대상]
무이자할부 이용금액
삼성카드의 다른 행사 혜택이 적용된 일시불 및 할부 이용금액
건강보험/국민연금/고용보험/산재보험 및 장애인 고용부담금, 국세/지방세/공과금 납부건
부동산 임대료 납부건
유치원 납입금, 초/중/고등학교 학교납입금, 대학 등록금 납부건
대중교통(후불교통기능/모바일교통기능 결제건), 택시, 고속버스(차내 단말기 및 고속버스 앱 결제), 고속도로 통행요금 납부건
기프트/선불카드(포인트, 사이버머니 등 전자지급수단 포함) 구매 및 충전, 상품권 구매건
문자알림서비스, 스마트오토서비스 이용금액
삼성카드와 구매캐시백 포인트 제공 계약을 체결한 일부 가맹점 의약품/유류 구매한도 대금결제건

[유의사항]
온라인은 공식 홈페이지/앱을 통한 결제건에 한함
오프라인은 국내 매장에 한하며, 백화점, 할인점, 쇼핑몰 등의 임대매장은 제외
무신사 대상 가맹점 관련 자세한 내용은 ‘무신사 홈페이지’ 또는 ‘무신사 앱’에서 확인
‘국내외 가맹점 1% 무신사머니리워드 적립’ 혜택과 중복 적용 불가
통합 월 적립한도 초과 시 ‘국내외 가맹점 1% 무신사머니리워드 적립’ 혜택 제공 불가
본인카드와 가족카드의 이용실적, 적립한도는 합산하여 산정
적립 혜택은 매출전표 접수 시점 순으로 적용
전월 이용금액 산정은 승인일 기준으로 적용. 다만, 해외 결제건 및 무승인 결제건 (예 : 대중교통, 이동통신 등 정기결제건 등)은 매출전표 접수일 기준으로 적용
가맹점 정보가 해당 업체가 아닌 결제대행업체(PG) 또는 간편결제 전용 가맹점으로 확인되는 경우, '결제대행업체' 또는 '간편결제' 가맹점으로 분류되어 무신사10%/2% 무신사머니리워드 적립 대상에서 제외. (예 : 무신사에서 네이버페이로 결제 시 가맹점명이 '네이버페이'인 경우 무신사 가맹점이 아닌 간편결제 가맹점으로 분류)자세한 내용은 삼성카드 대표전화(1588-8700)로 문의
전월 이용금액 제외 대상 건강보험/국민연금/고용보험/산재보험 및 장애인 고용부담금, 국세/지방세/공과금 납부건 아파트관리비, 부동산 임대료 납부건 유치원 납입금, 초/중/고등학교 학교납입금, 대학 등록금 납부건 기프트/선불카드(포인트, 사이버머니 등 전자지급수단 포함) 구매 및 충전, 상품권 구매건
아파트관리비, 부동산 임대료 납부건

[안내사항]
삼성카드 가맹점 업종 분류 기준에 의한 등록 가맹점에 한함
삼성카드는 아래 항목을 공과금으로 분류함 전기요금, 사회보험료(건강보험/국민연금/고용보험/산재보험), 우편요금, 도시가스요금, 여권 발급비용, 상하수도요금, 과태료, 범칙금, 벌금, 국가/공공기관/공공단체(지방자치단체, 공공조합, 영조물, 공재단)에서 개설한 가맹점 이용금액
전기요금, 사회보험료(건강보험/국민연금/고용보험/산재보험), 우편요금, 도시가스요금, 여권 발급비용, 상하수도요금, 과태료, 범칙금, 벌금, 국가/공공기관/공공단체(지방자치단체, 공공조합, 영조물, 공재단)에서 개설한 가맹점 이용금액
결제 취소금액은 매출취소전표가 삼성카드에 접수된 달의 이용금액에서 차감 혜택이 적용된 결제건이 취소될 경우, 할인/포인트 적립 등의 횟수 및 한도는 매출취소전표가 접수된 이후에 복원 포인트가 적립된 결제건이 취소될 경우, 해당 포인트는 보유포인트에서 자동 차감되며, 포인트 부족 시 카드 결제계좌에서 자동 출금
혜택이 적용된 결제건이 취소될 경우, 할인/포인트 적립 등의 횟수 및 한도는 매출취소전표가 접수된 이후에 복원
포인트가 적립된 결제건이 취소될 경우, 해당 포인트는 보유포인트에서 자동 차감되며, 포인트 부족 시 카드 결제계좌에서 자동 출금
연말정산 시 가족카드(신용) 이용금액은 가족 회원의 '신용카드 등 사용금액'으로 포함되며, 연간 소득금액은 국세청 기준을 따름
가족 회원이 별도로 카드 승인 알림을 받고자 하는 경우, 본인 회원이 삼성카드 대표전화 또는 홈페이지/앱을 통해 신청 가능
가족카드 이용대금명세서는 본인카드 이용대금명세서와 함께 본인 회원에게 발송
가족카드 이용으로 적립된 포인트는 본인 회원의 포인트에 합산되며, 대여 및 양도 대상이 되지 않음
이혼, 사망, 파양 등 가족관계 변동 시 본인 회원이 삼성카드 대표전화 또는 홈페이지/앱을 통해 본인카드 및 가족카드의 정지 또는 해지 가능
가족관계가 변동되었음에도 가족카드를 정지 또는 해지하지 않은 경우, 본인 회원에게 의도하지 않은 카드 이용 및 책임이 발생할 수 있음
본인 회원이 요청할 경우 가족 회원의 동의 없이 가족카드의 한도하향, 정지, 해지 가능
가족카드 연회비는 상품별 연회비 부과 기준을 따르며, 가족카드 발급 매수는 제한 없음

[무신사머니포인트 안내]
무신사머니 포인트란 무신사에서 사용할 수 있는 결제 수단으로, 무신사페이먼츠 서비스 가입 후 무신사머니 서비스 이용을 동의한 경우 적립 및 사용 가능
무신사머니 포인트는 다른 사람에게 양도 및 선물 불가
무신사머니 포인트 사용, 운영 기준 등에 대한 자세한 내용은 무신사페이먼츠 홈페이지(www.musinsapayments.com)에서 확인
무신사머니 포인트는 무신사페이먼츠가 운영/관리하며, 무신사페이먼츠가 지정한 사용처에서 사용 가능 (1 무신사머니 포인트=1원의 가치)

[전월 이용금액 기준]
매월 1일부터 말일까지 이용한 일시불 및 할부 이용금액(단기카드대출(현금서비스), 장기카드대출(카드론), 각종 수수료 및 이자 (할부 수수료, 카드대출 이자 등), 연체료, 연회비 납부건은 일시불 및 할부 이용금액에 해당되지않음)

[무신사머니리워드 안내]
무신사머니리워드는 무신사 삼성카드 이용 시 적립되는 포인트
무신사머니리워드는 ‘무신사머니 포인트’로 자동 전환 후 무신사 홈페이지 또는 앱에서 조회 및 사용 가능
‘무신사머니 포인트’로 전환된 무신사머니리워드는 전환 취소 불가 (1 무신사머니리워드=1 무신사머니 포인트의 가치)
매월 1일부터 말일까지의 매출전표 접수건에 대해 적립된 무신사머니리워드는 다음달 15일까지 접수된 매출전표 취소건을 반영하여 다음달 20일에 ‘무신사머니 포인트’로 자동 전환되며, 아래의 경우 해당월 전환 불가 무신사 회원이 아닌 경우 무신사 회원 자격을 상실한 경우 무신사페이먼츠 서비스 이용자가 아닌 경우 적립된 무신사머니리워드가 0 포인트 이하인 경우 무신사머니 포인트 전환 시점에 통신 장애가 발생한 경우
무신사 회원이 아닌 경우
무신사 회원 자격을 상실한 경우
무신사페이먼츠 서비스 이용자가 아닌 경우
적립된 무신사머니리워드가 0 포인트 이하인 경우
무신사머니 포인트 전환 시점에 통신 장애가 발생한 경우
무신사머니 포인트로 전환되지 않은 무신사머니리워드는 전환 조건 충족 시 다음달 20일에 전환
삼성카드의 다른 포인트와 합산하여 사용 불가
무신사머니리워드의 유효기간은 5년으로, 유효기간 만료 시 월 단위로 자동 소멸
‘무신사머니 포인트’로 전환된 이후, 해당 결제건 취소 시 자세한 내용은 ‘안내사항’에서 확인
무신사머니리워드 적립에 대한 자세한 내용은 ‘삼성카드 홈페이지(PC) 또는 앱’에서 확인"
AAP1911_B0004,AAP1911,주요혜택,국내외 가맹점 1% 무신사머니리워드 적립,서비스안내,기타,22,Both,포인트,1,%,국내외 가맹점,,0,,,,,,,,,2026-06-08 05:56:39,기타 1% 적립,"[서비스안내]
전월 이용금액에 관계없이, 적립한도 없이 국내외 가맹점 1% 무신사머니리워드 기본 적립

[적립 제외 대상]
무이자할부 이용금액
삼성카드의 다른 행사 혜택이 적용된 일시불 및 할부 이용금액
건강보험/국민연금/고용보험/산재보험 및 장애인 고용부담금, 국세/지방세/공과금 납부건
부동산 임대료 납부건
유치원 납입금, 초/중/고등학교 학교납입금, 대학 등록금 납부건
대중교통(후불교통기능/모바일교통기능 결제건), 택시, 고속버스(차내 단말기 및 고속버스 앱 결제), 고속도로 통행요금 납부건
기프트/선불카드(포인트, 사이버머니 등 전자지급수단 포함) 구매 및 충전, 상품권 구매건
문자알림서비스, 스마트오토서비스 이용금액
삼성카드와 구매캐시백 포인트 제공 계약을 체결한 일부 가맹점 의약품/유류 구매한도 대금결제건

[유의사항]
국내외 가맹점 적립 대상에 ‘무신사’는 제외
해외는 해외겸용카드에 한해 제공
해외 이용 시 별도의 수수료 부과. 자세한 내용은 ‘유의사항'에서 확인
본인카드와 가족카드의 이용실적, 적립한도는 합산하여 산정
적립 혜택은 매출전표 접수 시점 순으로 적용
전월 이용금액 산정은 승인일 기준으로 적용. 다만, 해외 결제건 및 무승인 결제건 (예 : 대중교통, 이동통신 등 정기결제건 등)은 매출전표 접수일 기준으로 적용
가맹점 정보가 해당 업체가 아닌 결제대행업체(PG) 또는 간편결제 전용 가맹점으로 확인되는 경우, '결제대행업체' 또는 '간편결제' 가맹점으로 분류되어 무신사10%/2% 무신사머니리워드 적립 대상에서 제외. (예 : 무신사에서 네이버페이로 결제 시 가맹점명이 '네이버페이'인 경우 무신사 가맹점이 아닌 간편결제 가맹점으로 분류)자세한 내용은 삼성카드 대표전화(1588-8700)로 문의

[안내사항]
삼성카드 가맹점 업종 분류 기준에 의한 등록 가맹점에 한함
삼성카드는 아래 항목을 공과금으로 분류함 전기요금, 사회보험료(건강보험/국민연금/고용보험/산재보험), 우편요금, 도시가스요금, 여권 발급비용, 상하수도요금, 과태료, 범칙금, 벌금, 국가/공공기관/공공단체(지방자치단체, 공공조합, 영조물, 공재단)에서 개설한 가맹점 이용금액
전기요금, 사회보험료(건강보험/국민연금/고용보험/산재보험), 우편요금, 도시가스요금, 여권 발급비용, 상하수도요금, 과태료, 범칙금, 벌금, 국가/공공기관/공공단체(지방자치단체, 공공조합, 영조물, 공재단)에서 개설한 가맹점 이용금액
결제 취소금액은 매출취소전표가 삼성카드에 접수된 달의 이용금액에서 차감 혜택이 적용된 결제건이 취소될 경우, 할인, 포인트 적립 등의 횟수 및 한도는 매출취소전표가 접수된 이후에 복원 포인트가 적립된 결제건이 취소될 경우, 해당 포인트는 보유 포인트에서 자동 차감되며, 포인트 부족 시 카드 결제계좌에서 자동 출금
혜택이 적용된 결제건이 취소될 경우, 할인, 포인트 적립 등의 횟수 및 한도는 매출취소전표가 접수된 이후에 복원
포인트가 적립된 결제건이 취소될 경우, 해당 포인트는 보유 포인트에서 자동 차감되며, 포인트 부족 시 카드 결제계좌에서 자동 출금
연말정산 시 가족카드(신용) 이용금액은 가족 회원의 '신용카드 등 사용금액'으로 포함되며, 연간 소득금액은 국세청 기준을 따름
가족 회원이 별도로 카드 승인 알림을 받고자 하는 경우, 본인 회원이 삼성카드 대표전화 또는 홈페이지/앱을 통해 신청 가능
가족카드 이용대금명세서는 본인카드 이용대금명세서와 함께 본인 회원에게 발송
가족카드 이용으로 적립된 포인트는 본인 회원의 포인트에 합산되며, 대여 및 양도 대상이 되지 않음
이혼, 사망, 파양 등 가족관계 변동 시 본인 회원이 삼성카드 대표전화 또는 홈페이지/앱을 통해 본인카드 및 가족카드의 정지 또는 해지 가능
가족관계가 변동되었음에도 가족카드를 정지 또는 해지하지 않은 경우, 본인 회원에게 의도하지 않은 카드 이용 및 책임이 발생할 수 있음
본인 회원이 요청할 경우 가족 회원의 동의 없이 가족카드의 한도하향, 정지, 해지 가능
가족카드 연회비는 상품별 연회비 부과 기준을 따르며, 가족카드 발급 매수는 제한 없음

[무신사머니포인트 안내]
무신사머니 포인트란 무신사에서 사용할 수 있는 결제 수단으로, 무신사페이먼츠 서비스 가입 후 무신사머니 서비스 이용을 동의한 경우 적립 및 사용 가능
무신사머니 포인트는 다른 사람에게 양도 및 선물 불가
무신사머니 포인트 사용, 운영 기준 등에 대한 자세한 내용은 무신사페이먼츠 홈페이지(www.musinsapayments.com)에서 확인
무신사머니 포인트는 무신사페이먼츠가 운영/관리하며, 무신사페이먼츠가 지정한 사용처에서 사용 가능 (1 무신사머니 포인트=1원의 가치)

[전월 이용금액 기준]
매월 1일부터 말일까지 이용한 일시불 및 할부 이용금액(단기카드대출(현금서비스), 장기카드대출(카드론), 각종 수수료 및 이자(할부 수수료, 카드대출 이자 등), 연체료, 연회비 납부건은 일시불 및 할부 이용금액에 해당되지않음)

[전월 이용금액 제외 대상]
아파트 관리비, 부동산 임대료 납부건

[무신사머니리워드 안내]
무신사머니리워드는 무신사 삼성카드 이용 시 적립되는 포인트
무신사머니리워드는 ‘무신사머니 포인트’로 자동 전환 후 무신사 홈페이지 또는 앱에서 조회 및 사용 가능
‘무신사머니 포인트’로 전환된 무신사머니리워드는 전환 취소 불가 (1 무신사머니리워드=1 무신사머니 포인트의 가치)
매월 1일부터 말일까지의 매출전표 접수건에 대해 적립된 무신사머니리워드는 다음달 15일까지 접수된 매출전표 취소건을 반영하여 다음달 20일에 ‘무신사머니 포인트’로 자동 전환되며, 아래의 경우 해당월 전환 불가 무신사 회원이 아닌 경우 무신사 회원 자격을 상실한 경우 무신사페이먼츠 서비스 이용자가 아닌 경우 적립된 무신사머니리워드가 0 포인트 이하인 경우 무신사머니 포인트 전환 시점에 통신 장애가 발생한 경우
무신사 회원이 아닌 경우
무신사 회원 자격을 상실한 경우
무신사페이먼츠 서비스 이용자가 아닌 경우
적립된 무신사머니리워드가 0 포인트 이하인 경우
무신사머니 포인트 전환 시점에 통신 장애가 발생한 경우
무신사머니 포인트로 전환되지 않은 무신사머니리워드는 전환 조건 충족 시 다음달 20일에 전환
삼성카드의 다른 포인트와 합산하여 사용 불가
무신사머니리워드의 유효기간은 5년으로, 유효기간 만료 시 월 단위로 자동 소멸
‘무신사머니 포인트’로 전환된 이후, 해당 결제건 취소 시 자세한 내용은 ‘안내사항’에서 확인
무신사머니리워드 적립에 대한 자세한 내용은 ‘삼성카드 홈페이지(PC) 또는 앱’에서 확인"
AAP1501_B0001,AAP1501,주요혜택,대중교통 할인,서비스안내,대중교통/택시,5,Offline,할인,100,원,"버스(시외, 고속, 공항버스 제외), 지하철",전월 일시불 및 할부 이용금액 30만원 이상,300000,,1000,1000,,6000,원,,,2026-06-08 05:57:17,"대중교통/택시 1,000원당 100원 할인","[서비스안내]
대중교통 이용금액 1,000 원당 100 원 결제일할인(청구할인)

[대상점]
대중교통 : 버스(시외·고속·공항버스 제외), 지하철

[이용조건]
할인한도 : 월 6,000 원
전월 일시불 및 할부 이용금액 30 만원 이상 시 제공
발급월+ 1 개월까지는 전월 이용금액에 관계없이 제공

[할인 제외 대상]
무이자할부, 다이어트할부, 고속도로 통행요금, 모바일 티머니, 선불카드 충전건

[유의사항]
실제 카드 이용일이 아닌 이용대금 명세서 상 기재된 이용일 기준으로, 월 누적 이용금액 1,000 원당 100 원 할인 혜택이 제공됩니다.
전월 이용금액 산정 시, 할인 혜택이 적용된 이용금액(할인금액이 포함된 총 금액), 국세/지방세/공과금, 아파트 관리비, 대학 등록금, 대중교통, 택시, 상품권 구매, 선불카드 충전건은 제외됩니다.
삼성카드 가맹점 업종 분류 기준에 의한 등록 가맹점에 한합니다.
삼성카드의 다른 결제일할인(청구할인) 혜택과 중복 적용되지 않으며, 할인 혜택이 큰 금액만 적용됩니다."
AAP1501_B0002,AAP1501,주요혜택,음식점·주점 할인,서비스안내,외식,16,Offline,할인,1000,원,"한식, 양식, 일식, 중식, 뷔페, 패밀리레스토랑, 간이음식점, 패스트푸드, 일반주점, 유흥주점, 노래방, 단란주점, 주류판매점",,0,,10000,,4,4000,원,,,2026-06-08 05:57:17,외식 1천원 할인,"[서비스안내]
음식점, 주점에서 10,000 원 이상 결제 시 1,000 원 결제일할인(청구할인)

[대상점]
음식점 : 한식, 양식, 일식, 중식, 뷔페, 패밀리레스토랑, 간이음식점, 패스트푸드
주점 : 일반주점, 유흥주점, 노래방, 단란주점, 주류판매점

[이용조건]
할인한도 : 월 4,000 원 (월 4 회 한도)
전월 일시불 및 할부 이용금액 30 만원 이상 시 제공
발급월+ 1 개월까지는 전월 이용금액에 관계없이 제공

[할인 제외 대상]
무이자할부, 다이어트할부, 고속도로 통행요금, 모바일 티머니, 선불카드 충전건

[유의사항]
전월 이용금액 산정 시, 할인 혜택이 적용된 이용금액(할인금액이 포함된 총 금액), 국세/지방세/공과금, 아파트 관리비, 대학 등록금, 대중교통, 택시, 상품권 구매, 선불카드 충전건은 제외됩니다.
삼성카드 가맹점 업종 분류 기준에 의한 등록 가맹점에 한합니다.
삼성카드의 다른 결제일할인(청구할인) 혜택과 중복 적용되지 않으며, 할인 혜택이 큰 금액만 적용됩니다."
AAP1501_B0003,AAP1501,주요혜택,CU 할인,서비스안내,편의점,13,Offline,할인,200,원,CU,전월 일시불 및 할부 이용금액 30만원 이상,300000,,1500,1500,,4000,원,,,2026-06-08 05:57:17,"편의점 1,500원당 200원 할인","[서비스안내]
CU 이용금액 1,500 원당 200 원 결제일할인(청구할인)

[이용조건]
할인한도 : 월 4,000 원
전월 일시불 및 할부 이용금액 30 만원 이상 시 제공
발급월+ 1 개월까지는 전월 이용금액에 관계없이 제공

[할인 제외 대상]
무이자할부, 다이어트할부, 고속도로 통행요금, 모바일 티머니, 선불카드 충전건

[유의사항]
전월 이용금액 산정 시, 할인 혜택이 적용된 이용금액(할인금액이 포함된 총 금액), 국세/지방세/공과금, 아파트 관리비, 대학 등록금, 대중교통, 택시, 상품권 구매, 선불카드 충전건은 제외됩니다.
삼성카드 가맹점 업종 분류 기준에 의한 등록 가맹점에 한합니다.
삼성카드의 다른 결제일할인(청구할인) 혜택과 중복 적용되지 않으며, 할인 혜택이 큰 금액만 적용됩니다."
AAP1501_B0004,AAP1501,주요혜택,배달의민족 할인,서비스안내,배달,15,Online,할인,2000,원,배달의민족,전월 일시불 및 할부 이용금액 30만원 이상,300000,,15000,,3,6000,원,,,2026-06-08 05:57:17,배달 2천원 할인,"[서비스안내]
배달의민족에서 15,000 원 이상 결제 시 2,000 원 결제일할인(청구할인)

[이용조건]
할인한도 : 월 6,000 원 (월 3 회 한도)
전월 일시불 및 할부 이용금액 30 만원 이상 시 제공
발급월+ 1 개월까지는 전월 이용금액에 관계없이 제공

[할인 제외 대상]
무이자할부, 다이어트할부, 고속도로 통행요금, 모바일티머니, 선불카드 충전건

[유의사항]
배달의민족 홈페이지 및 App 을 통한 결제건(바로결제)에 한해 제공됩니다.(가맹점 직접 결제건 제외)
전월 이용금액 산정 시, 할인 혜택이 적용된 이용금액(할인금액이 포함된 총 금액), 국세/지방세/공과금, 아파트 관리비, 대학 등록금, 대중교통, 택시, 상품권 구매, 선불카드 충전건은 제외됩니다.
삼성카드 가맹점 업종 분류 기준에 의한 등록 가맹점에 한합니다.
삼성카드의 다른 결제일할인(청구할인) 혜택과 중복 적용되지 않으며, 할인 혜택이 큰 금액만 적용됩니다."
ABP1459_B0001,ABP1459,주요혜택,국내가맹점 캐시백,적립기준,기타,22,Offline,캐시백,0.2,%,일반 가맹점,연간 이용금액 300만원 미만,0,3000000,,,,,,,,2026-06-08 05:57:44,기타 0.2% 캐시백,"[서비스 안내]
업종 및 연간 이용금액에 따라 0.2 %~ 0.6 % 캐시백

[대상점]
일반 가맹점
음식점 : 한식, 양식, 일식, 중식, 뷔페, 패밀리레스토랑, 간이음식점, 패스트푸드 등 모든 음식점
주유 : 전국 주유소 및 LPG 충전소
할인점 : 이마트(에브리데이, 트레이더스 포함), 홈플러스, 롯데마트, 빅마켓

[적립기준]
<table class=""benefit-table""><tr><th>구분</th><th>연간 이용금액 300만원 미만</th><th>연간 이용금액 300만원 이상</th></tr><tr><th>일반 가맹점</th><td>0.2 %</td><td>0.4 %</td></tr><tr><th>음식점, 주유, 할인점</th><td>0.3 %</td><td>0.6 %</td></tr></table>
연간 이용금액은 본인이 발급받은 해당 카드 이용금액을 기준으로 산정(연 기준: 카드 최초 발급월~1년)
매년 카드 최초 발급월 기준으로 이용금액이 300만원 이상일 경우 다음 날부터 상향된 적립률 적용

[캐시백 제외 대상]
고용/산재보험 및 장애인 고용부담금, 국세/지방세/공과금, 대학 등록금, 선불카드 충전(삼성유포인트카드, 삼성전자 멤버십 BLUE 삼성선불카드, 삼성올앳카드), 휴대폰알림서비스( S.InfoCare ), 스마트오토서비스, 이마트 이클럽, 포인트 사용 및 일부 가맹점의 의약품 결제건 등의 이용금액
중국공상은행 삼성체크카드 & CASHBACK 의 해외 이용건

[유의사항]
삼성카드 가맹점 업종 분류 기준에 의한 등록 가맹점에 한합니다. 해당 가맹점이 실제 등록한 업종에 따라 적립률이 다르게 적용됩니다.
해당 가맹점이 실제 등록한 업종에 따라 적립률이 다르게 적용됩니다.
캐시백금액은 전월 1일부터 말일까지의 이용금액에 대해 다음 달 15일(영업일 기준) 해당 체크카드 결제계좌로 입금 처리됩니다.
이마트 에브리데이 상품공급점 결제건은 제외됩니다.
일부 임대매장 및 식품매장 결제건은 제외됩니다.
캐시백 제외 대상 중 ‘일부 가맹점의 의약품 결제건’의 대상점은 삼성카드 홈페이지 자주 하는 질문( FAQ )에서 확인 바랍니다.(자주 하는 질문( FAQ ) → 카드 이용 → 카드 서비스 → 캐시백 제외 대상에 ‘일부 가맹점의 의약품 결제건’이 있는데, ‘일부 가맹점’은 어디인가요?)"
ABP1459_B0002,ABP1459,주요혜택,국내가맹점 캐시백,적립기준,기타,22,Offline,캐시백,0.4,%,일반 가맹점,연간 이용금액 300만원 이상,3000000,,,,,,,,,2026-06-08 05:57:44,기타 0.4% 캐시백,"[서비스 안내]
업종 및 연간 이용금액에 따라 0.2 %~ 0.6 % 캐시백

[대상점]
일반 가맹점
음식점 : 한식, 양식, 일식, 중식, 뷔페, 패밀리레스토랑, 간이음식점, 패스트푸드 등 모든 음식점
주유 : 전국 주유소 및 LPG 충전소
할인점 : 이마트(에브리데이, 트레이더스 포함), 홈플러스, 롯데마트, 빅마켓

[적립기준]
<table class=""benefit-table""><tr><th>구분</th><th>연간 이용금액 300만원 미만</th><th>연간 이용금액 300만원 이상</th></tr><tr><th>일반 가맹점</th><td>0.2 %</td><td>0.4 %</td></tr><tr><th>음식점, 주유, 할인점</th><td>0.3 %</td><td>0.6 %</td></tr></table>
연간 이용금액은 본인이 발급받은 해당 카드 이용금액을 기준으로 산정(연 기준: 카드 최초 발급월~1년)
매년 카드 최초 발급월 기준으로 이용금액이 300만원 이상일 경우 다음 날부터 상향된 적립률 적용

[캐시백 제외 대상]
고용/산재보험 및 장애인 고용부담금, 국세/지방세/공과금, 대학 등록금, 선불카드 충전(삼성유포인트카드, 삼성전자 멤버십 BLUE 삼성선불카드, 삼성올앳카드), 휴대폰알림서비스( S.InfoCare ), 스마트오토서비스, 이마트 이클럽, 포인트 사용 및 일부 가맹점의 의약품 결제건 등의 이용금액
중국공상은행 삼성체크카드 & CASHBACK 의 해외 이용건

[유의사항]
삼성카드 가맹점 업종 분류 기준에 의한 등록 가맹점에 한합니다. 해당 가맹점이 실제 등록한 업종에 따라 적립률이 다르게 적용됩니다.
해당 가맹점이 실제 등록한 업종에 따라 적립률이 다르게 적용됩니다.
캐시백금액은 전월 1일부터 말일까지의 이용금액에 대해 다음 달 15일(영업일 기준) 해당 체크카드 결제계좌로 입금 처리됩니다.
이마트 에브리데이 상품공급점 결제건은 제외됩니다.
일부 임대매장 및 식품매장 결제건은 제외됩니다.
캐시백 제외 대상 중 ‘일부 가맹점의 의약품 결제건’의 대상점은 삼성카드 홈페이지 자주 하는 질문( FAQ )에서 확인 바랍니다.(자주 하는 질문( FAQ ) → 카드 이용 → 카드 서비스 → 캐시백 제외 대상에 ‘일부 가맹점의 의약품 결제건’이 있는데, ‘일부 가맹점’은 어디인가요?)"
ABP1459_B0003,ABP1459,주요혜택,국내가맹점 캐시백,적립기준,외식,16,Offline,캐시백,0.3,%,"한식, 양식, 일식, 중식, 뷔페, 패밀리레스토랑, 간이음식점, 패스트푸드 등 모든 음식점",연간 이용금액 300만원 미만,0,3000000,,,,,,,,2026-06-08 05:57:44,외식 0.3% 캐시백,"[서비스 안내]
업종 및 연간 이용금액에 따라 0.2 %~ 0.6 % 캐시백

[대상점]
일반 가맹점
음식점 : 한식, 양식, 일식, 중식, 뷔페, 패밀리레스토랑, 간이음식점, 패스트푸드 등 모든 음식점
주유 : 전국 주유소 및 LPG 충전소
할인점 : 이마트(에브리데이, 트레이더스 포함), 홈플러스, 롯데마트, 빅마켓

[적립기준]
<table class=""benefit-table""><tr><th>구분</th><th>연간 이용금액 300만원 미만</th><th>연간 이용금액 300만원 이상</th></tr><tr><th>일반 가맹점</th><td>0.2 %</td><td>0.4 %</td></tr><tr><th>음식점, 주유, 할인점</th><td>0.3 %</td><td>0.6 %</td></tr></table>
연간 이용금액은 본인이 발급받은 해당 카드 이용금액을 기준으로 산정(연 기준: 카드 최초 발급월~1년)
매년 카드 최초 발급월 기준으로 이용금액이 300만원 이상일 경우 다음 날부터 상향된 적립률 적용

[캐시백 제외 대상]
고용/산재보험 및 장애인 고용부담금, 국세/지방세/공과금, 대학 등록금, 선불카드 충전(삼성유포인트카드, 삼성전자 멤버십 BLUE 삼성선불카드, 삼성올앳카드), 휴대폰알림서비스( S.InfoCare ), 스마트오토서비스, 이마트 이클럽, 포인트 사용 및 일부 가맹점의 의약품 결제건 등의 이용금액
중국공상은행 삼성체크카드 & CASHBACK 의 해외 이용건

[유의사항]
삼성카드 가맹점 업종 분류 기준에 의한 등록 가맹점에 한합니다. 해당 가맹점이 실제 등록한 업종에 따라 적립률이 다르게 적용됩니다.
해당 가맹점이 실제 등록한 업종에 따라 적립률이 다르게 적용됩니다.
캐시백금액은 전월 1일부터 말일까지의 이용금액에 대해 다음 달 15일(영업일 기준) 해당 체크카드 결제계좌로 입금 처리됩니다.
이마트 에브리데이 상품공급점 결제건은 제외됩니다.
일부 임대매장 및 식품매장 결제건은 제외됩니다.
캐시백 제외 대상 중 ‘일부 가맹점의 의약품 결제건’의 대상점은 삼성카드 홈페이지 자주 하는 질문( FAQ )에서 확인 바랍니다.(자주 하는 질문( FAQ ) → 카드 이용 → 카드 서비스 → 캐시백 제외 대상에 ‘일부 가맹점의 의약품 결제건’이 있는데, ‘일부 가맹점’은 어디인가요?)"
ABP1459_B0004,ABP1459,주요혜택,국내가맹점 캐시백,적립기준,외식,16,Offline,캐시백,0.6,%,"한식, 양식, 일식, 중식, 뷔페, 패밀리레스토랑, 간이음식점, 패스트푸드 등 모든 음식점",연간 이용금액 300만원 이상,3000000,,,,,,,,,2026-06-08 05:57:44,외식 0.6% 캐시백,"[서비스 안내]
업종 및 연간 이용금액에 따라 0.2 %~ 0.6 % 캐시백

[대상점]
일반 가맹점
음식점 : 한식, 양식, 일식, 중식, 뷔페, 패밀리레스토랑, 간이음식점, 패스트푸드 등 모든 음식점
주유 : 전국 주유소 및 LPG 충전소
할인점 : 이마트(에브리데이, 트레이더스 포함), 홈플러스, 롯데마트, 빅마켓

[적립기준]
<table class=""benefit-table""><tr><th>구분</th><th>연간 이용금액 300만원 미만</th><th>연간 이용금액 300만원 이상</th></tr><tr><th>일반 가맹점</th><td>0.2 %</td><td>0.4 %</td></tr><tr><th>음식점, 주유, 할인점</th><td>0.3 %</td><td>0.6 %</td></tr></table>
연간 이용금액은 본인이 발급받은 해당 카드 이용금액을 기준으로 산정(연 기준: 카드 최초 발급월~1년)
매년 카드 최초 발급월 기준으로 이용금액이 300만원 이상일 경우 다음 날부터 상향된 적립률 적용

[캐시백 제외 대상]
고용/산재보험 및 장애인 고용부담금, 국세/지방세/공과금, 대학 등록금, 선불카드 충전(삼성유포인트카드, 삼성전자 멤버십 BLUE 삼성선불카드, 삼성올앳카드), 휴대폰알림서비스( S.InfoCare ), 스마트오토서비스, 이마트 이클럽, 포인트 사용 및 일부 가맹점의 의약품 결제건 등의 이용금액
중국공상은행 삼성체크카드 & CASHBACK 의 해외 이용건

[유의사항]
삼성카드 가맹점 업종 분류 기준에 의한 등록 가맹점에 한합니다. 해당 가맹점이 실제 등록한 업종에 따라 적립률이 다르게 적용됩니다.
해당 가맹점이 실제 등록한 업종에 따라 적립률이 다르게 적용됩니다.
캐시백금액은 전월 1일부터 말일까지의 이용금액에 대해 다음 달 15일(영업일 기준) 해당 체크카드 결제계좌로 입금 처리됩니다.
이마트 에브리데이 상품공급점 결제건은 제외됩니다.
일부 임대매장 및 식품매장 결제건은 제외됩니다.
캐시백 제외 대상 중 ‘일부 가맹점의 의약품 결제건’의 대상점은 삼성카드 홈페이지 자주 하는 질문( FAQ )에서 확인 바랍니다.(자주 하는 질문( FAQ ) → 카드 이용 → 카드 서비스 → 캐시백 제외 대상에 ‘일부 가맹점의 의약품 결제건’이 있는데, ‘일부 가맹점’은 어디인가요?)"
ABP1459_B0005,ABP1459,주요혜택,국내가맹점 캐시백,적립기준,자동차/주유,6,Offline,캐시백,0.3,%,"전국 주유소, LPG 충전소",연간 이용금액 300만원 미만,0,3000000,,,,,,,,2026-06-08 05:57:44,자동차/주유 0.3% 캐시백,"[서비스 안내]
업종 및 연간 이용금액에 따라 0.2 %~ 0.6 % 캐시백

[대상점]
일반 가맹점
음식점 : 한식, 양식, 일식, 중식, 뷔페, 패밀리레스토랑, 간이음식점, 패스트푸드 등 모든 음식점
주유 : 전국 주유소 및 LPG 충전소
할인점 : 이마트(에브리데이, 트레이더스 포함), 홈플러스, 롯데마트, 빅마켓

[적립기준]
<table class=""benefit-table""><tr><th>구분</th><th>연간 이용금액 300만원 미만</th><th>연간 이용금액 300만원 이상</th></tr><tr><th>일반 가맹점</th><td>0.2 %</td><td>0.4 %</td></tr><tr><th>음식점, 주유, 할인점</th><td>0.3 %</td><td>0.6 %</td></tr></table>
연간 이용금액은 본인이 발급받은 해당 카드 이용금액을 기준으로 산정(연 기준: 카드 최초 발급월~1년)
매년 카드 최초 발급월 기준으로 이용금액이 300만원 이상일 경우 다음 날부터 상향된 적립률 적용

[캐시백 제외 대상]
고용/산재보험 및 장애인 고용부담금, 국세/지방세/공과금, 대학 등록금, 선불카드 충전(삼성유포인트카드, 삼성전자 멤버십 BLUE 삼성선불카드, 삼성올앳카드), 휴대폰알림서비스( S.InfoCare ), 스마트오토서비스, 이마트 이클럽, 포인트 사용 및 일부 가맹점의 의약품 결제건 등의 이용금액
중국공상은행 삼성체크카드 & CASHBACK 의 해외 이용건

[유의사항]
삼성카드 가맹점 업종 분류 기준에 의한 등록 가맹점에 한합니다. 해당 가맹점이 실제 등록한 업종에 따라 적립률이 다르게 적용됩니다.
해당 가맹점이 실제 등록한 업종에 따라 적립률이 다르게 적용됩니다.
캐시백금액은 전월 1일부터 말일까지의 이용금액에 대해 다음 달 15일(영업일 기준) 해당 체크카드 결제계좌로 입금 처리됩니다.
이마트 에브리데이 상품공급점 결제건은 제외됩니다.
일부 임대매장 및 식품매장 결제건은 제외됩니다.
캐시백 제외 대상 중 ‘일부 가맹점의 의약품 결제건’의 대상점은 삼성카드 홈페이지 자주 하는 질문( FAQ )에서 확인 바랍니다.(자주 하는 질문( FAQ ) → 카드 이용 → 카드 서비스 → 캐시백 제외 대상에 ‘일부 가맹점의 의약품 결제건’이 있는데, ‘일부 가맹점’은 어디인가요?)"
ABP1459_B0006,ABP1459,주요혜택,국내가맹점 캐시백,적립기준,자동차/주유,6,Offline,캐시백,0.6,%,"전국 주유소, LPG 충전소",연간 이용금액 300만원 이상,3000000,,,,,,,,,2026-06-08 05:57:44,자동차/주유 0.6% 캐시백,"[서비스 안내]
업종 및 연간 이용금액에 따라 0.2 %~ 0.6 % 캐시백

[대상점]
일반 가맹점
음식점 : 한식, 양식, 일식, 중식, 뷔페, 패밀리레스토랑, 간이음식점, 패스트푸드 등 모든 음식점
주유 : 전국 주유소 및 LPG 충전소
할인점 : 이마트(에브리데이, 트레이더스 포함), 홈플러스, 롯데마트, 빅마켓

[적립기준]
<table class=""benefit-table""><tr><th>구분</th><th>연간 이용금액 300만원 미만</th><th>연간 이용금액 300만원 이상</th></tr><tr><th>일반 가맹점</th><td>0.2 %</td><td>0.4 %</td></tr><tr><th>음식점, 주유, 할인점</th><td>0.3 %</td><td>0.6 %</td></tr></table>
연간 이용금액은 본인이 발급받은 해당 카드 이용금액을 기준으로 산정(연 기준: 카드 최초 발급월~1년)
매년 카드 최초 발급월 기준으로 이용금액이 300만원 이상일 경우 다음 날부터 상향된 적립률 적용

[캐시백 제외 대상]
고용/산재보험 및 장애인 고용부담금, 국세/지방세/공과금, 대학 등록금, 선불카드 충전(삼성유포인트카드, 삼성전자 멤버십 BLUE 삼성선불카드, 삼성올앳카드), 휴대폰알림서비스( S.InfoCare ), 스마트오토서비스, 이마트 이클럽, 포인트 사용 및 일부 가맹점의 의약품 결제건 등의 이용금액
중국공상은행 삼성체크카드 & CASHBACK 의 해외 이용건

[유의사항]
삼성카드 가맹점 업종 분류 기준에 의한 등록 가맹점에 한합니다. 해당 가맹점이 실제 등록한 업종에 따라 적립률이 다르게 적용됩니다.
해당 가맹점이 실제 등록한 업종에 따라 적립률이 다르게 적용됩니다.
캐시백금액은 전월 1일부터 말일까지의 이용금액에 대해 다음 달 15일(영업일 기준) 해당 체크카드 결제계좌로 입금 처리됩니다.
이마트 에브리데이 상품공급점 결제건은 제외됩니다.
일부 임대매장 및 식품매장 결제건은 제외됩니다.
캐시백 제외 대상 중 ‘일부 가맹점의 의약품 결제건’의 대상점은 삼성카드 홈페이지 자주 하는 질문( FAQ )에서 확인 바랍니다.(자주 하는 질문( FAQ ) → 카드 이용 → 카드 서비스 → 캐시백 제외 대상에 ‘일부 가맹점의 의약품 결제건’이 있는데, ‘일부 가맹점’은 어디인가요?)"
ABP1459_B0007,ABP1459,주요혜택,국내가맹점 캐시백,적립기준,슈퍼마켓/생활잡화,3,Offline,캐시백,0.3,%,"이마트(에브리데이, 트레이더스 포함), 홈플러스, 롯데마트, 빅마켓",연간 이용금액 300만원 미만,0,3000000,,,,,,,,2026-06-08 05:57:44,슈퍼마켓/생활잡화 0.3% 캐시백,"[서비스 안내]
업종 및 연간 이용금액에 따라 0.2 %~ 0.6 % 캐시백

[대상점]
일반 가맹점
음식점 : 한식, 양식, 일식, 중식, 뷔페, 패밀리레스토랑, 간이음식점, 패스트푸드 등 모든 음식점
주유 : 전국 주유소 및 LPG 충전소
할인점 : 이마트(에브리데이, 트레이더스 포함), 홈플러스, 롯데마트, 빅마켓

[적립기준]
<table class=""benefit-table""><tr><th>구분</th><th>연간 이용금액 300만원 미만</th><th>연간 이용금액 300만원 이상</th></tr><tr><th>일반 가맹점</th><td>0.2 %</td><td>0.4 %</td></tr><tr><th>음식점, 주유, 할인점</th><td>0.3 %</td><td>0.6 %</td></tr></table>
연간 이용금액은 본인이 발급받은 해당 카드 이용금액을 기준으로 산정(연 기준: 카드 최초 발급월~1년)
매년 카드 최초 발급월 기준으로 이용금액이 300만원 이상일 경우 다음 날부터 상향된 적립률 적용

[캐시백 제외 대상]
고용/산재보험 및 장애인 고용부담금, 국세/지방세/공과금, 대학 등록금, 선불카드 충전(삼성유포인트카드, 삼성전자 멤버십 BLUE 삼성선불카드, 삼성올앳카드), 휴대폰알림서비스( S.InfoCare ), 스마트오토서비스, 이마트 이클럽, 포인트 사용 및 일부 가맹점의 의약품 결제건 등의 이용금액
중국공상은행 삼성체크카드 & CASHBACK 의 해외 이용건

[유의사항]
삼성카드 가맹점 업종 분류 기준에 의한 등록 가맹점에 한합니다. 해당 가맹점이 실제 등록한 업종에 따라 적립률이 다르게 적용됩니다.
해당 가맹점이 실제 등록한 업종에 따라 적립률이 다르게 적용됩니다.
캐시백금액은 전월 1일부터 말일까지의 이용금액에 대해 다음 달 15일(영업일 기준) 해당 체크카드 결제계좌로 입금 처리됩니다.
이마트 에브리데이 상품공급점 결제건은 제외됩니다.
일부 임대매장 및 식품매장 결제건은 제외됩니다.
캐시백 제외 대상 중 ‘일부 가맹점의 의약품 결제건’의 대상점은 삼성카드 홈페이지 자주 하는 질문( FAQ )에서 확인 바랍니다.(자주 하는 질문( FAQ ) → 카드 이용 → 카드 서비스 → 캐시백 제외 대상에 ‘일부 가맹점의 의약품 결제건’이 있는데, ‘일부 가맹점’은 어디인가요?)"
ABP1459_B0008,ABP1459,주요혜택,국내가맹점 캐시백,적립기준,슈퍼마켓/생활잡화,3,Offline,캐시백,0.6,%,"이마트(에브리데이, 트레이더스 포함), 홈플러스, 롯데마트, 빅마켓",연간 이용금액 300만원 이상,3000000,,,,,,,,,2026-06-08 05:57:44,슈퍼마켓/생활잡화 0.6% 캐시백,"[서비스 안내]
업종 및 연간 이용금액에 따라 0.2 %~ 0.6 % 캐시백

[대상점]
일반 가맹점
음식점 : 한식, 양식, 일식, 중식, 뷔페, 패밀리레스토랑, 간이음식점, 패스트푸드 등 모든 음식점
주유 : 전국 주유소 및 LPG 충전소
할인점 : 이마트(에브리데이, 트레이더스 포함), 홈플러스, 롯데마트, 빅마켓

[적립기준]
<table class=""benefit-table""><tr><th>구분</th><th>연간 이용금액 300만원 미만</th><th>연간 이용금액 300만원 이상</th></tr><tr><th>일반 가맹점</th><td>0.2 %</td><td>0.4 %</td></tr><tr><th>음식점, 주유, 할인점</th><td>0.3 %</td><td>0.6 %</td></tr></table>
연간 이용금액은 본인이 발급받은 해당 카드 이용금액을 기준으로 산정(연 기준: 카드 최초 발급월~1년)
매년 카드 최초 발급월 기준으로 이용금액이 300만원 이상일 경우 다음 날부터 상향된 적립률 적용

[캐시백 제외 대상]
고용/산재보험 및 장애인 고용부담금, 국세/지방세/공과금, 대학 등록금, 선불카드 충전(삼성유포인트카드, 삼성전자 멤버십 BLUE 삼성선불카드, 삼성올앳카드), 휴대폰알림서비스( S.InfoCare ), 스마트오토서비스, 이마트 이클럽, 포인트 사용 및 일부 가맹점의 의약품 결제건 등의 이용금액
중국공상은행 삼성체크카드 & CASHBACK 의 해외 이용건

[유의사항]
삼성카드 가맹점 업종 분류 기준에 의한 등록 가맹점에 한합니다. 해당 가맹점이 실제 등록한 업종에 따라 적립률이 다르게 적용됩니다.
해당 가맹점이 실제 등록한 업종에 따라 적립률이 다르게 적용됩니다.
캐시백금액은 전월 1일부터 말일까지의 이용금액에 대해 다음 달 15일(영업일 기준) 해당 체크카드 결제계좌로 입금 처리됩니다.
이마트 에브리데이 상품공급점 결제건은 제외됩니다.
일부 임대매장 및 식품매장 결제건은 제외됩니다.
캐시백 제외 대상 중 ‘일부 가맹점의 의약품 결제건’의 대상점은 삼성카드 홈페이지 자주 하는 질문( FAQ )에서 확인 바랍니다.(자주 하는 질문( FAQ ) → 카드 이용 → 카드 서비스 → 캐시백 제외 대상에 ‘일부 가맹점의 의약품 결제건’이 있는데, ‘일부 가맹점’은 어디인가요?)"
ABP1459_B0009,ABP1459,주요혜택,CGV 할인,서비스 안내,문화/엔터,11,Offline,할인,3000,원,CGV,직전 3개월 월평균 일시불 및 할부 이용금액 30만원 이상,300000,,5000,,3,,,,,2026-06-08 05:57:44,문화/엔터 3천원 할인,"[서비스 안내]
CGV 현장에서 5,000원 이상 결제시 3,000원 현장할인

[이용조건]
직전 3 개월 월평균 일시불 및 할부 이용금액 30 만원 이상 시 제공
아래의 경우, 발급월 +2 개월간 1 회 제공 삼성카드 신규 회원 직전 3 개월 동안 무실적 회원이 카드를 추가·교체 발급한 경우
삼성카드 신규 회원
직전 3 개월 동안 무실적 회원이 카드를 추가·교체 발급한 경우
통합 일 1 회, 연 3 회 제공
연 기준 : 1.1~12.31"
ABP1459_B0010,ABP1459,주요혜택,CGV 할인,서비스 안내,문화/엔터,11,Online,할인,3000,원,CGV,전월 일시불 및 할부 이용금액 30만원 이상,300000,,5000,,12,,,,,2026-06-08 05:57:44,문화/엔터 3천원 할인,"[서비스 안내]
CGV 홈페이지 및 앱을 통해 5,000 원 이상 결제 시 3,000원 즉시할인

[이용조건]
일 1 회, 연 3 회 제공
직전 3 개월 월평균 일시불 및 할부 이용금액 30 만원 이상 시 제공
아래의 경우, 발급월+ 2 개월까지는 이용금액에 관계없이 1 회 제공 삼성카드 신규 회원 직전 3 개월 동안 무실적 회원이 카드를 추가·교체 발급한 경우
삼성카드 신규 회원
직전 3 개월 동안 무실적 회원이 카드를 추가·교체 발급한 경우

[유의사항]
예매 대행사이트 이용 시 즉시할인이 적용되지 않습니다.
삼성카드의 다른 혜택과 중복 적용되지 않으며,할인 혜택이 큰 금액만 적용됩니다."
ABP1459_B0011,ABP1459,주요혜택,놀이공원 할인,서비스 안내,레저/스포츠,9,Offline,할인,50,%,"에버랜드, 롯데월드, 서울랜드, 통도환타지아, 대전오월드, 경주월드, 이월드",직전 3개월 월평균 일시불 및 할부 이용금액 30만원 이상,300000,,,,5,,,,,2026-06-08 05:57:44,레저/스포츠 50% 할인,"[서비스 안내]
놀이공원 자유이용권 50% ·워터파크 입장권 30% 현장할인

[할인기준]
<table class=""benefit-table""><tr><th>대상점</th><th>서비스내용</th></tr><tr><th>에버랜드</th><td>자유이용권 50% 현장할인 홈페이지 예매 할인 가능(제휴 할인 카드 선택) 예약하기</td></tr><tr><th>롯데월드</th><td>자유이용권 50% 현장할인 홈페이지 예매 할인 가능(제휴 할인 카드 선택) 예약하기</td></tr><tr><th>서울랜드, 통도환타지아, 대전오월드, 경주월드</th><td>자유이용권 50% 현장할인</td></tr><tr><th>이월드</th><td>자유이용권 50% 현장할인 또는 무료 입장</td></tr><tr><th>캐리비안베이, 아쿠아환타지아, 캘리포니아비치</th><td>입장권 30% 현장할인</td></tr><tr><th>중흥골드스파, 디오션리조트 워터파크, 스파밸리</th><td>입장권 30% 현장할인(동반 1인 포함)</td></tr></table>

[이용조건]
삼성카드의 다른 현장할인 혜택과 중복 적용되지 않습니다.
직전 3개월 월평균 일시불 및 할부 이용금액 30 만원 이상 시 제공
아래의 경우, 발급월+2개월까지는 이용금액에 관계없이 1회 제공 삼성카드 신규 회원 직전 3개월 동안 무실적 회원이 카드를 추가·교체 발급한 경우
삼성카드 신규 회원
직전 3개월 동안 무실적 회원이 카드를 추가·교체 발급한 경우
카드당 통합 일 1 회, 연 5 회 제공
연 기준 : 1.1~12.31"
ABP1459_B0012,ABP1459,주요혜택,놀이공원 할인,서비스 안내,레저/스포츠,9,Offline,할인,30,%,"캐리비안베이, 아쿠아환타지아, 캘리포니아비치, 중흥골드스파, 디오션리조트 워터파크, 스파밸리",직전 3개월 월평균 일시불 및 할부 이용금액 30만원 이상,300000,,,,5,,,,,2026-06-08 05:57:44,레저/스포츠 30% 할인,"[서비스 안내]
놀이공원 자유이용권 50% ·워터파크 입장권 30% 현장할인

[할인기준]
<table class=""benefit-table""><tr><th>대상점</th><th>서비스내용</th></tr><tr><th>에버랜드</th><td>자유이용권 50% 현장할인 홈페이지 예매 할인 가능(제휴 할인 카드 선택) 예약하기</td></tr><tr><th>롯데월드</th><td>자유이용권 50% 현장할인 홈페이지 예매 할인 가능(제휴 할인 카드 선택) 예약하기</td></tr><tr><th>서울랜드, 통도환타지아, 대전오월드, 경주월드</th><td>자유이용권 50% 현장할인</td></tr><tr><th>이월드</th><td>자유이용권 50% 현장할인 또는 무료 입장</td></tr><tr><th>캐리비안베이, 아쿠아환타지아, 캘리포니아비치</th><td>입장권 30% 현장할인</td></tr><tr><th>중흥골드스파, 디오션리조트 워터파크, 스파밸리</th><td>입장권 30% 현장할인(동반 1인 포함)</td></tr></table>

[이용조건]
삼성카드의 다른 현장할인 혜택과 중복 적용되지 않습니다.
직전 3개월 월평균 일시불 및 할부 이용금액 30 만원 이상 시 제공
아래의 경우, 발급월+2개월까지는 이용금액에 관계없이 1회 제공 삼성카드 신규 회원 직전 3개월 동안 무실적 회원이 카드를 추가·교체 발급한 경우
삼성카드 신규 회원
직전 3개월 동안 무실적 회원이 카드를 추가·교체 발급한 경우
카드당 통합 일 1 회, 연 5 회 제공
연 기준 : 1.1~12.31"
ABP1459_B0013,ABP1459,주요혜택,후불교통 서비스,후불교통 서비스,대중교통/택시,5,,서비스,,,,,,,,,,,,,,2026-06-08 05:57:44,후불교통 서비스,"[서비스안내]
후불교통카드 기능 제공

[제공기준]
발급대상 : 만 19 세 이상(연체 등 신용상태에 따라 이용 제한 가능)
후불교통 이용금액 청구방식(결제일 25 일 기준 : 전월 13 일~해당월 12 일) 2015년 2 월 23 일 이후 발급 시 : 체크카드 결제계좌로 해당월 25 일에 청구 2015 년 2 월 22 일 이전 발급 시 : 신용카드 보유 시 신용카드 결제일에 결제계좌로 통합 청구되며, 체크카드만 보유 시 최초 발급받은 체크카드 결제계좌로 해당월 25 일에 청구
2015년 2 월 23 일 이후 발급 시 : 체크카드 결제계좌로 해당월 25 일에 청구
2015 년 2 월 22 일 이전 발급 시 : 신용카드 보유 시 신용카드 결제일에 결제계좌로 통합 청구되며, 체크카드만 보유 시 최초 발급받은 체크카드 결제계좌로 해당월 25 일에 청구

[유의사항]
택시 이용건은 제외됩니다.
후불교통 이용금액 연체 시 신용상 불이익을 받을 수 있습니다."
AAP1200_B0001,AAP1200,주요혜택,CJ ONE 더블적립,서비스안내,문화/엔터,11,Offline,포인트,2,배,CGV,전월 20만원 이상,200000,,,,,,,,,2026-06-08 05:58:44,문화/엔터 2배 적립,"[서비스안내]
CJ ONE 포인트 멤버십 대비 2배~5배 적립

[대상점]
CGV , 뚜레쥬르, VIPS , 투썸플레이스, CJ 온스타일, Mnet , 올리브영, CJ 온마트, 티빙, 비비고, 더플레이스, 제일제면소, 빕스버거

[이용조건]
전월 일시불 및 할부 이용금액 20 만원 이상 시 제공
최초 발급 시 발급월+1개월까지는 전월이용금액에 관계없이 2배 적립

[유의사항]
올리브영은 기본 적립률의 5배 적립이 제공됩니다.
제휴할인 시 더블 적립이 함께 적용되며, 더블 적립만 독립적으로 적용 불가합니다.
뚜레쥬르, 투썸플레이스는 해당 카드 혜택인 15% 할인 적용 시, 할인 후 결제금액의 1%(0.5%X2배) 가 적립되며, 할인횟수 초과 시에는 할인 없이 기본 적립률의 2 배가 적립됩니다.
뚜레쥬르·투썸플레이스 온라인몰에서는 전월 실적 20 만원 이상 시, 별도의 할인 없이 해당 몰 기본 적립률의 2 배가 적립됩니다.
CJ ONE 포인트의 유효기간은 2 년으로, 유효기간 만료 시 월 단위로 자동 소멸됩니다.
보유 포인트는 1,000 포인트 이상 시 CJ ONE 가맹점에서 사용할 수 있습니다.
해당 카드를 통해 적립되는 포인트는 서비스 이용약관 및 CJ ONE 포인트의 기준을 따릅니다.
기본 적립률은 제휴사의 사정으로 변경될 수 있습니다.
CJ ONE 포인트 기본 적립률 및 포인트에 대한 자세한 내용은 CJ ONE 홈페이지( www.cjone.com )를 통해 확인할 수 있습니다."
AAP1200_B0002,AAP1200,주요혜택,CJ ONE 더블적립,서비스안내,카페/베이커리,14,Both,포인트,2,배,"뚜레쥬르, 투썸플레이스",전월 20만원 이상,200000,,,,,,,,,2026-06-08 05:58:44,카페/베이커리 2배 적립,"[서비스안내]
CJ ONE 포인트 멤버십 대비 2배~5배 적립

[대상점]
CGV , 뚜레쥬르, VIPS , 투썸플레이스, CJ 온스타일, Mnet , 올리브영, CJ 온마트, 티빙, 비비고, 더플레이스, 제일제면소, 빕스버거

[이용조건]
전월 일시불 및 할부 이용금액 20 만원 이상 시 제공
최초 발급 시 발급월+1개월까지는 전월이용금액에 관계없이 2배 적립

[유의사항]
올리브영은 기본 적립률의 5배 적립이 제공됩니다.
제휴할인 시 더블 적립이 함께 적용되며, 더블 적립만 독립적으로 적용 불가합니다.
뚜레쥬르, 투썸플레이스는 해당 카드 혜택인 15% 할인 적용 시, 할인 후 결제금액의 1%(0.5%X2배) 가 적립되며, 할인횟수 초과 시에는 할인 없이 기본 적립률의 2 배가 적립됩니다.
뚜레쥬르·투썸플레이스 온라인몰에서는 전월 실적 20 만원 이상 시, 별도의 할인 없이 해당 몰 기본 적립률의 2 배가 적립됩니다.
CJ ONE 포인트의 유효기간은 2 년으로, 유효기간 만료 시 월 단위로 자동 소멸됩니다.
보유 포인트는 1,000 포인트 이상 시 CJ ONE 가맹점에서 사용할 수 있습니다.
해당 카드를 통해 적립되는 포인트는 서비스 이용약관 및 CJ ONE 포인트의 기준을 따릅니다.
기본 적립률은 제휴사의 사정으로 변경될 수 있습니다.
CJ ONE 포인트 기본 적립률 및 포인트에 대한 자세한 내용은 CJ ONE 홈페이지( www.cjone.com )를 통해 확인할 수 있습니다."
AAP1200_B0003,AAP1200,주요혜택,CJ ONE 더블적립,서비스안내,외식,16,Offline,포인트,2,배,"VIPS, 비비고, 제일제면소, 빕스버거, 더플레이스",전월 20만원 이상,200000,,,,,,,,,2026-06-08 05:58:44,외식 2배 적립,"[서비스안내]
CJ ONE 포인트 멤버십 대비 2배~5배 적립

[대상점]
CGV , 뚜레쥬르, VIPS , 투썸플레이스, CJ 온스타일, Mnet , 올리브영, CJ 온마트, 티빙, 비비고, 더플레이스, 제일제면소, 빕스버거

[이용조건]
전월 일시불 및 할부 이용금액 20 만원 이상 시 제공
최초 발급 시 발급월+1개월까지는 전월이용금액에 관계없이 2배 적립

[유의사항]
올리브영은 기본 적립률의 5배 적립이 제공됩니다.
제휴할인 시 더블 적립이 함께 적용되며, 더블 적립만 독립적으로 적용 불가합니다.
뚜레쥬르, 투썸플레이스는 해당 카드 혜택인 15% 할인 적용 시, 할인 후 결제금액의 1%(0.5%X2배) 가 적립되며, 할인횟수 초과 시에는 할인 없이 기본 적립률의 2 배가 적립됩니다.
뚜레쥬르·투썸플레이스 온라인몰에서는 전월 실적 20 만원 이상 시, 별도의 할인 없이 해당 몰 기본 적립률의 2 배가 적립됩니다.
CJ ONE 포인트의 유효기간은 2 년으로, 유효기간 만료 시 월 단위로 자동 소멸됩니다.
보유 포인트는 1,000 포인트 이상 시 CJ ONE 가맹점에서 사용할 수 있습니다.
해당 카드를 통해 적립되는 포인트는 서비스 이용약관 및 CJ ONE 포인트의 기준을 따릅니다.
기본 적립률은 제휴사의 사정으로 변경될 수 있습니다.
CJ ONE 포인트 기본 적립률 및 포인트에 대한 자세한 내용은 CJ ONE 홈페이지( www.cjone.com )를 통해 확인할 수 있습니다."
AAP1200_B0004,AAP1200,주요혜택,CJ ONE 더블적립,서비스안내,구독/스트리밍,8,Online,포인트,2,배,"Mnet, 티빙",전월 20만원 이상,200000,,,,,,,,,2026-06-08 05:58:44,구독/스트리밍 2배 적립,"[서비스안내]
CJ ONE 포인트 멤버십 대비 2배~5배 적립

[대상점]
CGV , 뚜레쥬르, VIPS , 투썸플레이스, CJ 온스타일, Mnet , 올리브영, CJ 온마트, 티빙, 비비고, 더플레이스, 제일제면소, 빕스버거

[이용조건]
전월 일시불 및 할부 이용금액 20 만원 이상 시 제공
최초 발급 시 발급월+1개월까지는 전월이용금액에 관계없이 2배 적립

[유의사항]
올리브영은 기본 적립률의 5배 적립이 제공됩니다.
제휴할인 시 더블 적립이 함께 적용되며, 더블 적립만 독립적으로 적용 불가합니다.
뚜레쥬르, 투썸플레이스는 해당 카드 혜택인 15% 할인 적용 시, 할인 후 결제금액의 1%(0.5%X2배) 가 적립되며, 할인횟수 초과 시에는 할인 없이 기본 적립률의 2 배가 적립됩니다.
뚜레쥬르·투썸플레이스 온라인몰에서는 전월 실적 20 만원 이상 시, 별도의 할인 없이 해당 몰 기본 적립률의 2 배가 적립됩니다.
CJ ONE 포인트의 유효기간은 2 년으로, 유효기간 만료 시 월 단위로 자동 소멸됩니다.
보유 포인트는 1,000 포인트 이상 시 CJ ONE 가맹점에서 사용할 수 있습니다.
해당 카드를 통해 적립되는 포인트는 서비스 이용약관 및 CJ ONE 포인트의 기준을 따릅니다.
기본 적립률은 제휴사의 사정으로 변경될 수 있습니다.
CJ ONE 포인트 기본 적립률 및 포인트에 대한 자세한 내용은 CJ ONE 홈페이지( www.cjone.com )를 통해 확인할 수 있습니다."
AAP1200_B0005,AAP1200,주요혜택,CJ ONE 더블적립,서비스안내,슈퍼마켓/생활잡화,3,Offline,포인트,2,배,CJ 온마트,전월 20만원 이상,200000,,,,,,,,,2026-06-08 05:58:44,슈퍼마켓/생활잡화 2배 적립,"[서비스안내]
CJ ONE 포인트 멤버십 대비 2배~5배 적립

[대상점]
CGV , 뚜레쥬르, VIPS , 투썸플레이스, CJ 온스타일, Mnet , 올리브영, CJ 온마트, 티빙, 비비고, 더플레이스, 제일제면소, 빕스버거

[이용조건]
전월 일시불 및 할부 이용금액 20 만원 이상 시 제공
최초 발급 시 발급월+1개월까지는 전월이용금액에 관계없이 2배 적립

[유의사항]
올리브영은 기본 적립률의 5배 적립이 제공됩니다.
제휴할인 시 더블 적립이 함께 적용되며, 더블 적립만 독립적으로 적용 불가합니다.
뚜레쥬르, 투썸플레이스는 해당 카드 혜택인 15% 할인 적용 시, 할인 후 결제금액의 1%(0.5%X2배) 가 적립되며, 할인횟수 초과 시에는 할인 없이 기본 적립률의 2 배가 적립됩니다.
뚜레쥬르·투썸플레이스 온라인몰에서는 전월 실적 20 만원 이상 시, 별도의 할인 없이 해당 몰 기본 적립률의 2 배가 적립됩니다.
CJ ONE 포인트의 유효기간은 2 년으로, 유효기간 만료 시 월 단위로 자동 소멸됩니다.
보유 포인트는 1,000 포인트 이상 시 CJ ONE 가맹점에서 사용할 수 있습니다.
해당 카드를 통해 적립되는 포인트는 서비스 이용약관 및 CJ ONE 포인트의 기준을 따릅니다.
기본 적립률은 제휴사의 사정으로 변경될 수 있습니다.
CJ ONE 포인트 기본 적립률 및 포인트에 대한 자세한 내용은 CJ ONE 홈페이지( www.cjone.com )를 통해 확인할 수 있습니다."
AAP1200_B0006,AAP1200,주요혜택,CJ ONE 더블적립,서비스안내,패션/뷰티,2,Offline,포인트,5,배,올리브영,전월 20만원 이상,200000,,,,,,,,,2026-06-08 05:58:44,패션/뷰티 5배 적립,"[서비스안내]
CJ ONE 포인트 멤버십 대비 2배~5배 적립

[대상점]
CGV , 뚜레쥬르, VIPS , 투썸플레이스, CJ 온스타일, Mnet , 올리브영, CJ 온마트, 티빙, 비비고, 더플레이스, 제일제면소, 빕스버거

[이용조건]
전월 일시불 및 할부 이용금액 20 만원 이상 시 제공
최초 발급 시 발급월+1개월까지는 전월이용금액에 관계없이 2배 적립

[유의사항]
올리브영은 기본 적립률의 5배 적립이 제공됩니다.
제휴할인 시 더블 적립이 함께 적용되며, 더블 적립만 독립적으로 적용 불가합니다.
뚜레쥬르, 투썸플레이스는 해당 카드 혜택인 15% 할인 적용 시, 할인 후 결제금액의 1%(0.5%X2배) 가 적립되며, 할인횟수 초과 시에는 할인 없이 기본 적립률의 2 배가 적립됩니다.
뚜레쥬르·투썸플레이스 온라인몰에서는 전월 실적 20 만원 이상 시, 별도의 할인 없이 해당 몰 기본 적립률의 2 배가 적립됩니다.
CJ ONE 포인트의 유효기간은 2 년으로, 유효기간 만료 시 월 단위로 자동 소멸됩니다.
보유 포인트는 1,000 포인트 이상 시 CJ ONE 가맹점에서 사용할 수 있습니다.
해당 카드를 통해 적립되는 포인트는 서비스 이용약관 및 CJ ONE 포인트의 기준을 따릅니다.
기본 적립률은 제휴사의 사정으로 변경될 수 있습니다.
CJ ONE 포인트 기본 적립률 및 포인트에 대한 자세한 내용은 CJ ONE 홈페이지( www.cjone.com )를 통해 확인할 수 있습니다."
AAP1200_B0007,AAP1200,주요혜택,CJ ONE 더블적립,서비스안내,온라인쇼핑,1,Online,포인트,2,배,CJ 온스타일,전월 20만원 이상,200000,,,,,,,,,2026-06-08 05:58:44,온라인쇼핑 2배 적립,"[서비스안내]
CJ ONE 포인트 멤버십 대비 2배~5배 적립

[대상점]
CGV , 뚜레쥬르, VIPS , 투썸플레이스, CJ 온스타일, Mnet , 올리브영, CJ 온마트, 티빙, 비비고, 더플레이스, 제일제면소, 빕스버거

[이용조건]
전월 일시불 및 할부 이용금액 20 만원 이상 시 제공
최초 발급 시 발급월+1개월까지는 전월이용금액에 관계없이 2배 적립

[유의사항]
올리브영은 기본 적립률의 5배 적립이 제공됩니다.
제휴할인 시 더블 적립이 함께 적용되며, 더블 적립만 독립적으로 적용 불가합니다.
뚜레쥬르, 투썸플레이스는 해당 카드 혜택인 15% 할인 적용 시, 할인 후 결제금액의 1%(0.5%X2배) 가 적립되며, 할인횟수 초과 시에는 할인 없이 기본 적립률의 2 배가 적립됩니다.
뚜레쥬르·투썸플레이스 온라인몰에서는 전월 실적 20 만원 이상 시, 별도의 할인 없이 해당 몰 기본 적립률의 2 배가 적립됩니다.
CJ ONE 포인트의 유효기간은 2 년으로, 유효기간 만료 시 월 단위로 자동 소멸됩니다.
보유 포인트는 1,000 포인트 이상 시 CJ ONE 가맹점에서 사용할 수 있습니다.
해당 카드를 통해 적립되는 포인트는 서비스 이용약관 및 CJ ONE 포인트의 기준을 따릅니다.
기본 적립률은 제휴사의 사정으로 변경될 수 있습니다.
CJ ONE 포인트 기본 적립률 및 포인트에 대한 자세한 내용은 CJ ONE 홈페이지( www.cjone.com )를 통해 확인할 수 있습니다."
AAP1200_B0008,AAP1200,주요혜택,CJ ONE 특별적립,서비스안내,기타,22,,포인트,0.5,%,CJ ONE 제휴점 외 일반 제휴점,전월 20만원 이상,200000,,,,,,,,,2026-06-08 05:58:44,기타 0.5% 적립,"[서비스안내]
CJ ONE 제휴점 외 일반 제휴점 이용 시 0.5% CJ ONE 포인트 특별 적립

[이용조건]
전월 일시불 및 할부 이용금액 20 만원 이상 시 제공(월 기준 : 1일~말일)

[적립 제외 대상]
CJ ONE 제휴점, 무이자할부, 고용/산재보험 및 장애인 고용부담금, 국세/지방세/공과금, 대중교통,선불카드 충전(삼성유포인트카드, 삼성전자 멤버십 BLUE 삼성선불카드, 삼성올앳카드), 휴대폰알림서비스( S.InfoCare ), 관리비 Info 서비스 이용금액

[유의사항]
카드 이용 후 다음 달 20 일 전후 적립 및 포인트를 사용할 수 있습니다.(토·일·공휴일인 경우 다음 영업일에 적립)"
AAP1200_B0009,AAP1200,주요혜택,놀이공원 할인,서비스 안내,레저/스포츠,9,Offline,할인,50,%,"에버랜드, 롯데월드, 서울랜드, 통도환타지아, 대전오월드, 경주월드, 이월드",직전 3개월 월평균 일시불 및 할부 이용금액 30만원 이상,300000,,,,5,,,,,2026-06-08 05:58:44,레저/스포츠 50% 할인,"[서비스 안내]
놀이공원 자유이용권 50% ·워터파크 입장권 30% 현장할인

[할인기준]
<table class=""benefit-table""><tr><th>대상점</th><th>서비스내용</th></tr><tr><th>에버랜드</th><td>자유이용권 50% 현장할인 홈페이지 예매 할인 가능(제휴 할인 카드 선택) 예약하기</td></tr><tr><th>롯데월드</th><td>자유이용권 50% 현장할인 홈페이지 예매 할인 가능(제휴 할인 카드 선택) 예약하기</td></tr><tr><th>서울랜드, 통도환타지아, 대전오월드, 경주월드</th><td>자유이용권 50% 현장할인</td></tr><tr><th>이월드</th><td>자유이용권 50% 현장할인 또는 무료 입장</td></tr><tr><th>캐리비안베이, 아쿠아환타지아, 캘리포니아비치</th><td>입장권 30% 현장할인</td></tr><tr><th>중흥골드스파, 디오션리조트 워터파크, 스파밸리</th><td>입장권 30% 현장할인(동반 1인 포함)</td></tr></table>

[이용조건]
직전 3개월 월평균 일시불 및 할부 이용금액 30 만원 이상 시 제공
아래의 경우, 발급월+2개월까지는 이용금액에 관계없이 1회 제공 삼성카드 신규 회원 직전 3개월 동안 무실적 회원이 카드를 추가·교체 발급한 경우
삼성카드 신규 회원
직전 3개월 동안 무실적 회원이 카드를 추가·교체 발급한 경우
카드당 통합 일 1 회, 연 5 회 제공
연 기준 : 1.1~12.31"
AAP1200_B0010,AAP1200,주요혜택,놀이공원 할인,서비스 안내,레저/스포츠,9,Offline,할인,30,%,"캐리비안베이, 아쿠아환타지아, 캘리포니아비치, 중흥골드스파, 디오션리조트 워터파크, 스파밸리",직전 3개월 월평균 일시불 및 할부 이용금액 30만원 이상,300000,,,,5,,,,,2026-06-08 05:58:44,레저/스포츠 30% 할인,"[서비스 안내]
놀이공원 자유이용권 50% ·워터파크 입장권 30% 현장할인

[할인기준]
<table class=""benefit-table""><tr><th>대상점</th><th>서비스내용</th></tr><tr><th>에버랜드</th><td>자유이용권 50% 현장할인 홈페이지 예매 할인 가능(제휴 할인 카드 선택) 예약하기</td></tr><tr><th>롯데월드</th><td>자유이용권 50% 현장할인 홈페이지 예매 할인 가능(제휴 할인 카드 선택) 예약하기</td></tr><tr><th>서울랜드, 통도환타지아, 대전오월드, 경주월드</th><td>자유이용권 50% 현장할인</td></tr><tr><th>이월드</th><td>자유이용권 50% 현장할인 또는 무료 입장</td></tr><tr><th>캐리비안베이, 아쿠아환타지아, 캘리포니아비치</th><td>입장권 30% 현장할인</td></tr><tr><th>중흥골드스파, 디오션리조트 워터파크, 스파밸리</th><td>입장권 30% 현장할인(동반 1인 포함)</td></tr></table>

[이용조건]
직전 3개월 월평균 일시불 및 할부 이용금액 30 만원 이상 시 제공
아래의 경우, 발급월+2개월까지는 이용금액에 관계없이 1회 제공 삼성카드 신규 회원 직전 3개월 동안 무실적 회원이 카드를 추가·교체 발급한 경우
삼성카드 신규 회원
직전 3개월 동안 무실적 회원이 카드를 추가·교체 발급한 경우
카드당 통합 일 1 회, 연 5 회 제공
연 기준 : 1.1~12.31"
AAP1200_B0011,AAP1200,주요혜택,CJ ONE 멤버십서비스,CJ ONE 멤버십서비스,기타,22,,서비스,,,,,,,,,,,,,,2026-06-08 05:58:44,CJ ONE 멤버십서비스,"[서비스안내]
CJ ONE 포인트 기본 적립

[적립기준]
적립처 : CGV, 뚜레쥬르, VIPS, CJ 온스타일, 올리브영, CJ 더마켓, 티빙, 더플레이스, 제일제면소 등

[유의사항]
대상점 및 사용처 등 멤버십에 대한 자세한 내용은 CJ ONE 홈페이지( www.cjone.com )에서 확인할 수 있습니다.
CJ ONE 포인트의 유효기간은2년으로, 보유 포인트 1,000 포인트 이상 시 사용할 수 있습니다.
CJ ONE 포인트의 적립 기준 및 서비스 이용약관에 따릅니다.
CJ ONE 포인트는 CJ 계열 제휴점에서 사용할 수 있습니다."
AAP1200_B0012,AAP1200,주요혜택,CJ푸드빌 할인,서비스안내,외식,16,Offline,할인,15,%,"더플레이스, 제일제면소, 비비고, VIPS, 빕스버거",전월 20만원 이상,200000,,,,5,30000,원,,,2026-06-08 05:58:44,외식 15% 할인,"[서비스안내]
CJ 푸드빌 15% 현장할인

[대상점]
뚜레쥬르, 투썸플레이스, 비비고, 더플레이스, 제일제면소, 빕스버거

[이용조건]
할인한도 : 회당 30,000 원(이용금액 20 만원까지 적용)
전월 일시불 및 할부 이용금액 20 만원 이상 시 제공(월 기준 : 1일~말일)
최초 카드 발급 시 발급월+1개월까지는 전월 이용금액에 관계없이 제공
월 5회 제공

[유의사항]
할인횟수 초과 시, CJ ONE 기본 적립률의 2배가 적립됩니다.
전월 이용금액 미만 시, CJ ONE 기본 적립률만 적립됩니다.
다른 제휴 할인 서비스와 중복 적용되지 않습니다.
일부 브랜드 코엑스몰점은 할인서비스 및 더블 적립이 제외됩니다.
일부 가맹점(마트,병원,휴게소,영화관內 가맹점)의 경우 할인 및 더블적립이 제외될 수 있습니다.
CJ ONE 제휴브랜드에 대한 자세한 내용은 CJ ONE 홈페이지( www.cjone.com )에서 확인할 수 있습니다."
AAP1200_B0013,AAP1200,주요혜택,CJ푸드빌 할인,서비스안내,카페/베이커리,14,Offline,할인,15,%,"뚜레쥬르, 투썸플레이스",전월 20만원 이상,200000,,,,5,30000,원,,,2026-06-08 05:58:44,카페/베이커리 15% 할인,"[서비스안내]
CJ 푸드빌 15% 현장할인

[대상점]
뚜레쥬르, 투썸플레이스, 비비고, 더플레이스, 제일제면소, 빕스버거

[이용조건]
할인한도 : 회당 30,000 원(이용금액 20 만원까지 적용)
전월 일시불 및 할부 이용금액 20 만원 이상 시 제공(월 기준 : 1일~말일)
최초 카드 발급 시 발급월+1개월까지는 전월 이용금액에 관계없이 제공
월 5회 제공

[유의사항]
할인횟수 초과 시, CJ ONE 기본 적립률의 2배가 적립됩니다.
전월 이용금액 미만 시, CJ ONE 기본 적립률만 적립됩니다.
다른 제휴 할인 서비스와 중복 적용되지 않습니다.
일부 브랜드 코엑스몰점은 할인서비스 및 더블 적립이 제외됩니다.
일부 가맹점(마트,병원,휴게소,영화관內 가맹점)의 경우 할인 및 더블적립이 제외될 수 있습니다.
CJ ONE 제휴브랜드에 대한 자세한 내용은 CJ ONE 홈페이지( www.cjone.com )에서 확인할 수 있습니다."
AAP1200_B0014,AAP1200,주요혜택,CGV 할인,서비스안내,문화/엔터,11,Both,할인,4000,원,CGV,전월 일시불 및 할부 이용금액 20만원 이상~50만원 미만,200000,500000,,,12,,,,,2026-06-08 05:58:44,문화/엔터 4천원 할인,"[서비스안내]
CGV 온라인예매 및 현장결제 시 4,000 원· 8,000 원 현장할인

[할인기준]
<table class=""benefit-table""><tr><th>전월 일시불 및 할부 이용금액(월 기준 : 1일~말일)</th><th>20 만원 이상~ 50 만원 미만</th><th>50 만원 이상</th></tr><tr><th>할인금액</th><td>4,000 원</td><td>8,000 원</td></tr></table>
할인 후 금액이 1,000 원 미만일 경우, 최소 결제금액 1,000 원을 제외한 금액이 할인 (예시 : 8,000 원 할인대상 회원이 8,500 원 결제 시 7,500 원 할인)

[이용조건]
최초 카드 발급 시 발급월+1개월까지는 전월 이용금액에 관계없이 4,000 원 할인 제공
월 1회, 연 12 회 제공(연 기준 : 1.1~12.31 )

[유의사항]
CJ ONE 멤버십과 해당 카드 명의자가 다른 경우 CGV 할인 혜택이 적용되지 않습니다.
다른 제휴 할인 서비스와 중복 적용되지 않습니다.
CGV 강동·군자는 CGV 할인서비스 및 더블 적립이 제외됩니다."
AAP1200_B0015,AAP1200,주요혜택,CGV 할인,서비스안내,문화/엔터,11,Both,할인,8000,원,CGV,전월 일시불 및 할부 이용금액 50만원 이상,500000,,,,12,,,,,2026-06-08 05:58:44,문화/엔터 8천원 할인,"[서비스안내]
CGV 온라인예매 및 현장결제 시 4,000 원· 8,000 원 현장할인

[할인기준]
<table class=""benefit-table""><tr><th>전월 일시불 및 할부 이용금액(월 기준 : 1일~말일)</th><th>20 만원 이상~ 50 만원 미만</th><th>50 만원 이상</th></tr><tr><th>할인금액</th><td>4,000 원</td><td>8,000 원</td></tr></table>
할인 후 금액이 1,000 원 미만일 경우, 최소 결제금액 1,000 원을 제외한 금액이 할인 (예시 : 8,000 원 할인대상 회원이 8,500 원 결제 시 7,500 원 할인)

[이용조건]
최초 카드 발급 시 발급월+1개월까지는 전월 이용금액에 관계없이 4,000 원 할인 제공
월 1회, 연 12 회 제공(연 기준 : 1.1~12.31 )

[유의사항]
CJ ONE 멤버십과 해당 카드 명의자가 다른 경우 CGV 할인 혜택이 적용되지 않습니다.
다른 제휴 할인 서비스와 중복 적용되지 않습니다.
CGV 강동·군자는 CGV 할인서비스 및 더블 적립이 제외됩니다."
AAP1200_B0016,AAP1200,주요혜택,CJ푸드빌 할인,할인기준,외식,16,Offline,할인,20,%,VIPS,전월 20만원 이상 ~ 50만원 미만,200000,500000,200000,,12,40000,원,,,2026-06-08 05:58:44,외식 20% 할인,"[서비스안내]
CJ 푸드빌 20%·30% 현장할인

[대상점]
VIPS

[할인기준]
<table class=""benefit-table""><tr><th>전월 일시불 및 할부 이용금액(월 기준: 1일~말일)</th><th>할인율</th><th>1회 할인한도</th></tr><tr><th>20 만원 이상~ 50 만원 미만</th><td>20%</td><td>40,000 원</td></tr><tr><th>50 만원 이상</th><td>30%</td><td>60,000 원</td></tr></table>

[이용조건]
할인한도 : 회당 이용금액 20 만원까지 적용
전월 일시불 및 할부 이용금액 20 만원 이상 시 제공(월 기준 : 1일~말일)
최초 카드 발급 시 발급월+1개월까지는 전월 이용금액에 관계없이 제공
일 1회, 연 12 회 제공

[유의사항]
할인횟수 초과 시, CJ ONE 기본 적립률의 2배가 적립됩니다.
전월 이용금액 미만 시, CJ ONE 멤버십 서비스만 제공됩니다.
CJ ONE 멤버십에 대한 자세한 내용은 CJ ONE 홈페이지( www.cjone.com )에서 확인할 수 있습니다.
다른 제휴 할인 서비스와 중복 적용되지 않습니다."
AAP1200_B0017,AAP1200,주요혜택,CJ푸드빌 할인,할인기준,외식,16,Offline,할인,30,%,VIPS,전월 50만원 이상,500000,,200000,,12,60000,원,,,2026-06-08 05:58:44,외식 30% 할인,"[서비스안내]
CJ 푸드빌 20%·30% 현장할인

[대상점]
VIPS

[할인기준]
<table class=""benefit-table""><tr><th>전월 일시불 및 할부 이용금액(월 기준: 1일~말일)</th><th>할인율</th><th>1회 할인한도</th></tr><tr><th>20 만원 이상~ 50 만원 미만</th><td>20%</td><td>40,000 원</td></tr><tr><th>50 만원 이상</th><td>30%</td><td>60,000 원</td></tr></table>

[이용조건]
할인한도 : 회당 이용금액 20 만원까지 적용
전월 일시불 및 할부 이용금액 20 만원 이상 시 제공(월 기준 : 1일~말일)
최초 카드 발급 시 발급월+1개월까지는 전월 이용금액에 관계없이 제공
일 1회, 연 12 회 제공

[유의사항]
할인횟수 초과 시, CJ ONE 기본 적립률의 2배가 적립됩니다.
전월 이용금액 미만 시, CJ ONE 멤버십 서비스만 제공됩니다.
CJ ONE 멤버십에 대한 자세한 내용은 CJ ONE 홈페이지( www.cjone.com )에서 확인할 수 있습니다.
다른 제휴 할인 서비스와 중복 적용되지 않습니다."
AAP1832_B0001,AAP1832,주요혜택,기프트서비스,기프트서비스,기타,22,,서비스,,,,,,,,,,,,,,2026-06-08 05:59:55,기프트서비스,"[서비스안내]
<table class=""benefit-table""><tr><th rowspan=""4"">GIFT Ⅰ(택 2 ) 4가지 기프트 중에서 매년 2가지를 선택하여 사전 신청 후 이용
      (동일한 기프트 중복 선택 가능)</th><th>FLIGHT</th><td>아시아나 20,000마일리지 적립</td></tr><tr><th>HOTEL</th><td>국내 특급 호텔 객실/다이닝 25만원 현장할인</td></tr><tr><th>GOLF</th><td>대상 골프장 주중 부킹 대행 및 25만원 
          현장할인</td></tr><tr><th>SHOPPING</th><td>신라면세점 27만원 결제일할인</td></tr></table>

[신청 및 문의]
삼성카드 홈페이지/앱 ‘내카드 혜택’(신청만 가능)
THE iD. TITANIUM 상담 데스크 1588-6465

[이용방법]

[신청기간]
발급일로부터 12개월 예시 : 2023.4.1에 발급 받은 경우 2024.3.31까지 * 카드 최초 발급일을 기준으로 매년 1회 신청할 수 있습니다
예시 : 2023.4.1에 발급 받은 경우 2024.3.31까지 * 카드 최초 발급일을 기준으로 매년 1회 신청할 수 있습니다

[이용기간]
신청일로부터 12개월 예시 : 2023.4.25에 신청한 경우 2024.4.24까지
예시 : 2023.4.25에 신청한 경우 2024.4.24까지

[신청조건]
카드 발급 첫 해 : 일시불 및 할부 누적 이용금액 50만원 이상
발급 2차년도 이후 : 전년도 일시불 및 할부 이용금액 600만원 이상 예시 : 2023.4.1에 발급 받은 경우, 발급 첫 해는 2023.4.1~2024.3.31, 발급 2차년도는 2024.4.1~2025.3.31
예시 : 2023.4.1에 발급 받은 경우, 발급 첫 해는 2023.4.1~2024.3.31, 발급 2차년도는 2024.4.1~2025.3.31
카드 이용실적이 반영되기까지, 실제 카드 이용일로부터 1~7일(영업일 기준) 정도 소요됩니다.

[유의사항]
기프트는 결제건별 1회, 일 2회 이용할 수 있습니다.
기프트는 신청 당일에만 변경 가능하며, 신청 및 이용한 기프트는 취소할 수 없습니다.
신청기간에 신청하지 않거나 이용기간에 이용하지 않을 경우, 해당 연도 기프트는 자동 소멸되며 다음 해로 이월되지 않습니다.
기프트 이용 후 THE iD. TITANIUM 카드를 이용정지 또는 해지하거나 삼성카드를 탈회하는 경우, 이용한 기프트 금액은 연회비 반환 금액에서 제외됩니다.
기프트는 현금으로 교환 및 환불되지 않으며, 판매할 수 없습니다.
이용조건 등 자세한 내용은 기프트별 안내 페이지에서 확인해 주세요.
서비스가 중단 또는 변경되는 경우 사전 고지가 원칙이나, 제휴처의 갑작스러운 사업 종료 등 제휴처의 사정에 따라 사전 고지가 불가능할 수 있으므로 서비스 이용 전 확인해주시기 바랍니다.

[서비스안내(GIFT FLIGHT)]
아시아나 20,000 마일리지를 적립해 드립니다.
기프트 신청 후 마일리지 적립까지 10일(영업일 기준) 정도가 소요됩니다.
적립된 마일리지는 본인 회원이 보유한 아시아나 마일리지와 합산하여 사용할 수 있습니다.
적립된 마일리지의 사용방법 및 기준은 항공사 마일리지 사용 규정을 따르며, 자세한 내용은 항공사 홈페이지에서 확인해 주세요.

[서비스안내(GIFT HOTEL)]
국내 특급 호텔 객실/다이닝 25만원 현장할인 혜택을 드립니다.
<table class=""benefit-table""><tr><th>할인 대상</th><th>대상 서비스</th></tr><tr><td>그랜드 하얏트 서울</td><td>객실, 다이닝</td></tr><tr><td>그랜드 인터컨티넨탈 서울 파르나스</td><td>객실, 다이닝</td></tr><tr><td>서울신라호텔</td><td>객실, 다이닝</td></tr><tr><td>웨스틴 조선 서울</td><td>객실, 다이닝</td></tr><tr><td>조선 팰리스</td><td>객실, 다이닝</td></tr><tr><td>포시즌스 호텔 서울</td><td>다이닝</td></tr><tr><td>파크 하얏트 서울</td><td>객실, 다이닝</td></tr><tr><td>파라다이스시티</td><td>객실, 다이닝</td></tr><tr><td>그랜드 조선 부산</td><td>객실, 다이닝</td></tr><tr><td>파라다이스호텔 부산</td><td>객실, 다이닝</td></tr><tr><td>그랜드 하얏트 제주</td><td>객실</td></tr><tr><td>파르나스 호텔 제주</td><td>객실, 다이닝</td></tr></table>
예약 시 대상 호텔로 사전 예약해야 이용할 수 있습니다. 예약 가능한 객실 상품(객실 타입, 이용일 등)과 다이닝 대상점은
        호텔로 문의해 주세요. 예약이 조기 마감될 수 있으므로,충분한 기간을 두고 예약해 주세요. 예약 시 THE iD.TITANIUM 카드 기프트 이용 의사를 전달해 주세요. 공휴일과 특정기간에는 호텔에 따라 추가 비용이 발생하거나 이용이
        제한될 수 있으므로, 예약 시 호텔에 문의해 주세요.
대상 호텔로 사전 예약해야 이용할 수 있습니다.
예약 가능한 객실 상품(객실 타입, 이용일 등)과 다이닝 대상점은
        호텔로 문의해 주세요.
예약이 조기 마감될 수 있으므로,충분한 기간을 두고 예약해 주세요.
예약 시 THE iD.TITANIUM 카드 기프트 이용 의사를 전달해 주세요.
공휴일과 특정기간에는 호텔에 따라 추가 비용이 발생하거나 이용이
        제한될 수 있으므로, 예약 시 호텔에 문의해 주세요.
이용 시 대상 호텔에 THE iD.TITANIUM 카드를 제시하고 기프트 이용 의사를
        전달하면, 서비스 신청 여부 확인 후 이용할 수 있습니다. 기프트 이용내역 및 잔여횟수는 삼성카드 홈페이지(PC) 또는 앱에서
        확인해 주세요.
대상 호텔에 THE iD.TITANIUM 카드를 제시하고 기프트 이용 의사를
        전달하면, 서비스 신청 여부 확인 후 이용할 수 있습니다.
기프트 이용내역 및 잔여횟수는 삼성카드 홈페이지(PC) 또는 앱에서
        확인해 주세요.
건별 25만원 이상 결제 시 제공됩니다.
오프라인 결제건에 한하며,룸서비스,룸차지,델리(베이커리)는
      제외됩니다.
예약 취소는 호텔별 취소 가능 기간에 한하며, 예약 취소 없이 이용하지
      않을 경우 위약금이 부과될 수 있습니다.(위약금은 회원 본인 부담)
추가 비용 발생 시 THE iD.TITANIUM 카드로 결제해야 하며, 적용기준
      등 추가 비용 관련 자세한 내용은 호텔 및 대상점에서 확인해 주세요.
다른 쿠폰 및 할인 혜택과 중복 적용되지 않습니다.

[서비스안내(GIFT GOLF)]
대상 골프장 주중 부킹 대행 및 25만원 현장할인 혜택을 드립니다.
<table class=""benefit-table""><tr><th>할인 대상</th><th>대상 서비스</th></tr><tr><td>가평베네스트골프클럽</td><td rowspan=""3"">삼성프리미엄카드 골프 콜센터(02-3276-3901) 콜센터 운영시간 :
            월~금요일 09:00~12:00, 13:00~18:00 (토/일/공휴일 제외)</td></tr><tr><td>안성베네스트골프클럽</td></tr><tr><td>동래베네스트골프클럽</td></tr></table>
기프트 신청 후, 이용 약 3주 전부터 삼성프리미엄카드 골프 콜센터로
        사전 예약해야 이용할 수 있습니다.
골프장 회원 예약 마감 후 잔여 타임에 한해 예약 가능합니다. 예약이
        조기 마감될 수 있으므로, 충분한 기간을 두고 예약해 주세요.
예약 시 THE iD.TITANIUM 카드 기프트 이용 의사를 전달하면, 기프트
        신청 여부 및 THE iD.TITANIUM 카드 본인 회원 여부 확인 후 예약을
        접수해 드립니다.
예약이 확정되면 삼성프리미엄카드 골프 콜센터에서 전화 및
        문자메시지로 안내해 드리며, 기프트는 예약 확정 시점에 이용
        처리됩니다.
주중(월~금요일)에 한해 이용 가능하며, 특정기간에는 추가 비용이
        발생하거나 이용이 제한될 수 있으므로,예약 시 삼성프리미엄카드
        골프 콜센터에 문의해 주세요.
기프트 이용내역 및 잔여횟수는 삼성카드 홈페이지(PC) 또는 앱에서 확인해 주세요.
할인 혜택은 건별 25만원 이상 결제 시 제공됩니다.
캐디피 결제건은제외됩니다.
예약 취소는 골프장별 취소 가능 기간에 한하며, 취소 가능 기간 경과
        후 취소하거나 예약 취소 없이 이용하지 않을 경우 기프트는 이용
        처리됩니다. 이 경우, 해당 골프장의 이용 규정에 따라 일정 기간 동안
        예약이 불가능하며, 위약금이 부과될 수 있습니다.(위약금은 회원 본인부담)
추가 비용 발생 시 THE iD.TITANIUM 카드로 결제해야 합니다.
예약 취소 및 이용 규정 등 골프장 이용 관련 자세한 내용은 베네스트골프 홈페이지 (www.benestgolf.com)에서 확인해 주세요.

[서비스안내(GIFT SHOPPING)]
신라면세점(온오프라인)에서 27만원 결제일할인 혜택을 드립니다.
27만원 내에서 할인횟수 제한 없이 혜택이 제공됩니다.
국내 오프라인 및 공식 홈페이지/앱(내국인 전용)을 통한 결제건에 한하며, 임대매장 및 해외 오프라인 매장은 제외됩니다.
삼성카드의다른 결제일할인 혜택과 중복 적용되지 않습니다.
자체가맹점번호로 승인 처리되는 일부 결제건(간편결제, 키오스크 등)은 제외됩니다."
AAP1832_B0002,AAP1832,주요혜택,아시아나마일리지 적립,서비스안내,기타,22,,마일리지,2,마일리지,국내외 가맹점,,0,,,1500,,,,,,2026-06-08 05:59:55,"기타 1,500원당 2마일 적립","[서비스안내]
전월 이용금액에 관계없이, 적립한도 없이
    국내외 가맹점 이용금액 1,500원당 
    아시아나 2 마일리지를 기본 적립해 드립니다.

[적립 제외 대상]
무이자할부 이용금액
삼성카드 할인이 적용된 일시불 및 할부 이용금액
건강보험/국민연금/고용보험/산재보험 및 장애인 고용부담금, 국세/지방세/공과금 납부건
부동산 임대료 납부건
유치원 납입금, 초/중/고등학교 학교납입금, 대학 등록금 납부건
대중교통(후불교통기능/모바일교통기능 결제건), 택시, 고속버스(차내 단말기 및 고속버스 앱 결제), 고속도로 통행요금 납부건
기프트/선불카드(포인트, 사이버머니 등 전자지급수단 포함) 구매 및 충전, 상품권 구매건
문자알림서비스, 스마트오토서비스 이용금액
삼성카드와 구매캐시백 포인트 제공 계약을 체결한 일부 가맹점 의약품/유류 구매한도 대금결제건

[유의사항]
결제건당 삼성카드 접수금액 기준으로 마일리지가 적립되며, 결제금액을 1,500원으로 나누고 1 또는 2를 곱한 후 소수점 이하는 반올림하여 적립됩니다.
결제건 접수 후 마일리지 적립까지 10일(영업일 기준) 정도가 소요됩니다.
적립된 마일리지는 본인 회원이 보유한 아시아나 마일리지와 합산하여 사용할 수 있습니다.
적립된 마일리지의 사용방법 및 기준은 항공사 마일리지 사용 규정을 따르며, 자세한 내용은 항공사 홈페이지에서 확인해 주세요."
AAP1832_B0003,AAP1832,주요혜택,아시아나 1 마일리지 추가 적립,서비스안내,여행/숙박,17,Offline,마일리지,1,마일리지,"호텔, 콘도, 리조트",100만원 이상~200만원 미만,1000000,2000000,,1500,,,,1500,마일리지,2026-06-08 05:59:55,"여행/숙박 1,500원당 1마일 적립","[서비스안내]
여행/골프/면세점 이용금액 1,500원당 아시아나 1 마일리지를 
    추가 적립해 드립니다.
<table class=""benefit-table""><tr><th>구분</th><th>대상점</th></tr><tr><td>여행</td><td>호텔, 콘도, 리조트</td></tr><tr><td>골프</td><td>골프장, 골프연습장</td></tr><tr><td>면세점</td><td>신라/롯데/신세계/동화/HDC신라/JDC(제주)/JTO(제주)면세점</td></tr></table>

[전월 이용금액대별 통합 월 적립한도]
<table class=""benefit-table""><tr><th>100만원 이상</th><th>200만원 이상</th></tr><tr><td>1,500 마일리지</td><td>4,000 마일리지</td></tr></table>
아시아나 마일리지 추가 적립의 경우, 발급월+1개월까지는 전월 이용금액 100만원 미만 시에도 100만원 이상~200만원 미만 실적구간의 혜택이 제공됩니다.(전월 이용금액 200만원 이상 시에는 해당 실적구간 혜택 제공)
‘기본 2 마일리지+추가 1 또는 2 마일리지’의 형태로 적립됩니다. 예 : · 면세점에서 11,200원 결제 시 22 마일리지 적립(기본 15 마일리지+추가 7 마일리지) 면세점에서 11,300원 결제 시 23 마일리지 적립(기본 15 마일리지+추가 8 마일리지) 해외에서 11,800원 결제 시 32 마일리지 적립(기본 16 마일리지+추가 16 마일리지)
면세점에서 11,300원 결제 시 23 마일리지 적립(기본 15 마일리지+추가 8 마일리지)
해외에서 11,800원 결제 시 32 마일리지 적립(기본 16 마일리지+추가 16 마일리지)
적립한도 초과 시 다음 결제건부터 2 마일리지 기본 적립이 적용됩니다.
여행/골프는 국내 오프라인 결제건에 한합니다.
면세점은 국내 오프라인 매장 및 공식 홈페이지/앱(내국인 전용)을 통한 결제건에 한하며, 임대매장 및 해외 오프라인 매장은 제외됩니다.

[전월 이용금액 기준]
매월 1일부터 말일까지 이용한 일시불 및 할부 이용금액 (단기카드대출(현금서비스), 장기카드대출(카드론), 각종 수수료 및 이자(할부수수료, 카드대출 이자 등), 연체료, 연회비 납부건은 일시불 및 할부 이용금액에 해당되지 않음)

[전월 이용금액 제외 대상]
건강보험/국민연금/고용보험/산재보험 및 장애인 고용부담금, 국세/지방세/공과금 납부건
부동산 임대료 납부건
유치원 납입금, 초/중/고등학교 학교납입금, 대학 등록금 납부건
대중교통(후불교통기능/모바일교통기능 결제건), 택시 이용금액
기프트/선불카드(포인트, 사이버머니 등 전자지급수단 포함) 구매 및 충전, 상품권 구매건

[적립 제외 대상]
무이자할부 이용금액
삼성카드 할인이 적용된 일시불 및 할부 이용금액
대중교통(후불교통기능/모바일교통기능 결제건), 택시, 고속버스(차내 단말기 및 고속버스 앱 결제), 고속도로 통행요금 납부건
문자알림서비스, 스마트오토서비스 이용금액
삼성카드와 구매캐시백 포인트 제공 계약을 체결한 일부 가맹점 의약품/유류 구매한도 대금결제건

[유의사항]
전월 이용금액 산정은 승인일 기준으로 적용됩니다. 다만, 해외 결제건 및 무승인 결제건(예: 대중교통, 이동통신 등 정기결제건 등)은 매출전표 접수일 기준으로 적용됩니다.
결제건당 삼성카드 접수금액 기준으로 마일리지가 적립되며, 결제금액을 1,500원으로 나누고 1 또는 2를 곱한 후 소수점 
    이하는 반올림하여 적립됩니다.
결제건 접수 후 마일리지 적립까지 10일(영업일 기준) 정도가 소요됩니다.
적립된 마일리지는 본인 회원이 보유한 아시아나 마일리지와 합산하여 사용할 수 있습니다.
적립된 마일리지의 사용방법 및 기준은 항공사 마일리지 사용 규정을 따르며, 자세한 내용은 항공사 홈페이지에서 확인해 주세요.
자체 가맹점번호로 승인 처리되는 일부 결제건(간편결제, 키오스크 등)은 적립 대상에서 제외됩니다."
AAP1832_B0004,AAP1832,주요혜택,아시아나 1 마일리지 추가 적립,서비스안내,여행/숙박,17,Offline,마일리지,1,마일리지,"호텔, 콘도, 리조트",200만원 이상,2000000,,,1500,,,,4000,마일리지,2026-06-08 05:59:55,"여행/숙박 1,500원당 1마일 적립","[서비스안내]
여행/골프/면세점 이용금액 1,500원당 아시아나 1 마일리지를 
    추가 적립해 드립니다.
<table class=""benefit-table""><tr><th>구분</th><th>대상점</th></tr><tr><td>여행</td><td>호텔, 콘도, 리조트</td></tr><tr><td>골프</td><td>골프장, 골프연습장</td></tr><tr><td>면세점</td><td>신라/롯데/신세계/동화/HDC신라/JDC(제주)/JTO(제주)면세점</td></tr></table>

[전월 이용금액대별 통합 월 적립한도]
<table class=""benefit-table""><tr><th>100만원 이상</th><th>200만원 이상</th></tr><tr><td>1,500 마일리지</td><td>4,000 마일리지</td></tr></table>
아시아나 마일리지 추가 적립의 경우, 발급월+1개월까지는 전월 이용금액 100만원 미만 시에도 100만원 이상~200만원 미만 실적구간의 혜택이 제공됩니다.(전월 이용금액 200만원 이상 시에는 해당 실적구간 혜택 제공)
‘기본 2 마일리지+추가 1 또는 2 마일리지’의 형태로 적립됩니다. 예 : · 면세점에서 11,200원 결제 시 22 마일리지 적립(기본 15 마일리지+추가 7 마일리지) 면세점에서 11,300원 결제 시 23 마일리지 적립(기본 15 마일리지+추가 8 마일리지) 해외에서 11,800원 결제 시 32 마일리지 적립(기본 16 마일리지+추가 16 마일리지)
면세점에서 11,300원 결제 시 23 마일리지 적립(기본 15 마일리지+추가 8 마일리지)
해외에서 11,800원 결제 시 32 마일리지 적립(기본 16 마일리지+추가 16 마일리지)
적립한도 초과 시 다음 결제건부터 2 마일리지 기본 적립이 적용됩니다.
여행/골프는 국내 오프라인 결제건에 한합니다.
면세점은 국내 오프라인 매장 및 공식 홈페이지/앱(내국인 전용)을 통한 결제건에 한하며, 임대매장 및 해외 오프라인 매장은 제외됩니다.

[전월 이용금액 기준]
매월 1일부터 말일까지 이용한 일시불 및 할부 이용금액 (단기카드대출(현금서비스), 장기카드대출(카드론), 각종 수수료 및 이자(할부수수료, 카드대출 이자 등), 연체료, 연회비 납부건은 일시불 및 할부 이용금액에 해당되지 않음)

[전월 이용금액 제외 대상]
건강보험/국민연금/고용보험/산재보험 및 장애인 고용부담금, 국세/지방세/공과금 납부건
부동산 임대료 납부건
유치원 납입금, 초/중/고등학교 학교납입금, 대학 등록금 납부건
대중교통(후불교통기능/모바일교통기능 결제건), 택시 이용금액
기프트/선불카드(포인트, 사이버머니 등 전자지급수단 포함) 구매 및 충전, 상품권 구매건

[적립 제외 대상]
무이자할부 이용금액
삼성카드 할인이 적용된 일시불 및 할부 이용금액
대중교통(후불교통기능/모바일교통기능 결제건), 택시, 고속버스(차내 단말기 및 고속버스 앱 결제), 고속도로 통행요금 납부건
문자알림서비스, 스마트오토서비스 이용금액
삼성카드와 구매캐시백 포인트 제공 계약을 체결한 일부 가맹점 의약품/유류 구매한도 대금결제건

[유의사항]
전월 이용금액 산정은 승인일 기준으로 적용됩니다. 다만, 해외 결제건 및 무승인 결제건(예: 대중교통, 이동통신 등 정기결제건 등)은 매출전표 접수일 기준으로 적용됩니다.
결제건당 삼성카드 접수금액 기준으로 마일리지가 적립되며, 결제금액을 1,500원으로 나누고 1 또는 2를 곱한 후 소수점 
    이하는 반올림하여 적립됩니다.
결제건 접수 후 마일리지 적립까지 10일(영업일 기준) 정도가 소요됩니다.
적립된 마일리지는 본인 회원이 보유한 아시아나 마일리지와 합산하여 사용할 수 있습니다.
적립된 마일리지의 사용방법 및 기준은 항공사 마일리지 사용 규정을 따르며, 자세한 내용은 항공사 홈페이지에서 확인해 주세요.
자체 가맹점번호로 승인 처리되는 일부 결제건(간편결제, 키오스크 등)은 적립 대상에서 제외됩니다."
AAP1832_B0005,AAP1832,주요혜택,아시아나 1 마일리지 추가 적립,서비스안내,레저/스포츠,9,Offline,마일리지,1,마일리지,"골프장, 골프연습장",100만원 이상~200만원 미만,1000000,2000000,,1500,,,,1500,마일리지,2026-06-08 05:59:55,"레저/스포츠 1,500원당 1마일 적립","[서비스안내]
여행/골프/면세점 이용금액 1,500원당 아시아나 1 마일리지를 
    추가 적립해 드립니다.
<table class=""benefit-table""><tr><th>구분</th><th>대상점</th></tr><tr><td>여행</td><td>호텔, 콘도, 리조트</td></tr><tr><td>골프</td><td>골프장, 골프연습장</td></tr><tr><td>면세점</td><td>신라/롯데/신세계/동화/HDC신라/JDC(제주)/JTO(제주)면세점</td></tr></table>

[전월 이용금액대별 통합 월 적립한도]
<table class=""benefit-table""><tr><th>100만원 이상</th><th>200만원 이상</th></tr><tr><td>1,500 마일리지</td><td>4,000 마일리지</td></tr></table>
아시아나 마일리지 추가 적립의 경우, 발급월+1개월까지는 전월 이용금액 100만원 미만 시에도 100만원 이상~200만원 미만 실적구간의 혜택이 제공됩니다.(전월 이용금액 200만원 이상 시에는 해당 실적구간 혜택 제공)
‘기본 2 마일리지+추가 1 또는 2 마일리지’의 형태로 적립됩니다. 예 : · 면세점에서 11,200원 결제 시 22 마일리지 적립(기본 15 마일리지+추가 7 마일리지) 면세점에서 11,300원 결제 시 23 마일리지 적립(기본 15 마일리지+추가 8 마일리지) 해외에서 11,800원 결제 시 32 마일리지 적립(기본 16 마일리지+추가 16 마일리지)
면세점에서 11,300원 결제 시 23 마일리지 적립(기본 15 마일리지+추가 8 마일리지)
해외에서 11,800원 결제 시 32 마일리지 적립(기본 16 마일리지+추가 16 마일리지)
적립한도 초과 시 다음 결제건부터 2 마일리지 기본 적립이 적용됩니다.
여행/골프는 국내 오프라인 결제건에 한합니다.
면세점은 국내 오프라인 매장 및 공식 홈페이지/앱(내국인 전용)을 통한 결제건에 한하며, 임대매장 및 해외 오프라인 매장은 제외됩니다.

[전월 이용금액 기준]
매월 1일부터 말일까지 이용한 일시불 및 할부 이용금액 (단기카드대출(현금서비스), 장기카드대출(카드론), 각종 수수료 및 이자(할부수수료, 카드대출 이자 등), 연체료, 연회비 납부건은 일시불 및 할부 이용금액에 해당되지 않음)

[전월 이용금액 제외 대상]
건강보험/국민연금/고용보험/산재보험 및 장애인 고용부담금, 국세/지방세/공과금 납부건
부동산 임대료 납부건
유치원 납입금, 초/중/고등학교 학교납입금, 대학 등록금 납부건
대중교통(후불교통기능/모바일교통기능 결제건), 택시 이용금액
기프트/선불카드(포인트, 사이버머니 등 전자지급수단 포함) 구매 및 충전, 상품권 구매건

[적립 제외 대상]
무이자할부 이용금액
삼성카드 할인이 적용된 일시불 및 할부 이용금액
대중교통(후불교통기능/모바일교통기능 결제건), 택시, 고속버스(차내 단말기 및 고속버스 앱 결제), 고속도로 통행요금 납부건
문자알림서비스, 스마트오토서비스 이용금액
삼성카드와 구매캐시백 포인트 제공 계약을 체결한 일부 가맹점 의약품/유류 구매한도 대금결제건

[유의사항]
전월 이용금액 산정은 승인일 기준으로 적용됩니다. 다만, 해외 결제건 및 무승인 결제건(예: 대중교통, 이동통신 등 정기결제건 등)은 매출전표 접수일 기준으로 적용됩니다.
결제건당 삼성카드 접수금액 기준으로 마일리지가 적립되며, 결제금액을 1,500원으로 나누고 1 또는 2를 곱한 후 소수점 
    이하는 반올림하여 적립됩니다.
결제건 접수 후 마일리지 적립까지 10일(영업일 기준) 정도가 소요됩니다.
적립된 마일리지는 본인 회원이 보유한 아시아나 마일리지와 합산하여 사용할 수 있습니다.
적립된 마일리지의 사용방법 및 기준은 항공사 마일리지 사용 규정을 따르며, 자세한 내용은 항공사 홈페이지에서 확인해 주세요.
자체 가맹점번호로 승인 처리되는 일부 결제건(간편결제, 키오스크 등)은 적립 대상에서 제외됩니다."
AAP1832_B0006,AAP1832,주요혜택,아시아나 1 마일리지 추가 적립,서비스안내,레저/스포츠,9,Offline,마일리지,1,마일리지,"골프장, 골프연습장",200만원 이상,2000000,,,1500,,,,4000,마일리지,2026-06-08 05:59:55,"레저/스포츠 1,500원당 1마일 적립","[서비스안내]
여행/골프/면세점 이용금액 1,500원당 아시아나 1 마일리지를 
    추가 적립해 드립니다.
<table class=""benefit-table""><tr><th>구분</th><th>대상점</th></tr><tr><td>여행</td><td>호텔, 콘도, 리조트</td></tr><tr><td>골프</td><td>골프장, 골프연습장</td></tr><tr><td>면세점</td><td>신라/롯데/신세계/동화/HDC신라/JDC(제주)/JTO(제주)면세점</td></tr></table>

[전월 이용금액대별 통합 월 적립한도]
<table class=""benefit-table""><tr><th>100만원 이상</th><th>200만원 이상</th></tr><tr><td>1,500 마일리지</td><td>4,000 마일리지</td></tr></table>
아시아나 마일리지 추가 적립의 경우, 발급월+1개월까지는 전월 이용금액 100만원 미만 시에도 100만원 이상~200만원 미만 실적구간의 혜택이 제공됩니다.(전월 이용금액 200만원 이상 시에는 해당 실적구간 혜택 제공)
‘기본 2 마일리지+추가 1 또는 2 마일리지’의 형태로 적립됩니다. 예 : · 면세점에서 11,200원 결제 시 22 마일리지 적립(기본 15 마일리지+추가 7 마일리지) 면세점에서 11,300원 결제 시 23 마일리지 적립(기본 15 마일리지+추가 8 마일리지) 해외에서 11,800원 결제 시 32 마일리지 적립(기본 16 마일리지+추가 16 마일리지)
면세점에서 11,300원 결제 시 23 마일리지 적립(기본 15 마일리지+추가 8 마일리지)
해외에서 11,800원 결제 시 32 마일리지 적립(기본 16 마일리지+추가 16 마일리지)
적립한도 초과 시 다음 결제건부터 2 마일리지 기본 적립이 적용됩니다.
여행/골프는 국내 오프라인 결제건에 한합니다.
면세점은 국내 오프라인 매장 및 공식 홈페이지/앱(내국인 전용)을 통한 결제건에 한하며, 임대매장 및 해외 오프라인 매장은 제외됩니다.

[전월 이용금액 기준]
매월 1일부터 말일까지 이용한 일시불 및 할부 이용금액 (단기카드대출(현금서비스), 장기카드대출(카드론), 각종 수수료 및 이자(할부수수료, 카드대출 이자 등), 연체료, 연회비 납부건은 일시불 및 할부 이용금액에 해당되지 않음)

[전월 이용금액 제외 대상]
건강보험/국민연금/고용보험/산재보험 및 장애인 고용부담금, 국세/지방세/공과금 납부건
부동산 임대료 납부건
유치원 납입금, 초/중/고등학교 학교납입금, 대학 등록금 납부건
대중교통(후불교통기능/모바일교통기능 결제건), 택시 이용금액
기프트/선불카드(포인트, 사이버머니 등 전자지급수단 포함) 구매 및 충전, 상품권 구매건

[적립 제외 대상]
무이자할부 이용금액
삼성카드 할인이 적용된 일시불 및 할부 이용금액
대중교통(후불교통기능/모바일교통기능 결제건), 택시, 고속버스(차내 단말기 및 고속버스 앱 결제), 고속도로 통행요금 납부건
문자알림서비스, 스마트오토서비스 이용금액
삼성카드와 구매캐시백 포인트 제공 계약을 체결한 일부 가맹점 의약품/유류 구매한도 대금결제건

[유의사항]
전월 이용금액 산정은 승인일 기준으로 적용됩니다. 다만, 해외 결제건 및 무승인 결제건(예: 대중교통, 이동통신 등 정기결제건 등)은 매출전표 접수일 기준으로 적용됩니다.
결제건당 삼성카드 접수금액 기준으로 마일리지가 적립되며, 결제금액을 1,500원으로 나누고 1 또는 2를 곱한 후 소수점 
    이하는 반올림하여 적립됩니다.
결제건 접수 후 마일리지 적립까지 10일(영업일 기준) 정도가 소요됩니다.
적립된 마일리지는 본인 회원이 보유한 아시아나 마일리지와 합산하여 사용할 수 있습니다.
적립된 마일리지의 사용방법 및 기준은 항공사 마일리지 사용 규정을 따르며, 자세한 내용은 항공사 홈페이지에서 확인해 주세요.
자체 가맹점번호로 승인 처리되는 일부 결제건(간편결제, 키오스크 등)은 적립 대상에서 제외됩니다."
AAP1832_B0007,AAP1832,주요혜택,아시아나 1 마일리지 추가 적립,서비스안내,백화점/아울렛/면세점,4,Both,마일리지,1,마일리지,"신라, 롯데, 신세계, 동화, HDC신라, JDC(제주), JTO(제주)면세점",100만원 이상~200만원 미만,1000000,2000000,,1500,,,,1500,마일리지,2026-06-08 05:59:55,"백화점/아울렛/면세점 1,500원당 1마일 적립","[서비스안내]
여행/골프/면세점 이용금액 1,500원당 아시아나 1 마일리지를 
    추가 적립해 드립니다.
<table class=""benefit-table""><tr><th>구분</th><th>대상점</th></tr><tr><td>여행</td><td>호텔, 콘도, 리조트</td></tr><tr><td>골프</td><td>골프장, 골프연습장</td></tr><tr><td>면세점</td><td>신라/롯데/신세계/동화/HDC신라/JDC(제주)/JTO(제주)면세점</td></tr></table>

[전월 이용금액대별 통합 월 적립한도]
<table class=""benefit-table""><tr><th>100만원 이상</th><th>200만원 이상</th></tr><tr><td>1,500 마일리지</td><td>4,000 마일리지</td></tr></table>
아시아나 마일리지 추가 적립의 경우, 발급월+1개월까지는 전월 이용금액 100만원 미만 시에도 100만원 이상~200만원 미만 실적구간의 혜택이 제공됩니다.(전월 이용금액 200만원 이상 시에는 해당 실적구간 혜택 제공)
‘기본 2 마일리지+추가 1 또는 2 마일리지’의 형태로 적립됩니다. 예 : · 면세점에서 11,200원 결제 시 22 마일리지 적립(기본 15 마일리지+추가 7 마일리지) 면세점에서 11,300원 결제 시 23 마일리지 적립(기본 15 마일리지+추가 8 마일리지) 해외에서 11,800원 결제 시 32 마일리지 적립(기본 16 마일리지+추가 16 마일리지)
면세점에서 11,300원 결제 시 23 마일리지 적립(기본 15 마일리지+추가 8 마일리지)
해외에서 11,800원 결제 시 32 마일리지 적립(기본 16 마일리지+추가 16 마일리지)
적립한도 초과 시 다음 결제건부터 2 마일리지 기본 적립이 적용됩니다.
여행/골프는 국내 오프라인 결제건에 한합니다.
면세점은 국내 오프라인 매장 및 공식 홈페이지/앱(내국인 전용)을 통한 결제건에 한하며, 임대매장 및 해외 오프라인 매장은 제외됩니다.

[전월 이용금액 기준]
매월 1일부터 말일까지 이용한 일시불 및 할부 이용금액 (단기카드대출(현금서비스), 장기카드대출(카드론), 각종 수수료 및 이자(할부수수료, 카드대출 이자 등), 연체료, 연회비 납부건은 일시불 및 할부 이용금액에 해당되지 않음)

[전월 이용금액 제외 대상]
건강보험/국민연금/고용보험/산재보험 및 장애인 고용부담금, 국세/지방세/공과금 납부건
부동산 임대료 납부건
유치원 납입금, 초/중/고등학교 학교납입금, 대학 등록금 납부건
대중교통(후불교통기능/모바일교통기능 결제건), 택시 이용금액
기프트/선불카드(포인트, 사이버머니 등 전자지급수단 포함) 구매 및 충전, 상품권 구매건

[적립 제외 대상]
무이자할부 이용금액
삼성카드 할인이 적용된 일시불 및 할부 이용금액
대중교통(후불교통기능/모바일교통기능 결제건), 택시, 고속버스(차내 단말기 및 고속버스 앱 결제), 고속도로 통행요금 납부건
문자알림서비스, 스마트오토서비스 이용금액
삼성카드와 구매캐시백 포인트 제공 계약을 체결한 일부 가맹점 의약품/유류 구매한도 대금결제건

[유의사항]
전월 이용금액 산정은 승인일 기준으로 적용됩니다. 다만, 해외 결제건 및 무승인 결제건(예: 대중교통, 이동통신 등 정기결제건 등)은 매출전표 접수일 기준으로 적용됩니다.
결제건당 삼성카드 접수금액 기준으로 마일리지가 적립되며, 결제금액을 1,500원으로 나누고 1 또는 2를 곱한 후 소수점 
    이하는 반올림하여 적립됩니다.
결제건 접수 후 마일리지 적립까지 10일(영업일 기준) 정도가 소요됩니다.
적립된 마일리지는 본인 회원이 보유한 아시아나 마일리지와 합산하여 사용할 수 있습니다.
적립된 마일리지의 사용방법 및 기준은 항공사 마일리지 사용 규정을 따르며, 자세한 내용은 항공사 홈페이지에서 확인해 주세요.
자체 가맹점번호로 승인 처리되는 일부 결제건(간편결제, 키오스크 등)은 적립 대상에서 제외됩니다."
AAP1832_B0008,AAP1832,주요혜택,아시아나 1 마일리지 추가 적립,서비스안내,백화점/아울렛/면세점,4,Both,마일리지,1,마일리지,"신라, 롯데, 신세계, 동화, HDC신라, JDC(제주), JTO(제주)면세점",200만원 이상,2000000,,,1500,,,,4000,마일리지,2026-06-08 05:59:55,"백화점/아울렛/면세점 1,500원당 1마일 적립","[서비스안내]
여행/골프/면세점 이용금액 1,500원당 아시아나 1 마일리지를 
    추가 적립해 드립니다.
<table class=""benefit-table""><tr><th>구분</th><th>대상점</th></tr><tr><td>여행</td><td>호텔, 콘도, 리조트</td></tr><tr><td>골프</td><td>골프장, 골프연습장</td></tr><tr><td>면세점</td><td>신라/롯데/신세계/동화/HDC신라/JDC(제주)/JTO(제주)면세점</td></tr></table>

[전월 이용금액대별 통합 월 적립한도]
<table class=""benefit-table""><tr><th>100만원 이상</th><th>200만원 이상</th></tr><tr><td>1,500 마일리지</td><td>4,000 마일리지</td></tr></table>
아시아나 마일리지 추가 적립의 경우, 발급월+1개월까지는 전월 이용금액 100만원 미만 시에도 100만원 이상~200만원 미만 실적구간의 혜택이 제공됩니다.(전월 이용금액 200만원 이상 시에는 해당 실적구간 혜택 제공)
‘기본 2 마일리지+추가 1 또는 2 마일리지’의 형태로 적립됩니다. 예 : · 면세점에서 11,200원 결제 시 22 마일리지 적립(기본 15 마일리지+추가 7 마일리지) 면세점에서 11,300원 결제 시 23 마일리지 적립(기본 15 마일리지+추가 8 마일리지) 해외에서 11,800원 결제 시 32 마일리지 적립(기본 16 마일리지+추가 16 마일리지)
면세점에서 11,300원 결제 시 23 마일리지 적립(기본 15 마일리지+추가 8 마일리지)
해외에서 11,800원 결제 시 32 마일리지 적립(기본 16 마일리지+추가 16 마일리지)
적립한도 초과 시 다음 결제건부터 2 마일리지 기본 적립이 적용됩니다.
여행/골프는 국내 오프라인 결제건에 한합니다.
면세점은 국내 오프라인 매장 및 공식 홈페이지/앱(내국인 전용)을 통한 결제건에 한하며, 임대매장 및 해외 오프라인 매장은 제외됩니다.

[전월 이용금액 기준]
매월 1일부터 말일까지 이용한 일시불 및 할부 이용금액 (단기카드대출(현금서비스), 장기카드대출(카드론), 각종 수수료 및 이자(할부수수료, 카드대출 이자 등), 연체료, 연회비 납부건은 일시불 및 할부 이용금액에 해당되지 않음)

[전월 이용금액 제외 대상]
건강보험/국민연금/고용보험/산재보험 및 장애인 고용부담금, 국세/지방세/공과금 납부건
부동산 임대료 납부건
유치원 납입금, 초/중/고등학교 학교납입금, 대학 등록금 납부건
대중교통(후불교통기능/모바일교통기능 결제건), 택시 이용금액
기프트/선불카드(포인트, 사이버머니 등 전자지급수단 포함) 구매 및 충전, 상품권 구매건

[적립 제외 대상]
무이자할부 이용금액
삼성카드 할인이 적용된 일시불 및 할부 이용금액
대중교통(후불교통기능/모바일교통기능 결제건), 택시, 고속버스(차내 단말기 및 고속버스 앱 결제), 고속도로 통행요금 납부건
문자알림서비스, 스마트오토서비스 이용금액
삼성카드와 구매캐시백 포인트 제공 계약을 체결한 일부 가맹점 의약품/유류 구매한도 대금결제건

[유의사항]
전월 이용금액 산정은 승인일 기준으로 적용됩니다. 다만, 해외 결제건 및 무승인 결제건(예: 대중교통, 이동통신 등 정기결제건 등)은 매출전표 접수일 기준으로 적용됩니다.
결제건당 삼성카드 접수금액 기준으로 마일리지가 적립되며, 결제금액을 1,500원으로 나누고 1 또는 2를 곱한 후 소수점 
    이하는 반올림하여 적립됩니다.
결제건 접수 후 마일리지 적립까지 10일(영업일 기준) 정도가 소요됩니다.
적립된 마일리지는 본인 회원이 보유한 아시아나 마일리지와 합산하여 사용할 수 있습니다.
적립된 마일리지의 사용방법 및 기준은 항공사 마일리지 사용 규정을 따르며, 자세한 내용은 항공사 홈페이지에서 확인해 주세요.
자체 가맹점번호로 승인 처리되는 일부 결제건(간편결제, 키오스크 등)은 적립 대상에서 제외됩니다."
AAP1832_B0009,AAP1832,주요혜택,아시아나 2 마일리지 추가 적립,서비스안내,항공,18,Both,마일리지,2,마일리지,"아시아나항공, 아시아나항공 기내 면세점",100만원 이상 200만원 미만,1000000,2000000,,1500,,,,1500,마일리지,2026-06-08 05:59:55,"항공 1,500원당 2마일 적립","[서비스안내]
아시아나항공/해외 이용금액 1,500원당 아시아나 2 마일리지를 
    추가 적립해 드립니다.
<table class=""benefit-table""><tr><th>구분</th><th>대상점</th></tr><tr><td>아시아나항공</td><td>아시아나항공, 아시아나항공 기내 면세점</td></tr><tr><td>해외</td><td>해외 가맹점 및 해외 직접구매 이용건</td></tr></table>

[전월 이용금액대별 통합 월 적립한도]
<table class=""benefit-table""><tr><th>100만원 이상</th><th>200만원 이상</th></tr><tr><td>1,500 마일리지</td><td>4,000 마일리지</td></tr></table>
아시아나 마일리지 추가 적립의 경우, 발급월+1개월까지는 전월 이용금액 100만원 미만 시에도 100만원 이상~200만원 미만 실적구간의 혜택이 제공됩니다.(전월 이용금액 200만원 이상 시에는 해당 실적구간 혜택 제공)
‘기본 2 마일리지+추가 1 또는 2 마일리지’의 형태로 적립됩니다. 예 : · 면세점에서 11,200원 결제 시 22 마일리지 적립(기본 15 마일리지+추가 7 마일리지) 면세점에서 11,300원 결제 시 23 마일리지 적립(기본 15 마일리지+추가 8 마일리지) 해외에서 11,800원 결제 시 32 마일리지 적립(기본 16 마일리지+추가 16 마일리지)
면세점에서 11,300원 결제 시 23 마일리지 적립(기본 15 마일리지+추가 8 마일리지)
해외에서 11,800원 결제 시 32 마일리지 적립(기본 16 마일리지+추가 16 마일리지)
적립한도 초과 시 다음 결제건부터 2 마일리지 기본 적립이 적용됩니다.
아시아나항공은 국내 아시아나항공 공식 홈페이지/앱을 통한 결제건에 한하며, 다른 여행사, 항공권 구매 대행 사이트를 통한 결제건은 제외됩니다.
해외의 경우 해외 온라인 거래 시 국내 가맹점번호로 승인 처리되는 일부 결제건(국내 전자지급 결제대행사를 통한 결제 등)은 제외됩니다.
해외는 해외겸용카드에 한해 제공됩니다.
해외 이용 시 별도의 수수료가 부과됩니다. 자세한 내용은 ‘유의사항’에서 확인해 주세요.

[전월 이용금액 기준]
매월 1일부터 말일까지 이용한 일시불 및 할부 이용금액 (단기카드대출(현금서비스), 장기카드대출(카드론), 각종 수수료 및 이자(할부수수료, 카드대출 이자 등), 연체료, 연회비 납부건은 일시불 및 할부 이용금액에 해당되지 않음)

[전월 이용금액 제외 대상]
건강보험/국민연금/고용보험/산재보험 및 장애인 고용부담금, 국세/지방세/공과금 납부건
부동산 임대료 납부건
유치원 납입금, 초/중/고등학교 학교납입금, 대학 등록금 납부건
대중교통(후불교통기능/모바일교통기능 결제건), 택시 이용금액
기프트/선불카드(포인트, 사이버머니 등 전자지급수단 포함) 구매 및 충전, 상품권 구매건

[적립 제외 대상]
무이자할부 이용금액
삼성카드 할인이 적용된 일시불 및 할부 이용금액
대중교통(후불교통기능/모바일교통기능 결제건), 택시, 고속버스(차내 단말기 및 고속버스 앱 결제), 고속도로 통행요금 납부건
문자알림서비스, 스마트오토서비스 이용금액
삼성카드와 구매캐시백 포인트 제공 계약을 체결한 일부 가맹점 의약품/유류 구매한도 대금결제건

[유의사항]
전월 이용금액 산정은 승인일 기준으로 적용됩니다. 다만, 해외 결제건 및 무승인 결제건(예: 대중교통, 이동통신 등 정기결제건 등)은 매출전표 접수일 기준으로 적용됩니다.
결제건당 삼성카드 접수금액 기준으로 마일리지가 적립되며, 결제금액을 1,500원으로 나누고 1 또는 2를 곱한 후 소수점 이하는 반올림하여 적립됩니다.
결제건 접수 후 마일리지 적립까지 10일(영업일 기준) 정도가 소요됩니다.
적립된 마일리지는 본인 회원이 보유한 아시아나 마일리지와 합산하여 사용할 수 있습니다.
적립된 마일리지의 사용방법 및 기준은 항공사 마일리지 사용 규정을 따르며, 자세한 내용은 항공사 홈페이지에서 확인해 주세요.
자체 가맹점번호로 승인 처리되는 일부 결제건(간편결제, 키오스크 등)은 적립 대상에서 제외됩니다."
AAP1832_B0010,AAP1832,주요혜택,아시아나 2 마일리지 추가 적립,서비스안내,해외,19,Online,마일리지,2,마일리지,"해외 가맹점, 해외 직접구매 이용건",100만원 이상 200만원 미만,1000000,2000000,,1500,,,,1500,마일리지,2026-06-08 05:59:55,"해외 1,500원당 2마일 적립","[서비스안내]
아시아나항공/해외 이용금액 1,500원당 아시아나 2 마일리지를 
    추가 적립해 드립니다.
<table class=""benefit-table""><tr><th>구분</th><th>대상점</th></tr><tr><td>아시아나항공</td><td>아시아나항공, 아시아나항공 기내 면세점</td></tr><tr><td>해외</td><td>해외 가맹점 및 해외 직접구매 이용건</td></tr></table>

[전월 이용금액대별 통합 월 적립한도]
<table class=""benefit-table""><tr><th>100만원 이상</th><th>200만원 이상</th></tr><tr><td>1,500 마일리지</td><td>4,000 마일리지</td></tr></table>
아시아나 마일리지 추가 적립의 경우, 발급월+1개월까지는 전월 이용금액 100만원 미만 시에도 100만원 이상~200만원 미만 실적구간의 혜택이 제공됩니다.(전월 이용금액 200만원 이상 시에는 해당 실적구간 혜택 제공)
‘기본 2 마일리지+추가 1 또는 2 마일리지’의 형태로 적립됩니다. 예 : · 면세점에서 11,200원 결제 시 22 마일리지 적립(기본 15 마일리지+추가 7 마일리지) 면세점에서 11,300원 결제 시 23 마일리지 적립(기본 15 마일리지+추가 8 마일리지) 해외에서 11,800원 결제 시 32 마일리지 적립(기본 16 마일리지+추가 16 마일리지)
면세점에서 11,300원 결제 시 23 마일리지 적립(기본 15 마일리지+추가 8 마일리지)
해외에서 11,800원 결제 시 32 마일리지 적립(기본 16 마일리지+추가 16 마일리지)
적립한도 초과 시 다음 결제건부터 2 마일리지 기본 적립이 적용됩니다.
아시아나항공은 국내 아시아나항공 공식 홈페이지/앱을 통한 결제건에 한하며, 다른 여행사, 항공권 구매 대행 사이트를 통한 결제건은 제외됩니다.
해외의 경우 해외 온라인 거래 시 국내 가맹점번호로 승인 처리되는 일부 결제건(국내 전자지급 결제대행사를 통한 결제 등)은 제외됩니다.
해외는 해외겸용카드에 한해 제공됩니다.
해외 이용 시 별도의 수수료가 부과됩니다. 자세한 내용은 ‘유의사항’에서 확인해 주세요.

[전월 이용금액 기준]
매월 1일부터 말일까지 이용한 일시불 및 할부 이용금액 (단기카드대출(현금서비스), 장기카드대출(카드론), 각종 수수료 및 이자(할부수수료, 카드대출 이자 등), 연체료, 연회비 납부건은 일시불 및 할부 이용금액에 해당되지 않음)

[전월 이용금액 제외 대상]
건강보험/국민연금/고용보험/산재보험 및 장애인 고용부담금, 국세/지방세/공과금 납부건
부동산 임대료 납부건
유치원 납입금, 초/중/고등학교 학교납입금, 대학 등록금 납부건
대중교통(후불교통기능/모바일교통기능 결제건), 택시 이용금액
기프트/선불카드(포인트, 사이버머니 등 전자지급수단 포함) 구매 및 충전, 상품권 구매건

[적립 제외 대상]
무이자할부 이용금액
삼성카드 할인이 적용된 일시불 및 할부 이용금액
대중교통(후불교통기능/모바일교통기능 결제건), 택시, 고속버스(차내 단말기 및 고속버스 앱 결제), 고속도로 통행요금 납부건
문자알림서비스, 스마트오토서비스 이용금액
삼성카드와 구매캐시백 포인트 제공 계약을 체결한 일부 가맹점 의약품/유류 구매한도 대금결제건

[유의사항]
전월 이용금액 산정은 승인일 기준으로 적용됩니다. 다만, 해외 결제건 및 무승인 결제건(예: 대중교통, 이동통신 등 정기결제건 등)은 매출전표 접수일 기준으로 적용됩니다.
결제건당 삼성카드 접수금액 기준으로 마일리지가 적립되며, 결제금액을 1,500원으로 나누고 1 또는 2를 곱한 후 소수점 이하는 반올림하여 적립됩니다.
결제건 접수 후 마일리지 적립까지 10일(영업일 기준) 정도가 소요됩니다.
적립된 마일리지는 본인 회원이 보유한 아시아나 마일리지와 합산하여 사용할 수 있습니다.
적립된 마일리지의 사용방법 및 기준은 항공사 마일리지 사용 규정을 따르며, 자세한 내용은 항공사 홈페이지에서 확인해 주세요.
자체 가맹점번호로 승인 처리되는 일부 결제건(간편결제, 키오스크 등)은 적립 대상에서 제외됩니다."
AAP1832_B0011,AAP1832,주요혜택,아시아나 2 마일리지 추가 적립,서비스안내,항공,18,Both,마일리지,2,마일리지,"아시아나항공, 아시아나항공 기내 면세점",200만원 이상,2000000,,,1500,,,,4000,마일리지,2026-06-08 05:59:55,"항공 1,500원당 2마일 적립","[서비스안내]
아시아나항공/해외 이용금액 1,500원당 아시아나 2 마일리지를 
    추가 적립해 드립니다.
<table class=""benefit-table""><tr><th>구분</th><th>대상점</th></tr><tr><td>아시아나항공</td><td>아시아나항공, 아시아나항공 기내 면세점</td></tr><tr><td>해외</td><td>해외 가맹점 및 해외 직접구매 이용건</td></tr></table>

[전월 이용금액대별 통합 월 적립한도]
<table class=""benefit-table""><tr><th>100만원 이상</th><th>200만원 이상</th></tr><tr><td>1,500 마일리지</td><td>4,000 마일리지</td></tr></table>
아시아나 마일리지 추가 적립의 경우, 발급월+1개월까지는 전월 이용금액 100만원 미만 시에도 100만원 이상~200만원 미만 실적구간의 혜택이 제공됩니다.(전월 이용금액 200만원 이상 시에는 해당 실적구간 혜택 제공)
‘기본 2 마일리지+추가 1 또는 2 마일리지’의 형태로 적립됩니다. 예 : · 면세점에서 11,200원 결제 시 22 마일리지 적립(기본 15 마일리지+추가 7 마일리지) 면세점에서 11,300원 결제 시 23 마일리지 적립(기본 15 마일리지+추가 8 마일리지) 해외에서 11,800원 결제 시 32 마일리지 적립(기본 16 마일리지+추가 16 마일리지)
면세점에서 11,300원 결제 시 23 마일리지 적립(기본 15 마일리지+추가 8 마일리지)
해외에서 11,800원 결제 시 32 마일리지 적립(기본 16 마일리지+추가 16 마일리지)
적립한도 초과 시 다음 결제건부터 2 마일리지 기본 적립이 적용됩니다.
아시아나항공은 국내 아시아나항공 공식 홈페이지/앱을 통한 결제건에 한하며, 다른 여행사, 항공권 구매 대행 사이트를 통한 결제건은 제외됩니다.
해외의 경우 해외 온라인 거래 시 국내 가맹점번호로 승인 처리되는 일부 결제건(국내 전자지급 결제대행사를 통한 결제 등)은 제외됩니다.
해외는 해외겸용카드에 한해 제공됩니다.
해외 이용 시 별도의 수수료가 부과됩니다. 자세한 내용은 ‘유의사항’에서 확인해 주세요.

[전월 이용금액 기준]
매월 1일부터 말일까지 이용한 일시불 및 할부 이용금액 (단기카드대출(현금서비스), 장기카드대출(카드론), 각종 수수료 및 이자(할부수수료, 카드대출 이자 등), 연체료, 연회비 납부건은 일시불 및 할부 이용금액에 해당되지 않음)

[전월 이용금액 제외 대상]
건강보험/국민연금/고용보험/산재보험 및 장애인 고용부담금, 국세/지방세/공과금 납부건
부동산 임대료 납부건
유치원 납입금, 초/중/고등학교 학교납입금, 대학 등록금 납부건
대중교통(후불교통기능/모바일교통기능 결제건), 택시 이용금액
기프트/선불카드(포인트, 사이버머니 등 전자지급수단 포함) 구매 및 충전, 상품권 구매건

[적립 제외 대상]
무이자할부 이용금액
삼성카드 할인이 적용된 일시불 및 할부 이용금액
대중교통(후불교통기능/모바일교통기능 결제건), 택시, 고속버스(차내 단말기 및 고속버스 앱 결제), 고속도로 통행요금 납부건
문자알림서비스, 스마트오토서비스 이용금액
삼성카드와 구매캐시백 포인트 제공 계약을 체결한 일부 가맹점 의약품/유류 구매한도 대금결제건

[유의사항]
전월 이용금액 산정은 승인일 기준으로 적용됩니다. 다만, 해외 결제건 및 무승인 결제건(예: 대중교통, 이동통신 등 정기결제건 등)은 매출전표 접수일 기준으로 적용됩니다.
결제건당 삼성카드 접수금액 기준으로 마일리지가 적립되며, 결제금액을 1,500원으로 나누고 1 또는 2를 곱한 후 소수점 이하는 반올림하여 적립됩니다.
결제건 접수 후 마일리지 적립까지 10일(영업일 기준) 정도가 소요됩니다.
적립된 마일리지는 본인 회원이 보유한 아시아나 마일리지와 합산하여 사용할 수 있습니다.
적립된 마일리지의 사용방법 및 기준은 항공사 마일리지 사용 규정을 따르며, 자세한 내용은 항공사 홈페이지에서 확인해 주세요.
자체 가맹점번호로 승인 처리되는 일부 결제건(간편결제, 키오스크 등)은 적립 대상에서 제외됩니다."
AAP1832_B0012,AAP1832,주요혜택,아시아나 2 마일리지 추가 적립,서비스안내,해외,19,Online,마일리지,2,마일리지,"해외 가맹점, 해외 직접구매 이용건",200만원 이상,2000000,,,1500,,,,4000,마일리지,2026-06-08 05:59:55,"해외 1,500원당 2마일 적립","[서비스안내]
아시아나항공/해외 이용금액 1,500원당 아시아나 2 마일리지를 
    추가 적립해 드립니다.
<table class=""benefit-table""><tr><th>구분</th><th>대상점</th></tr><tr><td>아시아나항공</td><td>아시아나항공, 아시아나항공 기내 면세점</td></tr><tr><td>해외</td><td>해외 가맹점 및 해외 직접구매 이용건</td></tr></table>

[전월 이용금액대별 통합 월 적립한도]
<table class=""benefit-table""><tr><th>100만원 이상</th><th>200만원 이상</th></tr><tr><td>1,500 마일리지</td><td>4,000 마일리지</td></tr></table>
아시아나 마일리지 추가 적립의 경우, 발급월+1개월까지는 전월 이용금액 100만원 미만 시에도 100만원 이상~200만원 미만 실적구간의 혜택이 제공됩니다.(전월 이용금액 200만원 이상 시에는 해당 실적구간 혜택 제공)
‘기본 2 마일리지+추가 1 또는 2 마일리지’의 형태로 적립됩니다. 예 : · 면세점에서 11,200원 결제 시 22 마일리지 적립(기본 15 마일리지+추가 7 마일리지) 면세점에서 11,300원 결제 시 23 마일리지 적립(기본 15 마일리지+추가 8 마일리지) 해외에서 11,800원 결제 시 32 마일리지 적립(기본 16 마일리지+추가 16 마일리지)
면세점에서 11,300원 결제 시 23 마일리지 적립(기본 15 마일리지+추가 8 마일리지)
해외에서 11,800원 결제 시 32 마일리지 적립(기본 16 마일리지+추가 16 마일리지)
적립한도 초과 시 다음 결제건부터 2 마일리지 기본 적립이 적용됩니다.
아시아나항공은 국내 아시아나항공 공식 홈페이지/앱을 통한 결제건에 한하며, 다른 여행사, 항공권 구매 대행 사이트를 통한 결제건은 제외됩니다.
해외의 경우 해외 온라인 거래 시 국내 가맹점번호로 승인 처리되는 일부 결제건(국내 전자지급 결제대행사를 통한 결제 등)은 제외됩니다.
해외는 해외겸용카드에 한해 제공됩니다.
해외 이용 시 별도의 수수료가 부과됩니다. 자세한 내용은 ‘유의사항’에서 확인해 주세요.

[전월 이용금액 기준]
매월 1일부터 말일까지 이용한 일시불 및 할부 이용금액 (단기카드대출(현금서비스), 장기카드대출(카드론), 각종 수수료 및 이자(할부수수료, 카드대출 이자 등), 연체료, 연회비 납부건은 일시불 및 할부 이용금액에 해당되지 않음)

[전월 이용금액 제외 대상]
건강보험/국민연금/고용보험/산재보험 및 장애인 고용부담금, 국세/지방세/공과금 납부건
부동산 임대료 납부건
유치원 납입금, 초/중/고등학교 학교납입금, 대학 등록금 납부건
대중교통(후불교통기능/모바일교통기능 결제건), 택시 이용금액
기프트/선불카드(포인트, 사이버머니 등 전자지급수단 포함) 구매 및 충전, 상품권 구매건

[적립 제외 대상]
무이자할부 이용금액
삼성카드 할인이 적용된 일시불 및 할부 이용금액
대중교통(후불교통기능/모바일교통기능 결제건), 택시, 고속버스(차내 단말기 및 고속버스 앱 결제), 고속도로 통행요금 납부건
문자알림서비스, 스마트오토서비스 이용금액
삼성카드와 구매캐시백 포인트 제공 계약을 체결한 일부 가맹점 의약품/유류 구매한도 대금결제건

[유의사항]
전월 이용금액 산정은 승인일 기준으로 적용됩니다. 다만, 해외 결제건 및 무승인 결제건(예: 대중교통, 이동통신 등 정기결제건 등)은 매출전표 접수일 기준으로 적용됩니다.
결제건당 삼성카드 접수금액 기준으로 마일리지가 적립되며, 결제금액을 1,500원으로 나누고 1 또는 2를 곱한 후 소수점 이하는 반올림하여 적립됩니다.
결제건 접수 후 마일리지 적립까지 10일(영업일 기준) 정도가 소요됩니다.
적립된 마일리지는 본인 회원이 보유한 아시아나 마일리지와 합산하여 사용할 수 있습니다.
적립된 마일리지의 사용방법 및 기준은 항공사 마일리지 사용 규정을 따르며, 자세한 내용은 항공사 홈페이지에서 확인해 주세요.
자체 가맹점번호로 승인 처리되는 일부 결제건(간편결제, 키오스크 등)은 적립 대상에서 제외됩니다."
AAP1832_B0013,AAP1832,주요혜택,추가 리워드,연간 이용금액대별 적립 마일리지,항공,18,,마일리지,5000,마일리지,아시아나항공,"연간 이용금액 3,000만원 이상",30000000,60000000,,,,,,,,2026-06-08 05:59:55,항공 5천마일 적립,"[서비스안내]
연간 이용금액에 따라 마일리지를 추가 적립해 드립니다.

[연간 이용금액대별 적립 마일리지]
<table class=""benefit-table""><tr><th>3,000만원 이상</th><th>6,000만원 이상</th></tr><tr><td>5,000 마일리지</td><td>10,000 마일리지</td></tr></table>
연간 이용금액대별 아시아나 마일리지 추가 적립은 발급 2차년도 이후부터 매년 카드 발급월 5일(영업일 기준)에 제공되며, 해당일이 공휴일인 경우에는 다음 첫 번째 영업일에 제공됩니다.
연간 이용금액대별 아시아나 마일리지 추가 적립은 제공 시점에 이용 가능한 THE iD. TITANIUM (아시아나) 카드 보유 시 제공됩니다.

[연간 이용금액 기준]
발급월부터 12개월 동안 이용한 일시불 및 할부 이용금액
(단기카드대출(현금서비스), 장기카드대출(카드론), 각종 수수료 및 이자(할부수수료, 카드대출 이자 등), 연체료, 연회비 납부건은 일시불 및 할부 이용금액에 해당되지 않음)
예 : 2024.4.1에 발급받은 경우 발급 첫 해는 2024.4.1~2025.3.31, 발급 2차년도는 2025.4.1~2026.3.31

[연간 이용금액 제외 대상]
건강보험/국민연금/고용보험/산재보험 및 장애인 고용부담금, 국세/지방세/공과금 납부건
부동산 임대료 납부건
유치원 납입금, 초/중/고등학교 학교납입금, 대학 등록금 납부건
대중교통(후불교통기능/모바일교통기능 결제건), 택시 이용금액
기프트/선불카드(포인트, 사이버머니 등 전자지급수단 포함) 구매 및 충전, 상품권 구매건

[유의사항]
연간 이용금액 산정, 해외 결제건 및 무승인 결제건(예: 대중교통, 이동통신 등 정기결제건 등)은 매출전표 접수일 기준으로 적용됩니다.
적립된 마일리지는 본인 회원이 보유한 아시아나 마일리지와 합산하여 사용할 수 있습니다.
적립된 마일리지의 사용방법 및 기준은 항공사 마일리지 사용 규정을 따르며, 자세한 내용은 항공사 홈페이지에서 확인해 주세요.
자체 가맹점번호로 승인 처리되는 일부 결제건(간편결제, 키오스크 등)은 적립 대상에서 제외됩니다."
AAP1832_B0014,AAP1832,주요혜택,추가 리워드,연간 이용금액대별 적립 마일리지,항공,18,,마일리지,10000,마일리지,아시아나항공,"연간 이용금액 6,000만원 이상",60000000,,,,,,,,,2026-06-08 05:59:55,항공 1만마일 적립,"[서비스안내]
연간 이용금액에 따라 마일리지를 추가 적립해 드립니다.

[연간 이용금액대별 적립 마일리지]
<table class=""benefit-table""><tr><th>3,000만원 이상</th><th>6,000만원 이상</th></tr><tr><td>5,000 마일리지</td><td>10,000 마일리지</td></tr></table>
연간 이용금액대별 아시아나 마일리지 추가 적립은 발급 2차년도 이후부터 매년 카드 발급월 5일(영업일 기준)에 제공되며, 해당일이 공휴일인 경우에는 다음 첫 번째 영업일에 제공됩니다.
연간 이용금액대별 아시아나 마일리지 추가 적립은 제공 시점에 이용 가능한 THE iD. TITANIUM (아시아나) 카드 보유 시 제공됩니다.

[연간 이용금액 기준]
발급월부터 12개월 동안 이용한 일시불 및 할부 이용금액
(단기카드대출(현금서비스), 장기카드대출(카드론), 각종 수수료 및 이자(할부수수료, 카드대출 이자 등), 연체료, 연회비 납부건은 일시불 및 할부 이용금액에 해당되지 않음)
예 : 2024.4.1에 발급받은 경우 발급 첫 해는 2024.4.1~2025.3.31, 발급 2차년도는 2025.4.1~2026.3.31

[연간 이용금액 제외 대상]
건강보험/국민연금/고용보험/산재보험 및 장애인 고용부담금, 국세/지방세/공과금 납부건
부동산 임대료 납부건
유치원 납입금, 초/중/고등학교 학교납입금, 대학 등록금 납부건
대중교통(후불교통기능/모바일교통기능 결제건), 택시 이용금액
기프트/선불카드(포인트, 사이버머니 등 전자지급수단 포함) 구매 및 충전, 상품권 구매건

[유의사항]
연간 이용금액 산정, 해외 결제건 및 무승인 결제건(예: 대중교통, 이동통신 등 정기결제건 등)은 매출전표 접수일 기준으로 적용됩니다.
적립된 마일리지는 본인 회원이 보유한 아시아나 마일리지와 합산하여 사용할 수 있습니다.
적립된 마일리지의 사용방법 및 기준은 항공사 마일리지 사용 규정을 따르며, 자세한 내용은 항공사 홈페이지에서 확인해 주세요.
자체 가맹점번호로 승인 처리되는 일부 결제건(간편결제, 키오스크 등)은 적립 대상에서 제외됩니다."
AAP1832_B0015,AAP1832,주요혜택,아시아나항공 할인,서비스안내,항공,18,Both,할인,50000,원,"아시아나항공, 아시아나항공 기내 면세점",,,,300000,,2,,,,,2026-06-08 05:59:55,항공 5만원 할인,"[서비스안내]
전월 이용금액에 관계없이, 아시아나항공/아시아나항공 기내 면세점에서 
    건별 30만원 이상 결제 시 50,000원 결제일할인 혜택을 드립니다.
통합 월 1회, 연 2회 제공됩니다.(연 기준 : 발급월로부터 12개월)
아시아나항공은 아시아나항공 국내 공식 홈페이지/앱을 통한 결제건에 한하며, 다른 여행사, 항공권 구매 대행 사이트를 통한 결제건은 제외됩니다.
아시아나항공 기내 면세점은 아시아나항공 국내 공식 홈페이지/앱을 통한 결제건도 혜택이 제공됩니다.

[할인 제외 대상]
무이자할부 이용금액
삼성카드 할인이 적용된 일시불 및 할부 이용금액
기프트/선불카드(포인트, 사이버머니 등 전자지급수단 포함) 구매 및 충전, 상품권 구매건

[유의사항]
삼성카드의 다른 결제일할인 혜택과 중복 적용되지 않으며, 할인 혜택이 큰 금액만 적용됩니다.
할인 혜택은 승인일 기준으로 적용됩니다. 다만, 무승인 결제건(예 : 대중교통, 이동통신 등 정기결제건 등)은 매출전표 
    접수일 기준으로 적용됩니다.
자체 가맹점번호로 승인 처리되는 일부 결제건(간편결제, 키오스크 등)은 제외됩니다."
AAP1832_B0016,AAP1832,주요혜택,아시아나항공 공항서비스,아시아나항공 공항서비스,항공,18,,서비스,,,,,,,,,,,,,,2026-06-08 05:59:55,아시아나항공 공항서비스,"[서비스안내]
인천공항에서 출발하는 아시아나항공 국제선 탑승 시 
    아시아나항공 공항서비스 이용 혜택을 드립니다.
<table class=""benefit-table""><tr><th>서비스 내용</th><th>서비스 대상</th></tr><tr><td>아시아나클럽 다이아몬드 회원 전용 카운터 이용</td><td rowspan=""2"">본인 및 동반 가족</td></tr><tr><td>위탁수화물 우선 수취</td></tr></table>
카드 최초 발급일을 기준으로 매년 1회 신청해야 이용할 수 있습니다.
신청 시점부터 12개월 동안 횟수 제한 없이 혜택이 제공됩니다.
‘삼성카드 홈페이지/앱 → 내카드 혜택’에서 아시아나항공 공항서비스 신청 시 
      ‘아시아나항공 홈페이지/앱 → 마이아시아나 → 쿠폰함’에 공항서비스 이용권이 
      발급됩니다.
아시아나항공 수속 카운터에 공항서비스 이용권 화면을 제시해야 서비스를 이용할 수 
      있습니다.(단, 화면 캡처 이미지 및 출력물 제외)
동반 가족은 가족관계증명서 또는 ‘아시아나항공 홈페이지/앱 → 마이아시아나 → 
      가족회원현황’에 등록된 가족에 한하며, 아시아나항공 홈페이지/앱에 가족을 등록하지 
      않은 경우 아시아나항공 수속 카운터에 가족관계증명서 제시 시 서비스를 이용할 수 
      있습니다.(화면 캡처 이미지 및 출력물도 제시 가능)
아시아나항공 직항편 이용 시에 한하며, 공동 운항편은 제외됩니다.
국내선 및 다른 공항에서 출발하는 국제선 탑승 시에는 이용할 수 없습니다."
AAP1832_B0017,AAP1832,주요혜택,공항 라운지 서비스(The Lounge),공항 라운지 서비스(The Lounge),기타,22,,서비스,,,,,,,,,,,,,,2026-06-08 05:59:55,공항 라운지 서비스(The Lounge),"[서비스안내]
국내외 공항 라운지 본인 이용 무료 혜택을 드립니다.
통합 월 6회, 연 12회 제공됩니다.(연 기준 : 발급월로부터 12개월)
전월 이용금액 50만원 이상 시 제공됩니다.
발급월+1개월까지는 전월 이용금액 50만원 미만 시에도 제공됩니다.
The Lounge 앱 설치 후 THE iD. TITANIUM 카드를 등록해야 라운지 이용권을 다운로드할 수 있습니다.
라운지 이용 시 안내데스크에 라운지 이용권, 탑승권을 제시해 주세요.
항공권의 탑승자 이름과 앱에 등록된 이름이 동일해야 이용할 수 있습니다.
The Lounge 앱 아이디 공유 및 라운지 이용권 양도는 불가능합니다.
이용권 다운로드 후 24시간 이내에 사용하지 않을 경우 자동 취소되며, 사용횟수는 복원됩니다.
이용 가능 라운지, 사용방법 등 서비스 관련 자세한 내용은 
 The Lounge 홈페이지(theloungemembers.com) 또는 
 고객센터(+82-2-2664-7436)를 통해 확인해 주세요.

[전월 이용금액 기준]
매월 1일부터 말일까지 이용한 일시불 및 할부 이용금액 (단기카드대출(현금서비스), 장기카드대출(카드론), 각종 수수료 및 이자(할부수수료, 카드대출 이자 등), 연체료, 연회비 납부건은 일시불 및 할부 이용금액에 해당되지 않음)

[전월 이용금액 제외 대상]
건강보험/국민연금/고용보험/산재보험 및 장애인 고용부담금, 국세/지방세/공과금 납부건
부동산 임대료 납부건
유치원 납입금, 초/중/고등학교 학교납입금, 대학 등록금 납부건
대중교통(후불교통기능/모바일교통기능 결제건), 택시 이용금액
기프트/선불카드(포인트, 사이버머니 등 전자지급수단 포함) 구매 및 충전, 상품권 구매건

[유의사항]
삼성카드의 다른 결제일할인 혜택과 중복 적용되지 않으며, 할인 혜택이 큰 금액만 적용됩니다.
혜택은 승인일 기준으로 적용됩니다.
전월 이용금액 산정은 승인일 기준으로 적용됩니다. 다만, 해외 결제건 및 무승인 결제건(예 : 대중교통, 이동통신 등 정기결제건 등)은 매출전표 접수일 기준으로 적용됩니다.
자체 가맹점번호로 승인 처리되는 일부 결제건(간편결제, 키오스크 등)은 제외됩니다."
AAP1832_B0018,AAP1832,주요혜택,비자인피니트 서비스,비자인피니트 서비스,기타,22,,서비스,,,,,,,,,,,,,,2026-06-08 05:59:55,비자인피니트 서비스,"[서비스안내]
비자 프리미엄카드( INFINITE ) 회원에게 비자의 제휴사가 제공하는 서비스입니다.

[서비스요약]
VISA INFINITE 등급 서비스
호텔·공항 발렛파킹 서비스
Dining Privilege 서비스

[서비스내용]

[국제 브랜드사 서비스 공통 유의사항]
국제 브랜드사 서비스 관련 자세한 내용은 아래 국제 브랜드사별 홈페이지를 통해 확인해 주세요. VISA 바로가기 : www.visakorea.com Mastercard 바로가기 : www.mastercard.co.kr 아멕스 바로가기 : www.americanexpress.com UnionPay 바로가기 : www.unionpayintl.com/kr
VISA 바로가기 : www.visakorea.com
Mastercard 바로가기 : www.mastercard.co.kr
아멕스 바로가기 : www.americanexpress.com
UnionPay 바로가기 : www.unionpayintl.com/kr
삼성카드 선택 서비스는 국제 브랜드사별 홈페이지 안내사항과 제공 내용(대상카드, 제공횟수 및 전월 이용금액 조건, 대상점)이 다를 수 있으므로, 삼성카드에서 제공하는 국제 브랜드 서비스 안내장을 확인하시기 바랍니다. (국제 브랜드사별 홈페이지에 안내된 대상점이라 하더라도 삼성카드에서안내된 대상점이 아닌 경우 서비스가 제공되지 않음)
국제 브랜드사별 서비스 안내사항 중 대상 등급 서비스가 아닌 경우, 서비스 제공이 제한될 수 있습니다.
금융상품 이용 전 상품설명서, 홈페이지, 약관을 통해 이용조건을 확인 바랍니다.
등급서비스 : 여신금융협회 심의필 제 2026 - C1a - 03186호 ( 2026.03.11 )
선택서비스 : 여신금융협회 심의필 제 2026 - C1a - 05329호 ( 2026.04.15 )"
AAP1832_B0019,AAP1832,주요혜택,호텔·공항 발렛파킹 서비스,호텔·공항 발렛파킹 서비스,여행/숙박,17,,서비스,,,,,,,,,,,,,,2026-06-08 05:59:55,호텔·공항 발렛파킹 서비스,"[서비스안내]
VISA INFINITE 등급 회원에게 삼성카드가 제공하는 선택 서비스입니다.
VISA사의 정책에 따라 1년(1.1 ~ 12.31) 단위로 제공되며, 제공기간 경과 시 변경될 수 있습니다.

[서비스내용]
국내 특급 호텔에서 해당 카드 제시 시 발렛파킹 무료 서비스를 제공해 드립니다.
<table class=""benefit-table""><tr><th colspan=""2"">구분</th><th>대상</th></tr><tr><th rowspan=""2"">대상 호텔 (30개)</th><th>서울</th><td>그랜드 워커힐 서울, 그랜드 하얏트 서울, 노보텔 앰배서더 서울 강남, 노보텔 앰배서더 서울 동대문 호텔&레지던스, 더 플라자, 메리어트 이그제큐티브 아파트먼트 서울, 몬드리안 서울 이태원, 반얀트리 클럽 앤 스파 서울, 비스타 워커힐 서울, 서울가든호텔, 서울드래곤시티, 서울신라호텔, 스위스 그랜드 호텔, 안다즈 서울 강남, 앰배서더 서울 풀만 호텔, 코트야드 바이 메리어트 서울 타임 스퀘어, 파크 하얏트 서울, 포시즌스 서울, 호텔 코리아나, AC 호텔 바이 메리어트 서울 강남, JW 메리어트 동대문 스퀘어 서울, JW 메리어트 호텔 서울</td></tr><tr><th>기타</th><td>그랜드 머큐어 앰배서더 창원, 그랜드 하얏트 인천, 소노캄 고양, 소노캄 여수, 웨스틴 조선 부산, 파크 하얏트 부산, 호텔 오노마, 호텔 인터불고 대구</td></tr><tr><th rowspan=""2"">이용 방법</th><th>입차 시</th><td>대상 호텔 정문에서 도어맨에게 발렛파킹 요청 차량 상태 점검 후 주차권 수령</td></tr><tr><th>출차 시</th><td>해당 카드와 함께 주차권과 당일 호텔 객실/매장 이용 영수증 제시 직원이 단말기를 통해 서비스 이용 가능 여부 확인</td></tr></table>
인천/김포공항 무료 발렛파킹 서비스와 통합 월 5회 제공됩니다.
전월 이용금액 50만원 이상 시 제공됩니다.
발급월+1개월까지는 전월 이용금액 50만원 미만 시에도 혜택이 제공됩니다.
호텔 내 객실 및 F&B(식음료) 매장(연회장 제외) 이용을 위해 내방한 본인에 한해 제공됩니다.(JW 메리어트 호텔 서울은 50,000원, 포시즌스 호텔 서울은 30,000원, 몬드리안 서울 이태원 및 호텔 코리아나는 25,000원, 파크 하얏트 서울은 20,000원 이상 이용한 당일 영수증 제시 시 제공)
영수증이 없는 경우에는, 호텔 규정에 따라 발렛파킹 요금과 주차요금이 부과될 수 있습니다.
일 3시간까지 주차 서비스가 제공되며, 3시간 초과 주차 시 별도의 주차요금이 부과됩니다.
원활한 서비스 이용을 위해 서비스 이용 전 호텔에 문의해 주시기 바랍니다.
전월 이용금액 산정 시, 건강보험/국민연금/고용보험/산재보험 및 장애인 고용부담금, 국세/지방세/공과금, 부동산 임대료, 유치원 납입금,
                                                    초/중/고등학교 학교납입금, 대학 등록금, 대중교통, 택시, 기프트/선불카드(포인트, 사이버머니 등 전자지급수단 포함) 구매 및 충전, 상품권 구매건은
                                                    제외됩니다.
인천공항 및 김포공항에서 해당 카드 제시 시 발렛파킹 무료 서비스를 제공해 드립니다.
<table class=""benefit-table""><tr><th colspan=""2"">구분</th><th colspan=""2"">이용방법</th></tr><tr><th rowspan=""4"">인천 공항</th><th rowspan=""2"">제1여객터미널</th><th>출국 시</th><td>인천공항 제1여객터미널 발렛 전용차로 안내표지판을 따라 지하1층 단기주차장 도로 진입 지하 1층 단기 주차장 A구역으로 이동 Maxerve 유니폼 착용 공식 대행 직원에게 서비스 요청 차량 인계/모바일 차량 접수증 문자 발송(카카오톡 접수증)</td></tr><tr><th>입국 시</th><td>입국 후 주차대행 접수증에 안내된 출차 장소로 이동(지하3층 A32구역 또는 H38구역) 유인정산소 모바일 접수증 제시 “제휴카드 승인” 처리 후 차량 인수 주차장 출차 시, 주차 요금 별도 정산</td></tr><tr><th rowspan=""2"">제2여객터미널</th><th>출국 시</th><td>인천공항 제2여객터미널 발렛파킹전용 차로 또는 발렛파킹 안내 표지판을 따라 단기 주차장 도로로 진입 지하 1층 단기주차장으로 이동 공식 대행 직원에게 발렛파킹 요청 후 차량 보관증 수령</td></tr><tr><th>입국 시</th><td>차량 보관증에 기재된 동편 단기 주차장 지하 1층 210번 고객대기실로 이동 정산소에서 해당 카드 제시 후, 서비스 이용 가능 여부 및 주차 장소 확인 차량 상태 점검 후 차량 열쇠 인수 및 주차요금 정산</td></tr><tr><th rowspan=""4"">김포 공항</th><th rowspan=""2"">국내선</th><th>주차 시</th><td>김포공항 국내선 청사 출발층 2층 제일 우측 라인 따라 진입 후 공식 대행 직원에게 해당 카드 제시 차량 상태 점검 후 차량 열쇠 전달 및 보관증 수령</td></tr><tr><th>출차 시</th><td>도착 후, 차량 보관증에 기재된 연락처로 차량 출차 요청 접수증과 해당 카드 제시 후 서비스 이용 가능 여부 확인 차량 상태 점검 후 차량 열쇠 인수 및 주차요금 정산</td></tr></table>
국내특급 호텔 발렛파킹 서비스와 통합 월 5회 제공됩니다.
주차요금은 본인 부담입니다.
발렛파킹 서비스는 일반 주차 대행만 가능합니다.(프리미엄 주차 대행 서비스 상품 제외)
인천공항 발렛파킹 서비스 이용 시 사전 예약해야 하며, 현장 상황에 따라 당일 이용도 가능할 수 있습니다. 제1여객터미널 : https://maxerve-mparking.com/valet 제2여객터미널 : https://valet.amanopark.co.kr/#/main
제1여객터미널 : https://maxerve-mparking.com/valet
제2여객터미널 : https://valet.amanopark.co.kr/#/main
서비스 이용방법은 삼성카드 홈페이지( www.samsungcard.com )에서 확인해 주세요.
전월 이용금액 산정 시, 건강보험/국민연금/고용보험/산재보험 및 장애인 고용부담금, 국세/지방세/공과금, 부동산 임대료, 유치원 납입금,
                                                    초/중/고등학교학교납입금, 대학 등록금, 대중교통, 택시, 기프트/선불카드(포인트, 사이버머니 등 전자지급수단 포함) 구매 및 충전, 상품권 구매건은
                                                    제외됩니다."
AAP1832_B0020,AAP1832,주요혜택,Dining Privilege 서비스,Dining Privilege 서비스,기타,22,,서비스,,,,,,,,,,,,,,2026-06-08 05:59:55,Dining Privilege 서비스,"[서비스안내]
VISA INFINITE 등급 회원에게 삼성카드가 제공하는 선택 서비스입니다.
VISA사의 정책에 따라 1년(1.1~12.31) 단위로 제공되며, 제공기간 경과 시 변경될 수 있습니다.

[서비스내용]
호텔 레스토랑에서 60,000원 이상 결제 시 30,000원 현장할인
호텔 델리에서 40,000원 이상 결제 시 20,000원 현장할인 혜택을 드립니다.
<table class=""benefit-table""><tr><th>구분</th><th>대상</th></tr><tr><th>호텔 레스토랑</th><td>그랜드 워커힐 서울(온달), 그랜드 조선 부산(라운지앤바 테라스292, 아리아, 팔레드 신), 그랜드 조선 제주(아리아), 반얀트리 클럽 앤 스파 서울(그라넘 다이닝 라운지, 문바), 서울신라호텔(더 파크뷰, 라연, 아리아께, 콘티넨탈, 팔선), 안다즈 서울 강남(조각보 키친, 미트 앤 코 스테이크 하우스, 바이츠앤와인), 웨스틴 조선 부산(셔블), 웨스틴 조선 서울(나인스 게이트, 라운지&바, 루브리카, 아리아, 홍연), 파크 하얏트 서울(코너스톤, 더 팀버 하우스), 포시즌스 서울(더 마켓 키친)</td></tr><tr><th>호텔 델리</th><td>그랜드 조선 부산(조선 델리), 이비스 스타일 앰배서더 서울 용산(알라메종 델리), 안다즈 서울 강남(아츠), 웨스틴 조선 서울(조선 델리), 콘래드 서울(10G)</td></tr></table>
통합 월 1회, 연 6회 제공됩니다.
전월 이용금액 50만원 이상 시 제공됩니다.
발급월+1개월까지는 전월 이용금액 50만원 미만 시에도 혜택이 제공됩니다.
결제 시 ‘Dining Privilege 서비스’이용 의사를 전달해주시기 바랍니다.
호텔 규정에 따라 일부 상품은 제외될 수 있습니다.
다른 프로모션 및 혜택과 중복 적용되지 않습니다.
원활한 서비스 이용을 위해 서비스 이용 전 호텔에 문의해 주시기 바랍니다.
전월 이용금액 산정 시, 건강보험/국민연금/고용보험/산재보험 및 장애인 고용부담금, 국세/지방세/공과금, 부동산임대료, 유치원 납입금, 초/중/고등학교학교납입금, 대학등록금, 대중교통, 택시, 기프트/선불카드(포인트, 사이버머니 등 전자지급수단 포함) 구매 및 충전, 상품권 구매건은 제외됩니다."
AAP1832_B0021,AAP1832,주요혜택,SFC 우대서비스,SFC 우대서비스,기타,22,,서비스,,,,,,,,,,,,,,2026-06-08 05:59:55,SFC 우대서비스,"[프로모션 안내]
쇼핑,음식점,여행,자동차 등 업종에서 삼성 임직원 혜택 제공( 2026.01.01 ~ 12.31 ) 자세히보기

[제공기준]
<table class=""benefit-table""><tr><th>구분</th><th>서비스내용</th></tr><tr><th>쇼핑</th><td>백화점, 삼성물산(패션부문) 등</td></tr><tr><th>외식</th><td>VIPS , 아웃백스테이크하우스 등</td></tr><tr><th>문화, 여행</th><td>놀이공원, 국내 호텔 등</td></tr><tr><th>자동차, 웨딩, 금융</th><td>르노코리아, 웨딩, 단기카드대출(현금서비스), 장기카드대출(카드론) 등</td></tr></table>

[유의사항]
카드사 및 제휴사의 사정으로 변경·중단될 수 있으며, 그 내용을 사전에 알려 드립니다."
ABP1283_B0001,ABP1283,주요혜택,포인트 적립,서비스안내,기타,22,Both,포인트,0.2,%,일반 가맹점,연간 이용금액 300만원 미만,0,3000000,,,,,,,,2026-06-08 06:00:37,기타 0.2% 적립,"[서비스안내]
업종 및 연간 이용금액에 따라 0.2%~0.8% 빅포인트 적립

[대상점]
일반 가맹점
음식점 : 한식, 양식, 일식, 중식, 뷔페, 패밀리 레스토랑, 패스트푸드, 간이음식점, 커피전문점, 주점(주류 판매점 제외), 노래방, 나이트클럽 등

[적립기준]
<table class=""benefit-table""><tr><th>구분</th><th>연간 이용금액 300 만원 미만</th><th>연간 이용금액 300만원 이상</th></tr><tr><th>일반 가맹점</th><td>0.2%</td><td>0.4%</td></tr><tr><th>음식점</th><td>0.4%</td><td>0.8%</td></tr></table>

[이용조건]
연간 이용금액은 본인이 발급받은 해당 카드 이용금액을 기준으로 산정(연 기준 : 1.1~12.31)
더블 적립은 300만원 이상 이용한 시점의 매출이 접수된 다음 날부터 적용

[적립 제외 대상]
법인공용카드, 무이자할부, 다이어트할부, 삼성카드 할인이 적용된 일시불 및 할부 이용금액, 고용/산재보험 및 장애인 고용부담금, 국세/지방세/공과금, 대학 등록금, 대중교통, 고속버스(차내 단말기 및 고속버스 App 결제), 고속도로 통행요금, 모바일 티머니, 선불카드 충전(삼성유포인트카드, 삼성전자 멤버십 BLUE 삼성선불카드, 삼성올앳카드 등), 휴대폰알림서비스(S.InfoCare), 스마트오토서비스, 이마트 이클럽 등의 이용금액
- 빅포인트 적립 제외 대상 업종 및 삼성카드 홈페이지 등을 통해 신규사업 적립 제외 대상으로 사전에 게시하는 이용건

[유의사항]
삼성카드 가맹점 업종 분류 기준에 의한 등록 가맹점에 한합니다.
백화점, 할인점 내 일부 임대매장 결제건은 제외될 수 있습니다.
보너스클럽 이용 시 보너스포인트와 빅포인트 중 높은 적립률의 포인트가 적립됩니다.
적립된 빅포인트는 보너스포인트, 서비스포인트, 멤버십리워즈와 합산하여 사용할 수 있습니다.
빅포인트의 유효기간은 5년으로, 유효기간 만료 시 월 단위로 자동 소멸됩니다.
2014 년 4월 30 일까지 적립된 빅포인트의 유효기간은 3년으로 적용됩니다."
ABP1283_B0002,ABP1283,주요혜택,포인트 적립,서비스안내,기타,22,Both,포인트,0.4,%,일반 가맹점,연간 이용금액 300만원 이상,3000000,,,,,,,,,2026-06-08 06:00:37,기타 0.4% 적립,"[서비스안내]
업종 및 연간 이용금액에 따라 0.2%~0.8% 빅포인트 적립

[대상점]
일반 가맹점
음식점 : 한식, 양식, 일식, 중식, 뷔페, 패밀리 레스토랑, 패스트푸드, 간이음식점, 커피전문점, 주점(주류 판매점 제외), 노래방, 나이트클럽 등

[적립기준]
<table class=""benefit-table""><tr><th>구분</th><th>연간 이용금액 300 만원 미만</th><th>연간 이용금액 300만원 이상</th></tr><tr><th>일반 가맹점</th><td>0.2%</td><td>0.4%</td></tr><tr><th>음식점</th><td>0.4%</td><td>0.8%</td></tr></table>

[이용조건]
연간 이용금액은 본인이 발급받은 해당 카드 이용금액을 기준으로 산정(연 기준 : 1.1~12.31)
더블 적립은 300만원 이상 이용한 시점의 매출이 접수된 다음 날부터 적용

[적립 제외 대상]
법인공용카드, 무이자할부, 다이어트할부, 삼성카드 할인이 적용된 일시불 및 할부 이용금액, 고용/산재보험 및 장애인 고용부담금, 국세/지방세/공과금, 대학 등록금, 대중교통, 고속버스(차내 단말기 및 고속버스 App 결제), 고속도로 통행요금, 모바일 티머니, 선불카드 충전(삼성유포인트카드, 삼성전자 멤버십 BLUE 삼성선불카드, 삼성올앳카드 등), 휴대폰알림서비스(S.InfoCare), 스마트오토서비스, 이마트 이클럽 등의 이용금액
- 빅포인트 적립 제외 대상 업종 및 삼성카드 홈페이지 등을 통해 신규사업 적립 제외 대상으로 사전에 게시하는 이용건

[유의사항]
삼성카드 가맹점 업종 분류 기준에 의한 등록 가맹점에 한합니다.
백화점, 할인점 내 일부 임대매장 결제건은 제외될 수 있습니다.
보너스클럽 이용 시 보너스포인트와 빅포인트 중 높은 적립률의 포인트가 적립됩니다.
적립된 빅포인트는 보너스포인트, 서비스포인트, 멤버십리워즈와 합산하여 사용할 수 있습니다.
빅포인트의 유효기간은 5년으로, 유효기간 만료 시 월 단위로 자동 소멸됩니다.
2014 년 4월 30 일까지 적립된 빅포인트의 유효기간은 3년으로 적용됩니다."
ABP1283_B0003,ABP1283,주요혜택,포인트 적립,서비스안내,외식,16,Both,포인트,0.4,%,"한식, 양식, 일식, 중식, 뷔페, 패밀리 레스토랑, 패스트푸드, 간이음식점, 커피전문점, 주점(주류 판매점 제외), 노래방, 나이트클럽",연간 이용금액 300만원 미만,0,3000000,,,,,,,,2026-06-08 06:00:37,외식 0.4% 적립,"[서비스안내]
업종 및 연간 이용금액에 따라 0.2%~0.8% 빅포인트 적립

[대상점]
일반 가맹점
음식점 : 한식, 양식, 일식, 중식, 뷔페, 패밀리 레스토랑, 패스트푸드, 간이음식점, 커피전문점, 주점(주류 판매점 제외), 노래방, 나이트클럽 등

[적립기준]
<table class=""benefit-table""><tr><th>구분</th><th>연간 이용금액 300 만원 미만</th><th>연간 이용금액 300만원 이상</th></tr><tr><th>일반 가맹점</th><td>0.2%</td><td>0.4%</td></tr><tr><th>음식점</th><td>0.4%</td><td>0.8%</td></tr></table>

[이용조건]
연간 이용금액은 본인이 발급받은 해당 카드 이용금액을 기준으로 산정(연 기준 : 1.1~12.31)
더블 적립은 300만원 이상 이용한 시점의 매출이 접수된 다음 날부터 적용

[적립 제외 대상]
법인공용카드, 무이자할부, 다이어트할부, 삼성카드 할인이 적용된 일시불 및 할부 이용금액, 고용/산재보험 및 장애인 고용부담금, 국세/지방세/공과금, 대학 등록금, 대중교통, 고속버스(차내 단말기 및 고속버스 App 결제), 고속도로 통행요금, 모바일 티머니, 선불카드 충전(삼성유포인트카드, 삼성전자 멤버십 BLUE 삼성선불카드, 삼성올앳카드 등), 휴대폰알림서비스(S.InfoCare), 스마트오토서비스, 이마트 이클럽 등의 이용금액
- 빅포인트 적립 제외 대상 업종 및 삼성카드 홈페이지 등을 통해 신규사업 적립 제외 대상으로 사전에 게시하는 이용건

[유의사항]
삼성카드 가맹점 업종 분류 기준에 의한 등록 가맹점에 한합니다.
백화점, 할인점 내 일부 임대매장 결제건은 제외될 수 있습니다.
보너스클럽 이용 시 보너스포인트와 빅포인트 중 높은 적립률의 포인트가 적립됩니다.
적립된 빅포인트는 보너스포인트, 서비스포인트, 멤버십리워즈와 합산하여 사용할 수 있습니다.
빅포인트의 유효기간은 5년으로, 유효기간 만료 시 월 단위로 자동 소멸됩니다.
2014 년 4월 30 일까지 적립된 빅포인트의 유효기간은 3년으로 적용됩니다."
ABP1283_B0004,ABP1283,주요혜택,포인트 적립,서비스안내,외식,16,Both,포인트,0.8,%,"한식, 양식, 일식, 중식, 뷔페, 패밀리 레스토랑, 패스트푸드, 간이음식점, 커피전문점, 주점(주류 판매점 제외), 노래방, 나이트클럽",연간 이용금액 300만원 이상,3000000,,,,,,,,,2026-06-08 06:00:37,외식 0.8% 적립,"[서비스안내]
업종 및 연간 이용금액에 따라 0.2%~0.8% 빅포인트 적립

[대상점]
일반 가맹점
음식점 : 한식, 양식, 일식, 중식, 뷔페, 패밀리 레스토랑, 패스트푸드, 간이음식점, 커피전문점, 주점(주류 판매점 제외), 노래방, 나이트클럽 등

[적립기준]
<table class=""benefit-table""><tr><th>구분</th><th>연간 이용금액 300 만원 미만</th><th>연간 이용금액 300만원 이상</th></tr><tr><th>일반 가맹점</th><td>0.2%</td><td>0.4%</td></tr><tr><th>음식점</th><td>0.4%</td><td>0.8%</td></tr></table>

[이용조건]
연간 이용금액은 본인이 발급받은 해당 카드 이용금액을 기준으로 산정(연 기준 : 1.1~12.31)
더블 적립은 300만원 이상 이용한 시점의 매출이 접수된 다음 날부터 적용

[적립 제외 대상]
법인공용카드, 무이자할부, 다이어트할부, 삼성카드 할인이 적용된 일시불 및 할부 이용금액, 고용/산재보험 및 장애인 고용부담금, 국세/지방세/공과금, 대학 등록금, 대중교통, 고속버스(차내 단말기 및 고속버스 App 결제), 고속도로 통행요금, 모바일 티머니, 선불카드 충전(삼성유포인트카드, 삼성전자 멤버십 BLUE 삼성선불카드, 삼성올앳카드 등), 휴대폰알림서비스(S.InfoCare), 스마트오토서비스, 이마트 이클럽 등의 이용금액
- 빅포인트 적립 제외 대상 업종 및 삼성카드 홈페이지 등을 통해 신규사업 적립 제외 대상으로 사전에 게시하는 이용건

[유의사항]
삼성카드 가맹점 업종 분류 기준에 의한 등록 가맹점에 한합니다.
백화점, 할인점 내 일부 임대매장 결제건은 제외될 수 있습니다.
보너스클럽 이용 시 보너스포인트와 빅포인트 중 높은 적립률의 포인트가 적립됩니다.
적립된 빅포인트는 보너스포인트, 서비스포인트, 멤버십리워즈와 합산하여 사용할 수 있습니다.
빅포인트의 유효기간은 5년으로, 유효기간 만료 시 월 단위로 자동 소멸됩니다.
2014 년 4월 30 일까지 적립된 빅포인트의 유효기간은 3년으로 적용됩니다."
ABP1283_B0005,ABP1283,주요혜택,S OIL 보너스포인트 적립,서비스 안내,자동차/주유,6,Offline,포인트,40,포인트,S-OIL,전월 30만원 이상 이용,300000,,100000,,2,400000,포인트,,,2026-06-08 06:00:37,자동차/주유 리터당 40포인트 적립,"[서비스 안내]
S-OIL 주유소 주유 시 리터당 40 보너스포인트 적립

[이용조건]
일 2회, 회당 주유금액 10 만원, 월 4 0 만원까지 적용
S-OIL 이용금액을 제외한 직전 3개월 월평균 일시불 및 할부 이용금액 3 0 만원 이상 시 제공

[유의사항]
경유, 등유는 휘발유가 기준으로 환산 적립되며, 일부 주유소 및 LPG 충전소는 제외됩니다.
S-OIL 본사 지정 주유소에 한하며, S-OIL 홈페이지에서 확인 가능합니다.
적립된 보너스포인트는 빅포인트, 서비스포인트, 멤버십리워즈와 합산하여 사용 가능합니다.
보너스포인트의 유효기간은 5년으로, 유효기간 만료 시 월 단위로 자동 소멸됩니다.
적립액은 S-OIL 본사에서 고시하는 휘발유가 기준이며(매주 변경), 각 주유소별 유가 차이 및 유류에 따라 적립금액 차이가 발생할 수 있습니다.(고시가 기준 리터 환산 시 소수점 이하는 반올림)
SKT 삼성카드 2, olleh 삼성카드 2, LG U+ 삼성카드 2 이용 회원님의 경우 포인트연계할부서비스(폰세이브) 이용 시 보너스포인트가 아닌 폰세이브포인트로 적립됩니다.
삼성전자 멤버십 BLUE L 삼성카드, 삼성전자 멤버십 BLUE Y 삼성카드, 삼성전자 멤버십 BLUE B 삼성카드, 삼성전자 멤버십 BLUE U 삼성카드, 디지털멤버십삼성유포인트카드  이용 시 보너스포인트가 아닌 U포인트가 적립됩니다."
ABP1283_B0006,ABP1283,주요혜택,스타벅스 할인,서비스안내,카페/베이커리,14,Offline,할인,1000,원,스타벅스,,,,10000,,5,,,,,2026-06-08 06:00:37,카페/베이커리 1천원 할인,"[서비스안내]
스타벅스 1 만원 이상 결제 시 1,000 원 결제일할인(청구할인)

[이용조건]
통합 월 1 회, 연 5 회 제공

[유의사항]
상품권 구매 및 충전식 선불카드 충전은 제외됩니다.
백화점, 할인점 내 일부 임대매장은 제외됩니다.
체크카드는 결제건이 접수된 다음 날 해당 체크카드 결제계좌로 캐시백됩니다."
ABP1283_B0007,ABP1283,주요혜택,아웃백 할인,서비스 안내,외식,16,Offline,할인,10,%,아웃백스테이크하우스,,,,,,,20000,원,,,2026-06-08 06:00:37,외식 10% 할인,"[서비스 안내]
아웃백스테이크하우스 10 % 현장할인

[이용조건]
할인한도 : 회당 20,000 원

[유의사항]
다른 제휴카드 및 할인 혜택과 중복 적용되지 않습니다.
주류는 제외됩니다."
ABP1283_B0008,ABP1283,주요혜택,영화관 할인,할인기준,문화/엔터,11,Offline,할인,1500,원,"메가박스, CGV(오프라인)",전월 30만원 이상,300000,,8500,,5,,,,,2026-06-08 06:00:37,"문화/엔터 1,500원 할인","[서비스안내]
메가박스 1,500원·3,000원 결제일할인(청구할인)

[할인기준]
<table class=""benefit-table""><tr><th>구분</th><th>서비스내용</th></tr><tr><td>메가박스</td><td>메가박스 영화 예매 시 결제일할인(청구할인) 8,500 원 이하 결제 시 1,500 원 결제일할인(청구할인) 8,500 원 초과 결제 시 3,000 원 결제일할인(청구할인)</td></tr></table>

[이용조건]
직전 3개월 월평균 일시불 및 할부 이용금액 30만원 이상 시 제공
아래의 경우, 발급월+2개월까지는 이용금액에 관계없이 1회 제공 삼성카드 신규 회원 직전 3개월 동안 무실적 회원이 카드를 추가·교체 발급한 경우
삼성카드 신규 회원
직전 3개월 동안 무실적 회원이 카드를 추가·교체 발급한 경우
일 1 회, 월 5 회, 연 12 회 제공(CGV 총 이용횟수와 별도로 제공)

[유의사항]
예매 대행 사이트 이용 시 할인이 적용되지 않습니다.
삼성카드의 다른 결제일할인(청구할인) 혜택과 중복 적용되지 않으며, 할인 혜택이 큰 금액만 적용됩니다.
할인이 적용된 이용금액에 대해서는 포인트가 적립되지 않습니다.
체크카드는 결제건이 접수된 다음 날 해당 체크카드 결제계좌로 캐시백
오프라인 결제 및 공식 홈페이지·앱을 통한 결제건에 한합니다."
ABP1283_B0009,ABP1283,주요혜택,영화관 할인,할인기준,문화/엔터,11,Offline,할인,3000,원,메가박스,전월 30만원 이상,300000,,8500,,5,,,,,2026-06-08 06:00:37,"문화/엔터 3,000원 할인","[서비스안내]
메가박스 1,500원·3,000원 결제일할인(청구할인)

[할인기준]
<table class=""benefit-table""><tr><th>구분</th><th>서비스내용</th></tr><tr><td>메가박스</td><td>메가박스 영화 예매 시 결제일할인(청구할인) 8,500 원 이하 결제 시 1,500 원 결제일할인(청구할인) 8,500 원 초과 결제 시 3,000 원 결제일할인(청구할인)</td></tr></table>

[이용조건]
직전 3개월 월평균 일시불 및 할부 이용금액 30만원 이상 시 제공
아래의 경우, 발급월+2개월까지는 이용금액에 관계없이 1회 제공 삼성카드 신규 회원 직전 3개월 동안 무실적 회원이 카드를 추가·교체 발급한 경우
삼성카드 신규 회원
직전 3개월 동안 무실적 회원이 카드를 추가·교체 발급한 경우
일 1 회, 월 5 회, 연 12 회 제공(CGV 총 이용횟수와 별도로 제공)

[유의사항]
예매 대행 사이트 이용 시 할인이 적용되지 않습니다.
삼성카드의 다른 결제일할인(청구할인) 혜택과 중복 적용되지 않으며, 할인 혜택이 큰 금액만 적용됩니다.
할인이 적용된 이용금액에 대해서는 포인트가 적립되지 않습니다.
체크카드는 결제건이 접수된 다음 날 해당 체크카드 결제계좌로 캐시백
오프라인 결제 및 공식 홈페이지·앱을 통한 결제건에 한합니다."
ABP1283_B0010,ABP1283,주요혜택,닥터카서비스,서비스 안내,자동차/주유,6,Offline,할인,15000,원,"애니카랜드, 스피드메이트, 카젠, 오토오아시스",,300000,,,,1,,,,,2026-06-08 06:00:37,자동차/주유 1만5천원 할인,"[서비스 안내]
엔진오일 교환 시 15,000 원 현장할인

[대상점]
애니카랜드 www.samsungfire.com , 1588-5114 스피드메이트 www.speedmate.com , 1600-1600 카젠 www.carzen.co.kr , 1588 - 0720 오토오아시스 www.autooasis.com , 1588-1984 할인점 내 입점매장 제외
할인점 내 입점매장 제외

[이용기준]
엔진오일(오일필터 및 에어클리너 포함) 교환 시 15,000 원 현장할인(연 1회)
차량 안전점검 무료(연 1회)
타이어 펑크 수리 무료(연 1회, 타이어 1개 기준)
타이어 위치 교환 무료(연 1회, 휠밸런스 2개 포함)

[이용조건]
직전 3개월 월평균 일시불 및 할부 이용금액 30 만원 이상 시 제공
연 기준 : 1.1~12.31
가족카드 이용금액 및 횟수는 본인카드와 별도 산정

[유의사항]
이용 전 닥터카서비스 이용 의사를 말씀해 주시기 바랍니다.
스피드메이트는 ZIC A , 애니카랜드는 Mobile special 및 KIXX DA , 카젠은 S-OIL SSU GXO , 오토오아시스는 KIXX G1/D1 엔진오일 기준이며, 다른 고급엔진오일로 교환 시 서비스 적용이 제한될 수 있습니다.
수입차 및 1.4 톤 이상 트럭은 제외됩니다."
ABP1283_B0012,ABP1283,주요혜택,놀이공원 할인,서비스 안내,레저/스포츠,9,Offline,할인,50,%,"에버랜드, 롯데월드, 서울랜드, 통도환타지아, 대전오월드, 경주월드, 이월드",직전 3개월 월평균 일시불 및 할부 이용금액 30만원 이상,300000,,,,5,,,,,2026-06-08 06:00:37,레저/스포츠 50% 할인,"[서비스 안내]
놀이공원 자유이용권 50% ·워터파크 입장권 30% 현장할인

[할인기준]
<table class=""benefit-table""><tr><th>대상점</th><th>서비스내용</th></tr><tr><th>에버랜드</th><td>자유이용권 50% 현장할인 홈페이지 예매 할인 가능(제휴 할인 카드 선택) 예약하기</td></tr><tr><th>롯데월드</th><td>자유이용권 50% 현장할인 홈페이지 예매 할인 가능(제휴 할인 카드 선택) 예약하기</td></tr><tr><th>서울랜드, 통도환타지아, 대전오월드, 경주월드</th><td>자유이용권 50% 현장할인</td></tr><tr><th>이월드</th><td>자유이용권 50% 현장할인 또는 무료 입장</td></tr><tr><th>캐리비안베이, 아쿠아환타지아, 캘리포니아비치</th><td>입장권 30% 현장할인</td></tr><tr><th>중흥골드스파, 디오션리조트 워터파크, 스파밸리</th><td>입장권 30% 현장할인(동반 1인 포함)</td></tr></table>

[이용조건]
직전 3개월 월평균 일시불 및 할부 이용금액 30 만원 이상 시 제공
아래의 경우, 발급월+2개월까지는 이용금액에 관계없이 1회 제공 삼성카드 신규 회원 직전 3개월 동안 무실적 회원이 카드를 추가·교체 발급한 경우
삼성카드 신규 회원
직전 3개월 동안 무실적 회원이 카드를 추가·교체 발급한 경우
카드당 통합 일 1 회, 연 5 회 제공
연 기준 : 1.1~12.31"
ABP1283_B0013,ABP1283,주요혜택,놀이공원 할인,서비스 안내,레저/스포츠,9,Offline,할인,30,%,"캐리비안베이, 아쿠아환타지아, 캘리포니아비치, 중흥골드스파, 디오션리조트 워터파크, 스파밸리",직전 3개월 월평균 일시불 및 할부 이용금액 30만원 이상,300000,,,,5,,,,,2026-06-08 06:00:37,레저/스포츠 30% 할인,"[서비스 안내]
놀이공원 자유이용권 50% ·워터파크 입장권 30% 현장할인

[할인기준]
<table class=""benefit-table""><tr><th>대상점</th><th>서비스내용</th></tr><tr><th>에버랜드</th><td>자유이용권 50% 현장할인 홈페이지 예매 할인 가능(제휴 할인 카드 선택) 예약하기</td></tr><tr><th>롯데월드</th><td>자유이용권 50% 현장할인 홈페이지 예매 할인 가능(제휴 할인 카드 선택) 예약하기</td></tr><tr><th>서울랜드, 통도환타지아, 대전오월드, 경주월드</th><td>자유이용권 50% 현장할인</td></tr><tr><th>이월드</th><td>자유이용권 50% 현장할인 또는 무료 입장</td></tr><tr><th>캐리비안베이, 아쿠아환타지아, 캘리포니아비치</th><td>입장권 30% 현장할인</td></tr><tr><th>중흥골드스파, 디오션리조트 워터파크, 스파밸리</th><td>입장권 30% 현장할인(동반 1인 포함)</td></tr></table>

[이용조건]
직전 3개월 월평균 일시불 및 할부 이용금액 30 만원 이상 시 제공
아래의 경우, 발급월+2개월까지는 이용금액에 관계없이 1회 제공 삼성카드 신규 회원 직전 3개월 동안 무실적 회원이 카드를 추가·교체 발급한 경우
삼성카드 신규 회원
직전 3개월 동안 무실적 회원이 카드를 추가·교체 발급한 경우
카드당 통합 일 1 회, 연 5 회 제공
연 기준 : 1.1~12.31"
ABP1283_B0014,ABP1283,주요혜택,영화관 할인,할인기준,문화/엔터,11,Online,할인,1500,원,CGV(온라인),전월 30만원 이상,300000,,,,5,,,,,2026-06-08 06:00:37,"문화/엔터 1,500원 할인","[서비스 안내]
CGV 1,500 원 현장할인 및 1,500원· 3,000 원 결제일할인(청구할인)

[할인기준]
<table class=""benefit-table""><tr><th>구분</th><th>서비스내용</th></tr><tr><td>CGV(오프라인)</td><td>현장결제 시 1,500 원 현장할인</td></tr><tr><td>CGV(온라인)</td><td>영화 예매 시 결제일할인(청구할인) 8,500 원 이하 결제 시 1,500 원 결제일할인(청구할인) 8,500 원 초과 결제 시 3,000 원 결제일할인(청구할인)</td></tr></table>

[이용조건]
직전 3 개월 월평균 일시불 및 할부 이용금액 30 만원 이상 시 제공
아래의 경우, 발급월+ 2 개월까지는 이용금액에 관계없이 1 회 제공 삼성카드 신규 회원 직전 3 개월 동안 무실적 회원이 카드를 추가·교체 발급한 경우
삼성카드 신규 회원
직전 3 개월 동안 무실적 회원이 카드를 추가·교체 발급한 경우
일 1 회, 월 5 회, 연 12 회 제공됩니다.( CGV 현장할인은 연 6 회 제공, 총 이용횟수에 포함)
연 기준 : 1.1~ 12.31
오프라인 결제 및 공식 홈페이지·앱을 통한 결제건에 한합니다."
ABP1283_B0015,ABP1283,주요혜택,영화관 할인,할인기준,문화/엔터,11,Online,할인,3000,원,CGV(온라인),전월 30만원 이상,300000,,8500,,5,,,,,2026-06-08 06:00:37,"문화/엔터 3,000원 할인","[서비스 안내]
CGV 1,500 원 현장할인 및 1,500원· 3,000 원 결제일할인(청구할인)

[할인기준]
<table class=""benefit-table""><tr><th>구분</th><th>서비스내용</th></tr><tr><td>CGV(오프라인)</td><td>현장결제 시 1,500 원 현장할인</td></tr><tr><td>CGV(온라인)</td><td>영화 예매 시 결제일할인(청구할인) 8,500 원 이하 결제 시 1,500 원 결제일할인(청구할인) 8,500 원 초과 결제 시 3,000 원 결제일할인(청구할인)</td></tr></table>

[이용조건]
직전 3 개월 월평균 일시불 및 할부 이용금액 30 만원 이상 시 제공
아래의 경우, 발급월+ 2 개월까지는 이용금액에 관계없이 1 회 제공 삼성카드 신규 회원 직전 3 개월 동안 무실적 회원이 카드를 추가·교체 발급한 경우
삼성카드 신규 회원
직전 3 개월 동안 무실적 회원이 카드를 추가·교체 발급한 경우
일 1 회, 월 5 회, 연 12 회 제공됩니다.( CGV 현장할인은 연 6 회 제공, 총 이용횟수에 포함)
연 기준 : 1.1~ 12.31
오프라인 결제 및 공식 홈페이지·앱을 통한 결제건에 한합니다."
ABP1283_B0016,ABP1283,주요혜택,프로스포츠 할인,할인기준,레저/스포츠,9,Offline,할인,1000,원,"삼성라이온즈(야구) 외야지정석, 잔디석, SKY상단지정석",,,,,,1,,,,,2026-06-08 06:00:37,레저/스포츠 1천원 할인,"[서비스안내]
2026 년 프로스포츠 제휴 구단 정규시즌 홈 경기 할인 프로모션

[할인기준]
<table class=""benefit-table""><tr><th>대상구단</th><th colspan=""2"">할인내용</th><th>할인매수</th></tr><tr><td rowspan=""2"">삼성라이온즈(야구)</td><td>현장결제</td><td rowspan=""2"">외야지정석/잔디석/SKY상단지정석 입장료 1,000 원 즉시할인</td><td>1매</td></tr><tr><td>온라인예매</td><td>2매</td></tr><tr><td rowspan=""2"">수원삼성블루윙즈(축구)</td><td>현장결제/온라인예매</td><td>W/E석 입장료 2,000 원 즉시할인</td><td>4매</td></tr><tr><td>온라인예매</td><td>E/N석 입장료 50% 예매할인 - 대상카드 : 삼성애니패스카드, 삼성애니패스포인트카드, 르노삼성자동차카드, 공무원연금 삼성카드</td><td>2매</td></tr><tr><td rowspan=""2"">삼성썬더스(농구)</td><td>현장결제</td><td rowspan=""2"">응원석 및 일반석 입장료 7,000원 즉시할인</td><td rowspan=""2"">2매</td></tr><tr><td>온라인예매</td></tr></table>

[이용방법]
<table class=""benefit-table""><tr><th>현장할인</th><td>매표소에서 해당 카드로 결제</td></tr><tr><th>예매할인</th><td>삼성카드 홈페이지 내 스포츠할인서비스 를 통해 구단별 사이트에서 예매 (결제 시 ‘삼성카드 예매’ 선택 후 해당 카드로 결제)</td></tr></table>

[유의사항]
구단에 따라 예매 사이트가 다를 수 있습니다.
매년 정규리그 시즌 단위로 할인기준 및 할인방법이 변경되며, 시즌 오픈 시점에 삼성카드 홈페이지에 안내됩니다."
ABP1283_B0017,ABP1283,주요혜택,프로스포츠 할인,할인기준,레저/스포츠,9,Online,할인,1000,원,삼성라이온즈(야구),,,,,,2,,,,,2026-06-08 06:00:37,레저/스포츠 1천원 할인,"[서비스안내]
2026 년 프로스포츠 제휴 구단 정규시즌 홈 경기 할인 프로모션

[할인기준]
<table class=""benefit-table""><tr><th>대상구단</th><th colspan=""2"">할인내용</th><th>할인매수</th></tr><tr><td rowspan=""2"">삼성라이온즈(야구)</td><td>현장결제</td><td rowspan=""2"">외야지정석/잔디석/SKY상단지정석 입장료 1,000 원 즉시할인</td><td>1매</td></tr><tr><td>온라인예매</td><td>2매</td></tr><tr><td rowspan=""2"">수원삼성블루윙즈(축구)</td><td>현장결제/온라인예매</td><td>W/E석 입장료 2,000 원 즉시할인</td><td>4매</td></tr><tr><td>온라인예매</td><td>E/N석 입장료 50% 예매할인 - 대상카드 : 삼성애니패스카드, 삼성애니패스포인트카드, 르노삼성자동차카드, 공무원연금 삼성카드</td><td>2매</td></tr><tr><td rowspan=""2"">삼성썬더스(농구)</td><td>현장결제</td><td rowspan=""2"">응원석 및 일반석 입장료 7,000원 즉시할인</td><td rowspan=""2"">2매</td></tr><tr><td>온라인예매</td></tr></table>

[이용방법]
<table class=""benefit-table""><tr><th>현장할인</th><td>매표소에서 해당 카드로 결제</td></tr><tr><th>예매할인</th><td>삼성카드 홈페이지 내 스포츠할인서비스 를 통해 구단별 사이트에서 예매 (결제 시 ‘삼성카드 예매’ 선택 후 해당 카드로 결제)</td></tr></table>

[유의사항]
구단에 따라 예매 사이트가 다를 수 있습니다.
매년 정규리그 시즌 단위로 할인기준 및 할인방법이 변경되며, 시즌 오픈 시점에 삼성카드 홈페이지에 안내됩니다."
ABP1283_B0018,ABP1283,주요혜택,프로스포츠 할인,할인기준,레저/스포츠,9,Both,할인,2000,원,"수원삼성블루윙즈(축구) W, E석",,,,,,4,,,,,2026-06-08 06:00:37,레저/스포츠 2천원 할인,"[서비스안내]
2026 년 프로스포츠 제휴 구단 정규시즌 홈 경기 할인 프로모션

[할인기준]
<table class=""benefit-table""><tr><th>대상구단</th><th colspan=""2"">할인내용</th><th>할인매수</th></tr><tr><td rowspan=""2"">삼성라이온즈(야구)</td><td>현장결제</td><td rowspan=""2"">외야지정석/잔디석/SKY상단지정석 입장료 1,000 원 즉시할인</td><td>1매</td></tr><tr><td>온라인예매</td><td>2매</td></tr><tr><td rowspan=""2"">수원삼성블루윙즈(축구)</td><td>현장결제/온라인예매</td><td>W/E석 입장료 2,000 원 즉시할인</td><td>4매</td></tr><tr><td>온라인예매</td><td>E/N석 입장료 50% 예매할인 - 대상카드 : 삼성애니패스카드, 삼성애니패스포인트카드, 르노삼성자동차카드, 공무원연금 삼성카드</td><td>2매</td></tr><tr><td rowspan=""2"">삼성썬더스(농구)</td><td>현장결제</td><td rowspan=""2"">응원석 및 일반석 입장료 7,000원 즉시할인</td><td rowspan=""2"">2매</td></tr><tr><td>온라인예매</td></tr></table>

[이용방법]
<table class=""benefit-table""><tr><th>현장할인</th><td>매표소에서 해당 카드로 결제</td></tr><tr><th>예매할인</th><td>삼성카드 홈페이지 내 스포츠할인서비스 를 통해 구단별 사이트에서 예매 (결제 시 ‘삼성카드 예매’ 선택 후 해당 카드로 결제)</td></tr></table>

[유의사항]
구단에 따라 예매 사이트가 다를 수 있습니다.
매년 정규리그 시즌 단위로 할인기준 및 할인방법이 변경되며, 시즌 오픈 시점에 삼성카드 홈페이지에 안내됩니다."
ABP1283_B0019,ABP1283,주요혜택,프로스포츠 할인,할인기준,레저/스포츠,9,Online,할인,50,%,"수원삼성블루윙즈(축구) E, N석",,,,,,2,,,,,2026-06-08 06:00:37,레저/스포츠 50% 할인,"[서비스안내]
2026 년 프로스포츠 제휴 구단 정규시즌 홈 경기 할인 프로모션

[할인기준]
<table class=""benefit-table""><tr><th>대상구단</th><th colspan=""2"">할인내용</th><th>할인매수</th></tr><tr><td rowspan=""2"">삼성라이온즈(야구)</td><td>현장결제</td><td rowspan=""2"">외야지정석/잔디석/SKY상단지정석 입장료 1,000 원 즉시할인</td><td>1매</td></tr><tr><td>온라인예매</td><td>2매</td></tr><tr><td rowspan=""2"">수원삼성블루윙즈(축구)</td><td>현장결제/온라인예매</td><td>W/E석 입장료 2,000 원 즉시할인</td><td>4매</td></tr><tr><td>온라인예매</td><td>E/N석 입장료 50% 예매할인 - 대상카드 : 삼성애니패스카드, 삼성애니패스포인트카드, 르노삼성자동차카드, 공무원연금 삼성카드</td><td>2매</td></tr><tr><td rowspan=""2"">삼성썬더스(농구)</td><td>현장결제</td><td rowspan=""2"">응원석 및 일반석 입장료 7,000원 즉시할인</td><td rowspan=""2"">2매</td></tr><tr><td>온라인예매</td></tr></table>

[이용방법]
<table class=""benefit-table""><tr><th>현장할인</th><td>매표소에서 해당 카드로 결제</td></tr><tr><th>예매할인</th><td>삼성카드 홈페이지 내 스포츠할인서비스 를 통해 구단별 사이트에서 예매 (결제 시 ‘삼성카드 예매’ 선택 후 해당 카드로 결제)</td></tr></table>

[유의사항]
구단에 따라 예매 사이트가 다를 수 있습니다.
매년 정규리그 시즌 단위로 할인기준 및 할인방법이 변경되며, 시즌 오픈 시점에 삼성카드 홈페이지에 안내됩니다."
ABP1283_B0020,ABP1283,주요혜택,프로스포츠 할인,할인기준,레저/스포츠,9,Offline,할인,7000,원,"삼성썬더스(농구) 응원석, 일반석",,,,,,2,,,,,2026-06-08 06:00:37,레저/스포츠 7천원 할인,"[서비스안내]
2026 년 프로스포츠 제휴 구단 정규시즌 홈 경기 할인 프로모션

[할인기준]
<table class=""benefit-table""><tr><th>대상구단</th><th colspan=""2"">할인내용</th><th>할인매수</th></tr><tr><td rowspan=""2"">삼성라이온즈(야구)</td><td>현장결제</td><td rowspan=""2"">외야지정석/잔디석/SKY상단지정석 입장료 1,000 원 즉시할인</td><td>1매</td></tr><tr><td>온라인예매</td><td>2매</td></tr><tr><td rowspan=""2"">수원삼성블루윙즈(축구)</td><td>현장결제/온라인예매</td><td>W/E석 입장료 2,000 원 즉시할인</td><td>4매</td></tr><tr><td>온라인예매</td><td>E/N석 입장료 50% 예매할인 - 대상카드 : 삼성애니패스카드, 삼성애니패스포인트카드, 르노삼성자동차카드, 공무원연금 삼성카드</td><td>2매</td></tr><tr><td rowspan=""2"">삼성썬더스(농구)</td><td>현장결제</td><td rowspan=""2"">응원석 및 일반석 입장료 7,000원 즉시할인</td><td rowspan=""2"">2매</td></tr><tr><td>온라인예매</td></tr></table>

[이용방법]
<table class=""benefit-table""><tr><th>현장할인</th><td>매표소에서 해당 카드로 결제</td></tr><tr><th>예매할인</th><td>삼성카드 홈페이지 내 스포츠할인서비스 를 통해 구단별 사이트에서 예매 (결제 시 ‘삼성카드 예매’ 선택 후 해당 카드로 결제)</td></tr></table>

[유의사항]
구단에 따라 예매 사이트가 다를 수 있습니다.
매년 정규리그 시즌 단위로 할인기준 및 할인방법이 변경되며, 시즌 오픈 시점에 삼성카드 홈페이지에 안내됩니다."
ABP1518_B0001,ABP1518,주요혜택,GS칼텍스 캐시백,서비스안내,자동차/주유,6,Offline,할인,35,원,S-OIL,,0,,,,,,,,,2026-06-08 06:01:51,자동차/주유 35원 할인,"[서비스안내]
S-OIL '화물차 우대 주유소' 및 GS 칼텍스 '화물특화 주유소'에서 경유 주유 시 리터당 29 원~ 35 원 할인·캐시백· GS&POINT 적립

[제공기준]
지급방법 GS 칼텍스 주유 시 제공되는 캐시백금액은 매월 15 일(영업일 기준) 해당 체크카드 결제계좌로 입금 (전월 1 일부터 말일까지 삼성카드 매출전표 접수금액 기준)
혜택기준 기본혜택 제공기준을 확인하실 수 있는 표입니다. 구분 S-OIL GS 칼텍스 현장할인 35 원 15 원 캐시백 - 9 원 포인트적립 - GS&POINT 5P
기본혜택 제공기준을 확인하실 수 있는 표입니다. 구분 S-OIL GS 칼텍스 현장할인 35 원 15 원 캐시백 - 9 원 포인트적립 - GS&POINT 5P
<table class=""benefit-table""><tr><th>구분</th><th>S-OIL</th><th>GS 칼텍스</th></tr><tr><td>현장할인</td><td>35 원</td><td>15 원</td></tr><tr><td>캐시백</td><td>-</td><td>9 원</td></tr><tr><td>포인트적립</td><td>-</td><td>GS&POINT 5P</td></tr></table>

[이용조건]
현장할인, 캐시백, GS&POINT 적립은 전월 이용금액에 관계없이, 한도 없이 제공

[유의사항]
삼성카드 가맹점 업종 분류 기준에 의한 등록 가맹점에 한합니다.
현장할인금액은 해당 주유소별 경유 소비자 판매가 기준으로 적용됩니다.(판매가 기준 리터 환산 시 소수점 이하는 절사)
캐시백금액은 S-OIL , GS 칼텍스 본사에서 고시하는 경유가 기준이며, 각 주유소별 유가 차이에 따라 캐시백금액 차이가 발생할 수 있습니다.(고시가 기준 리터 환산 시 소수점 이하는 절사)
GS&POINT 에 대한 자세한 내용은 GS 칼텍스 고객센터( 1588-5172 ) 또는 홈페이지( www.kixx.co.kr )를 통해 확인 바랍니다.
GS&POINT 에 관련한 모든 사항은 GS 칼텍스의 정책에 따라 운영됩니다.
해당 주유소는 S-OIL 홈페이지( www.s-oilbonus.com ) 및 GS 칼텍스 홈페이지( www.kixx.co.kr )를 통해 확인 바랍니다."
ABP1518_B0002,ABP1518,주요혜택,GS칼텍스 캐시백,서비스안내,자동차/주유,6,Offline,할인,15,원,GS 칼텍스,,0,,,,,,,,,2026-06-08 06:01:51,자동차/주유 15원 할인,"[서비스안내]
S-OIL '화물차 우대 주유소' 및 GS 칼텍스 '화물특화 주유소'에서 경유 주유 시 리터당 29 원~ 35 원 할인·캐시백· GS&POINT 적립

[제공기준]
지급방법 GS 칼텍스 주유 시 제공되는 캐시백금액은 매월 15 일(영업일 기준) 해당 체크카드 결제계좌로 입금 (전월 1 일부터 말일까지 삼성카드 매출전표 접수금액 기준)
혜택기준 기본혜택 제공기준을 확인하실 수 있는 표입니다. 구분 S-OIL GS 칼텍스 현장할인 35 원 15 원 캐시백 - 9 원 포인트적립 - GS&POINT 5P
기본혜택 제공기준을 확인하실 수 있는 표입니다. 구분 S-OIL GS 칼텍스 현장할인 35 원 15 원 캐시백 - 9 원 포인트적립 - GS&POINT 5P
<table class=""benefit-table""><tr><th>구분</th><th>S-OIL</th><th>GS 칼텍스</th></tr><tr><td>현장할인</td><td>35 원</td><td>15 원</td></tr><tr><td>캐시백</td><td>-</td><td>9 원</td></tr><tr><td>포인트적립</td><td>-</td><td>GS&POINT 5P</td></tr></table>

[이용조건]
현장할인, 캐시백, GS&POINT 적립은 전월 이용금액에 관계없이, 한도 없이 제공

[유의사항]
삼성카드 가맹점 업종 분류 기준에 의한 등록 가맹점에 한합니다.
현장할인금액은 해당 주유소별 경유 소비자 판매가 기준으로 적용됩니다.(판매가 기준 리터 환산 시 소수점 이하는 절사)
캐시백금액은 S-OIL , GS 칼텍스 본사에서 고시하는 경유가 기준이며, 각 주유소별 유가 차이에 따라 캐시백금액 차이가 발생할 수 있습니다.(고시가 기준 리터 환산 시 소수점 이하는 절사)
GS&POINT 에 대한 자세한 내용은 GS 칼텍스 고객센터( 1588-5172 ) 또는 홈페이지( www.kixx.co.kr )를 통해 확인 바랍니다.
GS&POINT 에 관련한 모든 사항은 GS 칼텍스의 정책에 따라 운영됩니다.
해당 주유소는 S-OIL 홈페이지( www.s-oilbonus.com ) 및 GS 칼텍스 홈페이지( www.kixx.co.kr )를 통해 확인 바랍니다."
ABP1518_B0003,ABP1518,주요혜택,GS칼텍스 캐시백,서비스안내,자동차/주유,6,Offline,캐시백,9,원,GS 칼텍스,,0,,,,,,,,,2026-06-08 06:01:51,자동차/주유 9원 캐시백,"[서비스안내]
S-OIL '화물차 우대 주유소' 및 GS 칼텍스 '화물특화 주유소'에서 경유 주유 시 리터당 29 원~ 35 원 할인·캐시백· GS&POINT 적립

[제공기준]
지급방법 GS 칼텍스 주유 시 제공되는 캐시백금액은 매월 15 일(영업일 기준) 해당 체크카드 결제계좌로 입금 (전월 1 일부터 말일까지 삼성카드 매출전표 접수금액 기준)
혜택기준 기본혜택 제공기준을 확인하실 수 있는 표입니다. 구분 S-OIL GS 칼텍스 현장할인 35 원 15 원 캐시백 - 9 원 포인트적립 - GS&POINT 5P
기본혜택 제공기준을 확인하실 수 있는 표입니다. 구분 S-OIL GS 칼텍스 현장할인 35 원 15 원 캐시백 - 9 원 포인트적립 - GS&POINT 5P
<table class=""benefit-table""><tr><th>구분</th><th>S-OIL</th><th>GS 칼텍스</th></tr><tr><td>현장할인</td><td>35 원</td><td>15 원</td></tr><tr><td>캐시백</td><td>-</td><td>9 원</td></tr><tr><td>포인트적립</td><td>-</td><td>GS&POINT 5P</td></tr></table>

[이용조건]
현장할인, 캐시백, GS&POINT 적립은 전월 이용금액에 관계없이, 한도 없이 제공

[유의사항]
삼성카드 가맹점 업종 분류 기준에 의한 등록 가맹점에 한합니다.
현장할인금액은 해당 주유소별 경유 소비자 판매가 기준으로 적용됩니다.(판매가 기준 리터 환산 시 소수점 이하는 절사)
캐시백금액은 S-OIL , GS 칼텍스 본사에서 고시하는 경유가 기준이며, 각 주유소별 유가 차이에 따라 캐시백금액 차이가 발생할 수 있습니다.(고시가 기준 리터 환산 시 소수점 이하는 절사)
GS&POINT 에 대한 자세한 내용은 GS 칼텍스 고객센터( 1588-5172 ) 또는 홈페이지( www.kixx.co.kr )를 통해 확인 바랍니다.
GS&POINT 에 관련한 모든 사항은 GS 칼텍스의 정책에 따라 운영됩니다.
해당 주유소는 S-OIL 홈페이지( www.s-oilbonus.com ) 및 GS 칼텍스 홈페이지( www.kixx.co.kr )를 통해 확인 바랍니다."
ABP1518_B0004,ABP1518,주요혜택,GS칼텍스 캐시백,서비스안내,자동차/주유,6,Offline,포인트,5,포인트,GS 칼텍스,,0,,,,,,,,,2026-06-08 06:01:51,자동차/주유 GS&POINT 5포인트 적립,"[서비스안내]
S-OIL '화물차 우대 주유소' 및 GS 칼텍스 '화물특화 주유소'에서 경유 주유 시 리터당 29 원~ 35 원 할인·캐시백· GS&POINT 적립

[제공기준]
지급방법 GS 칼텍스 주유 시 제공되는 캐시백금액은 매월 15 일(영업일 기준) 해당 체크카드 결제계좌로 입금 (전월 1 일부터 말일까지 삼성카드 매출전표 접수금액 기준)
혜택기준 기본혜택 제공기준을 확인하실 수 있는 표입니다. 구분 S-OIL GS 칼텍스 현장할인 35 원 15 원 캐시백 - 9 원 포인트적립 - GS&POINT 5P
기본혜택 제공기준을 확인하실 수 있는 표입니다. 구분 S-OIL GS 칼텍스 현장할인 35 원 15 원 캐시백 - 9 원 포인트적립 - GS&POINT 5P
<table class=""benefit-table""><tr><th>구분</th><th>S-OIL</th><th>GS 칼텍스</th></tr><tr><td>현장할인</td><td>35 원</td><td>15 원</td></tr><tr><td>캐시백</td><td>-</td><td>9 원</td></tr><tr><td>포인트적립</td><td>-</td><td>GS&POINT 5P</td></tr></table>

[이용조건]
현장할인, 캐시백, GS&POINT 적립은 전월 이용금액에 관계없이, 한도 없이 제공

[유의사항]
삼성카드 가맹점 업종 분류 기준에 의한 등록 가맹점에 한합니다.
현장할인금액은 해당 주유소별 경유 소비자 판매가 기준으로 적용됩니다.(판매가 기준 리터 환산 시 소수점 이하는 절사)
캐시백금액은 S-OIL , GS 칼텍스 본사에서 고시하는 경유가 기준이며, 각 주유소별 유가 차이에 따라 캐시백금액 차이가 발생할 수 있습니다.(고시가 기준 리터 환산 시 소수점 이하는 절사)
GS&POINT 에 대한 자세한 내용은 GS 칼텍스 고객센터( 1588-5172 ) 또는 홈페이지( www.kixx.co.kr )를 통해 확인 바랍니다.
GS&POINT 에 관련한 모든 사항은 GS 칼텍스의 정책에 따라 운영됩니다.
해당 주유소는 S-OIL 홈페이지( www.s-oilbonus.com ) 및 GS 칼텍스 홈페이지( www.kixx.co.kr )를 통해 확인 바랍니다."
ABP1723_B0001,ABP1723,주요혜택,국내가맹점 0.2% 캐시백,서비스안내,기타,22,Offline,캐시백,0.2,%,국내 가맹점,,0,,,,,,,,,2026-06-08 06:02:04,기타 0.2% 캐시백,"[서비스안내]
전월 이용금액에 관계없이, 캐시백한도 없이 국내 가맹점에서 체크 기능으로 결제 시 0.2% 기본 캐시백

[캐시백 제외대상]
지역사랑상품권 충전형 선불카드 결제 및 충전건, 건강보험/국민연금/고용보험/산재보험 및 장애인 고용부담금, 국세/지방세/공과금, 초·중·고등학교 학교납입금, 대학 등록금, 대중교통, 택시, 고속버스(차내 단말기 및 고속버스 앱 결제), 고속도로 통행요금, 부동산 임대료, 기프트/선불카드(포인트, 사이버머니 등 전자지급수단 포함) 구매 및 충전, 상품권 구매, 문자알림서비스, 스마트오토서비스 이용금액

[유의사항]
캐시백금액은 매출전표 접수 다음 달 15일(영업일 기준)에 해당 체크카드 결제계좌로 입금
전월 이용금액 산정은 승인 시점 기준으로 적용. 다만, 무승인 결제건(예 : 대중교통, 이동통신 등 자동납부 결제건 등)은 매출전표 접수 시점 기준으로 적용
캐시백 혜택은 매출전표 접수 시점 기준으로 적용
자체 가맹점번호로 승인 처리되는 일부 결제건(간편결제, 키오스크등)은 캐시백 대상에서 제외
전월이용금액이란, 매월 1일부터 말일까지 이용한 일시불 및 할부 이용금액 (단기카드대출(현금서비스), 장기카드대출(카드론), 각종 수수료 및 이자(할부수수료, 카드대출 이자 등), 연체료, 연회비 납부건은 일시불 및 할부 이용금액에 해당되지 않음)
전월 이용금액 산정 시 지역사랑상품권 충전형 선불카드 결제 및 충전건, 건강보험/국민연금/고용보험/산재보험 및 장애인 고용부담금, 국세/지방세/공과금, 초·중·고등학교 학교납입금, 대학 등록금, 대중교통, 택시, 아파트 관리비, 부동산 임대료, 기프트/선불카드(포인트, 사이버머니 등 전자지급수단 포함) 구매 및 충전, 상품권 구매건은 제외
삼성카드 가맹점 업종 분류 기준에 의한 등록 가맹점에 한함
삼성카드는 아래 항목을 공과금으로 분류함 전기요금, 사회보험료(건강보험/국민연금/고용보험/산재보험), 우편요금, 도시가스요금, 여권 발급비용, 상하수도요금, 과태료, 범칙금, 벌금, 국가·공공기관·공공단체(지방자치단체, 공공조합, 영조물, 공재단)에서 개설한 가맹점 이용금액
결제 취소건의 경우, 매출취소전표 접수월의 이용금액에서 차감 반영
포인트가 적립된 결제건이 취소될 경우, 해당 포인트는 보유 포인트에서 자동 차감되며, 포인트 부족 시 카드 결제계좌에서 자동 출금
캐시백이 제공된 결제건이 취소될 경우, 제공된 캐시백금액은 다음 달 이후 제공될 캐시백금액에서 차감 반영"
ABP1723_B0002,ABP1723,주요혜택,편의점·의료·주유 2% 추가 캐시백,서비스안내,편의점,13,Offline,캐시백,2,%,"CU, GS25, 세븐일레븐, 미니스톱, 이마트24",10만원 이상~20만원 미만,100000,200000,,,,,,20000,원,2026-06-08 06:02:04,편의점 2% 캐시백,"[서비스안내]
편의점·의료·주유 업종에서 체크 기능으로 결제 시 2% 추가 캐시백

[대상점]
<table class=""benefit-table""><tr><th>업종</th><th>캐시백 대상</th></tr><tr><td>편의점</td><td>CU, GS25, 세븐일레븐, 미니스톱, 이마트24</td></tr><tr><td>의료</td><td>병·의원, 약국</td></tr><tr><td>주유</td><td>모든 주유소</td></tr></table>

[캐시백 기준]
<table class=""benefit-table""><tr><th colspan=""2"">전월 이용금액대별 통합 월 캐시백한도</th></tr><tr><th>10 만원 이상</th><th>20 만원 이상</th></tr><tr><td>3,000원</td><td>6,000원</td></tr></table>

[이용조건]
발급월+1개월까지는 전월 이용금액 10만원 미만 시에도 10만원 이상~20만원 미만 실적구간 혜택 제공
0.2% 기본 캐시백 + 2% 추가 캐시백’의 형태로 제공
통합 월 캐시백한도는 추가 캐시백에만 적용
캐시백한도 초과 시 다음 거래건부터 0.2% 기본 캐시백 적용
편의점은 오프라인 결제건에 한하며, 백화점, 할인점, 쇼핑몰 등의 임대매장은 제외
의료는 오프라인 결제건에 한하며, 요양병원, 보건소, 동물병원은 제외
주유는 LPG충전소 제외

[캐시백 제외대상]
지역사랑상품권 충전형 선불카드 결제 및 충전건, 건강보험/국민연금/고용보험/산재보험 및 장애인 고용부담금, 국세/지방세/공과금, 초·중·고등학교 학교납입금, 대학 등록금, 대중교통, 택시, 고속버스(차내 단말기 및 고속버스 앱 결제), 고속도로 통행요금, 부동산 임대료, 기프트/선불카드(포인트, 사이버머니 등 전자지급수단 포함) 구매 및 충전, 상품권 구매, 문자알림서비스, 스마트오토서비스 이용금액

[유의사항]
캐시백금액은 매출전표 접수 다음 달 15일(영업일 기준)에 해당 체크카드 결제계좌로 입금
전월 이용금액 산정은 승인 시점 기준으로 적용. 다만, 무승인 결제건(예 : 대중교통, 이동통신 등 자동납부 결제건 등)은 매출전표 접수 시점 기준으로 적용
캐시백 혜택은 매출전표 접수 시점 기준으로 적용
자체 가맹점번호로 승인 처리되는 일부 결제건(간편결제, 키오스크등)은 캐시백 대상에서 제외
전월이용금액이란, 매월 1일부터 말일까지 이용한 일시불 및 할부 이용금액 (단기카드대출(현금서비스), 장기카드대출(카드론), 각종 수수료 및 이자(할부수수료, 카드대출 이자 등), 연체료, 연회비 납부건은 일시불 및 할부 이용금액에 해당되지 않음)
전월 이용금액 산정 시 지역사랑상품권 충전형 선불카드 결제 및 충전건, 건강보험/국민연금/고용보험/산재보험 및 장애인 고용부담금, 국세/지방세/공과금, 초·중·고등학교 학교납입금, 대학 등록금, 대중교통, 택시, 아파트 관리비, 부동산 임대료, 기프트/선불카드(포인트, 사이버머니 등 전자지급수단 포함) 구매 및 충전, 상품권 구매건은 제외
삼성카드 가맹점 업종 분류 기준에 의한 등록 가맹점에 한함
삼성카드는 아래 항목을 공과금으로 분류함 전기요금, 사회보험료(건강보험/국민연금/고용보험/산재보험), 우편요금, 도시가스요금, 여권 발급비용, 상하수도요금, 과태료, 범칙금, 벌금, 국가·공공기관·공공단체(지방자치단체, 공공조합, 영조물, 공재단)에서 개설한 가맹점 이용금액
결제 취소건의 경우, 매출취소전표 접수월의 이용금액에서 차감 반영
포인트가 적립된 결제건이 취소될 경우, 해당 포인트는 보유 포인트에서 자동 차감되며, 포인트 부족 시 카드 결제계좌에서 자동 출금
캐시백이 제공된 결제건이 취소될 경우, 제공된 캐시백금액은 다음 달 이후 제공될 캐시백금액에서 차감 반영"
ABP1723_B0003,ABP1723,주요혜택,편의점·의료·주유 2% 추가 캐시백,서비스안내,편의점,13,Offline,캐시백,2,%,"CU, GS25, 세븐일레븐, 미니스톱, 이마트24",20만원 이상,200000,,,,,,,40000,원,2026-06-08 06:02:04,편의점 2% 캐시백,"[서비스안내]
편의점·의료·주유 업종에서 체크 기능으로 결제 시 2% 추가 캐시백

[대상점]
<table class=""benefit-table""><tr><th>업종</th><th>캐시백 대상</th></tr><tr><td>편의점</td><td>CU, GS25, 세븐일레븐, 미니스톱, 이마트24</td></tr><tr><td>의료</td><td>병·의원, 약국</td></tr><tr><td>주유</td><td>모든 주유소</td></tr></table>

[캐시백 기준]
<table class=""benefit-table""><tr><th colspan=""2"">전월 이용금액대별 통합 월 캐시백한도</th></tr><tr><th>10 만원 이상</th><th>20 만원 이상</th></tr><tr><td>3,000원</td><td>6,000원</td></tr></table>

[이용조건]
발급월+1개월까지는 전월 이용금액 10만원 미만 시에도 10만원 이상~20만원 미만 실적구간 혜택 제공
0.2% 기본 캐시백 + 2% 추가 캐시백’의 형태로 제공
통합 월 캐시백한도는 추가 캐시백에만 적용
캐시백한도 초과 시 다음 거래건부터 0.2% 기본 캐시백 적용
편의점은 오프라인 결제건에 한하며, 백화점, 할인점, 쇼핑몰 등의 임대매장은 제외
의료는 오프라인 결제건에 한하며, 요양병원, 보건소, 동물병원은 제외
주유는 LPG충전소 제외

[캐시백 제외대상]
지역사랑상품권 충전형 선불카드 결제 및 충전건, 건강보험/국민연금/고용보험/산재보험 및 장애인 고용부담금, 국세/지방세/공과금, 초·중·고등학교 학교납입금, 대학 등록금, 대중교통, 택시, 고속버스(차내 단말기 및 고속버스 앱 결제), 고속도로 통행요금, 부동산 임대료, 기프트/선불카드(포인트, 사이버머니 등 전자지급수단 포함) 구매 및 충전, 상품권 구매, 문자알림서비스, 스마트오토서비스 이용금액

[유의사항]
캐시백금액은 매출전표 접수 다음 달 15일(영업일 기준)에 해당 체크카드 결제계좌로 입금
전월 이용금액 산정은 승인 시점 기준으로 적용. 다만, 무승인 결제건(예 : 대중교통, 이동통신 등 자동납부 결제건 등)은 매출전표 접수 시점 기준으로 적용
캐시백 혜택은 매출전표 접수 시점 기준으로 적용
자체 가맹점번호로 승인 처리되는 일부 결제건(간편결제, 키오스크등)은 캐시백 대상에서 제외
전월이용금액이란, 매월 1일부터 말일까지 이용한 일시불 및 할부 이용금액 (단기카드대출(현금서비스), 장기카드대출(카드론), 각종 수수료 및 이자(할부수수료, 카드대출 이자 등), 연체료, 연회비 납부건은 일시불 및 할부 이용금액에 해당되지 않음)
전월 이용금액 산정 시 지역사랑상품권 충전형 선불카드 결제 및 충전건, 건강보험/국민연금/고용보험/산재보험 및 장애인 고용부담금, 국세/지방세/공과금, 초·중·고등학교 학교납입금, 대학 등록금, 대중교통, 택시, 아파트 관리비, 부동산 임대료, 기프트/선불카드(포인트, 사이버머니 등 전자지급수단 포함) 구매 및 충전, 상품권 구매건은 제외
삼성카드 가맹점 업종 분류 기준에 의한 등록 가맹점에 한함
삼성카드는 아래 항목을 공과금으로 분류함 전기요금, 사회보험료(건강보험/국민연금/고용보험/산재보험), 우편요금, 도시가스요금, 여권 발급비용, 상하수도요금, 과태료, 범칙금, 벌금, 국가·공공기관·공공단체(지방자치단체, 공공조합, 영조물, 공재단)에서 개설한 가맹점 이용금액
결제 취소건의 경우, 매출취소전표 접수월의 이용금액에서 차감 반영
포인트가 적립된 결제건이 취소될 경우, 해당 포인트는 보유 포인트에서 자동 차감되며, 포인트 부족 시 카드 결제계좌에서 자동 출금
캐시백이 제공된 결제건이 취소될 경우, 제공된 캐시백금액은 다음 달 이후 제공될 캐시백금액에서 차감 반영"
ABP1723_B0004,ABP1723,주요혜택,편의점·의료·주유 2% 추가 캐시백,서비스안내,의료,21,Offline,캐시백,2,%,"병·의원, 약국",10만원 이상~20만원 미만,100000,200000,,,,,,20000,원,2026-06-08 06:02:04,의료 2% 캐시백,"[서비스안내]
편의점·의료·주유 업종에서 체크 기능으로 결제 시 2% 추가 캐시백

[대상점]
<table class=""benefit-table""><tr><th>업종</th><th>캐시백 대상</th></tr><tr><td>편의점</td><td>CU, GS25, 세븐일레븐, 미니스톱, 이마트24</td></tr><tr><td>의료</td><td>병·의원, 약국</td></tr><tr><td>주유</td><td>모든 주유소</td></tr></table>

[캐시백 기준]
<table class=""benefit-table""><tr><th colspan=""2"">전월 이용금액대별 통합 월 캐시백한도</th></tr><tr><th>10 만원 이상</th><th>20 만원 이상</th></tr><tr><td>3,000원</td><td>6,000원</td></tr></table>

[이용조건]
발급월+1개월까지는 전월 이용금액 10만원 미만 시에도 10만원 이상~20만원 미만 실적구간 혜택 제공
0.2% 기본 캐시백 + 2% 추가 캐시백’의 형태로 제공
통합 월 캐시백한도는 추가 캐시백에만 적용
캐시백한도 초과 시 다음 거래건부터 0.2% 기본 캐시백 적용
편의점은 오프라인 결제건에 한하며, 백화점, 할인점, 쇼핑몰 등의 임대매장은 제외
의료는 오프라인 결제건에 한하며, 요양병원, 보건소, 동물병원은 제외
주유는 LPG충전소 제외

[캐시백 제외대상]
지역사랑상품권 충전형 선불카드 결제 및 충전건, 건강보험/국민연금/고용보험/산재보험 및 장애인 고용부담금, 국세/지방세/공과금, 초·중·고등학교 학교납입금, 대학 등록금, 대중교통, 택시, 고속버스(차내 단말기 및 고속버스 앱 결제), 고속도로 통행요금, 부동산 임대료, 기프트/선불카드(포인트, 사이버머니 등 전자지급수단 포함) 구매 및 충전, 상품권 구매, 문자알림서비스, 스마트오토서비스 이용금액

[유의사항]
캐시백금액은 매출전표 접수 다음 달 15일(영업일 기준)에 해당 체크카드 결제계좌로 입금
전월 이용금액 산정은 승인 시점 기준으로 적용. 다만, 무승인 결제건(예 : 대중교통, 이동통신 등 자동납부 결제건 등)은 매출전표 접수 시점 기준으로 적용
캐시백 혜택은 매출전표 접수 시점 기준으로 적용
자체 가맹점번호로 승인 처리되는 일부 결제건(간편결제, 키오스크등)은 캐시백 대상에서 제외
전월이용금액이란, 매월 1일부터 말일까지 이용한 일시불 및 할부 이용금액 (단기카드대출(현금서비스), 장기카드대출(카드론), 각종 수수료 및 이자(할부수수료, 카드대출 이자 등), 연체료, 연회비 납부건은 일시불 및 할부 이용금액에 해당되지 않음)
전월 이용금액 산정 시 지역사랑상품권 충전형 선불카드 결제 및 충전건, 건강보험/국민연금/고용보험/산재보험 및 장애인 고용부담금, 국세/지방세/공과금, 초·중·고등학교 학교납입금, 대학 등록금, 대중교통, 택시, 아파트 관리비, 부동산 임대료, 기프트/선불카드(포인트, 사이버머니 등 전자지급수단 포함) 구매 및 충전, 상품권 구매건은 제외
삼성카드 가맹점 업종 분류 기준에 의한 등록 가맹점에 한함
삼성카드는 아래 항목을 공과금으로 분류함 전기요금, 사회보험료(건강보험/국민연금/고용보험/산재보험), 우편요금, 도시가스요금, 여권 발급비용, 상하수도요금, 과태료, 범칙금, 벌금, 국가·공공기관·공공단체(지방자치단체, 공공조합, 영조물, 공재단)에서 개설한 가맹점 이용금액
결제 취소건의 경우, 매출취소전표 접수월의 이용금액에서 차감 반영
포인트가 적립된 결제건이 취소될 경우, 해당 포인트는 보유 포인트에서 자동 차감되며, 포인트 부족 시 카드 결제계좌에서 자동 출금
캐시백이 제공된 결제건이 취소될 경우, 제공된 캐시백금액은 다음 달 이후 제공될 캐시백금액에서 차감 반영"
ABP1723_B0005,ABP1723,주요혜택,편의점·의료·주유 2% 추가 캐시백,서비스안내,의료,21,Offline,캐시백,2,%,"병·의원, 약국",20만원 이상,200000,,,,,,,40000,원,2026-06-08 06:02:04,의료 2% 캐시백,"[서비스안내]
편의점·의료·주유 업종에서 체크 기능으로 결제 시 2% 추가 캐시백

[대상점]
<table class=""benefit-table""><tr><th>업종</th><th>캐시백 대상</th></tr><tr><td>편의점</td><td>CU, GS25, 세븐일레븐, 미니스톱, 이마트24</td></tr><tr><td>의료</td><td>병·의원, 약국</td></tr><tr><td>주유</td><td>모든 주유소</td></tr></table>

[캐시백 기준]
<table class=""benefit-table""><tr><th colspan=""2"">전월 이용금액대별 통합 월 캐시백한도</th></tr><tr><th>10 만원 이상</th><th>20 만원 이상</th></tr><tr><td>3,000원</td><td>6,000원</td></tr></table>

[이용조건]
발급월+1개월까지는 전월 이용금액 10만원 미만 시에도 10만원 이상~20만원 미만 실적구간 혜택 제공
0.2% 기본 캐시백 + 2% 추가 캐시백’의 형태로 제공
통합 월 캐시백한도는 추가 캐시백에만 적용
캐시백한도 초과 시 다음 거래건부터 0.2% 기본 캐시백 적용
편의점은 오프라인 결제건에 한하며, 백화점, 할인점, 쇼핑몰 등의 임대매장은 제외
의료는 오프라인 결제건에 한하며, 요양병원, 보건소, 동물병원은 제외
주유는 LPG충전소 제외

[캐시백 제외대상]
지역사랑상품권 충전형 선불카드 결제 및 충전건, 건강보험/국민연금/고용보험/산재보험 및 장애인 고용부담금, 국세/지방세/공과금, 초·중·고등학교 학교납입금, 대학 등록금, 대중교통, 택시, 고속버스(차내 단말기 및 고속버스 앱 결제), 고속도로 통행요금, 부동산 임대료, 기프트/선불카드(포인트, 사이버머니 등 전자지급수단 포함) 구매 및 충전, 상품권 구매, 문자알림서비스, 스마트오토서비스 이용금액

[유의사항]
캐시백금액은 매출전표 접수 다음 달 15일(영업일 기준)에 해당 체크카드 결제계좌로 입금
전월 이용금액 산정은 승인 시점 기준으로 적용. 다만, 무승인 결제건(예 : 대중교통, 이동통신 등 자동납부 결제건 등)은 매출전표 접수 시점 기준으로 적용
캐시백 혜택은 매출전표 접수 시점 기준으로 적용
자체 가맹점번호로 승인 처리되는 일부 결제건(간편결제, 키오스크등)은 캐시백 대상에서 제외
전월이용금액이란, 매월 1일부터 말일까지 이용한 일시불 및 할부 이용금액 (단기카드대출(현금서비스), 장기카드대출(카드론), 각종 수수료 및 이자(할부수수료, 카드대출 이자 등), 연체료, 연회비 납부건은 일시불 및 할부 이용금액에 해당되지 않음)
전월 이용금액 산정 시 지역사랑상품권 충전형 선불카드 결제 및 충전건, 건강보험/국민연금/고용보험/산재보험 및 장애인 고용부담금, 국세/지방세/공과금, 초·중·고등학교 학교납입금, 대학 등록금, 대중교통, 택시, 아파트 관리비, 부동산 임대료, 기프트/선불카드(포인트, 사이버머니 등 전자지급수단 포함) 구매 및 충전, 상품권 구매건은 제외
삼성카드 가맹점 업종 분류 기준에 의한 등록 가맹점에 한함
삼성카드는 아래 항목을 공과금으로 분류함 전기요금, 사회보험료(건강보험/국민연금/고용보험/산재보험), 우편요금, 도시가스요금, 여권 발급비용, 상하수도요금, 과태료, 범칙금, 벌금, 국가·공공기관·공공단체(지방자치단체, 공공조합, 영조물, 공재단)에서 개설한 가맹점 이용금액
결제 취소건의 경우, 매출취소전표 접수월의 이용금액에서 차감 반영
포인트가 적립된 결제건이 취소될 경우, 해당 포인트는 보유 포인트에서 자동 차감되며, 포인트 부족 시 카드 결제계좌에서 자동 출금
캐시백이 제공된 결제건이 취소될 경우, 제공된 캐시백금액은 다음 달 이후 제공될 캐시백금액에서 차감 반영"
ABP1723_B0006,ABP1723,주요혜택,편의점·의료·주유 2% 추가 캐시백,서비스안내,자동차/주유,6,Offline,캐시백,2,%,모든 주유소,10만원 이상~20만원 미만,100000,200000,,,,,,20000,원,2026-06-08 06:02:04,자동차/주유 2% 캐시백,"[서비스안내]
편의점·의료·주유 업종에서 체크 기능으로 결제 시 2% 추가 캐시백

[대상점]
<table class=""benefit-table""><tr><th>업종</th><th>캐시백 대상</th></tr><tr><td>편의점</td><td>CU, GS25, 세븐일레븐, 미니스톱, 이마트24</td></tr><tr><td>의료</td><td>병·의원, 약국</td></tr><tr><td>주유</td><td>모든 주유소</td></tr></table>

[캐시백 기준]
<table class=""benefit-table""><tr><th colspan=""2"">전월 이용금액대별 통합 월 캐시백한도</th></tr><tr><th>10 만원 이상</th><th>20 만원 이상</th></tr><tr><td>3,000원</td><td>6,000원</td></tr></table>

[이용조건]
발급월+1개월까지는 전월 이용금액 10만원 미만 시에도 10만원 이상~20만원 미만 실적구간 혜택 제공
0.2% 기본 캐시백 + 2% 추가 캐시백’의 형태로 제공
통합 월 캐시백한도는 추가 캐시백에만 적용
캐시백한도 초과 시 다음 거래건부터 0.2% 기본 캐시백 적용
편의점은 오프라인 결제건에 한하며, 백화점, 할인점, 쇼핑몰 등의 임대매장은 제외
의료는 오프라인 결제건에 한하며, 요양병원, 보건소, 동물병원은 제외
주유는 LPG충전소 제외

[캐시백 제외대상]
지역사랑상품권 충전형 선불카드 결제 및 충전건, 건강보험/국민연금/고용보험/산재보험 및 장애인 고용부담금, 국세/지방세/공과금, 초·중·고등학교 학교납입금, 대학 등록금, 대중교통, 택시, 고속버스(차내 단말기 및 고속버스 앱 결제), 고속도로 통행요금, 부동산 임대료, 기프트/선불카드(포인트, 사이버머니 등 전자지급수단 포함) 구매 및 충전, 상품권 구매, 문자알림서비스, 스마트오토서비스 이용금액

[유의사항]
캐시백금액은 매출전표 접수 다음 달 15일(영업일 기준)에 해당 체크카드 결제계좌로 입금
전월 이용금액 산정은 승인 시점 기준으로 적용. 다만, 무승인 결제건(예 : 대중교통, 이동통신 등 자동납부 결제건 등)은 매출전표 접수 시점 기준으로 적용
캐시백 혜택은 매출전표 접수 시점 기준으로 적용
자체 가맹점번호로 승인 처리되는 일부 결제건(간편결제, 키오스크등)은 캐시백 대상에서 제외
전월이용금액이란, 매월 1일부터 말일까지 이용한 일시불 및 할부 이용금액 (단기카드대출(현금서비스), 장기카드대출(카드론), 각종 수수료 및 이자(할부수수료, 카드대출 이자 등), 연체료, 연회비 납부건은 일시불 및 할부 이용금액에 해당되지 않음)
전월 이용금액 산정 시 지역사랑상품권 충전형 선불카드 결제 및 충전건, 건강보험/국민연금/고용보험/산재보험 및 장애인 고용부담금, 국세/지방세/공과금, 초·중·고등학교 학교납입금, 대학 등록금, 대중교통, 택시, 아파트 관리비, 부동산 임대료, 기프트/선불카드(포인트, 사이버머니 등 전자지급수단 포함) 구매 및 충전, 상품권 구매건은 제외
삼성카드 가맹점 업종 분류 기준에 의한 등록 가맹점에 한함
삼성카드는 아래 항목을 공과금으로 분류함 전기요금, 사회보험료(건강보험/국민연금/고용보험/산재보험), 우편요금, 도시가스요금, 여권 발급비용, 상하수도요금, 과태료, 범칙금, 벌금, 국가·공공기관·공공단체(지방자치단체, 공공조합, 영조물, 공재단)에서 개설한 가맹점 이용금액
결제 취소건의 경우, 매출취소전표 접수월의 이용금액에서 차감 반영
포인트가 적립된 결제건이 취소될 경우, 해당 포인트는 보유 포인트에서 자동 차감되며, 포인트 부족 시 카드 결제계좌에서 자동 출금
캐시백이 제공된 결제건이 취소될 경우, 제공된 캐시백금액은 다음 달 이후 제공될 캐시백금액에서 차감 반영"
ABP1723_B0007,ABP1723,주요혜택,편의점·의료·주유 2% 추가 캐시백,서비스안내,자동차/주유,6,Offline,캐시백,2,%,모든 주유소,20만원 이상,200000,,,,,,,40000,원,2026-06-08 06:02:04,자동차/주유 2% 캐시백,"[서비스안내]
편의점·의료·주유 업종에서 체크 기능으로 결제 시 2% 추가 캐시백

[대상점]
<table class=""benefit-table""><tr><th>업종</th><th>캐시백 대상</th></tr><tr><td>편의점</td><td>CU, GS25, 세븐일레븐, 미니스톱, 이마트24</td></tr><tr><td>의료</td><td>병·의원, 약국</td></tr><tr><td>주유</td><td>모든 주유소</td></tr></table>

[캐시백 기준]
<table class=""benefit-table""><tr><th colspan=""2"">전월 이용금액대별 통합 월 캐시백한도</th></tr><tr><th>10 만원 이상</th><th>20 만원 이상</th></tr><tr><td>3,000원</td><td>6,000원</td></tr></table>

[이용조건]
발급월+1개월까지는 전월 이용금액 10만원 미만 시에도 10만원 이상~20만원 미만 실적구간 혜택 제공
0.2% 기본 캐시백 + 2% 추가 캐시백’의 형태로 제공
통합 월 캐시백한도는 추가 캐시백에만 적용
캐시백한도 초과 시 다음 거래건부터 0.2% 기본 캐시백 적용
편의점은 오프라인 결제건에 한하며, 백화점, 할인점, 쇼핑몰 등의 임대매장은 제외
의료는 오프라인 결제건에 한하며, 요양병원, 보건소, 동물병원은 제외
주유는 LPG충전소 제외

[캐시백 제외대상]
지역사랑상품권 충전형 선불카드 결제 및 충전건, 건강보험/국민연금/고용보험/산재보험 및 장애인 고용부담금, 국세/지방세/공과금, 초·중·고등학교 학교납입금, 대학 등록금, 대중교통, 택시, 고속버스(차내 단말기 및 고속버스 앱 결제), 고속도로 통행요금, 부동산 임대료, 기프트/선불카드(포인트, 사이버머니 등 전자지급수단 포함) 구매 및 충전, 상품권 구매, 문자알림서비스, 스마트오토서비스 이용금액

[유의사항]
캐시백금액은 매출전표 접수 다음 달 15일(영업일 기준)에 해당 체크카드 결제계좌로 입금
전월 이용금액 산정은 승인 시점 기준으로 적용. 다만, 무승인 결제건(예 : 대중교통, 이동통신 등 자동납부 결제건 등)은 매출전표 접수 시점 기준으로 적용
캐시백 혜택은 매출전표 접수 시점 기준으로 적용
자체 가맹점번호로 승인 처리되는 일부 결제건(간편결제, 키오스크등)은 캐시백 대상에서 제외
전월이용금액이란, 매월 1일부터 말일까지 이용한 일시불 및 할부 이용금액 (단기카드대출(현금서비스), 장기카드대출(카드론), 각종 수수료 및 이자(할부수수료, 카드대출 이자 등), 연체료, 연회비 납부건은 일시불 및 할부 이용금액에 해당되지 않음)
전월 이용금액 산정 시 지역사랑상품권 충전형 선불카드 결제 및 충전건, 건강보험/국민연금/고용보험/산재보험 및 장애인 고용부담금, 국세/지방세/공과금, 초·중·고등학교 학교납입금, 대학 등록금, 대중교통, 택시, 아파트 관리비, 부동산 임대료, 기프트/선불카드(포인트, 사이버머니 등 전자지급수단 포함) 구매 및 충전, 상품권 구매건은 제외
삼성카드 가맹점 업종 분류 기준에 의한 등록 가맹점에 한함
삼성카드는 아래 항목을 공과금으로 분류함 전기요금, 사회보험료(건강보험/국민연금/고용보험/산재보험), 우편요금, 도시가스요금, 여권 발급비용, 상하수도요금, 과태료, 범칙금, 벌금, 국가·공공기관·공공단체(지방자치단체, 공공조합, 영조물, 공재단)에서 개설한 가맹점 이용금액
결제 취소건의 경우, 매출취소전표 접수월의 이용금액에서 차감 반영
포인트가 적립된 결제건이 취소될 경우, 해당 포인트는 보유 포인트에서 자동 차감되며, 포인트 부족 시 카드 결제계좌에서 자동 출금
캐시백이 제공된 결제건이 취소될 경우, 제공된 캐시백금액은 다음 달 이후 제공될 캐시백금액에서 차감 반영"
ABP1689_B0001,ABP1689,주요혜택,바우처 서비스,바우처 서비스,기타,22,,서비스,,,,,,,,,,,,,,2026-06-08 06:02:34,바우처 서비스,"[서비스안내]
임신, 출산, 육아 등 국가가 지원하는 바우처를 해당 카드로 이용 가능

[건강보험 임신·출산 진료비 지원]
지원대상 : 건강보험 가입자 또는 피부양자인 임산부
지원금액 : 임신 1 회당 100 만원(다태아 임산부 140 만원)
*임신 20주 이상의 다태아 임신부 또는 다태아 출산 임신부의 경우 지원금 추가 지급(2024.1.1부터 시행)
지원기간 : 카드 수령일~분만 예정일 이후 2 년
이용방법 : 전국 요양기관에서 결제 시 이용 의사 표시
신청방법 ① 삼성카드 홈페이지·앱(평일 09:00~20:00 ) ② 국민행복 삼성카드 전용 상담센터 1566-3336 (평일 09:00~18:00 ) ③ 방문 신청 : 신세계백화점 고객센터, 삼성카드 영업점, 국민건강보험공단 지사, MG 새마을금고
① 삼성카드 홈페이지·앱(평일 09:00~20:00 )
② 국민행복 삼성카드 전용 상담센터 1566-3336 (평일 09:00~18:00 )
③ 방문 신청 : 신세계백화점 고객센터, 삼성카드 영업점, 국민건강보험공단 지사, MG 새마을금고

[청소년산모 임신·출산 진료비 지원]
지원대상 : 만 19 세 이하 청소년 임산부
지원금액 : 임신 1 회당 120 만원 이내

[첫만남 이용권 지원]
지원대상 : 2022.1.1 이후 출생아로 출생 신고되어 주민등록번호를 부여받은 아동
지원금액 : 아동 1 인당 200 만원(2024.1.1 이후 출생한 둘째아 이상은 300만원)
지원기간 : 아동 출생일(주민등록번호 기준)~2년
지원범위 : 모든 업종에서 이용 가능(단, 아이돌봄서비스 이용건, 면세점, 호텔, 항공, 철도, 유흥 및 사행 업종, 이미용실을 제외한 위생 업종, 레저 업종, 성인용품 등 기타 업종 이용건 등은 제외되며, 호텔, 항공, 철도의 경우 일부 온라인 결제건은 이용 가능)
이용방법 : 첫만남 이용권 바우처가 제공되는 국민행복 삼성카드로, 바우처 결제가 가능한 유통점에서 구매(포인트 적용 결제 건, 할부, 정기결제, 무승인 결제 등은 이용이 불가하며, 삼성카드에서 진행하는 프로모션과 중복 적용되지 않을 수 있음)
신청방법 : 아동의 주민등록 주소지 관할 읍·면·동 행정복지센터, 복지로( www.bokjiro.go.kr ) 또는 정부 24 ( www.gov.kr ) 홈페이지, 우편 또는 팩스

[어린이집 보육료 지원]
지원대상 : 만 0 세~ 5 세 어린이집 등원 자녀를 둔 부모
지원금액 : 지원 대상별로 다름
지원기간 : 어린이집 등원 시점까지
이용방법 : 국민행복 삼성카드로 어린이집 보육료 결제(아이사랑 홈페이지·앱, ARS , 방문)
신청방법 : 아동 주민등록 주소지 행정복지센터, 복지로 홈페이지

[산모·신생아 건강 관리 지원]
지원대상 : 출산(예정)일 40 일 전부터 출산 후 30 일 이내, 기준 중위 소득 150% 이하인 임산부
신청방법 : 산모 주민등록 주소지 관할 시·군·구 보건소

[유치원 유아학비 지원]
지원대상 : 만 3 세~ 5 세 유치원 등원 자녀를 둔 부모
지원기간 : 유치원 등원 시점까지
이용방법 : 국민행복 삼성카드로 유치원 유아학비 카드인증(유아학비지원시스템, ARS , 방문, 위임)
신청방법 : 아동 주민등록 주소지 관할 행정복지센터, 복지로 홈페이지

[아이돌봄 서비스]
지원대상 : 만 12 세 이하 아동에 대한 돌봄이 필요한 가정
신청방법 : 전국 읍·면·동 행정복지센터, 아이돌봄서비스 홈페이지

[기저귀·조제분유 지원]
지원대상 : 만 2세 미만 영아( 0~24 개월) 부모
지원금액 : 기저귀 월 90,000 원, 조제분유 월 110,000 원
지원기간 : 카드 수령일~ 24 개월
이용방법 : 기저귀·조제분유 바우처가 제공되는 국민행복 삼성카드로, 바우처 결제 가능한 유통점에서 구매
신청방법 : 영아 주민등록 주소지 관할 시·군·구 보건소

[여성청소년 위생용품 지원]
지원대상 : 일정 소득 이하 가구의 만 9 ~ 24 세 여성청소년
지원금액 : 월 13,000 원
지원기간 : 최대 192 개월( 16 년)(지원 대상별로 다름)
이용방법 : 여성청소년 위생용품 지원 바우처가 제공되는 국민행복 삼성카드로, 바우처 결제 가능한 유통점에서 구매
신청방법 : 청소년 주민등록 주소지 읍·면·동 행정복지센터, 복지로 홈페이지

[에너지 바우처 지원]
지원대상 : 하·동절기 에너지 취약계층 가구
지원내용 : 냉·난방용 에너지원(전기, 도시가스, 등유, LPG, 연탄 등) 구입
신청방법 : 전국 읍·면·동 행정복지센터

[유의사항]
바우처 이용 시점에 정상 카드 보유 시 혜택 제공
국가바우처는 정부 정책에 따라 변경될 수 있음
국가바우처 관련 자세한 내용은 주관 기관 및 삼성카드 홈페이지를 통해 확인 국가바우처 바로가기"
ABP1689_B0002,ABP1689,주요혜택,쇼핑 캐시백,서비스안내,백화점/아울렛/면세점,4,Offline,캐시백,2,%,"신세계, 롯데, 현대, 갤러리아, 동아, 대구백화점, AK플라자, NC 대전 유성점, 신세계사이먼 프리미m 아울렛, 현대프리미엄아울렛",전월 30만원 이상~60만원 미만,300000,600000,,,,,,2000,원,2026-06-08 06:02:34,백화점/아울렛/면세점 2% 캐시백,"[서비스안내]
백화점·프리미엄 아울렛·할인점·온라인쇼핑몰·생활잡화·신선식품 배송 2% 캐시백

[대상점]
<table class=""benefit-table""><tr><th>업종</th><th>캐시백 대상</th></tr><tr><td>백화점</td><td>신세계/롯데/현대/갤러리아/동아/대구백화점, AK플라자, NC 대전 유성점</td></tr><tr><td>프리미엄 아울렛</td><td>신세계사이먼 프리미엄 아울렛, 현대프리미엄아울렛</td></tr><tr><td>할인점</td><td>이마트, 트레이더스, 롯데마트, 홈플러스</td></tr><tr><td>온라인 쇼핑몰</td><td>삼성카드 쇼핑, G마켓, 옥션, 11번가, 인터파크, 쿠팡, 티몬, 위메프, SSG.COM, 롯데ON</td></tr><tr><td>생활잡화</td><td>다이소</td></tr><tr><td>신선식품 배송</td><td>마켓컬리, 오아시스마켓</td></tr></table>

[캐시백기준]
<table class=""benefit-table""><tr><th colspan=""3"">전월 이용금액대별 통합 월 캐시백한도</th></tr><tr><td>30 만원 이상</td><td>60 만원 이상</td><td>100 만원 이상</td></tr><tr><td>2,000 원</td><td>4,000 원</td><td>6,000 원</td></tr></table>

[이용조건]
전월 이용금액 30 만원 이상 시 제공
발급월 +1 개월까지는 전월 이용금액 30 만원 미만 시에도 30 만원 이상~ 60 만원 미만 실적구간 혜택 제공(전월 이용금액 60 만원 이상 시에는 해당 실적구간 혜택 제공)
탈회 후 카드를 재발급받은 경우 전월 이용실적(일시불 및 할부 합산 30만원 이상) 충족 시 제공

[캐시백 제외 대상]
국가바우처 이용건(보육료·유아학비 본인 부담금은 캐시백 적용), 기프트/선불카드(포인트, 사이버머니 등 전자지급수단 포함) 구매 및 충전, 상품권 구매건

[유의사항]
백화점·프리미엄 아울렛은 오프라인 일반 결제건에 한하며, 쇼핑 외 결제건(상품권, 주차장 등), 임대매장은 제외
할인점은 온라인몰도 포함되며, 기업형 슈퍼마켓(이마트 에브리데이, 롯데슈퍼, 홈플러스 익스프레스 등), 쇼핑 외 결제건(상품권, 주차장 등), 임대매장은 제외
생활잡화는 오프라인 일반 결제건에 한하며, 임대매장은 제외
신선식품 배송은 공식 홈페이지·앱을 통한 결제건에 한함
삼성카드 가맹점 업종 분류 기준에 의한 등록 가맹점에 한함
캐시백 혜택 및 전월 이용금액 산정은 승인 시점 기준으로 적용. 다만, 해외 결제건 및 무승인 결제건(예 : 대중교통, 이동통신 등 자동납부 결제건 등)의 경우 매출전표 접수 시점으로 적용
캐시백금액은 매출전표 접수 다음 달 15일(영업일 기준)에 해당 체크카드 결제계좌로 입금
전월 이용금액이란, 매월 1일부터 말일까지 이용한 일시불 및 할부 이용금액(단기카드대출(현금서비스), 장기카드대출(카드론), 각종 수수료 및 이자(할부수수료, 카드대출 이자 등), 연체료, 연회비 납부건은 일시불 및 할부 이용금액에 해당되지 않음)
전월 이용금액 산정 시, 국가바우처 이용건, 어린이집·유치원 이용금액, 건강보험/국민연금/고용보험/산재보험 및 장애인 고용부담금, 국세/지방세/공과금, 초·중·고등학교 학교납입금, 대학 등록금, 대중교통, 택시, 아파트 관리비, 부동산 임대료, 기프트/선불카드(포인트, 사이버머니 등 전자지급수단 포함) 구매 및 충전, 상품권 구매건은 제외
삼성카드는 아래 항목을 공과금으로 분류함 전기요금, 사회보험료(건강보험/국민연금/고용보험/산재보험), 우편요금, 도시가스요금, 여권 발급비용, 상하수도요금, 과태료, 범칙금, 벌금, 국가·공공기관·공공단체(지방자치단체, 공공조합, 영조물, 공재단)에서 개설한 가맹점 이용금액
전기요금, 사회보험료(건강보험/국민연금/고용보험/산재보험), 우편요금, 도시가스요금, 여권 발급비용, 상하수도요금, 과태료, 범칙금, 벌금, 국가·공공기관·공공단체(지방자치단체, 공공조합, 영조물, 공재단)에서 개설한 가맹점 이용금액
결제 취소건의 경우, 매출취소전표 접수월의 이용금액에서 차감 반영 포인트가 적립된 결제건이 취소될 경우, 해당 포인트는 보유 포인트에서 자동 차감되며, 포인트 부족 시 카드 결제계좌에서 자동 출금
포인트가 적립된 결제건이 취소될 경우, 해당 포인트는 보유 포인트에서 자동 차감되며, 포인트 부족 시 카드 결제계좌에서 자동 출금"
ABP1689_B0003,ABP1689,주요혜택,쇼핑 캐시백,서비스안내,백화점/아울렛/면세점,4,Offline,캐시백,2,%,"신세계, 롯데, 현대, 갤러리아, 동아, 대구백화점, AK플라자, NC 대전 유성점, 신세계사이먼 프리미엄 아울렛, 현대프리미엄아울렛",전월 60만원 이상~100만원 미만,600000,1000000,,,,,,4000,원,2026-06-08 06:02:34,백화점/아울렛/면세점 2% 캐시백,"[서비스안내]
백화점·프리미엄 아울렛·할인점·온라인쇼핑몰·생활잡화·신선식품 배송 2% 캐시백

[대상점]
<table class=""benefit-table""><tr><th>업종</th><th>캐시백 대상</th></tr><tr><td>백화점</td><td>신세계/롯데/현대/갤러리아/동아/대구백화점, AK플라자, NC 대전 유성점</td></tr><tr><td>프리미엄 아울렛</td><td>신세계사이먼 프리미엄 아울렛, 현대프리미엄아울렛</td></tr><tr><td>할인점</td><td>이마트, 트레이더스, 롯데마트, 홈플러스</td></tr><tr><td>온라인 쇼핑몰</td><td>삼성카드 쇼핑, G마켓, 옥션, 11번가, 인터파크, 쿠팡, 티몬, 위메프, SSG.COM, 롯데ON</td></tr><tr><td>생활잡화</td><td>다이소</td></tr><tr><td>신선식품 배송</td><td>마켓컬리, 오아시스마켓</td></tr></table>

[캐시백기준]
<table class=""benefit-table""><tr><th colspan=""3"">전월 이용금액대별 통합 월 캐시백한도</th></tr><tr><td>30 만원 이상</td><td>60 만원 이상</td><td>100 만원 이상</td></tr><tr><td>2,000 원</td><td>4,000 원</td><td>6,000 원</td></tr></table>

[이용조건]
전월 이용금액 30 만원 이상 시 제공
발급월 +1 개월까지는 전월 이용금액 30 만원 미만 시에도 30 만원 이상~ 60 만원 미만 실적구간 혜택 제공(전월 이용금액 60 만원 이상 시에는 해당 실적구간 혜택 제공)
탈회 후 카드를 재발급받은 경우 전월 이용실적(일시불 및 할부 합산 30만원 이상) 충족 시 제공

[캐시백 제외 대상]
국가바우처 이용건(보육료·유아학비 본인 부담금은 캐시백 적용), 기프트/선불카드(포인트, 사이버머니 등 전자지급수단 포함) 구매 및 충전, 상품권 구매건

[유의사항]
백화점·프리미엄 아울렛은 오프라인 일반 결제건에 한하며, 쇼핑 외 결제건(상품권, 주차장 등), 임대매장은 제외
할인점은 온라인몰도 포함되며, 기업형 슈퍼마켓(이마트 에브리데이, 롯데슈퍼, 홈플러스 익스프레스 등), 쇼핑 외 결제건(상품권, 주차장 등), 임대매장은 제외
생활잡화는 오프라인 일반 결제건에 한하며, 임대매장은 제외
신선식품 배송은 공식 홈페이지·앱을 통한 결제건에 한함
삼성카드 가맹점 업종 분류 기준에 의한 등록 가맹점에 한함
캐시백 혜택 및 전월 이용금액 산정은 승인 시점 기준으로 적용. 다만, 해외 결제건 및 무승인 결제건(예 : 대중교통, 이동통신 등 자동납부 결제건 등)의 경우 매출전표 접수 시점으로 적용
캐시백금액은 매출전표 접수 다음 달 15일(영업일 기준)에 해당 체크카드 결제계좌로 입금
전월 이용금액이란, 매월 1일부터 말일까지 이용한 일시불 및 할부 이용금액(단기카드대출(현금서비스), 장기카드대출(카드론), 각종 수수료 및 이자(할부수수료, 카드대출 이자 등), 연체료, 연회비 납부건은 일시불 및 할부 이용금액에 해당되지 않음)
전월 이용금액 산정 시, 국가바우처 이용건, 어린이집·유치원 이용금액, 건강보험/국민연금/고용보험/산재보험 및 장애인 고용부담금, 국세/지방세/공과금, 초·중·고등학교 학교납입금, 대학 등록금, 대중교통, 택시, 아파트 관리비, 부동산 임대료, 기프트/선불카드(포인트, 사이버머니 등 전자지급수단 포함) 구매 및 충전, 상품권 구매건은 제외
삼성카드는 아래 항목을 공과금으로 분류함 전기요금, 사회보험료(건강보험/국민연금/고용보험/산재보험), 우편요금, 도시가스요금, 여권 발급비용, 상하수도요금, 과태료, 범칙금, 벌금, 국가·공공기관·공공단체(지방자치단체, 공공조합, 영조물, 공재단)에서 개설한 가맹점 이용금액
전기요금, 사회보험료(건강보험/국민연금/고용보험/산재보험), 우편요금, 도시가스요금, 여권 발급비용, 상하수도요금, 과태료, 범칙금, 벌금, 국가·공공기관·공공단체(지방자치단체, 공공조합, 영조물, 공재단)에서 개설한 가맹점 이용금액
결제 취소건의 경우, 매출취소전표 접수월의 이용금액에서 차감 반영 포인트가 적립된 결제건이 취소될 경우, 해당 포인트는 보유 포인트에서 자동 차감되며, 포인트 부족 시 카드 결제계좌에서 자동 출금
포인트가 적립된 결제건이 취소될 경우, 해당 포인트는 보유 포인트에서 자동 차감되며, 포인트 부족 시 카드 결제계좌에서 자동 출금"
ABP1689_B0004,ABP1689,주요혜택,쇼핑 캐시백,서비스안내,백화점/아울렛/면세점,4,Offline,캐시백,2,%,"신세계, 롯데, 현대, 갤러리아, 동아, 대구백화점, AK플라자, NC 대전 유성점, 신세계사이먼 프리미엄 아울렛, 현대프리미엄아울렛",전월 100만원 이상,1000000,,,,,,,6000,원,2026-06-08 06:02:34,백화점/아울렛/면세점 2% 캐시백,"[서비스안내]
백화점·프리미엄 아울렛·할인점·온라인쇼핑몰·생활잡화·신선식품 배송 2% 캐시백

[대상점]
<table class=""benefit-table""><tr><th>업종</th><th>캐시백 대상</th></tr><tr><td>백화점</td><td>신세계/롯데/현대/갤러리아/동아/대구백화점, AK플라자, NC 대전 유성점</td></tr><tr><td>프리미엄 아울렛</td><td>신세계사이먼 프리미엄 아울렛, 현대프리미엄아울렛</td></tr><tr><td>할인점</td><td>이마트, 트레이더스, 롯데마트, 홈플러스</td></tr><tr><td>온라인 쇼핑몰</td><td>삼성카드 쇼핑, G마켓, 옥션, 11번가, 인터파크, 쿠팡, 티몬, 위메프, SSG.COM, 롯데ON</td></tr><tr><td>생활잡화</td><td>다이소</td></tr><tr><td>신선식품 배송</td><td>마켓컬리, 오아시스마켓</td></tr></table>

[캐시백기준]
<table class=""benefit-table""><tr><th colspan=""3"">전월 이용금액대별 통합 월 캐시백한도</th></tr><tr><td>30 만원 이상</td><td>60 만원 이상</td><td>100 만원 이상</td></tr><tr><td>2,000 원</td><td>4,000 원</td><td>6,000 원</td></tr></table>

[이용조건]
전월 이용금액 30 만원 이상 시 제공
발급월 +1 개월까지는 전월 이용금액 30 만원 미만 시에도 30 만원 이상~ 60 만원 미만 실적구간 혜택 제공(전월 이용금액 60 만원 이상 시에는 해당 실적구간 혜택 제공)
탈회 후 카드를 재발급받은 경우 전월 이용실적(일시불 및 할부 합산 30만원 이상) 충족 시 제공

[캐시백 제외 대상]
국가바우처 이용건(보육료·유아학비 본인 부담금은 캐시백 적용), 기프트/선불카드(포인트, 사이버머니 등 전자지급수단 포함) 구매 및 충전, 상품권 구매건

[유의사항]
백화점·프리미엄 아울렛은 오프라인 일반 결제건에 한하며, 쇼핑 외 결제건(상품권, 주차장 등), 임대매장은 제외
할인점은 온라인몰도 포함되며, 기업형 슈퍼마켓(이마트 에브리데이, 롯데슈퍼, 홈플러스 익스프레스 등), 쇼핑 외 결제건(상품권, 주차장 등), 임대매장은 제외
생활잡화는 오프라인 일반 결제건에 한하며, 임대매장은 제외
신선식품 배송은 공식 홈페이지·앱을 통한 결제건에 한함
삼성카드 가맹점 업종 분류 기준에 의한 등록 가맹점에 한함
캐시백 혜택 및 전월 이용금액 산정은 승인 시점 기준으로 적용. 다만, 해외 결제건 및 무승인 결제건(예 : 대중교통, 이동통신 등 자동납부 결제건 등)의 경우 매출전표 접수 시점으로 적용
캐시백금액은 매출전표 접수 다음 달 15일(영업일 기준)에 해당 체크카드 결제계좌로 입금
전월 이용금액이란, 매월 1일부터 말일까지 이용한 일시불 및 할부 이용금액(단기카드대출(현금서비스), 장기카드대출(카드론), 각종 수수료 및 이자(할부수수료, 카드대출 이자 등), 연체료, 연회비 납부건은 일시불 및 할부 이용금액에 해당되지 않음)
전월 이용금액 산정 시, 국가바우처 이용건, 어린이집·유치원 이용금액, 건강보험/국민연금/고용보험/산재보험 및 장애인 고용부담금, 국세/지방세/공과금, 초·중·고등학교 학교납입금, 대학 등록금, 대중교통, 택시, 아파트 관리비, 부동산 임대료, 기프트/선불카드(포인트, 사이버머니 등 전자지급수단 포함) 구매 및 충전, 상품권 구매건은 제외
삼성카드는 아래 항목을 공과금으로 분류함 전기요금, 사회보험료(건강보험/국민연금/고용보험/산재보험), 우편요금, 도시가스요금, 여권 발급비용, 상하수도요금, 과태료, 범칙금, 벌금, 국가·공공기관·공공단체(지방자치단체, 공공조합, 영조물, 공재단)에서 개설한 가맹점 이용금액
전기요금, 사회보험료(건강보험/국민연금/고용보험/산재보험), 우편요금, 도시가스요금, 여권 발급비용, 상하수도요금, 과태료, 범칙금, 벌금, 국가·공공기관·공공단체(지방자치단체, 공공조합, 영조물, 공재단)에서 개설한 가맹점 이용금액
결제 취소건의 경우, 매출취소전표 접수월의 이용금액에서 차감 반영 포인트가 적립된 결제건이 취소될 경우, 해당 포인트는 보유 포인트에서 자동 차감되며, 포인트 부족 시 카드 결제계좌에서 자동 출금
포인트가 적립된 결제건이 취소될 경우, 해당 포인트는 보유 포인트에서 자동 차감되며, 포인트 부족 시 카드 결제계좌에서 자동 출금"
ABP1689_B0005,ABP1689,주요혜택,쇼핑 캐시백,서비스안내,슈퍼마켓/생활잡화,3,Both,캐시백,2,%,"이마트, 트레이더스, 롯데마트, 홈플러스",전월 30만원 이상~60만원 미만,300000,600000,,,,,,2000,원,2026-06-08 06:02:34,슈퍼마켓/생활잡화 2% 캐시백,"[서비스안내]
백화점·프리미엄 아울렛·할인점·온라인쇼핑몰·생활잡화·신선식품 배송 2% 캐시백

[대상점]
<table class=""benefit-table""><tr><th>업종</th><th>캐시백 대상</th></tr><tr><td>백화점</td><td>신세계/롯데/현대/갤러리아/동아/대구백화점, AK플라자, NC 대전 유성점</td></tr><tr><td>프리미엄 아울렛</td><td>신세계사이먼 프리미엄 아울렛, 현대프리미엄아울렛</td></tr><tr><td>할인점</td><td>이마트, 트레이더스, 롯데마트, 홈플러스</td></tr><tr><td>온라인 쇼핑몰</td><td>삼성카드 쇼핑, G마켓, 옥션, 11번가, 인터파크, 쿠팡, 티몬, 위메프, SSG.COM, 롯데ON</td></tr><tr><td>생활잡화</td><td>다이소</td></tr><tr><td>신선식품 배송</td><td>마켓컬리, 오아시스마켓</td></tr></table>

[캐시백기준]
<table class=""benefit-table""><tr><th colspan=""3"">전월 이용금액대별 통합 월 캐시백한도</th></tr><tr><td>30 만원 이상</td><td>60 만원 이상</td><td>100 만원 이상</td></tr><tr><td>2,000 원</td><td>4,000 원</td><td>6,000 원</td></tr></table>

[이용조건]
전월 이용금액 30 만원 이상 시 제공
발급월 +1 개월까지는 전월 이용금액 30 만원 미만 시에도 30 만원 이상~ 60 만원 미만 실적구간 혜택 제공(전월 이용금액 60 만원 이상 시에는 해당 실적구간 혜택 제공)
탈회 후 카드를 재발급받은 경우 전월 이용실적(일시불 및 할부 합산 30만원 이상) 충족 시 제공

[캐시백 제외 대상]
국가바우처 이용건(보육료·유아학비 본인 부담금은 캐시백 적용), 기프트/선불카드(포인트, 사이버머니 등 전자지급수단 포함) 구매 및 충전, 상품권 구매건

[유의사항]
백화점·프리미엄 아울렛은 오프라인 일반 결제건에 한하며, 쇼핑 외 결제건(상품권, 주차장 등), 임대매장은 제외
할인점은 온라인몰도 포함되며, 기업형 슈퍼마켓(이마트 에브리데이, 롯데슈퍼, 홈플러스 익스프레스 등), 쇼핑 외 결제건(상품권, 주차장 등), 임대매장은 제외
생활잡화는 오프라인 일반 결제건에 한하며, 임대매장은 제외
신선식품 배송은 공식 홈페이지·앱을 통한 결제건에 한함
삼성카드 가맹점 업종 분류 기준에 의한 등록 가맹점에 한함
캐시백 혜택 및 전월 이용금액 산정은 승인 시점 기준으로 적용. 다만, 해외 결제건 및 무승인 결제건(예 : 대중교통, 이동통신 등 자동납부 결제건 등)의 경우 매출전표 접수 시점으로 적용
캐시백금액은 매출전표 접수 다음 달 15일(영업일 기준)에 해당 체크카드 결제계좌로 입금
전월 이용금액이란, 매월 1일부터 말일까지 이용한 일시불 및 할부 이용금액(단기카드대출(현금서비스), 장기카드대출(카드론), 각종 수수료 및 이자(할부수수료, 카드대출 이자 등), 연체료, 연회비 납부건은 일시불 및 할부 이용금액에 해당되지 않음)
전월 이용금액 산정 시, 국가바우처 이용건, 어린이집·유치원 이용금액, 건강보험/국민연금/고용보험/산재보험 및 장애인 고용부담금, 국세/지방세/공과금, 초·중·고등학교 학교납입금, 대학 등록금, 대중교통, 택시, 아파트 관리비, 부동산 임대료, 기프트/선불카드(포인트, 사이버머니 등 전자지급수단 포함) 구매 및 충전, 상품권 구매건은 제외
삼성카드는 아래 항목을 공과금으로 분류함 전기요금, 사회보험료(건강보험/국민연금/고용보험/산재보험), 우편요금, 도시가스요금, 여권 발급비용, 상하수도요금, 과태료, 범칙금, 벌금, 국가·공공기관·공공단체(지방자치단체, 공공조합, 영조물, 공재단)에서 개설한 가맹점 이용금액
전기요금, 사회보험료(건강보험/국민연금/고용보험/산재보험), 우편요금, 도시가스요금, 여권 발급비용, 상하수도요금, 과태료, 범칙금, 벌금, 국가·공공기관·공공단체(지방자치단체, 공공조합, 영조물, 공재단)에서 개설한 가맹점 이용금액
결제 취소건의 경우, 매출취소전표 접수월의 이용금액에서 차감 반영 포인트가 적립된 결제건이 취소될 경우, 해당 포인트는 보유 포인트에서 자동 차감되며, 포인트 부족 시 카드 결제계좌에서 자동 출금
포인트가 적립된 결제건이 취소될 경우, 해당 포인트는 보유 포인트에서 자동 차감되며, 포인트 부족 시 카드 결제계좌에서 자동 출금"
ABP1689_B0006,ABP1689,주요혜택,쇼핑 캐시백,서비스안내,슈퍼마켓/생활잡화,3,Both,캐시백,2,%,"이마트, 트레이더스, 롯데마트, 홈플러스",전월 60만원 이상~100만원 미만,600000,1000000,,,,,,4000,원,2026-06-08 06:02:34,슈퍼마켓/생활잡화 2% 캐시백,"[서비스안내]
백화점·프리미엄 아울렛·할인점·온라인쇼핑몰·생활잡화·신선식품 배송 2% 캐시백

[대상점]
<table class=""benefit-table""><tr><th>업종</th><th>캐시백 대상</th></tr><tr><td>백화점</td><td>신세계/롯데/현대/갤러리아/동아/대구백화점, AK플라자, NC 대전 유성점</td></tr><tr><td>프리미엄 아울렛</td><td>신세계사이먼 프리미엄 아울렛, 현대프리미엄아울렛</td></tr><tr><td>할인점</td><td>이마트, 트레이더스, 롯데마트, 홈플러스</td></tr><tr><td>온라인 쇼핑몰</td><td>삼성카드 쇼핑, G마켓, 옥션, 11번가, 인터파크, 쿠팡, 티몬, 위메프, SSG.COM, 롯데ON</td></tr><tr><td>생활잡화</td><td>다이소</td></tr><tr><td>신선식품 배송</td><td>마켓컬리, 오아시스마켓</td></tr></table>

[캐시백기준]
<table class=""benefit-table""><tr><th colspan=""3"">전월 이용금액대별 통합 월 캐시백한도</th></tr><tr><td>30 만원 이상</td><td>60 만원 이상</td><td>100 만원 이상</td></tr><tr><td>2,000 원</td><td>4,000 원</td><td>6,000 원</td></tr></table>

[이용조건]
전월 이용금액 30 만원 이상 시 제공
발급월 +1 개월까지는 전월 이용금액 30 만원 미만 시에도 30 만원 이상~ 60 만원 미만 실적구간 혜택 제공(전월 이용금액 60 만원 이상 시에는 해당 실적구간 혜택 제공)
탈회 후 카드를 재발급받은 경우 전월 이용실적(일시불 및 할부 합산 30만원 이상) 충족 시 제공

[캐시백 제외 대상]
국가바우처 이용건(보육료·유아학비 본인 부담금은 캐시백 적용), 기프트/선불카드(포인트, 사이버머니 등 전자지급수단 포함) 구매 및 충전, 상품권 구매건

[유의사항]
백화점·프리미엄 아울렛은 오프라인 일반 결제건에 한하며, 쇼핑 외 결제건(상품권, 주차장 등), 임대매장은 제외
할인점은 온라인몰도 포함되며, 기업형 슈퍼마켓(이마트 에브리데이, 롯데슈퍼, 홈플러스 익스프레스 등), 쇼핑 외 결제건(상품권, 주차장 등), 임대매장은 제외
생활잡화는 오프라인 일반 결제건에 한하며, 임대매장은 제외
신선식품 배송은 공식 홈페이지·앱을 통한 결제건에 한함
삼성카드 가맹점 업종 분류 기준에 의한 등록 가맹점에 한함
캐시백 혜택 및 전월 이용금액 산정은 승인 시점 기준으로 적용. 다만, 해외 결제건 및 무승인 결제건(예 : 대중교통, 이동통신 등 자동납부 결제건 등)의 경우 매출전표 접수 시점으로 적용
캐시백금액은 매출전표 접수 다음 달 15일(영업일 기준)에 해당 체크카드 결제계좌로 입금
전월 이용금액이란, 매월 1일부터 말일까지 이용한 일시불 및 할부 이용금액(단기카드대출(현금서비스), 장기카드대출(카드론), 각종 수수료 및 이자(할부수수료, 카드대출 이자 등), 연체료, 연회비 납부건은 일시불 및 할부 이용금액에 해당되지 않음)
전월 이용금액 산정 시, 국가바우처 이용건, 어린이집·유치원 이용금액, 건강보험/국민연금/고용보험/산재보험 및 장애인 고용부담금, 국세/지방세/공과금, 초·중·고등학교 학교납입금, 대학 등록금, 대중교통, 택시, 아파트 관리비, 부동산 임대료, 기프트/선불카드(포인트, 사이버머니 등 전자지급수단 포함) 구매 및 충전, 상품권 구매건은 제외
삼성카드는 아래 항목을 공과금으로 분류함 전기요금, 사회보험료(건강보험/국민연금/고용보험/산재보험), 우편요금, 도시가스요금, 여권 발급비용, 상하수도요금, 과태료, 범칙금, 벌금, 국가·공공기관·공공단체(지방자치단체, 공공조합, 영조물, 공재단)에서 개설한 가맹점 이용금액
전기요금, 사회보험료(건강보험/국민연금/고용보험/산재보험), 우편요금, 도시가스요금, 여권 발급비용, 상하수도요금, 과태료, 범칙금, 벌금, 국가·공공기관·공공단체(지방자치단체, 공공조합, 영조물, 공재단)에서 개설한 가맹점 이용금액
결제 취소건의 경우, 매출취소전표 접수월의 이용금액에서 차감 반영 포인트가 적립된 결제건이 취소될 경우, 해당 포인트는 보유 포인트에서 자동 차감되며, 포인트 부족 시 카드 결제계좌에서 자동 출금
포인트가 적립된 결제건이 취소될 경우, 해당 포인트는 보유 포인트에서 자동 차감되며, 포인트 부족 시 카드 결제계좌에서 자동 출금"
ABP1689_B0007,ABP1689,주요혜택,쇼핑 캐시백,서비스안내,슈퍼마켓/생활잡화,3,Both,캐시백,2,%,"이마트, 트레이더스, 롯데마트, 홈플러스",전월 100만원 이상,1000000,,,,,,,6000,원,2026-06-08 06:02:34,슈퍼마켓/생활잡화 2% 캐시백,"[서비스안내]
백화점·프리미엄 아울렛·할인점·온라인쇼핑몰·생활잡화·신선식품 배송 2% 캐시백

[대상점]
<table class=""benefit-table""><tr><th>업종</th><th>캐시백 대상</th></tr><tr><td>백화점</td><td>신세계/롯데/현대/갤러리아/동아/대구백화점, AK플라자, NC 대전 유성점</td></tr><tr><td>프리미엄 아울렛</td><td>신세계사이먼 프리미엄 아울렛, 현대프리미엄아울렛</td></tr><tr><td>할인점</td><td>이마트, 트레이더스, 롯데마트, 홈플러스</td></tr><tr><td>온라인 쇼핑몰</td><td>삼성카드 쇼핑, G마켓, 옥션, 11번가, 인터파크, 쿠팡, 티몬, 위메프, SSG.COM, 롯데ON</td></tr><tr><td>생활잡화</td><td>다이소</td></tr><tr><td>신선식품 배송</td><td>마켓컬리, 오아시스마켓</td></tr></table>

[캐시백기준]
<table class=""benefit-table""><tr><th colspan=""3"">전월 이용금액대별 통합 월 캐시백한도</th></tr><tr><td>30 만원 이상</td><td>60 만원 이상</td><td>100 만원 이상</td></tr><tr><td>2,000 원</td><td>4,000 원</td><td>6,000 원</td></tr></table>

[이용조건]
전월 이용금액 30 만원 이상 시 제공
발급월 +1 개월까지는 전월 이용금액 30 만원 미만 시에도 30 만원 이상~ 60 만원 미만 실적구간 혜택 제공(전월 이용금액 60 만원 이상 시에는 해당 실적구간 혜택 제공)
탈회 후 카드를 재발급받은 경우 전월 이용실적(일시불 및 할부 합산 30만원 이상) 충족 시 제공

[캐시백 제외 대상]
국가바우처 이용건(보육료·유아학비 본인 부담금은 캐시백 적용), 기프트/선불카드(포인트, 사이버머니 등 전자지급수단 포함) 구매 및 충전, 상품권 구매건

[유의사항]
백화점·프리미엄 아울렛은 오프라인 일반 결제건에 한하며, 쇼핑 외 결제건(상품권, 주차장 등), 임대매장은 제외
할인점은 온라인몰도 포함되며, 기업형 슈퍼마켓(이마트 에브리데이, 롯데슈퍼, 홈플러스 익스프레스 등), 쇼핑 외 결제건(상품권, 주차장 등), 임대매장은 제외
생활잡화는 오프라인 일반 결제건에 한하며, 임대매장은 제외
신선식품 배송은 공식 홈페이지·앱을 통한 결제건에 한함
삼성카드 가맹점 업종 분류 기준에 의한 등록 가맹점에 한함
캐시백 혜택 및 전월 이용금액 산정은 승인 시점 기준으로 적용. 다만, 해외 결제건 및 무승인 결제건(예 : 대중교통, 이동통신 등 자동납부 결제건 등)의 경우 매출전표 접수 시점으로 적용
캐시백금액은 매출전표 접수 다음 달 15일(영업일 기준)에 해당 체크카드 결제계좌로 입금
전월 이용금액이란, 매월 1일부터 말일까지 이용한 일시불 및 할부 이용금액(단기카드대출(현금서비스), 장기카드대출(카드론), 각종 수수료 및 이자(할부수수료, 카드대출 이자 등), 연체료, 연회비 납부건은 일시불 및 할부 이용금액에 해당되지 않음)
전월 이용금액 산정 시, 국가바우처 이용건, 어린이집·유치원 이용금액, 건강보험/국민연금/고용보험/산재보험 및 장애인 고용부담금, 국세/지방세/공과금, 초·중·고등학교 학교납입금, 대학 등록금, 대중교통, 택시, 아파트 관리비, 부동산 임대료, 기프트/선불카드(포인트, 사이버머니 등 전자지급수단 포함) 구매 및 충전, 상품권 구매건은 제외
삼성카드는 아래 항목을 공과금으로 분류함 전기요금, 사회보험료(건강보험/국민연금/고용보험/산재보험), 우편요금, 도시가스요금, 여권 발급비용, 상하수도요금, 과태료, 범칙금, 벌금, 국가·공공기관·공공단체(지방자치단체, 공공조합, 영조물, 공재단)에서 개설한 가맹점 이용금액
전기요금, 사회보험료(건강보험/국민연금/고용보험/산재보험), 우편요금, 도시가스요금, 여권 발급비용, 상하수도요금, 과태료, 범칙금, 벌금, 국가·공공기관·공공단체(지방자치단체, 공공조합, 영조물, 공재단)에서 개설한 가맹점 이용금액
결제 취소건의 경우, 매출취소전표 접수월의 이용금액에서 차감 반영 포인트가 적립된 결제건이 취소될 경우, 해당 포인트는 보유 포인트에서 자동 차감되며, 포인트 부족 시 카드 결제계좌에서 자동 출금
포인트가 적립된 결제건이 취소될 경우, 해당 포인트는 보유 포인트에서 자동 차감되며, 포인트 부족 시 카드 결제계좌에서 자동 출금"
ABP1689_B0008,ABP1689,주요혜택,쇼핑 캐시백,서비스안내,온라인쇼핑,1,Online,캐시백,2,%,"삼성카드 쇼핑, G마켓, 옥션, 11번가, 인터파크, 쿠팡, 티몬, 위메프, SSG.COM, 롯데ON",전월 30만원 이상~60만원 미만,300000,600000,,,,,,2000,원,2026-06-08 06:02:34,온라인쇼핑 2% 캐시백,"[서비스안내]
백화점·프리미엄 아울렛·할인점·온라인쇼핑몰·생활잡화·신선식품 배송 2% 캐시백

[대상점]
<table class=""benefit-table""><tr><th>업종</th><th>캐시백 대상</th></tr><tr><td>백화점</td><td>신세계/롯데/현대/갤러리아/동아/대구백화점, AK플라자, NC 대전 유성점</td></tr><tr><td>프리미엄 아울렛</td><td>신세계사이먼 프리미엄 아울렛, 현대프리미엄아울렛</td></tr><tr><td>할인점</td><td>이마트, 트레이더스, 롯데마트, 홈플러스</td></tr><tr><td>온라인 쇼핑몰</td><td>삼성카드 쇼핑, G마켓, 옥션, 11번가, 인터파크, 쿠팡, 티몬, 위메프, SSG.COM, 롯데ON</td></tr><tr><td>생활잡화</td><td>다이소</td></tr><tr><td>신선식품 배송</td><td>마켓컬리, 오아시스마켓</td></tr></table>

[캐시백기준]
<table class=""benefit-table""><tr><th colspan=""3"">전월 이용금액대별 통합 월 캐시백한도</th></tr><tr><td>30 만원 이상</td><td>60 만원 이상</td><td>100 만원 이상</td></tr><tr><td>2,000 원</td><td>4,000 원</td><td>6,000 원</td></tr></table>

[이용조건]
전월 이용금액 30 만원 이상 시 제공
발급월 +1 개월까지는 전월 이용금액 30 만원 미만 시에도 30 만원 이상~ 60 만원 미만 실적구간 혜택 제공(전월 이용금액 60 만원 이상 시에는 해당 실적구간 혜택 제공)
탈회 후 카드를 재발급받은 경우 전월 이용실적(일시불 및 할부 합산 30만원 이상) 충족 시 제공

[캐시백 제외 대상]
국가바우처 이용건(보육료·유아학비 본인 부담금은 캐시백 적용), 기프트/선불카드(포인트, 사이버머니 등 전자지급수단 포함) 구매 및 충전, 상품권 구매건

[유의사항]
백화점·프리미엄 아울렛은 오프라인 일반 결제건에 한하며, 쇼핑 외 결제건(상품권, 주차장 등), 임대매장은 제외
할인점은 온라인몰도 포함되며, 기업형 슈퍼마켓(이마트 에브리데이, 롯데슈퍼, 홈플러스 익스프레스 등), 쇼핑 외 결제건(상품권, 주차장 등), 임대매장은 제외
생활잡화는 오프라인 일반 결제건에 한하며, 임대매장은 제외
신선식품 배송은 공식 홈페이지·앱을 통한 결제건에 한함
삼성카드 가맹점 업종 분류 기준에 의한 등록 가맹점에 한함
캐시백 혜택 및 전월 이용금액 산정은 승인 시점 기준으로 적용. 다만, 해외 결제건 및 무승인 결제건(예 : 대중교통, 이동통신 등 자동납부 결제건 등)의 경우 매출전표 접수 시점으로 적용
캐시백금액은 매출전표 접수 다음 달 15일(영업일 기준)에 해당 체크카드 결제계좌로 입금
전월 이용금액이란, 매월 1일부터 말일까지 이용한 일시불 및 할부 이용금액(단기카드대출(현금서비스), 장기카드대출(카드론), 각종 수수료 및 이자(할부수수료, 카드대출 이자 등), 연체료, 연회비 납부건은 일시불 및 할부 이용금액에 해당되지 않음)
전월 이용금액 산정 시, 국가바우처 이용건, 어린이집·유치원 이용금액, 건강보험/국민연금/고용보험/산재보험 및 장애인 고용부담금, 국세/지방세/공과금, 초·중·고등학교 학교납입금, 대학 등록금, 대중교통, 택시, 아파트 관리비, 부동산 임대료, 기프트/선불카드(포인트, 사이버머니 등 전자지급수단 포함) 구매 및 충전, 상품권 구매건은 제외
삼성카드는 아래 항목을 공과금으로 분류함 전기요금, 사회보험료(건강보험/국민연금/고용보험/산재보험), 우편요금, 도시가스요금, 여권 발급비용, 상하수도요금, 과태료, 범칙금, 벌금, 국가·공공기관·공공단체(지방자치단체, 공공조합, 영조물, 공재단)에서 개설한 가맹점 이용금액
전기요금, 사회보험료(건강보험/국민연금/고용보험/산재보험), 우편요금, 도시가스요금, 여권 발급비용, 상하수도요금, 과태료, 범칙금, 벌금, 국가·공공기관·공공단체(지방자치단체, 공공조합, 영조물, 공재단)에서 개설한 가맹점 이용금액
결제 취소건의 경우, 매출취소전표 접수월의 이용금액에서 차감 반영 포인트가 적립된 결제건이 취소될 경우, 해당 포인트는 보유 포인트에서 자동 차감되며, 포인트 부족 시 카드 결제계좌에서 자동 출금
포인트가 적립된 결제건이 취소될 경우, 해당 포인트는 보유 포인트에서 자동 차감되며, 포인트 부족 시 카드 결제계좌에서 자동 출금"
ABP1689_B0009,ABP1689,주요혜택,쇼핑 캐시백,서비스안내,온라인쇼핑,1,Online,캐시백,2,%,"삼성카드 쇼핑, G마켓, 옥션, 11번가, 인터파크, 쿠팡, 티몬, 위메프, SSG.COM, 롯데ON",전월 60만원 이상~100만원 미만,600000,1000000,,,,,,4000,원,2026-06-08 06:02:34,온라인쇼핑 2% 캐시백,"[서비스안내]
백화점·프리미엄 아울렛·할인점·온라인쇼핑몰·생활잡화·신선식품 배송 2% 캐시백

[대상점]
<table class=""benefit-table""><tr><th>업종</th><th>캐시백 대상</th></tr><tr><td>백화점</td><td>신세계/롯데/현대/갤러리아/동아/대구백화점, AK플라자, NC 대전 유성점</td></tr><tr><td>프리미엄 아울렛</td><td>신세계사이먼 프리미엄 아울렛, 현대프리미엄아울렛</td></tr><tr><td>할인점</td><td>이마트, 트레이더스, 롯데마트, 홈플러스</td></tr><tr><td>온라인 쇼핑몰</td><td>삼성카드 쇼핑, G마켓, 옥션, 11번가, 인터파크, 쿠팡, 티몬, 위메프, SSG.COM, 롯데ON</td></tr><tr><td>생활잡화</td><td>다이소</td></tr><tr><td>신선식품 배송</td><td>마켓컬리, 오아시스마켓</td></tr></table>

[캐시백기준]
<table class=""benefit-table""><tr><th colspan=""3"">전월 이용금액대별 통합 월 캐시백한도</th></tr><tr><td>30 만원 이상</td><td>60 만원 이상</td><td>100 만원 이상</td></tr><tr><td>2,000 원</td><td>4,000 원</td><td>6,000 원</td></tr></table>

[이용조건]
전월 이용금액 30 만원 이상 시 제공
발급월 +1 개월까지는 전월 이용금액 30 만원 미만 시에도 30 만원 이상~ 60 만원 미만 실적구간 혜택 제공(전월 이용금액 60 만원 이상 시에는 해당 실적구간 혜택 제공)
탈회 후 카드를 재발급받은 경우 전월 이용실적(일시불 및 할부 합산 30만원 이상) 충족 시 제공

[캐시백 제외 대상]
국가바우처 이용건(보육료·유아학비 본인 부담금은 캐시백 적용), 기프트/선불카드(포인트, 사이버머니 등 전자지급수단 포함) 구매 및 충전, 상품권 구매건

[유의사항]
백화점·프리미엄 아울렛은 오프라인 일반 결제건에 한하며, 쇼핑 외 결제건(상품권, 주차장 등), 임대매장은 제외
할인점은 온라인몰도 포함되며, 기업형 슈퍼마켓(이마트 에브리데이, 롯데슈퍼, 홈플러스 익스프레스 등), 쇼핑 외 결제건(상품권, 주차장 등), 임대매장은 제외
생활잡화는 오프라인 일반 결제건에 한하며, 임대매장은 제외
신선식품 배송은 공식 홈페이지·앱을 통한 결제건에 한함
삼성카드 가맹점 업종 분류 기준에 의한 등록 가맹점에 한함
캐시백 혜택 및 전월 이용금액 산정은 승인 시점 기준으로 적용. 다만, 해외 결제건 및 무승인 결제건(예 : 대중교통, 이동통신 등 자동납부 결제건 등)의 경우 매출전표 접수 시점으로 적용
캐시백금액은 매출전표 접수 다음 달 15일(영업일 기준)에 해당 체크카드 결제계좌로 입금
전월 이용금액이란, 매월 1일부터 말일까지 이용한 일시불 및 할부 이용금액(단기카드대출(현금서비스), 장기카드대출(카드론), 각종 수수료 및 이자(할부수수료, 카드대출 이자 등), 연체료, 연회비 납부건은 일시불 및 할부 이용금액에 해당되지 않음)
전월 이용금액 산정 시, 국가바우처 이용건, 어린이집·유치원 이용금액, 건강보험/국민연금/고용보험/산재보험 및 장애인 고용부담금, 국세/지방세/공과금, 초·중·고등학교 학교납입금, 대학 등록금, 대중교통, 택시, 아파트 관리비, 부동산 임대료, 기프트/선불카드(포인트, 사이버머니 등 전자지급수단 포함) 구매 및 충전, 상품권 구매건은 제외
삼성카드는 아래 항목을 공과금으로 분류함 전기요금, 사회보험료(건강보험/국민연금/고용보험/산재보험), 우편요금, 도시가스요금, 여권 발급비용, 상하수도요금, 과태료, 범칙금, 벌금, 국가·공공기관·공공단체(지방자치단체, 공공조합, 영조물, 공재단)에서 개설한 가맹점 이용금액
전기요금, 사회보험료(건강보험/국민연금/고용보험/산재보험), 우편요금, 도시가스요금, 여권 발급비용, 상하수도요금, 과태료, 범칙금, 벌금, 국가·공공기관·공공단체(지방자치단체, 공공조합, 영조물, 공재단)에서 개설한 가맹점 이용금액
결제 취소건의 경우, 매출취소전표 접수월의 이용금액에서 차감 반영 포인트가 적립된 결제건이 취소될 경우, 해당 포인트는 보유 포인트에서 자동 차감되며, 포인트 부족 시 카드 결제계좌에서 자동 출금
포인트가 적립된 결제건이 취소될 경우, 해당 포인트는 보유 포인트에서 자동 차감되며, 포인트 부족 시 카드 결제계좌에서 자동 출금"
ABP1689_B0010,ABP1689,주요혜택,쇼핑 캐시백,서비스안내,온라인쇼핑,1,Online,캐시백,2,%,"삼성카드 쇼핑, G마켓, 옥션, 11번가, 인터파크, 쿠팡, 티몬, 위메프, SSG.COM, 롯데ON",전월 100만원 이상,1000000,,,,,,,6000,원,2026-06-08 06:02:34,온라인쇼핑 2% 캐시백,"[서비스안내]
백화점·프리미엄 아울렛·할인점·온라인쇼핑몰·생활잡화·신선식품 배송 2% 캐시백

[대상점]
<table class=""benefit-table""><tr><th>업종</th><th>캐시백 대상</th></tr><tr><td>백화점</td><td>신세계/롯데/현대/갤러리아/동아/대구백화점, AK플라자, NC 대전 유성점</td></tr><tr><td>프리미엄 아울렛</td><td>신세계사이먼 프리미엄 아울렛, 현대프리미엄아울렛</td></tr><tr><td>할인점</td><td>이마트, 트레이더스, 롯데마트, 홈플러스</td></tr><tr><td>온라인 쇼핑몰</td><td>삼성카드 쇼핑, G마켓, 옥션, 11번가, 인터파크, 쿠팡, 티몬, 위메프, SSG.COM, 롯데ON</td></tr><tr><td>생활잡화</td><td>다이소</td></tr><tr><td>신선식품 배송</td><td>마켓컬리, 오아시스마켓</td></tr></table>

[캐시백기준]
<table class=""benefit-table""><tr><th colspan=""3"">전월 이용금액대별 통합 월 캐시백한도</th></tr><tr><td>30 만원 이상</td><td>60 만원 이상</td><td>100 만원 이상</td></tr><tr><td>2,000 원</td><td>4,000 원</td><td>6,000 원</td></tr></table>

[이용조건]
전월 이용금액 30 만원 이상 시 제공
발급월 +1 개월까지는 전월 이용금액 30 만원 미만 시에도 30 만원 이상~ 60 만원 미만 실적구간 혜택 제공(전월 이용금액 60 만원 이상 시에는 해당 실적구간 혜택 제공)
탈회 후 카드를 재발급받은 경우 전월 이용실적(일시불 및 할부 합산 30만원 이상) 충족 시 제공

[캐시백 제외 대상]
국가바우처 이용건(보육료·유아학비 본인 부담금은 캐시백 적용), 기프트/선불카드(포인트, 사이버머니 등 전자지급수단 포함) 구매 및 충전, 상품권 구매건

[유의사항]
백화점·프리미엄 아울렛은 오프라인 일반 결제건에 한하며, 쇼핑 외 결제건(상품권, 주차장 등), 임대매장은 제외
할인점은 온라인몰도 포함되며, 기업형 슈퍼마켓(이마트 에브리데이, 롯데슈퍼, 홈플러스 익스프레스 등), 쇼핑 외 결제건(상품권, 주차장 등), 임대매장은 제외
생활잡화는 오프라인 일반 결제건에 한하며, 임대매장은 제외
신선식품 배송은 공식 홈페이지·앱을 통한 결제건에 한함
삼성카드 가맹점 업종 분류 기준에 의한 등록 가맹점에 한함
캐시백 혜택 및 전월 이용금액 산정은 승인 시점 기준으로 적용. 다만, 해외 결제건 및 무승인 결제건(예 : 대중교통, 이동통신 등 자동납부 결제건 등)의 경우 매출전표 접수 시점으로 적용
캐시백금액은 매출전표 접수 다음 달 15일(영업일 기준)에 해당 체크카드 결제계좌로 입금
전월 이용금액이란, 매월 1일부터 말일까지 이용한 일시불 및 할부 이용금액(단기카드대출(현금서비스), 장기카드대출(카드론), 각종 수수료 및 이자(할부수수료, 카드대출 이자 등), 연체료, 연회비 납부건은 일시불 및 할부 이용금액에 해당되지 않음)
전월 이용금액 산정 시, 국가바우처 이용건, 어린이집·유치원 이용금액, 건강보험/국민연금/고용보험/산재보험 및 장애인 고용부담금, 국세/지방세/공과금, 초·중·고등학교 학교납입금, 대학 등록금, 대중교통, 택시, 아파트 관리비, 부동산 임대료, 기프트/선불카드(포인트, 사이버머니 등 전자지급수단 포함) 구매 및 충전, 상품권 구매건은 제외
삼성카드는 아래 항목을 공과금으로 분류함 전기요금, 사회보험료(건강보험/국민연금/고용보험/산재보험), 우편요금, 도시가스요금, 여권 발급비용, 상하수도요금, 과태료, 범칙금, 벌금, 국가·공공기관·공공단체(지방자치단체, 공공조합, 영조물, 공재단)에서 개설한 가맹점 이용금액
전기요금, 사회보험료(건강보험/국민연금/고용보험/산재보험), 우편요금, 도시가스요금, 여권 발급비용, 상하수도요금, 과태료, 범칙금, 벌금, 국가·공공기관·공공단체(지방자치단체, 공공조합, 영조물, 공재단)에서 개설한 가맹점 이용금액
결제 취소건의 경우, 매출취소전표 접수월의 이용금액에서 차감 반영 포인트가 적립된 결제건이 취소될 경우, 해당 포인트는 보유 포인트에서 자동 차감되며, 포인트 부족 시 카드 결제계좌에서 자동 출금
포인트가 적립된 결제건이 취소될 경우, 해당 포인트는 보유 포인트에서 자동 차감되며, 포인트 부족 시 카드 결제계좌에서 자동 출금"
ABP1689_B0011,ABP1689,주요혜택,쇼핑 캐시백,서비스안내,슈퍼마켓/생활잡화,3,Offline,캐시백,2,%,다이소,전월 30만원 이상~60만원 미만,300000,600000,,,,,,2000,원,2026-06-08 06:02:34,슈퍼마켓/생활잡화 2% 캐시백,"[서비스안내]
백화점·프리미엄 아울렛·할인점·온라인쇼핑몰·생활잡화·신선식품 배송 2% 캐시백

[대상점]
<table class=""benefit-table""><tr><th>업종</th><th>캐시백 대상</th></tr><tr><td>백화점</td><td>신세계/롯데/현대/갤러리아/동아/대구백화점, AK플라자, NC 대전 유성점</td></tr><tr><td>프리미엄 아울렛</td><td>신세계사이먼 프리미엄 아울렛, 현대프리미엄아울렛</td></tr><tr><td>할인점</td><td>이마트, 트레이더스, 롯데마트, 홈플러스</td></tr><tr><td>온라인 쇼핑몰</td><td>삼성카드 쇼핑, G마켓, 옥션, 11번가, 인터파크, 쿠팡, 티몬, 위메프, SSG.COM, 롯데ON</td></tr><tr><td>생활잡화</td><td>다이소</td></tr><tr><td>신선식품 배송</td><td>마켓컬리, 오아시스마켓</td></tr></table>

[캐시백기준]
<table class=""benefit-table""><tr><th colspan=""3"">전월 이용금액대별 통합 월 캐시백한도</th></tr><tr><td>30 만원 이상</td><td>60 만원 이상</td><td>100 만원 이상</td></tr><tr><td>2,000 원</td><td>4,000 원</td><td>6,000 원</td></tr></table>

[이용조건]
전월 이용금액 30 만원 이상 시 제공
발급월 +1 개월까지는 전월 이용금액 30 만원 미만 시에도 30 만원 이상~ 60 만원 미만 실적구간 혜택 제공(전월 이용금액 60 만원 이상 시에는 해당 실적구간 혜택 제공)
탈회 후 카드를 재발급받은 경우 전월 이용실적(일시불 및 할부 합산 30만원 이상) 충족 시 제공

[캐시백 제외 대상]
국가바우처 이용건(보육료·유아학비 본인 부담금은 캐시백 적용), 기프트/선불카드(포인트, 사이버머니 등 전자지급수단 포함) 구매 및 충전, 상품권 구매건

[유의사항]
백화점·프리미엄 아울렛은 오프라인 일반 결제건에 한하며, 쇼핑 외 결제건(상품권, 주차장 등), 임대매장은 제외
할인점은 온라인몰도 포함되며, 기업형 슈퍼마켓(이마트 에브리데이, 롯데슈퍼, 홈플러스 익스프레스 등), 쇼핑 외 결제건(상품권, 주차장 등), 임대매장은 제외
생활잡화는 오프라인 일반 결제건에 한하며, 임대매장은 제외
신선식품 배송은 공식 홈페이지·앱을 통한 결제건에 한함
삼성카드 가맹점 업종 분류 기준에 의한 등록 가맹점에 한함
캐시백 혜택 및 전월 이용금액 산정은 승인 시점 기준으로 적용. 다만, 해외 결제건 및 무승인 결제건(예 : 대중교통, 이동통신 등 자동납부 결제건 등)의 경우 매출전표 접수 시점으로 적용
캐시백금액은 매출전표 접수 다음 달 15일(영업일 기준)에 해당 체크카드 결제계좌로 입금
전월 이용금액이란, 매월 1일부터 말일까지 이용한 일시불 및 할부 이용금액(단기카드대출(현금서비스), 장기카드대출(카드론), 각종 수수료 및 이자(할부수수료, 카드대출 이자 등), 연체료, 연회비 납부건은 일시불 및 할부 이용금액에 해당되지 않음)
전월 이용금액 산정 시, 국가바우처 이용건, 어린이집·유치원 이용금액, 건강보험/국민연금/고용보험/산재보험 및 장애인 고용부담금, 국세/지방세/공과금, 초·중·고등학교 학교납입금, 대학 등록금, 대중교통, 택시, 아파트 관리비, 부동산 임대료, 기프트/선불카드(포인트, 사이버머니 등 전자지급수단 포함) 구매 및 충전, 상품권 구매건은 제외
삼성카드는 아래 항목을 공과금으로 분류함 전기요금, 사회보험료(건강보험/국민연금/고용보험/산재보험), 우편요금, 도시가스요금, 여권 발급비용, 상하수도요금, 과태료, 범칙금, 벌금, 국가·공공기관·공공단체(지방자치단체, 공공조합, 영조물, 공재단)에서 개설한 가맹점 이용금액
전기요금, 사회보험료(건강보험/국민연금/고용보험/산재보험), 우편요금, 도시가스요금, 여권 발급비용, 상하수도요금, 과태료, 범칙금, 벌금, 국가·공공기관·공공단체(지방자치단체, 공공조합, 영조물, 공재단)에서 개설한 가맹점 이용금액
결제 취소건의 경우, 매출취소전표 접수월의 이용금액에서 차감 반영 포인트가 적립된 결제건이 취소될 경우, 해당 포인트는 보유 포인트에서 자동 차감되며, 포인트 부족 시 카드 결제계좌에서 자동 출금
포인트가 적립된 결제건이 취소될 경우, 해당 포인트는 보유 포인트에서 자동 차감되며, 포인트 부족 시 카드 결제계좌에서 자동 출금"
ABP1689_B0012,ABP1689,주요혜택,쇼핑 캐시백,서비스안내,슈퍼마켓/생활잡화,3,Offline,캐시백,2,%,다이소,전월 60만원 이상~100만원 미만,600000,1000000,,,,,,4000,원,2026-06-08 06:02:34,슈퍼마켓/생활잡화 2% 캐시백,"[서비스안내]
백화점·프리미엄 아울렛·할인점·온라인쇼핑몰·생활잡화·신선식품 배송 2% 캐시백

[대상점]
<table class=""benefit-table""><tr><th>업종</th><th>캐시백 대상</th></tr><tr><td>백화점</td><td>신세계/롯데/현대/갤러리아/동아/대구백화점, AK플라자, NC 대전 유성점</td></tr><tr><td>프리미엄 아울렛</td><td>신세계사이먼 프리미엄 아울렛, 현대프리미엄아울렛</td></tr><tr><td>할인점</td><td>이마트, 트레이더스, 롯데마트, 홈플러스</td></tr><tr><td>온라인 쇼핑몰</td><td>삼성카드 쇼핑, G마켓, 옥션, 11번가, 인터파크, 쿠팡, 티몬, 위메프, SSG.COM, 롯데ON</td></tr><tr><td>생활잡화</td><td>다이소</td></tr><tr><td>신선식품 배송</td><td>마켓컬리, 오아시스마켓</td></tr></table>

[캐시백기준]
<table class=""benefit-table""><tr><th colspan=""3"">전월 이용금액대별 통합 월 캐시백한도</th></tr><tr><td>30 만원 이상</td><td>60 만원 이상</td><td>100 만원 이상</td></tr><tr><td>2,000 원</td><td>4,000 원</td><td>6,000 원</td></tr></table>

[이용조건]
전월 이용금액 30 만원 이상 시 제공
발급월 +1 개월까지는 전월 이용금액 30 만원 미만 시에도 30 만원 이상~ 60 만원 미만 실적구간 혜택 제공(전월 이용금액 60 만원 이상 시에는 해당 실적구간 혜택 제공)
탈회 후 카드를 재발급받은 경우 전월 이용실적(일시불 및 할부 합산 30만원 이상) 충족 시 제공

[캐시백 제외 대상]
국가바우처 이용건(보육료·유아학비 본인 부담금은 캐시백 적용), 기프트/선불카드(포인트, 사이버머니 등 전자지급수단 포함) 구매 및 충전, 상품권 구매건

[유의사항]
백화점·프리미엄 아울렛은 오프라인 일반 결제건에 한하며, 쇼핑 외 결제건(상품권, 주차장 등), 임대매장은 제외
할인점은 온라인몰도 포함되며, 기업형 슈퍼마켓(이마트 에브리데이, 롯데슈퍼, 홈플러스 익스프레스 등), 쇼핑 외 결제건(상품권, 주차장 등), 임대매장은 제외
생활잡화는 오프라인 일반 결제건에 한하며, 임대매장은 제외
신선식품 배송은 공식 홈페이지·앱을 통한 결제건에 한함
삼성카드 가맹점 업종 분류 기준에 의한 등록 가맹점에 한함
캐시백 혜택 및 전월 이용금액 산정은 승인 시점 기준으로 적용. 다만, 해외 결제건 및 무승인 결제건(예 : 대중교통, 이동통신 등 자동납부 결제건 등)의 경우 매출전표 접수 시점으로 적용
캐시백금액은 매출전표 접수 다음 달 15일(영업일 기준)에 해당 체크카드 결제계좌로 입금
전월 이용금액이란, 매월 1일부터 말일까지 이용한 일시불 및 할부 이용금액(단기카드대출(현금서비스), 장기카드대출(카드론), 각종 수수료 및 이자(할부수수료, 카드대출 이자 등), 연체료, 연회비 납부건은 일시불 및 할부 이용금액에 해당되지 않음)
전월 이용금액 산정 시, 국가바우처 이용건, 어린이집·유치원 이용금액, 건강보험/국민연금/고용보험/산재보험 및 장애인 고용부담금, 국세/지방세/공과금, 초·중·고등학교 학교납입금, 대학 등록금, 대중교통, 택시, 아파트 관리비, 부동산 임대료, 기프트/선불카드(포인트, 사이버머니 등 전자지급수단 포함) 구매 및 충전, 상품권 구매건은 제외
삼성카드는 아래 항목을 공과금으로 분류함 전기요금, 사회보험료(건강보험/국민연금/고용보험/산재보험), 우편요금, 도시가스요금, 여권 발급비용, 상하수도요금, 과태료, 범칙금, 벌금, 국가·공공기관·공공단체(지방자치단체, 공공조합, 영조물, 공재단)에서 개설한 가맹점 이용금액
전기요금, 사회보험료(건강보험/국민연금/고용보험/산재보험), 우편요금, 도시가스요금, 여권 발급비용, 상하수도요금, 과태료, 범칙금, 벌금, 국가·공공기관·공공단체(지방자치단체, 공공조합, 영조물, 공재단)에서 개설한 가맹점 이용금액
결제 취소건의 경우, 매출취소전표 접수월의 이용금액에서 차감 반영 포인트가 적립된 결제건이 취소될 경우, 해당 포인트는 보유 포인트에서 자동 차감되며, 포인트 부족 시 카드 결제계좌에서 자동 출금
포인트가 적립된 결제건이 취소될 경우, 해당 포인트는 보유 포인트에서 자동 차감되며, 포인트 부족 시 카드 결제계좌에서 자동 출금"
ABP1689_B0013,ABP1689,주요혜택,쇼핑 캐시백,서비스안내,슈퍼마켓/생활잡화,3,Offline,캐시백,2,%,다이소,전월 100만원 이상,1000000,,,,,,,6000,원,2026-06-08 06:02:34,슈퍼마켓/생활잡화 2% 캐시백,"[서비스안내]
백화점·프리미엄 아울렛·할인점·온라인쇼핑몰·생활잡화·신선식품 배송 2% 캐시백

[대상점]
<table class=""benefit-table""><tr><th>업종</th><th>캐시백 대상</th></tr><tr><td>백화점</td><td>신세계/롯데/현대/갤러리아/동아/대구백화점, AK플라자, NC 대전 유성점</td></tr><tr><td>프리미엄 아울렛</td><td>신세계사이먼 프리미엄 아울렛, 현대프리미엄아울렛</td></tr><tr><td>할인점</td><td>이마트, 트레이더스, 롯데마트, 홈플러스</td></tr><tr><td>온라인 쇼핑몰</td><td>삼성카드 쇼핑, G마켓, 옥션, 11번가, 인터파크, 쿠팡, 티몬, 위메프, SSG.COM, 롯데ON</td></tr><tr><td>생활잡화</td><td>다이소</td></tr><tr><td>신선식품 배송</td><td>마켓컬리, 오아시스마켓</td></tr></table>

[캐시백기준]
<table class=""benefit-table""><tr><th colspan=""3"">전월 이용금액대별 통합 월 캐시백한도</th></tr><tr><td>30 만원 이상</td><td>60 만원 이상</td><td>100 만원 이상</td></tr><tr><td>2,000 원</td><td>4,000 원</td><td>6,000 원</td></tr></table>

[이용조건]
전월 이용금액 30 만원 이상 시 제공
발급월 +1 개월까지는 전월 이용금액 30 만원 미만 시에도 30 만원 이상~ 60 만원 미만 실적구간 혜택 제공(전월 이용금액 60 만원 이상 시에는 해당 실적구간 혜택 제공)
탈회 후 카드를 재발급받은 경우 전월 이용실적(일시불 및 할부 합산 30만원 이상) 충족 시 제공

[캐시백 제외 대상]
국가바우처 이용건(보육료·유아학비 본인 부담금은 캐시백 적용), 기프트/선불카드(포인트, 사이버머니 등 전자지급수단 포함) 구매 및 충전, 상품권 구매건

[유의사항]
백화점·프리미엄 아울렛은 오프라인 일반 결제건에 한하며, 쇼핑 외 결제건(상품권, 주차장 등), 임대매장은 제외
할인점은 온라인몰도 포함되며, 기업형 슈퍼마켓(이마트 에브리데이, 롯데슈퍼, 홈플러스 익스프레스 등), 쇼핑 외 결제건(상품권, 주차장 등), 임대매장은 제외
생활잡화는 오프라인 일반 결제건에 한하며, 임대매장은 제외
신선식품 배송은 공식 홈페이지·앱을 통한 결제건에 한함
삼성카드 가맹점 업종 분류 기준에 의한 등록 가맹점에 한함
캐시백 혜택 및 전월 이용금액 산정은 승인 시점 기준으로 적용. 다만, 해외 결제건 및 무승인 결제건(예 : 대중교통, 이동통신 등 자동납부 결제건 등)의 경우 매출전표 접수 시점으로 적용
캐시백금액은 매출전표 접수 다음 달 15일(영업일 기준)에 해당 체크카드 결제계좌로 입금
전월 이용금액이란, 매월 1일부터 말일까지 이용한 일시불 및 할부 이용금액(단기카드대출(현금서비스), 장기카드대출(카드론), 각종 수수료 및 이자(할부수수료, 카드대출 이자 등), 연체료, 연회비 납부건은 일시불 및 할부 이용금액에 해당되지 않음)
전월 이용금액 산정 시, 국가바우처 이용건, 어린이집·유치원 이용금액, 건강보험/국민연금/고용보험/산재보험 및 장애인 고용부담금, 국세/지방세/공과금, 초·중·고등학교 학교납입금, 대학 등록금, 대중교통, 택시, 아파트 관리비, 부동산 임대료, 기프트/선불카드(포인트, 사이버머니 등 전자지급수단 포함) 구매 및 충전, 상품권 구매건은 제외
삼성카드는 아래 항목을 공과금으로 분류함 전기요금, 사회보험료(건강보험/국민연금/고용보험/산재보험), 우편요금, 도시가스요금, 여권 발급비용, 상하수도요금, 과태료, 범칙금, 벌금, 국가·공공기관·공공단체(지방자치단체, 공공조합, 영조물, 공재단)에서 개설한 가맹점 이용금액
전기요금, 사회보험료(건강보험/국민연금/고용보험/산재보험), 우편요금, 도시가스요금, 여권 발급비용, 상하수도요금, 과태료, 범칙금, 벌금, 국가·공공기관·공공단체(지방자치단체, 공공조합, 영조물, 공재단)에서 개설한 가맹점 이용금액
결제 취소건의 경우, 매출취소전표 접수월의 이용금액에서 차감 반영 포인트가 적립된 결제건이 취소될 경우, 해당 포인트는 보유 포인트에서 자동 차감되며, 포인트 부족 시 카드 결제계좌에서 자동 출금
포인트가 적립된 결제건이 취소될 경우, 해당 포인트는 보유 포인트에서 자동 차감되며, 포인트 부족 시 카드 결제계좌에서 자동 출금"
ABP1689_B0014,ABP1689,주요혜택,쇼핑 캐시백,서비스안내,슈퍼마켓/생활잡화,3,Online,캐시백,2,%,"마켓컬리, 오아시스마켓",전월 30만원 이상~60만원 미만,300000,600000,,,,,,2000,원,2026-06-08 06:02:34,슈퍼마켓/생활잡화 2% 캐시백,"[서비스안내]
백화점·프리미엄 아울렛·할인점·온라인쇼핑몰·생활잡화·신선식품 배송 2% 캐시백

[대상점]
<table class=""benefit-table""><tr><th>업종</th><th>캐시백 대상</th></tr><tr><td>백화점</td><td>신세계/롯데/현대/갤러리아/동아/대구백화점, AK플라자, NC 대전 유성점</td></tr><tr><td>프리미엄 아울렛</td><td>신세계사이먼 프리미엄 아울렛, 현대프리미엄아울렛</td></tr><tr><td>할인점</td><td>이마트, 트레이더스, 롯데마트, 홈플러스</td></tr><tr><td>온라인 쇼핑몰</td><td>삼성카드 쇼핑, G마켓, 옥션, 11번가, 인터파크, 쿠팡, 티몬, 위메프, SSG.COM, 롯데ON</td></tr><tr><td>생활잡화</td><td>다이소</td></tr><tr><td>신선식품 배송</td><td>마켓컬리, 오아시스마켓</td></tr></table>

[캐시백기준]
<table class=""benefit-table""><tr><th colspan=""3"">전월 이용금액대별 통합 월 캐시백한도</th></tr><tr><td>30 만원 이상</td><td>60 만원 이상</td><td>100 만원 이상</td></tr><tr><td>2,000 원</td><td>4,000 원</td><td>6,000 원</td></tr></table>

[이용조건]
전월 이용금액 30 만원 이상 시 제공
발급월 +1 개월까지는 전월 이용금액 30 만원 미만 시에도 30 만원 이상~ 60 만원 미만 실적구간 혜택 제공(전월 이용금액 60 만원 이상 시에는 해당 실적구간 혜택 제공)
탈회 후 카드를 재발급받은 경우 전월 이용실적(일시불 및 할부 합산 30만원 이상) 충족 시 제공

[캐시백 제외 대상]
국가바우처 이용건(보육료·유아학비 본인 부담금은 캐시백 적용), 기프트/선불카드(포인트, 사이버머니 등 전자지급수단 포함) 구매 및 충전, 상품권 구매건

[유의사항]
백화점·프리미엄 아울렛은 오프라인 일반 결제건에 한하며, 쇼핑 외 결제건(상품권, 주차장 등), 임대매장은 제외
할인점은 온라인몰도 포함되며, 기업형 슈퍼마켓(이마트 에브리데이, 롯데슈퍼, 홈플러스 익스프레스 등), 쇼핑 외 결제건(상품권, 주차장 등), 임대매장은 제외
생활잡화는 오프라인 일반 결제건에 한하며, 임대매장은 제외
신선식품 배송은 공식 홈페이지·앱을 통한 결제건에 한함
삼성카드 가맹점 업종 분류 기준에 의한 등록 가맹점에 한함
캐시백 혜택 및 전월 이용금액 산정은 승인 시점 기준으로 적용. 다만, 해외 결제건 및 무승인 결제건(예 : 대중교통, 이동통신 등 자동납부 결제건 등)의 경우 매출전표 접수 시점으로 적용
캐시백금액은 매출전표 접수 다음 달 15일(영업일 기준)에 해당 체크카드 결제계좌로 입금
전월 이용금액이란, 매월 1일부터 말일까지 이용한 일시불 및 할부 이용금액(단기카드대출(현금서비스), 장기카드대출(카드론), 각종 수수료 및 이자(할부수수료, 카드대출 이자 등), 연체료, 연회비 납부건은 일시불 및 할부 이용금액에 해당되지 않음)
전월 이용금액 산정 시, 국가바우처 이용건, 어린이집·유치원 이용금액, 건강보험/국민연금/고용보험/산재보험 및 장애인 고용부담금, 국세/지방세/공과금, 초·중·고등학교 학교납입금, 대학 등록금, 대중교통, 택시, 아파트 관리비, 부동산 임대료, 기프트/선불카드(포인트, 사이버머니 등 전자지급수단 포함) 구매 및 충전, 상품권 구매건은 제외
삼성카드는 아래 항목을 공과금으로 분류함 전기요금, 사회보험료(건강보험/국민연금/고용보험/산재보험), 우편요금, 도시가스요금, 여권 발급비용, 상하수도요금, 과태료, 범칙금, 벌금, 국가·공공기관·공공단체(지방자치단체, 공공조합, 영조물, 공재단)에서 개설한 가맹점 이용금액
전기요금, 사회보험료(건강보험/국민연금/고용보험/산재보험), 우편요금, 도시가스요금, 여권 발급비용, 상하수도요금, 과태료, 범칙금, 벌금, 국가·공공기관·공공단체(지방자치단체, 공공조합, 영조물, 공재단)에서 개설한 가맹점 이용금액
결제 취소건의 경우, 매출취소전표 접수월의 이용금액에서 차감 반영 포인트가 적립된 결제건이 취소될 경우, 해당 포인트는 보유 포인트에서 자동 차감되며, 포인트 부족 시 카드 결제계좌에서 자동 출금
포인트가 적립된 결제건이 취소될 경우, 해당 포인트는 보유 포인트에서 자동 차감되며, 포인트 부족 시 카드 결제계좌에서 자동 출금"
ABP1689_B0015,ABP1689,주요혜택,쇼핑 캐시백,서비스안내,슈퍼마켓/생활잡화,3,Online,캐시백,2,%,"마켓컬리, 오아시스마켓",전월 60만원 이상~100만원 미만,600000,1000000,,,,,,4000,원,2026-06-08 06:02:34,슈퍼마켓/생활잡화 2% 캐시백,"[서비스안내]
백화점·프리미엄 아울렛·할인점·온라인쇼핑몰·생활잡화·신선식품 배송 2% 캐시백

[대상점]
<table class=""benefit-table""><tr><th>업종</th><th>캐시백 대상</th></tr><tr><td>백화점</td><td>신세계/롯데/현대/갤러리아/동아/대구백화점, AK플라자, NC 대전 유성점</td></tr><tr><td>프리미엄 아울렛</td><td>신세계사이먼 프리미엄 아울렛, 현대프리미엄아울렛</td></tr><tr><td>할인점</td><td>이마트, 트레이더스, 롯데마트, 홈플러스</td></tr><tr><td>온라인 쇼핑몰</td><td>삼성카드 쇼핑, G마켓, 옥션, 11번가, 인터파크, 쿠팡, 티몬, 위메프, SSG.COM, 롯데ON</td></tr><tr><td>생활잡화</td><td>다이소</td></tr><tr><td>신선식품 배송</td><td>마켓컬리, 오아시스마켓</td></tr></table>

[캐시백기준]
<table class=""benefit-table""><tr><th colspan=""3"">전월 이용금액대별 통합 월 캐시백한도</th></tr><tr><td>30 만원 이상</td><td>60 만원 이상</td><td>100 만원 이상</td></tr><tr><td>2,000 원</td><td>4,000 원</td><td>6,000 원</td></tr></table>

[이용조건]
전월 이용금액 30 만원 이상 시 제공
발급월 +1 개월까지는 전월 이용금액 30 만원 미만 시에도 30 만원 이상~ 60 만원 미만 실적구간 혜택 제공(전월 이용금액 60 만원 이상 시에는 해당 실적구간 혜택 제공)
탈회 후 카드를 재발급받은 경우 전월 이용실적(일시불 및 할부 합산 30만원 이상) 충족 시 제공

[캐시백 제외 대상]
국가바우처 이용건(보육료·유아학비 본인 부담금은 캐시백 적용), 기프트/선불카드(포인트, 사이버머니 등 전자지급수단 포함) 구매 및 충전, 상품권 구매건

[유의사항]
백화점·프리미엄 아울렛은 오프라인 일반 결제건에 한하며, 쇼핑 외 결제건(상품권, 주차장 등), 임대매장은 제외
할인점은 온라인몰도 포함되며, 기업형 슈퍼마켓(이마트 에브리데이, 롯데슈퍼, 홈플러스 익스프레스 등), 쇼핑 외 결제건(상품권, 주차장 등), 임대매장은 제외
생활잡화는 오프라인 일반 결제건에 한하며, 임대매장은 제외
신선식품 배송은 공식 홈페이지·앱을 통한 결제건에 한함
삼성카드 가맹점 업종 분류 기준에 의한 등록 가맹점에 한함
캐시백 혜택 및 전월 이용금액 산정은 승인 시점 기준으로 적용. 다만, 해외 결제건 및 무승인 결제건(예 : 대중교통, 이동통신 등 자동납부 결제건 등)의 경우 매출전표 접수 시점으로 적용
캐시백금액은 매출전표 접수 다음 달 15일(영업일 기준)에 해당 체크카드 결제계좌로 입금
전월 이용금액이란, 매월 1일부터 말일까지 이용한 일시불 및 할부 이용금액(단기카드대출(현금서비스), 장기카드대출(카드론), 각종 수수료 및 이자(할부수수료, 카드대출 이자 등), 연체료, 연회비 납부건은 일시불 및 할부 이용금액에 해당되지 않음)
전월 이용금액 산정 시, 국가바우처 이용건, 어린이집·유치원 이용금액, 건강보험/국민연금/고용보험/산재보험 및 장애인 고용부담금, 국세/지방세/공과금, 초·중·고등학교 학교납입금, 대학 등록금, 대중교통, 택시, 아파트 관리비, 부동산 임대료, 기프트/선불카드(포인트, 사이버머니 등 전자지급수단 포함) 구매 및 충전, 상품권 구매건은 제외
삼성카드는 아래 항목을 공과금으로 분류함 전기요금, 사회보험료(건강보험/국민연금/고용보험/산재보험), 우편요금, 도시가스요금, 여권 발급비용, 상하수도요금, 과태료, 범칙금, 벌금, 국가·공공기관·공공단체(지방자치단체, 공공조합, 영조물, 공재단)에서 개설한 가맹점 이용금액
전기요금, 사회보험료(건강보험/국민연금/고용보험/산재보험), 우편요금, 도시가스요금, 여권 발급비용, 상하수도요금, 과태료, 범칙금, 벌금, 국가·공공기관·공공단체(지방자치단체, 공공조합, 영조물, 공재단)에서 개설한 가맹점 이용금액
결제 취소건의 경우, 매출취소전표 접수월의 이용금액에서 차감 반영 포인트가 적립된 결제건이 취소될 경우, 해당 포인트는 보유 포인트에서 자동 차감되며, 포인트 부족 시 카드 결제계좌에서 자동 출금
포인트가 적립된 결제건이 취소될 경우, 해당 포인트는 보유 포인트에서 자동 차감되며, 포인트 부족 시 카드 결제계좌에서 자동 출금"
ABP1689_B0016,ABP1689,주요혜택,쇼핑 캐시백,서비스안내,슈퍼마켓/생활잡화,3,Online,캐시백,2,%,"마켓컬리, 오아시스마켓",전월 100만원 이상,1000000,,,,,,,6000,원,2026-06-08 06:02:34,슈퍼마켓/생활잡화 2% 캐시백,"[서비스안내]
백화점·프리미엄 아울렛·할인점·온라인쇼핑몰·생활잡화·신선식품 배송 2% 캐시백

[대상점]
<table class=""benefit-table""><tr><th>업종</th><th>캐시백 대상</th></tr><tr><td>백화점</td><td>신세계/롯데/현대/갤러리아/동아/대구백화점, AK플라자, NC 대전 유성점</td></tr><tr><td>프리미엄 아울렛</td><td>신세계사이먼 프리미엄 아울렛, 현대프리미엄아울렛</td></tr><tr><td>할인점</td><td>이마트, 트레이더스, 롯데마트, 홈플러스</td></tr><tr><td>온라인 쇼핑몰</td><td>삼성카드 쇼핑, G마켓, 옥션, 11번가, 인터파크, 쿠팡, 티몬, 위메프, SSG.COM, 롯데ON</td></tr><tr><td>생활잡화</td><td>다이소</td></tr><tr><td>신선식품 배송</td><td>마켓컬리, 오아시스마켓</td></tr></table>

[캐시백기준]
<table class=""benefit-table""><tr><th colspan=""3"">전월 이용금액대별 통합 월 캐시백한도</th></tr><tr><td>30 만원 이상</td><td>60 만원 이상</td><td>100 만원 이상</td></tr><tr><td>2,000 원</td><td>4,000 원</td><td>6,000 원</td></tr></table>

[이용조건]
전월 이용금액 30 만원 이상 시 제공
발급월 +1 개월까지는 전월 이용금액 30 만원 미만 시에도 30 만원 이상~ 60 만원 미만 실적구간 혜택 제공(전월 이용금액 60 만원 이상 시에는 해당 실적구간 혜택 제공)
탈회 후 카드를 재발급받은 경우 전월 이용실적(일시불 및 할부 합산 30만원 이상) 충족 시 제공

[캐시백 제외 대상]
국가바우처 이용건(보육료·유아학비 본인 부담금은 캐시백 적용), 기프트/선불카드(포인트, 사이버머니 등 전자지급수단 포함) 구매 및 충전, 상품권 구매건

[유의사항]
백화점·프리미엄 아울렛은 오프라인 일반 결제건에 한하며, 쇼핑 외 결제건(상품권, 주차장 등), 임대매장은 제외
할인점은 온라인몰도 포함되며, 기업형 슈퍼마켓(이마트 에브리데이, 롯데슈퍼, 홈플러스 익스프레스 등), 쇼핑 외 결제건(상품권, 주차장 등), 임대매장은 제외
생활잡화는 오프라인 일반 결제건에 한하며, 임대매장은 제외
신선식품 배송은 공식 홈페이지·앱을 통한 결제건에 한함
삼성카드 가맹점 업종 분류 기준에 의한 등록 가맹점에 한함
캐시백 혜택 및 전월 이용금액 산정은 승인 시점 기준으로 적용. 다만, 해외 결제건 및 무승인 결제건(예 : 대중교통, 이동통신 등 자동납부 결제건 등)의 경우 매출전표 접수 시점으로 적용
캐시백금액은 매출전표 접수 다음 달 15일(영업일 기준)에 해당 체크카드 결제계좌로 입금
전월 이용금액이란, 매월 1일부터 말일까지 이용한 일시불 및 할부 이용금액(단기카드대출(현금서비스), 장기카드대출(카드론), 각종 수수료 및 이자(할부수수료, 카드대출 이자 등), 연체료, 연회비 납부건은 일시불 및 할부 이용금액에 해당되지 않음)
전월 이용금액 산정 시, 국가바우처 이용건, 어린이집·유치원 이용금액, 건강보험/국민연금/고용보험/산재보험 및 장애인 고용부담금, 국세/지방세/공과금, 초·중·고등학교 학교납입금, 대학 등록금, 대중교통, 택시, 아파트 관리비, 부동산 임대료, 기프트/선불카드(포인트, 사이버머니 등 전자지급수단 포함) 구매 및 충전, 상품권 구매건은 제외
삼성카드는 아래 항목을 공과금으로 분류함 전기요금, 사회보험료(건강보험/국민연금/고용보험/산재보험), 우편요금, 도시가스요금, 여권 발급비용, 상하수도요금, 과태료, 범칙금, 벌금, 국가·공공기관·공공단체(지방자치단체, 공공조합, 영조물, 공재단)에서 개설한 가맹점 이용금액
전기요금, 사회보험료(건강보험/국민연금/고용보험/산재보험), 우편요금, 도시가스요금, 여권 발급비용, 상하수도요금, 과태료, 범칙금, 벌금, 국가·공공기관·공공단체(지방자치단체, 공공조합, 영조물, 공재단)에서 개설한 가맹점 이용금액
결제 취소건의 경우, 매출취소전표 접수월의 이용금액에서 차감 반영 포인트가 적립된 결제건이 취소될 경우, 해당 포인트는 보유 포인트에서 자동 차감되며, 포인트 부족 시 카드 결제계좌에서 자동 출금
포인트가 적립된 결제건이 취소될 경우, 해당 포인트는 보유 포인트에서 자동 차감되며, 포인트 부족 시 카드 결제계좌에서 자동 출금"
ABP1689_B0017,ABP1689,주요혜택,의료·교육 캐시백,서비스안내,의료,21,Offline,캐시백,2,%,"병·의원, 약국, 산후조리원",전월 30만원 이상 ~ 60만원 미만,300000,600000,,,,,,2000,원,2026-06-08 06:02:34,의료 2% 캐시백,"[서비스안내]
의료·산후조리원·학원·학습지·온라인서점·어린이집·유치원 2% 캐시백

[대상점]
<table class=""benefit-table""><tr><th>업종</th><th>캐시백 대상</th></tr><tr><td>의료</td><td>병·의원, 약국</td></tr><tr><td>산후조리원</td><td>산후조리원</td></tr><tr><td>학원</td><td>입시/보습·외국어·예체능계 학원</td></tr><tr><td>학습지</td><td>씽크빅, 교원, 대교, 한솔교육</td></tr><tr><td>온라인서점</td><td>YES24, 인터파크 도서, 알라딘, 교보문고</td></tr><tr><td>어린이집</td><td>국공립·사립 어린이집</td></tr><tr><td>유치원</td><td>국공립·사립 유치원</td></tr></table>

[캐시백기준]
<table class=""benefit-table""><tr><th colspan=""3"">전월 이용금액대별 통합 월 캐시백한도</th></tr><tr><td>30 만원 이상</td><td>60 만원 이상</td><td>100 만원 이상</td></tr><tr><td>2,000 원</td><td>4,000 원</td><td>6,000 원</td></tr></table>

[이용조건]
전월 이용금액 30 만원 이상 시 제공
발급월 +1 개월까지는 전월 이용금액 30 만원 미만 시에도 30 만원 이상~ 60 만원 미만 실적구간 혜택 제공(전월 이용금액 60 만원 이상 시에는 해당 실적구간 혜택 제공)
탈회 후 카드를 재발급받은 경우 전월 이용실적(일시불 및 할부 합산 30만원 이상) 충족 시 제공

[캐시백 제외 대상]
국가바우처 이용건(보육료·유아학비 본인 부담금은 캐시백 적용), 기프트/선불카드(포인트, 사이버머니 등 전자지급수단 포함) 구매 및 충전, 상품권 구매건

[유의사항]
의료·산후조리원은 오프라인 일반 결제건에 한하며, 요양병원, 보건소, 동물병원은 제외
학원은 오프라인 일반 결제건에 한함
온라인서점은 공식 홈페이지·앱을 통한 결제건에 한함
어린이집·유치원은 정부 지원금을 제외한 금액에 한함
삼성카드 가맹점 업종 분류 기준에 의한 등록 가맹점에 한함
캐시백 혜택 및 전월 이용금액 산정은 승인 시점 기준으로 적용. 다만, 해외 결제건 및 무승인 결제건(예 : 대중교통, 이동통신 등 자동납부 결제건 등)의 경우 매출전표 접수 시점으로 적용
캐시백금액은 매출전표 접수 다음 달 15일(영업일 기준)에 해당 체크카드 결제계좌로 입금
전월 이용금액이란, 매월 1일부터 말일까지 이용한 일시불 및 할부 이용금액(단기카드대출(현금서비스), 장기카드대출(카드론), 각종 수수료 및 이자(할부수수료, 카드대출 이자 등), 연체료, 연회비 납부건은 일시불 및 할부 이용금액에 해당되지 않음)
전월 이용금액 산정 시, 국가바우처 이용건, 어린이집·유치원 이용금액, 건강보험/국민연금/고용보험/산재보험 및 장애인 고용부담금, 국세/지방세/공과금, 초·중·고등학교 학교납입금, 대학 등록금, 대중교통, 택시, 아파트 관리비, 부동산 임대료, 기프트/선불카드(포인트, 사이버머니 등 전자지급수단 포함) 구매 및 충전, 상품권 구매건은 제외
삼성카드는 아래 항목을 공과금으로 분류함 전기요금, 사회보험료(건강보험/국민연금/고용보험/산재보험), 우편요금, 도시가스요금, 여권 발급비용, 상하수도요금, 과태료, 범칙금, 벌금, 국가·공공기관·공공단체(지방자치단체, 공공조합, 영조물, 공재단)에서 개설한 가맹점 이용금액
전기요금, 사회보험료(건강보험/국민연금/고용보험/산재보험), 우편요금, 도시가스요금, 여권 발급비용, 상하수도요금, 과태료, 범칙금, 벌금, 국가·공공기관·공공단체(지방자치단체, 공공조합, 영조물, 공재단)에서 개설한 가맹점 이용금액
결제 취소건의 경우, 매출취소전표 접수월의 이용금액에서 차감 반영 포인트가 적립된 결제건이 취소될 경우, 해당 포인트는 보유 포인트에서 자동 차감되며, 포인트 부족 시 카드 결제계좌에서 자동 출금
포인트가 적립된 결제건이 취소될 경우, 해당 포인트는 보유 포인트에서 자동 차감되며, 포인트 부족 시 카드 결제계좌에서 자동 출금"
ABP1689_B0018,ABP1689,주요혜택,의료·교육 캐시백,서비스안내,의료,21,Offline,캐시백,2,%,"병·의원, 약국, 산후조리원",전월 60만원 이상 ~ 100만원 미만,600000,1000000,,,,,,4000,원,2026-06-08 06:02:34,의료 2% 캐시백,"[서비스안내]
의료·산후조리원·학원·학습지·온라인서점·어린이집·유치원 2% 캐시백

[대상점]
<table class=""benefit-table""><tr><th>업종</th><th>캐시백 대상</th></tr><tr><td>의료</td><td>병·의원, 약국</td></tr><tr><td>산후조리원</td><td>산후조리원</td></tr><tr><td>학원</td><td>입시/보습·외국어·예체능계 학원</td></tr><tr><td>학습지</td><td>씽크빅, 교원, 대교, 한솔교육</td></tr><tr><td>온라인서점</td><td>YES24, 인터파크 도서, 알라딘, 교보문고</td></tr><tr><td>어린이집</td><td>국공립·사립 어린이집</td></tr><tr><td>유치원</td><td>국공립·사립 유치원</td></tr></table>

[캐시백기준]
<table class=""benefit-table""><tr><th colspan=""3"">전월 이용금액대별 통합 월 캐시백한도</th></tr><tr><td>30 만원 이상</td><td>60 만원 이상</td><td>100 만원 이상</td></tr><tr><td>2,000 원</td><td>4,000 원</td><td>6,000 원</td></tr></table>

[이용조건]
전월 이용금액 30 만원 이상 시 제공
발급월 +1 개월까지는 전월 이용금액 30 만원 미만 시에도 30 만원 이상~ 60 만원 미만 실적구간 혜택 제공(전월 이용금액 60 만원 이상 시에는 해당 실적구간 혜택 제공)
탈회 후 카드를 재발급받은 경우 전월 이용실적(일시불 및 할부 합산 30만원 이상) 충족 시 제공

[캐시백 제외 대상]
국가바우처 이용건(보육료·유아학비 본인 부담금은 캐시백 적용), 기프트/선불카드(포인트, 사이버머니 등 전자지급수단 포함) 구매 및 충전, 상품권 구매건

[유의사항]
의료·산후조리원은 오프라인 일반 결제건에 한하며, 요양병원, 보건소, 동물병원은 제외
학원은 오프라인 일반 결제건에 한함
온라인서점은 공식 홈페이지·앱을 통한 결제건에 한함
어린이집·유치원은 정부 지원금을 제외한 금액에 한함
삼성카드 가맹점 업종 분류 기준에 의한 등록 가맹점에 한함
캐시백 혜택 및 전월 이용금액 산정은 승인 시점 기준으로 적용. 다만, 해외 결제건 및 무승인 결제건(예 : 대중교통, 이동통신 등 자동납부 결제건 등)의 경우 매출전표 접수 시점으로 적용
캐시백금액은 매출전표 접수 다음 달 15일(영업일 기준)에 해당 체크카드 결제계좌로 입금
전월 이용금액이란, 매월 1일부터 말일까지 이용한 일시불 및 할부 이용금액(단기카드대출(현금서비스), 장기카드대출(카드론), 각종 수수료 및 이자(할부수수료, 카드대출 이자 등), 연체료, 연회비 납부건은 일시불 및 할부 이용금액에 해당되지 않음)
전월 이용금액 산정 시, 국가바우처 이용건, 어린이집·유치원 이용금액, 건강보험/국민연금/고용보험/산재보험 및 장애인 고용부담금, 국세/지방세/공과금, 초·중·고등학교 학교납입금, 대학 등록금, 대중교통, 택시, 아파트 관리비, 부동산 임대료, 기프트/선불카드(포인트, 사이버머니 등 전자지급수단 포함) 구매 및 충전, 상품권 구매건은 제외
삼성카드는 아래 항목을 공과금으로 분류함 전기요금, 사회보험료(건강보험/국민연금/고용보험/산재보험), 우편요금, 도시가스요금, 여권 발급비용, 상하수도요금, 과태료, 범칙금, 벌금, 국가·공공기관·공공단체(지방자치단체, 공공조합, 영조물, 공재단)에서 개설한 가맹점 이용금액
전기요금, 사회보험료(건강보험/국민연금/고용보험/산재보험), 우편요금, 도시가스요금, 여권 발급비용, 상하수도요금, 과태료, 범칙금, 벌금, 국가·공공기관·공공단체(지방자치단체, 공공조합, 영조물, 공재단)에서 개설한 가맹점 이용금액
결제 취소건의 경우, 매출취소전표 접수월의 이용금액에서 차감 반영 포인트가 적립된 결제건이 취소될 경우, 해당 포인트는 보유 포인트에서 자동 차감되며, 포인트 부족 시 카드 결제계좌에서 자동 출금
포인트가 적립된 결제건이 취소될 경우, 해당 포인트는 보유 포인트에서 자동 차감되며, 포인트 부족 시 카드 결제계좌에서 자동 출금"
ABP1689_B0019,ABP1689,주요혜택,의료·교육 캐시백,서비스안내,의료,21,Offline,캐시백,2,%,"병·의원, 약국, 산후조리원",전월 100만원 이상,1000000,,,,,,,6000,원,2026-06-08 06:02:34,의료 2% 캐시백,"[서비스안내]
의료·산후조리원·학원·학습지·온라인서점·어린이집·유치원 2% 캐시백

[대상점]
<table class=""benefit-table""><tr><th>업종</th><th>캐시백 대상</th></tr><tr><td>의료</td><td>병·의원, 약국</td></tr><tr><td>산후조리원</td><td>산후조리원</td></tr><tr><td>학원</td><td>입시/보습·외국어·예체능계 학원</td></tr><tr><td>학습지</td><td>씽크빅, 교원, 대교, 한솔교육</td></tr><tr><td>온라인서점</td><td>YES24, 인터파크 도서, 알라딘, 교보문고</td></tr><tr><td>어린이집</td><td>국공립·사립 어린이집</td></tr><tr><td>유치원</td><td>국공립·사립 유치원</td></tr></table>

[캐시백기준]
<table class=""benefit-table""><tr><th colspan=""3"">전월 이용금액대별 통합 월 캐시백한도</th></tr><tr><td>30 만원 이상</td><td>60 만원 이상</td><td>100 만원 이상</td></tr><tr><td>2,000 원</td><td>4,000 원</td><td>6,000 원</td></tr></table>

[이용조건]
전월 이용금액 30 만원 이상 시 제공
발급월 +1 개월까지는 전월 이용금액 30 만원 미만 시에도 30 만원 이상~ 60 만원 미만 실적구간 혜택 제공(전월 이용금액 60 만원 이상 시에는 해당 실적구간 혜택 제공)
탈회 후 카드를 재발급받은 경우 전월 이용실적(일시불 및 할부 합산 30만원 이상) 충족 시 제공

[캐시백 제외 대상]
국가바우처 이용건(보육료·유아학비 본인 부담금은 캐시백 적용), 기프트/선불카드(포인트, 사이버머니 등 전자지급수단 포함) 구매 및 충전, 상품권 구매건

[유의사항]
의료·산후조리원은 오프라인 일반 결제건에 한하며, 요양병원, 보건소, 동물병원은 제외
학원은 오프라인 일반 결제건에 한함
온라인서점은 공식 홈페이지·앱을 통한 결제건에 한함
어린이집·유치원은 정부 지원금을 제외한 금액에 한함
삼성카드 가맹점 업종 분류 기준에 의한 등록 가맹점에 한함
캐시백 혜택 및 전월 이용금액 산정은 승인 시점 기준으로 적용. 다만, 해외 결제건 및 무승인 결제건(예 : 대중교통, 이동통신 등 자동납부 결제건 등)의 경우 매출전표 접수 시점으로 적용
캐시백금액은 매출전표 접수 다음 달 15일(영업일 기준)에 해당 체크카드 결제계좌로 입금
전월 이용금액이란, 매월 1일부터 말일까지 이용한 일시불 및 할부 이용금액(단기카드대출(현금서비스), 장기카드대출(카드론), 각종 수수료 및 이자(할부수수료, 카드대출 이자 등), 연체료, 연회비 납부건은 일시불 및 할부 이용금액에 해당되지 않음)
전월 이용금액 산정 시, 국가바우처 이용건, 어린이집·유치원 이용금액, 건강보험/국민연금/고용보험/산재보험 및 장애인 고용부담금, 국세/지방세/공과금, 초·중·고등학교 학교납입금, 대학 등록금, 대중교통, 택시, 아파트 관리비, 부동산 임대료, 기프트/선불카드(포인트, 사이버머니 등 전자지급수단 포함) 구매 및 충전, 상품권 구매건은 제외
삼성카드는 아래 항목을 공과금으로 분류함 전기요금, 사회보험료(건강보험/국민연금/고용보험/산재보험), 우편요금, 도시가스요금, 여권 발급비용, 상하수도요금, 과태료, 범칙금, 벌금, 국가·공공기관·공공단체(지방자치단체, 공공조합, 영조물, 공재단)에서 개설한 가맹점 이용금액
전기요금, 사회보험료(건강보험/국민연금/고용보험/산재보험), 우편요금, 도시가스요금, 여권 발급비용, 상하수도요금, 과태료, 범칙금, 벌금, 국가·공공기관·공공단체(지방자치단체, 공공조합, 영조물, 공재단)에서 개설한 가맹점 이용금액
결제 취소건의 경우, 매출취소전표 접수월의 이용금액에서 차감 반영 포인트가 적립된 결제건이 취소될 경우, 해당 포인트는 보유 포인트에서 자동 차감되며, 포인트 부족 시 카드 결제계좌에서 자동 출금
포인트가 적립된 결제건이 취소될 경우, 해당 포인트는 보유 포인트에서 자동 차감되며, 포인트 부족 시 카드 결제계좌에서 자동 출금"
ABP1689_B0020,ABP1689,주요혜택,의료·교육 캐시백,서비스안내,교육/육아,20,Offline,캐시백,2,%,"입시, 보습, 외국어, 예체능계 학원, 국공립·사립 어린이집, 국공립·사립 유치원",전월 30만원 이상 ~ 60만원 미만,300000,600000,,,,,,2000,원,2026-06-08 06:02:34,교육/육아 2% 캐시백,"[서비스안내]
의료·산후조리원·학원·학습지·온라인서점·어린이집·유치원 2% 캐시백

[대상점]
<table class=""benefit-table""><tr><th>업종</th><th>캐시백 대상</th></tr><tr><td>의료</td><td>병·의원, 약국</td></tr><tr><td>산후조리원</td><td>산후조리원</td></tr><tr><td>학원</td><td>입시/보습·외국어·예체능계 학원</td></tr><tr><td>학습지</td><td>씽크빅, 교원, 대교, 한솔교육</td></tr><tr><td>온라인서점</td><td>YES24, 인터파크 도서, 알라딘, 교보문고</td></tr><tr><td>어린이집</td><td>국공립·사립 어린이집</td></tr><tr><td>유치원</td><td>국공립·사립 유치원</td></tr></table>

[캐시백기준]
<table class=""benefit-table""><tr><th colspan=""3"">전월 이용금액대별 통합 월 캐시백한도</th></tr><tr><td>30 만원 이상</td><td>60 만원 이상</td><td>100 만원 이상</td></tr><tr><td>2,000 원</td><td>4,000 원</td><td>6,000 원</td></tr></table>

[이용조건]
전월 이용금액 30 만원 이상 시 제공
발급월 +1 개월까지는 전월 이용금액 30 만원 미만 시에도 30 만원 이상~ 60 만원 미만 실적구간 혜택 제공(전월 이용금액 60 만원 이상 시에는 해당 실적구간 혜택 제공)
탈회 후 카드를 재발급받은 경우 전월 이용실적(일시불 및 할부 합산 30만원 이상) 충족 시 제공

[캐시백 제외 대상]
국가바우처 이용건(보육료·유아학비 본인 부담금은 캐시백 적용), 기프트/선불카드(포인트, 사이버머니 등 전자지급수단 포함) 구매 및 충전, 상품권 구매건

[유의사항]
의료·산후조리원은 오프라인 일반 결제건에 한하며, 요양병원, 보건소, 동물병원은 제외
학원은 오프라인 일반 결제건에 한함
온라인서점은 공식 홈페이지·앱을 통한 결제건에 한함
어린이집·유치원은 정부 지원금을 제외한 금액에 한함
삼성카드 가맹점 업종 분류 기준에 의한 등록 가맹점에 한함
캐시백 혜택 및 전월 이용금액 산정은 승인 시점 기준으로 적용. 다만, 해외 결제건 및 무승인 결제건(예 : 대중교통, 이동통신 등 자동납부 결제건 등)의 경우 매출전표 접수 시점으로 적용
캐시백금액은 매출전표 접수 다음 달 15일(영업일 기준)에 해당 체크카드 결제계좌로 입금
전월 이용금액이란, 매월 1일부터 말일까지 이용한 일시불 및 할부 이용금액(단기카드대출(현금서비스), 장기카드대출(카드론), 각종 수수료 및 이자(할부수수료, 카드대출 이자 등), 연체료, 연회비 납부건은 일시불 및 할부 이용금액에 해당되지 않음)
전월 이용금액 산정 시, 국가바우처 이용건, 어린이집·유치원 이용금액, 건강보험/국민연금/고용보험/산재보험 및 장애인 고용부담금, 국세/지방세/공과금, 초·중·고등학교 학교납입금, 대학 등록금, 대중교통, 택시, 아파트 관리비, 부동산 임대료, 기프트/선불카드(포인트, 사이버머니 등 전자지급수단 포함) 구매 및 충전, 상품권 구매건은 제외
삼성카드는 아래 항목을 공과금으로 분류함 전기요금, 사회보험료(건강보험/국민연금/고용보험/산재보험), 우편요금, 도시가스요금, 여권 발급비용, 상하수도요금, 과태료, 범칙금, 벌금, 국가·공공기관·공공단체(지방자치단체, 공공조합, 영조물, 공재단)에서 개설한 가맹점 이용금액
전기요금, 사회보험료(건강보험/국민연금/고용보험/산재보험), 우편요금, 도시가스요금, 여권 발급비용, 상하수도요금, 과태료, 범칙금, 벌금, 국가·공공기관·공공단체(지방자치단체, 공공조합, 영조물, 공재단)에서 개설한 가맹점 이용금액
결제 취소건의 경우, 매출취소전표 접수월의 이용금액에서 차감 반영 포인트가 적립된 결제건이 취소될 경우, 해당 포인트는 보유 포인트에서 자동 차감되며, 포인트 부족 시 카드 결제계좌에서 자동 출금
포인트가 적립된 결제건이 취소될 경우, 해당 포인트는 보유 포인트에서 자동 차감되며, 포인트 부족 시 카드 결제계좌에서 자동 출금"
ABP1689_B0021,ABP1689,주요혜택,의료·교육 캐시백,서비스안내,교육/육아,20,Offline,캐시백,2,%,"입시, 보습, 외국어, 예체능계 학원, 국공립·사립 어린이집, 국공립·사립 유치원",전월 60만원 이상 ~ 100만원 미만,600000,1000000,,,,,,4000,원,2026-06-08 06:02:34,교육/육아 2% 캐시백,"[서비스안내]
의료·산후조리원·학원·학습지·온라인서점·어린이집·유치원 2% 캐시백

[대상점]
<table class=""benefit-table""><tr><th>업종</th><th>캐시백 대상</th></tr><tr><td>의료</td><td>병·의원, 약국</td></tr><tr><td>산후조리원</td><td>산후조리원</td></tr><tr><td>학원</td><td>입시/보습·외국어·예체능계 학원</td></tr><tr><td>학습지</td><td>씽크빅, 교원, 대교, 한솔교육</td></tr><tr><td>온라인서점</td><td>YES24, 인터파크 도서, 알라딘, 교보문고</td></tr><tr><td>어린이집</td><td>국공립·사립 어린이집</td></tr><tr><td>유치원</td><td>국공립·사립 유치원</td></tr></table>

[캐시백기준]
<table class=""benefit-table""><tr><th colspan=""3"">전월 이용금액대별 통합 월 캐시백한도</th></tr><tr><td>30 만원 이상</td><td>60 만원 이상</td><td>100 만원 이상</td></tr><tr><td>2,000 원</td><td>4,000 원</td><td>6,000 원</td></tr></table>

[이용조건]
전월 이용금액 30 만원 이상 시 제공
발급월 +1 개월까지는 전월 이용금액 30 만원 미만 시에도 30 만원 이상~ 60 만원 미만 실적구간 혜택 제공(전월 이용금액 60 만원 이상 시에는 해당 실적구간 혜택 제공)
탈회 후 카드를 재발급받은 경우 전월 이용실적(일시불 및 할부 합산 30만원 이상) 충족 시 제공

[캐시백 제외 대상]
국가바우처 이용건(보육료·유아학비 본인 부담금은 캐시백 적용), 기프트/선불카드(포인트, 사이버머니 등 전자지급수단 포함) 구매 및 충전, 상품권 구매건

[유의사항]
의료·산후조리원은 오프라인 일반 결제건에 한하며, 요양병원, 보건소, 동물병원은 제외
학원은 오프라인 일반 결제건에 한함
온라인서점은 공식 홈페이지·앱을 통한 결제건에 한함
어린이집·유치원은 정부 지원금을 제외한 금액에 한함
삼성카드 가맹점 업종 분류 기준에 의한 등록 가맹점에 한함
캐시백 혜택 및 전월 이용금액 산정은 승인 시점 기준으로 적용. 다만, 해외 결제건 및 무승인 결제건(예 : 대중교통, 이동통신 등 자동납부 결제건 등)의 경우 매출전표 접수 시점으로 적용
캐시백금액은 매출전표 접수 다음 달 15일(영업일 기준)에 해당 체크카드 결제계좌로 입금
전월 이용금액이란, 매월 1일부터 말일까지 이용한 일시불 및 할부 이용금액(단기카드대출(현금서비스), 장기카드대출(카드론), 각종 수수료 및 이자(할부수수료, 카드대출 이자 등), 연체료, 연회비 납부건은 일시불 및 할부 이용금액에 해당되지 않음)
전월 이용금액 산정 시, 국가바우처 이용건, 어린이집·유치원 이용금액, 건강보험/국민연금/고용보험/산재보험 및 장애인 고용부담금, 국세/지방세/공과금, 초·중·고등학교 학교납입금, 대학 등록금, 대중교통, 택시, 아파트 관리비, 부동산 임대료, 기프트/선불카드(포인트, 사이버머니 등 전자지급수단 포함) 구매 및 충전, 상품권 구매건은 제외
삼성카드는 아래 항목을 공과금으로 분류함 전기요금, 사회보험료(건강보험/국민연금/고용보험/산재보험), 우편요금, 도시가스요금, 여권 발급비용, 상하수도요금, 과태료, 범칙금, 벌금, 국가·공공기관·공공단체(지방자치단체, 공공조합, 영조물, 공재단)에서 개설한 가맹점 이용금액
전기요금, 사회보험료(건강보험/국민연금/고용보험/산재보험), 우편요금, 도시가스요금, 여권 발급비용, 상하수도요금, 과태료, 범칙금, 벌금, 국가·공공기관·공공단체(지방자치단체, 공공조합, 영조물, 공재단)에서 개설한 가맹점 이용금액
결제 취소건의 경우, 매출취소전표 접수월의 이용금액에서 차감 반영 포인트가 적립된 결제건이 취소될 경우, 해당 포인트는 보유 포인트에서 자동 차감되며, 포인트 부족 시 카드 결제계좌에서 자동 출금
포인트가 적립된 결제건이 취소될 경우, 해당 포인트는 보유 포인트에서 자동 차감되며, 포인트 부족 시 카드 결제계좌에서 자동 출금"
ABP1689_B0022,ABP1689,주요혜택,의료·교육 캐시백,서비스안내,교육/육아,20,Offline,캐시백,2,%,"입시, 보습, 외국어, 예체능계 학원, 국공립·사립 어린이집, 국공립·사립 유치원",전월 100만원 이상,1000000,,,,,,,6000,원,2026-06-08 06:02:34,교육/육아 2% 캐시백,"[서비스안내]
의료·산후조리원·학원·학습지·온라인서점·어린이집·유치원 2% 캐시백

[대상점]
<table class=""benefit-table""><tr><th>업종</th><th>캐시백 대상</th></tr><tr><td>의료</td><td>병·의원, 약국</td></tr><tr><td>산후조리원</td><td>산후조리원</td></tr><tr><td>학원</td><td>입시/보습·외국어·예체능계 학원</td></tr><tr><td>학습지</td><td>씽크빅, 교원, 대교, 한솔교육</td></tr><tr><td>온라인서점</td><td>YES24, 인터파크 도서, 알라딘, 교보문고</td></tr><tr><td>어린이집</td><td>국공립·사립 어린이집</td></tr><tr><td>유치원</td><td>국공립·사립 유치원</td></tr></table>

[캐시백기준]
<table class=""benefit-table""><tr><th colspan=""3"">전월 이용금액대별 통합 월 캐시백한도</th></tr><tr><td>30 만원 이상</td><td>60 만원 이상</td><td>100 만원 이상</td></tr><tr><td>2,000 원</td><td>4,000 원</td><td>6,000 원</td></tr></table>

[이용조건]
전월 이용금액 30 만원 이상 시 제공
발급월 +1 개월까지는 전월 이용금액 30 만원 미만 시에도 30 만원 이상~ 60 만원 미만 실적구간 혜택 제공(전월 이용금액 60 만원 이상 시에는 해당 실적구간 혜택 제공)
탈회 후 카드를 재발급받은 경우 전월 이용실적(일시불 및 할부 합산 30만원 이상) 충족 시 제공

[캐시백 제외 대상]
국가바우처 이용건(보육료·유아학비 본인 부담금은 캐시백 적용), 기프트/선불카드(포인트, 사이버머니 등 전자지급수단 포함) 구매 및 충전, 상품권 구매건

[유의사항]
의료·산후조리원은 오프라인 일반 결제건에 한하며, 요양병원, 보건소, 동물병원은 제외
학원은 오프라인 일반 결제건에 한함
온라인서점은 공식 홈페이지·앱을 통한 결제건에 한함
어린이집·유치원은 정부 지원금을 제외한 금액에 한함
삼성카드 가맹점 업종 분류 기준에 의한 등록 가맹점에 한함
캐시백 혜택 및 전월 이용금액 산정은 승인 시점 기준으로 적용. 다만, 해외 결제건 및 무승인 결제건(예 : 대중교통, 이동통신 등 자동납부 결제건 등)의 경우 매출전표 접수 시점으로 적용
캐시백금액은 매출전표 접수 다음 달 15일(영업일 기준)에 해당 체크카드 결제계좌로 입금
전월 이용금액이란, 매월 1일부터 말일까지 이용한 일시불 및 할부 이용금액(단기카드대출(현금서비스), 장기카드대출(카드론), 각종 수수료 및 이자(할부수수료, 카드대출 이자 등), 연체료, 연회비 납부건은 일시불 및 할부 이용금액에 해당되지 않음)
전월 이용금액 산정 시, 국가바우처 이용건, 어린이집·유치원 이용금액, 건강보험/국민연금/고용보험/산재보험 및 장애인 고용부담금, 국세/지방세/공과금, 초·중·고등학교 학교납입금, 대학 등록금, 대중교통, 택시, 아파트 관리비, 부동산 임대료, 기프트/선불카드(포인트, 사이버머니 등 전자지급수단 포함) 구매 및 충전, 상품권 구매건은 제외
삼성카드는 아래 항목을 공과금으로 분류함 전기요금, 사회보험료(건강보험/국민연금/고용보험/산재보험), 우편요금, 도시가스요금, 여권 발급비용, 상하수도요금, 과태료, 범칙금, 벌금, 국가·공공기관·공공단체(지방자치단체, 공공조합, 영조물, 공재단)에서 개설한 가맹점 이용금액
전기요금, 사회보험료(건강보험/국민연금/고용보험/산재보험), 우편요금, 도시가스요금, 여권 발급비용, 상하수도요금, 과태료, 범칙금, 벌금, 국가·공공기관·공공단체(지방자치단체, 공공조합, 영조물, 공재단)에서 개설한 가맹점 이용금액
결제 취소건의 경우, 매출취소전표 접수월의 이용금액에서 차감 반영 포인트가 적립된 결제건이 취소될 경우, 해당 포인트는 보유 포인트에서 자동 차감되며, 포인트 부족 시 카드 결제계좌에서 자동 출금
포인트가 적립된 결제건이 취소될 경우, 해당 포인트는 보유 포인트에서 자동 차감되며, 포인트 부족 시 카드 결제계좌에서 자동 출금"
ABP1689_B0023,ABP1689,주요혜택,의료·교육 캐시백,서비스안내,교육/육아,20,Both,캐시백,2,%,"씽크빅, 교원, 대교, 한솔교육",전월 30만원 이상 ~ 60만원 미만,300000,600000,,,,,,2000,원,2026-06-08 06:02:34,교육/육아 2% 캐시백,"[서비스안내]
의료·산후조리원·학원·학습지·온라인서점·어린이집·유치원 2% 캐시백

[대상점]
<table class=""benefit-table""><tr><th>업종</th><th>캐시백 대상</th></tr><tr><td>의료</td><td>병·의원, 약국</td></tr><tr><td>산후조리원</td><td>산후조리원</td></tr><tr><td>학원</td><td>입시/보습·외국어·예체능계 학원</td></tr><tr><td>학습지</td><td>씽크빅, 교원, 대교, 한솔교육</td></tr><tr><td>온라인서점</td><td>YES24, 인터파크 도서, 알라딘, 교보문고</td></tr><tr><td>어린이집</td><td>국공립·사립 어린이집</td></tr><tr><td>유치원</td><td>국공립·사립 유치원</td></tr></table>

[캐시백기준]
<table class=""benefit-table""><tr><th colspan=""3"">전월 이용금액대별 통합 월 캐시백한도</th></tr><tr><td>30 만원 이상</td><td>60 만원 이상</td><td>100 만원 이상</td></tr><tr><td>2,000 원</td><td>4,000 원</td><td>6,000 원</td></tr></table>

[이용조건]
전월 이용금액 30 만원 이상 시 제공
발급월 +1 개월까지는 전월 이용금액 30 만원 미만 시에도 30 만원 이상~ 60 만원 미만 실적구간 혜택 제공(전월 이용금액 60 만원 이상 시에는 해당 실적구간 혜택 제공)
탈회 후 카드를 재발급받은 경우 전월 이용실적(일시불 및 할부 합산 30만원 이상) 충족 시 제공

[캐시백 제외 대상]
국가바우처 이용건(보육료·유아학비 본인 부담금은 캐시백 적용), 기프트/선불카드(포인트, 사이버머니 등 전자지급수단 포함) 구매 및 충전, 상품권 구매건

[유의사항]
의료·산후조리원은 오프라인 일반 결제건에 한하며, 요양병원, 보건소, 동물병원은 제외
학원은 오프라인 일반 결제건에 한함
온라인서점은 공식 홈페이지·앱을 통한 결제건에 한함
어린이집·유치원은 정부 지원금을 제외한 금액에 한함
삼성카드 가맹점 업종 분류 기준에 의한 등록 가맹점에 한함
캐시백 혜택 및 전월 이용금액 산정은 승인 시점 기준으로 적용. 다만, 해외 결제건 및 무승인 결제건(예 : 대중교통, 이동통신 등 자동납부 결제건 등)의 경우 매출전표 접수 시점으로 적용
캐시백금액은 매출전표 접수 다음 달 15일(영업일 기준)에 해당 체크카드 결제계좌로 입금
전월 이용금액이란, 매월 1일부터 말일까지 이용한 일시불 및 할부 이용금액(단기카드대출(현금서비스), 장기카드대출(카드론), 각종 수수료 및 이자(할부수수료, 카드대출 이자 등), 연체료, 연회비 납부건은 일시불 및 할부 이용금액에 해당되지 않음)
전월 이용금액 산정 시, 국가바우처 이용건, 어린이집·유치원 이용금액, 건강보험/국민연금/고용보험/산재보험 및 장애인 고용부담금, 국세/지방세/공과금, 초·중·고등학교 학교납입금, 대학 등록금, 대중교통, 택시, 아파트 관리비, 부동산 임대료, 기프트/선불카드(포인트, 사이버머니 등 전자지급수단 포함) 구매 및 충전, 상품권 구매건은 제외
삼성카드는 아래 항목을 공과금으로 분류함 전기요금, 사회보험료(건강보험/국민연금/고용보험/산재보험), 우편요금, 도시가스요금, 여권 발급비용, 상하수도요금, 과태료, 범칙금, 벌금, 국가·공공기관·공공단체(지방자치단체, 공공조합, 영조물, 공재단)에서 개설한 가맹점 이용금액
전기요금, 사회보험료(건강보험/국민연금/고용보험/산재보험), 우편요금, 도시가스요금, 여권 발급비용, 상하수도요금, 과태료, 범칙금, 벌금, 국가·공공기관·공공단체(지방자치단체, 공공조합, 영조물, 공재단)에서 개설한 가맹점 이용금액
결제 취소건의 경우, 매출취소전표 접수월의 이용금액에서 차감 반영 포인트가 적립된 결제건이 취소될 경우, 해당 포인트는 보유 포인트에서 자동 차감되며, 포인트 부족 시 카드 결제계좌에서 자동 출금
포인트가 적립된 결제건이 취소될 경우, 해당 포인트는 보유 포인트에서 자동 차감되며, 포인트 부족 시 카드 결제계좌에서 자동 출금"
ABP1689_B0024,ABP1689,주요혜택,의료·교육 캐시백,서비스안내,교육/육아,20,Both,캐시백,2,%,"씽크빅, 교원, 대교, 한솔교육",전월 60만원 이상 ~ 100만원 미만,600000,1000000,,,,,,4000,원,2026-06-08 06:02:34,교육/육아 2% 캐시백,"[서비스안내]
의료·산후조리원·학원·학습지·온라인서점·어린이집·유치원 2% 캐시백

[대상점]
<table class=""benefit-table""><tr><th>업종</th><th>캐시백 대상</th></tr><tr><td>의료</td><td>병·의원, 약국</td></tr><tr><td>산후조리원</td><td>산후조리원</td></tr><tr><td>학원</td><td>입시/보습·외국어·예체능계 학원</td></tr><tr><td>학습지</td><td>씽크빅, 교원, 대교, 한솔교육</td></tr><tr><td>온라인서점</td><td>YES24, 인터파크 도서, 알라딘, 교보문고</td></tr><tr><td>어린이집</td><td>국공립·사립 어린이집</td></tr><tr><td>유치원</td><td>국공립·사립 유치원</td></tr></table>

[캐시백기준]
<table class=""benefit-table""><tr><th colspan=""3"">전월 이용금액대별 통합 월 캐시백한도</th></tr><tr><td>30 만원 이상</td><td>60 만원 이상</td><td>100 만원 이상</td></tr><tr><td>2,000 원</td><td>4,000 원</td><td>6,000 원</td></tr></table>

[이용조건]
전월 이용금액 30 만원 이상 시 제공
발급월 +1 개월까지는 전월 이용금액 30 만원 미만 시에도 30 만원 이상~ 60 만원 미만 실적구간 혜택 제공(전월 이용금액 60 만원 이상 시에는 해당 실적구간 혜택 제공)
탈회 후 카드를 재발급받은 경우 전월 이용실적(일시불 및 할부 합산 30만원 이상) 충족 시 제공

[캐시백 제외 대상]
국가바우처 이용건(보육료·유아학비 본인 부담금은 캐시백 적용), 기프트/선불카드(포인트, 사이버머니 등 전자지급수단 포함) 구매 및 충전, 상품권 구매건

[유의사항]
의료·산후조리원은 오프라인 일반 결제건에 한하며, 요양병원, 보건소, 동물병원은 제외
학원은 오프라인 일반 결제건에 한함
온라인서점은 공식 홈페이지·앱을 통한 결제건에 한함
어린이집·유치원은 정부 지원금을 제외한 금액에 한함
삼성카드 가맹점 업종 분류 기준에 의한 등록 가맹점에 한함
캐시백 혜택 및 전월 이용금액 산정은 승인 시점 기준으로 적용. 다만, 해외 결제건 및 무승인 결제건(예 : 대중교통, 이동통신 등 자동납부 결제건 등)의 경우 매출전표 접수 시점으로 적용
캐시백금액은 매출전표 접수 다음 달 15일(영업일 기준)에 해당 체크카드 결제계좌로 입금
전월 이용금액이란, 매월 1일부터 말일까지 이용한 일시불 및 할부 이용금액(단기카드대출(현금서비스), 장기카드대출(카드론), 각종 수수료 및 이자(할부수수료, 카드대출 이자 등), 연체료, 연회비 납부건은 일시불 및 할부 이용금액에 해당되지 않음)
전월 이용금액 산정 시, 국가바우처 이용건, 어린이집·유치원 이용금액, 건강보험/국민연금/고용보험/산재보험 및 장애인 고용부담금, 국세/지방세/공과금, 초·중·고등학교 학교납입금, 대학 등록금, 대중교통, 택시, 아파트 관리비, 부동산 임대료, 기프트/선불카드(포인트, 사이버머니 등 전자지급수단 포함) 구매 및 충전, 상품권 구매건은 제외
삼성카드는 아래 항목을 공과금으로 분류함 전기요금, 사회보험료(건강보험/국민연금/고용보험/산재보험), 우편요금, 도시가스요금, 여권 발급비용, 상하수도요금, 과태료, 범칙금, 벌금, 국가·공공기관·공공단체(지방자치단체, 공공조합, 영조물, 공재단)에서 개설한 가맹점 이용금액
전기요금, 사회보험료(건강보험/국민연금/고용보험/산재보험), 우편요금, 도시가스요금, 여권 발급비용, 상하수도요금, 과태료, 범칙금, 벌금, 국가·공공기관·공공단체(지방자치단체, 공공조합, 영조물, 공재단)에서 개설한 가맹점 이용금액
결제 취소건의 경우, 매출취소전표 접수월의 이용금액에서 차감 반영 포인트가 적립된 결제건이 취소될 경우, 해당 포인트는 보유 포인트에서 자동 차감되며, 포인트 부족 시 카드 결제계좌에서 자동 출금
포인트가 적립된 결제건이 취소될 경우, 해당 포인트는 보유 포인트에서 자동 차감되며, 포인트 부족 시 카드 결제계좌에서 자동 출금"
ABP1689_B0025,ABP1689,주요혜택,의료·교육 캐시백,서비스안내,교육/육아,20,Both,캐시백,2,%,"씽크빅, 교원, 대교, 한솔교육",전월 100만원 이상,1000000,,,,,,,6000,원,2026-06-08 06:02:34,교육/육아 2% 캐시백,"[서비스안내]
의료·산후조리원·학원·학습지·온라인서점·어린이집·유치원 2% 캐시백

[대상점]
<table class=""benefit-table""><tr><th>업종</th><th>캐시백 대상</th></tr><tr><td>의료</td><td>병·의원, 약국</td></tr><tr><td>산후조리원</td><td>산후조리원</td></tr><tr><td>학원</td><td>입시/보습·외국어·예체능계 학원</td></tr><tr><td>학습지</td><td>씽크빅, 교원, 대교, 한솔교육</td></tr><tr><td>온라인서점</td><td>YES24, 인터파크 도서, 알라딘, 교보문고</td></tr><tr><td>어린이집</td><td>국공립·사립 어린이집</td></tr><tr><td>유치원</td><td>국공립·사립 유치원</td></tr></table>

[캐시백기준]
<table class=""benefit-table""><tr><th colspan=""3"">전월 이용금액대별 통합 월 캐시백한도</th></tr><tr><td>30 만원 이상</td><td>60 만원 이상</td><td>100 만원 이상</td></tr><tr><td>2,000 원</td><td>4,000 원</td><td>6,000 원</td></tr></table>

[이용조건]
전월 이용금액 30 만원 이상 시 제공
발급월 +1 개월까지는 전월 이용금액 30 만원 미만 시에도 30 만원 이상~ 60 만원 미만 실적구간 혜택 제공(전월 이용금액 60 만원 이상 시에는 해당 실적구간 혜택 제공)
탈회 후 카드를 재발급받은 경우 전월 이용실적(일시불 및 할부 합산 30만원 이상) 충족 시 제공

[캐시백 제외 대상]
국가바우처 이용건(보육료·유아학비 본인 부담금은 캐시백 적용), 기프트/선불카드(포인트, 사이버머니 등 전자지급수단 포함) 구매 및 충전, 상품권 구매건

[유의사항]
의료·산후조리원은 오프라인 일반 결제건에 한하며, 요양병원, 보건소, 동물병원은 제외
학원은 오프라인 일반 결제건에 한함
온라인서점은 공식 홈페이지·앱을 통한 결제건에 한함
어린이집·유치원은 정부 지원금을 제외한 금액에 한함
삼성카드 가맹점 업종 분류 기준에 의한 등록 가맹점에 한함
캐시백 혜택 및 전월 이용금액 산정은 승인 시점 기준으로 적용. 다만, 해외 결제건 및 무승인 결제건(예 : 대중교통, 이동통신 등 자동납부 결제건 등)의 경우 매출전표 접수 시점으로 적용
캐시백금액은 매출전표 접수 다음 달 15일(영업일 기준)에 해당 체크카드 결제계좌로 입금
전월 이용금액이란, 매월 1일부터 말일까지 이용한 일시불 및 할부 이용금액(단기카드대출(현금서비스), 장기카드대출(카드론), 각종 수수료 및 이자(할부수수료, 카드대출 이자 등), 연체료, 연회비 납부건은 일시불 및 할부 이용금액에 해당되지 않음)
전월 이용금액 산정 시, 국가바우처 이용건, 어린이집·유치원 이용금액, 건강보험/국민연금/고용보험/산재보험 및 장애인 고용부담금, 국세/지방세/공과금, 초·중·고등학교 학교납입금, 대학 등록금, 대중교통, 택시, 아파트 관리비, 부동산 임대료, 기프트/선불카드(포인트, 사이버머니 등 전자지급수단 포함) 구매 및 충전, 상품권 구매건은 제외
삼성카드는 아래 항목을 공과금으로 분류함 전기요금, 사회보험료(건강보험/국민연금/고용보험/산재보험), 우편요금, 도시가스요금, 여권 발급비용, 상하수도요금, 과태료, 범칙금, 벌금, 국가·공공기관·공공단체(지방자치단체, 공공조합, 영조물, 공재단)에서 개설한 가맹점 이용금액
전기요금, 사회보험료(건강보험/국민연금/고용보험/산재보험), 우편요금, 도시가스요금, 여권 발급비용, 상하수도요금, 과태료, 범칙금, 벌금, 국가·공공기관·공공단체(지방자치단체, 공공조합, 영조물, 공재단)에서 개설한 가맹점 이용금액
결제 취소건의 경우, 매출취소전표 접수월의 이용금액에서 차감 반영 포인트가 적립된 결제건이 취소될 경우, 해당 포인트는 보유 포인트에서 자동 차감되며, 포인트 부족 시 카드 결제계좌에서 자동 출금
포인트가 적립된 결제건이 취소될 경우, 해당 포인트는 보유 포인트에서 자동 차감되며, 포인트 부족 시 카드 결제계좌에서 자동 출금"
ABP1689_B0026,ABP1689,주요혜택,의료·교육 캐시백,서비스안내,문화/엔터,11,Online,캐시백,2,%,"YES24, 인터파크 도서, 알라딘, 교보문고",전월 30만원 이상 ~ 60만원 미만,300000,600000,,,,,,2000,원,2026-06-08 06:02:34,문화/엔터 2% 캐시백,"[서비스안내]
의료·산후조리원·학원·학습지·온라인서점·어린이집·유치원 2% 캐시백

[대상점]
<table class=""benefit-table""><tr><th>업종</th><th>캐시백 대상</th></tr><tr><td>의료</td><td>병·의원, 약국</td></tr><tr><td>산후조리원</td><td>산후조리원</td></tr><tr><td>학원</td><td>입시/보습·외국어·예체능계 학원</td></tr><tr><td>학습지</td><td>씽크빅, 교원, 대교, 한솔교육</td></tr><tr><td>온라인서점</td><td>YES24, 인터파크 도서, 알라딘, 교보문고</td></tr><tr><td>어린이집</td><td>국공립·사립 어린이집</td></tr><tr><td>유치원</td><td>국공립·사립 유치원</td></tr></table>

[캐시백기준]
<table class=""benefit-table""><tr><th colspan=""3"">전월 이용금액대별 통합 월 캐시백한도</th></tr><tr><td>30 만원 이상</td><td>60 만원 이상</td><td>100 만원 이상</td></tr><tr><td>2,000 원</td><td>4,000 원</td><td>6,000 원</td></tr></table>

[이용조건]
전월 이용금액 30 만원 이상 시 제공
발급월 +1 개월까지는 전월 이용금액 30 만원 미만 시에도 30 만원 이상~ 60 만원 미만 실적구간 혜택 제공(전월 이용금액 60 만원 이상 시에는 해당 실적구간 혜택 제공)
탈회 후 카드를 재발급받은 경우 전월 이용실적(일시불 및 할부 합산 30만원 이상) 충족 시 제공

[캐시백 제외 대상]
국가바우처 이용건(보육료·유아학비 본인 부담금은 캐시백 적용), 기프트/선불카드(포인트, 사이버머니 등 전자지급수단 포함) 구매 및 충전, 상품권 구매건

[유의사항]
의료·산후조리원은 오프라인 일반 결제건에 한하며, 요양병원, 보건소, 동물병원은 제외
학원은 오프라인 일반 결제건에 한함
온라인서점은 공식 홈페이지·앱을 통한 결제건에 한함
어린이집·유치원은 정부 지원금을 제외한 금액에 한함
삼성카드 가맹점 업종 분류 기준에 의한 등록 가맹점에 한함
캐시백 혜택 및 전월 이용금액 산정은 승인 시점 기준으로 적용. 다만, 해외 결제건 및 무승인 결제건(예 : 대중교통, 이동통신 등 자동납부 결제건 등)의 경우 매출전표 접수 시점으로 적용
캐시백금액은 매출전표 접수 다음 달 15일(영업일 기준)에 해당 체크카드 결제계좌로 입금
전월 이용금액이란, 매월 1일부터 말일까지 이용한 일시불 및 할부 이용금액(단기카드대출(현금서비스), 장기카드대출(카드론), 각종 수수료 및 이자(할부수수료, 카드대출 이자 등), 연체료, 연회비 납부건은 일시불 및 할부 이용금액에 해당되지 않음)
전월 이용금액 산정 시, 국가바우처 이용건, 어린이집·유치원 이용금액, 건강보험/국민연금/고용보험/산재보험 및 장애인 고용부담금, 국세/지방세/공과금, 초·중·고등학교 학교납입금, 대학 등록금, 대중교통, 택시, 아파트 관리비, 부동산 임대료, 기프트/선불카드(포인트, 사이버머니 등 전자지급수단 포함) 구매 및 충전, 상품권 구매건은 제외
삼성카드는 아래 항목을 공과금으로 분류함 전기요금, 사회보험료(건강보험/국민연금/고용보험/산재보험), 우편요금, 도시가스요금, 여권 발급비용, 상하수도요금, 과태료, 범칙금, 벌금, 국가·공공기관·공공단체(지방자치단체, 공공조합, 영조물, 공재단)에서 개설한 가맹점 이용금액
전기요금, 사회보험료(건강보험/국민연금/고용보험/산재보험), 우편요금, 도시가스요금, 여권 발급비용, 상하수도요금, 과태료, 범칙금, 벌금, 국가·공공기관·공공단체(지방자치단체, 공공조합, 영조물, 공재단)에서 개설한 가맹점 이용금액
결제 취소건의 경우, 매출취소전표 접수월의 이용금액에서 차감 반영 포인트가 적립된 결제건이 취소될 경우, 해당 포인트는 보유 포인트에서 자동 차감되며, 포인트 부족 시 카드 결제계좌에서 자동 출금
포인트가 적립된 결제건이 취소될 경우, 해당 포인트는 보유 포인트에서 자동 차감되며, 포인트 부족 시 카드 결제계좌에서 자동 출금"
ABP1689_B0027,ABP1689,주요혜택,의료·교육 캐시백,서비스안내,문화/엔터,11,Online,캐시백,2,%,"YES24, 인터파크 도서, 알라딘, 교보문고",전월 60만원 이상 ~ 100만원 미만,600000,1000000,,,,,,4000,원,2026-06-08 06:02:34,문화/엔터 2% 캐시백,"[서비스안내]
의료·산후조리원·학원·학습지·온라인서점·어린이집·유치원 2% 캐시백

[대상점]
<table class=""benefit-table""><tr><th>업종</th><th>캐시백 대상</th></tr><tr><td>의료</td><td>병·의원, 약국</td></tr><tr><td>산후조리원</td><td>산후조리원</td></tr><tr><td>학원</td><td>입시/보습·외국어·예체능계 학원</td></tr><tr><td>학습지</td><td>씽크빅, 교원, 대교, 한솔교육</td></tr><tr><td>온라인서점</td><td>YES24, 인터파크 도서, 알라딘, 교보문고</td></tr><tr><td>어린이집</td><td>국공립·사립 어린이집</td></tr><tr><td>유치원</td><td>국공립·사립 유치원</td></tr></table>

[캐시백기준]
<table class=""benefit-table""><tr><th colspan=""3"">전월 이용금액대별 통합 월 캐시백한도</th></tr><tr><td>30 만원 이상</td><td>60 만원 이상</td><td>100 만원 이상</td></tr><tr><td>2,000 원</td><td>4,000 원</td><td>6,000 원</td></tr></table>

[이용조건]
전월 이용금액 30 만원 이상 시 제공
발급월 +1 개월까지는 전월 이용금액 30 만원 미만 시에도 30 만원 이상~ 60 만원 미만 실적구간 혜택 제공(전월 이용금액 60 만원 이상 시에는 해당 실적구간 혜택 제공)
탈회 후 카드를 재발급받은 경우 전월 이용실적(일시불 및 할부 합산 30만원 이상) 충족 시 제공

[캐시백 제외 대상]
국가바우처 이용건(보육료·유아학비 본인 부담금은 캐시백 적용), 기프트/선불카드(포인트, 사이버머니 등 전자지급수단 포함) 구매 및 충전, 상품권 구매건

[유의사항]
의료·산후조리원은 오프라인 일반 결제건에 한하며, 요양병원, 보건소, 동물병원은 제외
학원은 오프라인 일반 결제건에 한함
온라인서점은 공식 홈페이지·앱을 통한 결제건에 한함
어린이집·유치원은 정부 지원금을 제외한 금액에 한함
삼성카드 가맹점 업종 분류 기준에 의한 등록 가맹점에 한함
캐시백 혜택 및 전월 이용금액 산정은 승인 시점 기준으로 적용. 다만, 해외 결제건 및 무승인 결제건(예 : 대중교통, 이동통신 등 자동납부 결제건 등)의 경우 매출전표 접수 시점으로 적용
캐시백금액은 매출전표 접수 다음 달 15일(영업일 기준)에 해당 체크카드 결제계좌로 입금
전월 이용금액이란, 매월 1일부터 말일까지 이용한 일시불 및 할부 이용금액(단기카드대출(현금서비스), 장기카드대출(카드론), 각종 수수료 및 이자(할부수수료, 카드대출 이자 등), 연체료, 연회비 납부건은 일시불 및 할부 이용금액에 해당되지 않음)
전월 이용금액 산정 시, 국가바우처 이용건, 어린이집·유치원 이용금액, 건강보험/국민연금/고용보험/산재보험 및 장애인 고용부담금, 국세/지방세/공과금, 초·중·고등학교 학교납입금, 대학 등록금, 대중교통, 택시, 아파트 관리비, 부동산 임대료, 기프트/선불카드(포인트, 사이버머니 등 전자지급수단 포함) 구매 및 충전, 상품권 구매건은 제외
삼성카드는 아래 항목을 공과금으로 분류함 전기요금, 사회보험료(건강보험/국민연금/고용보험/산재보험), 우편요금, 도시가스요금, 여권 발급비용, 상하수도요금, 과태료, 범칙금, 벌금, 국가·공공기관·공공단체(지방자치단체, 공공조합, 영조물, 공재단)에서 개설한 가맹점 이용금액
전기요금, 사회보험료(건강보험/국민연금/고용보험/산재보험), 우편요금, 도시가스요금, 여권 발급비용, 상하수도요금, 과태료, 범칙금, 벌금, 국가·공공기관·공공단체(지방자치단체, 공공조합, 영조물, 공재단)에서 개설한 가맹점 이용금액
결제 취소건의 경우, 매출취소전표 접수월의 이용금액에서 차감 반영 포인트가 적립된 결제건이 취소될 경우, 해당 포인트는 보유 포인트에서 자동 차감되며, 포인트 부족 시 카드 결제계좌에서 자동 출금
포인트가 적립된 결제건이 취소될 경우, 해당 포인트는 보유 포인트에서 자동 차감되며, 포인트 부족 시 카드 결제계좌에서 자동 출금"
ABP1689_B0028,ABP1689,주요혜택,의료·교육 캐시백,서비스안내,문화/엔터,11,Online,캐시백,2,%,"YES24, 인터파크 도서, 알라딘, 교보문고",전월 100만원 이상,1000000,,,,,,,6000,원,2026-06-08 06:02:34,문화/엔터 2% 캐시백,"[서비스안내]
의료·산후조리원·학원·학습지·온라인서점·어린이집·유치원 2% 캐시백

[대상점]
<table class=""benefit-table""><tr><th>업종</th><th>캐시백 대상</th></tr><tr><td>의료</td><td>병·의원, 약국</td></tr><tr><td>산후조리원</td><td>산후조리원</td></tr><tr><td>학원</td><td>입시/보습·외국어·예체능계 학원</td></tr><tr><td>학습지</td><td>씽크빅, 교원, 대교, 한솔교육</td></tr><tr><td>온라인서점</td><td>YES24, 인터파크 도서, 알라딘, 교보문고</td></tr><tr><td>어린이집</td><td>국공립·사립 어린이집</td></tr><tr><td>유치원</td><td>국공립·사립 유치원</td></tr></table>

[캐시백기준]
<table class=""benefit-table""><tr><th colspan=""3"">전월 이용금액대별 통합 월 캐시백한도</th></tr><tr><td>30 만원 이상</td><td>60 만원 이상</td><td>100 만원 이상</td></tr><tr><td>2,000 원</td><td>4,000 원</td><td>6,000 원</td></tr></table>

[이용조건]
전월 이용금액 30 만원 이상 시 제공
발급월 +1 개월까지는 전월 이용금액 30 만원 미만 시에도 30 만원 이상~ 60 만원 미만 실적구간 혜택 제공(전월 이용금액 60 만원 이상 시에는 해당 실적구간 혜택 제공)
탈회 후 카드를 재발급받은 경우 전월 이용실적(일시불 및 할부 합산 30만원 이상) 충족 시 제공

[캐시백 제외 대상]
국가바우처 이용건(보육료·유아학비 본인 부담금은 캐시백 적용), 기프트/선불카드(포인트, 사이버머니 등 전자지급수단 포함) 구매 및 충전, 상품권 구매건

[유의사항]
의료·산후조리원은 오프라인 일반 결제건에 한하며, 요양병원, 보건소, 동물병원은 제외
학원은 오프라인 일반 결제건에 한함
온라인서점은 공식 홈페이지·앱을 통한 결제건에 한함
어린이집·유치원은 정부 지원금을 제외한 금액에 한함
삼성카드 가맹점 업종 분류 기준에 의한 등록 가맹점에 한함
캐시백 혜택 및 전월 이용금액 산정은 승인 시점 기준으로 적용. 다만, 해외 결제건 및 무승인 결제건(예 : 대중교통, 이동통신 등 자동납부 결제건 등)의 경우 매출전표 접수 시점으로 적용
캐시백금액은 매출전표 접수 다음 달 15일(영업일 기준)에 해당 체크카드 결제계좌로 입금
전월 이용금액이란, 매월 1일부터 말일까지 이용한 일시불 및 할부 이용금액(단기카드대출(현금서비스), 장기카드대출(카드론), 각종 수수료 및 이자(할부수수료, 카드대출 이자 등), 연체료, 연회비 납부건은 일시불 및 할부 이용금액에 해당되지 않음)
전월 이용금액 산정 시, 국가바우처 이용건, 어린이집·유치원 이용금액, 건강보험/국민연금/고용보험/산재보험 및 장애인 고용부담금, 국세/지방세/공과금, 초·중·고등학교 학교납입금, 대학 등록금, 대중교통, 택시, 아파트 관리비, 부동산 임대료, 기프트/선불카드(포인트, 사이버머니 등 전자지급수단 포함) 구매 및 충전, 상품권 구매건은 제외
삼성카드는 아래 항목을 공과금으로 분류함 전기요금, 사회보험료(건강보험/국민연금/고용보험/산재보험), 우편요금, 도시가스요금, 여권 발급비용, 상하수도요금, 과태료, 범칙금, 벌금, 국가·공공기관·공공단체(지방자치단체, 공공조합, 영조물, 공재단)에서 개설한 가맹점 이용금액
전기요금, 사회보험료(건강보험/국민연금/고용보험/산재보험), 우편요금, 도시가스요금, 여권 발급비용, 상하수도요금, 과태료, 범칙금, 벌금, 국가·공공기관·공공단체(지방자치단체, 공공조합, 영조물, 공재단)에서 개설한 가맹점 이용금액
결제 취소건의 경우, 매출취소전표 접수월의 이용금액에서 차감 반영 포인트가 적립된 결제건이 취소될 경우, 해당 포인트는 보유 포인트에서 자동 차감되며, 포인트 부족 시 카드 결제계좌에서 자동 출금
포인트가 적립된 결제건이 취소될 경우, 해당 포인트는 보유 포인트에서 자동 차감되며, 포인트 부족 시 카드 결제계좌에서 자동 출금"
ABP1689_B0029,ABP1689,주요혜택,신세계백화점 제휴서비스,신세계백화점 제휴서비스,백화점/아울렛/면세점,4,,서비스,,,,,,,,,,,,,,2026-06-08 06:02:34,신세계백화점 제휴서비스,"[서비스안내]
신세계백화점 할인쿠폰, 신세계포인트 적립에 관한 자세한 내용은 신세계백화점 홈페이지( www.shinsegae.com ) 또는 신세계포인트 홈페이지( www.shinsegaepoint.com )를 통해 확인해 주세요."
ABP1384_B0001,ABP1384,주요혜택,포인트 적립,서비스안내,기타,22,,포인트,0.2,%,일반 가맹점,연간 이용금액 300만원 미만,0,3000000,,,,,,,,2026-06-08 06:03:28,기타 0.2% 적립,"[서비스안내]
업종 및 연간 이용금액에 따라 0.2%~0.8% 빅포인트 적립

[대상점]
일반 가맹점
음식점 : 한식, 양식, 일식, 중식, 뷔페, 패밀리레스토랑, 간이음식점, 패스트푸드 등 모든 음식점
주유 : 전국 주유소 및 LPG충전소
할인점 : 이마트(에브리데이, 트레이더스 포함), 홈플러스, 롯데마트, 빅마켓

[적립기준]
<table class=""benefit-table""><tr><th>구분</th><th>연간 이용금액 300 만원 미만</th><th>연간 이용금액 300 만원 이상</th></tr><tr><th>일반 가맹점</th><td>0.2%</td><td>0.4%</td></tr><tr><th>음식점, 주유, 할인점</th><td>0.4%</td><td>0.8%</td></tr></table>

[이용조건]
연간 이용금액은 본인이 발급받은 해당 카드 이용금액을 기준으로 산정(연 기준 : 카드 최초 발급월~1년)
매년 카드 최초 발급월 기준으로 이용금액이 300만원 이상일 경우 다음 날부터 상향된 적립률 적용

[적립 제외 대상]
법인공용카드, 무이자할부, 다이어트할부, 삼성카드 할인이 적용된 일시불 및 할부 이용금액, 고용/산재보험 및 장애인 고용부담금, 국세/지방세/공과금, 대학 등록금, 대중교통, 택시, 선불카드 충전(삼성유포인트카드, 삼성전자 멤버십 BLUE 삼성선불카드, 삼성올앳카드), 휴대폰알림서비스(S.InfoCare), 스마트오토서비스, 이마트 이클럽 등의 이용금액

[유의사항]
삼성카드 가맹점 업종 분류 기준에 의한 등록 가맹점에 한합니다. 해당 가맹점이 실제 등록한 업종에 따라 적립률이 다르게 적용됩니다. 이마트 에브리데이 상품공급점 결제건은 제외됩니다. 일부 임대매장 및 식품매장 결제건은 제외됩니다. 보너스클럽 이용 시 보너스포인트와 빅포인트 중 높은 적립률의 포인트가 적립됩니다. 적립된 빅포인트는 보너스포인트, 서비스포인트, 멤버십리워즈와 합산하여 사용할 수 있습니다. 빅포인트의 유효기간은 5년으로, 유효기간 만료 시 월 단위로 자동 소멸됩니다. 2014년 4월 30일까지 적립된 빅포인트의 유효기간은 3년으로 적용됩니다.
해당 가맹점이 실제 등록한 업종에 따라 적립률이 다르게 적용됩니다.
이마트 에브리데이 상품공급점 결제건은 제외됩니다.
일부 임대매장 및 식품매장 결제건은 제외됩니다.
보너스클럽 이용 시 보너스포인트와 빅포인트 중 높은 적립률의 포인트가 적립됩니다.
적립된 빅포인트는 보너스포인트, 서비스포인트, 멤버십리워즈와 합산하여 사용할 수 있습니다.
빅포인트의 유효기간은 5년으로, 유효기간 만료 시 월 단위로 자동 소멸됩니다.
2014년 4월 30일까지 적립된 빅포인트의 유효기간은 3년으로 적용됩니다."
ABP1384_B0002,ABP1384,주요혜택,포인트 적립,서비스안내,기타,22,,포인트,0.4,%,일반 가맹점,연간 이용금액 300만원 이상,3000000,,,,,,,,,2026-06-08 06:03:28,기타 0.4% 적립,"[서비스안내]
업종 및 연간 이용금액에 따라 0.2%~0.8% 빅포인트 적립

[대상점]
일반 가맹점
음식점 : 한식, 양식, 일식, 중식, 뷔페, 패밀리레스토랑, 간이음식점, 패스트푸드 등 모든 음식점
주유 : 전국 주유소 및 LPG충전소
할인점 : 이마트(에브리데이, 트레이더스 포함), 홈플러스, 롯데마트, 빅마켓

[적립기준]
<table class=""benefit-table""><tr><th>구분</th><th>연간 이용금액 300 만원 미만</th><th>연간 이용금액 300 만원 이상</th></tr><tr><th>일반 가맹점</th><td>0.2%</td><td>0.4%</td></tr><tr><th>음식점, 주유, 할인점</th><td>0.4%</td><td>0.8%</td></tr></table>

[이용조건]
연간 이용금액은 본인이 발급받은 해당 카드 이용금액을 기준으로 산정(연 기준 : 카드 최초 발급월~1년)
매년 카드 최초 발급월 기준으로 이용금액이 300만원 이상일 경우 다음 날부터 상향된 적립률 적용

[적립 제외 대상]
법인공용카드, 무이자할부, 다이어트할부, 삼성카드 할인이 적용된 일시불 및 할부 이용금액, 고용/산재보험 및 장애인 고용부담금, 국세/지방세/공과금, 대학 등록금, 대중교통, 택시, 선불카드 충전(삼성유포인트카드, 삼성전자 멤버십 BLUE 삼성선불카드, 삼성올앳카드), 휴대폰알림서비스(S.InfoCare), 스마트오토서비스, 이마트 이클럽 등의 이용금액

[유의사항]
삼성카드 가맹점 업종 분류 기준에 의한 등록 가맹점에 한합니다. 해당 가맹점이 실제 등록한 업종에 따라 적립률이 다르게 적용됩니다. 이마트 에브리데이 상품공급점 결제건은 제외됩니다. 일부 임대매장 및 식품매장 결제건은 제외됩니다. 보너스클럽 이용 시 보너스포인트와 빅포인트 중 높은 적립률의 포인트가 적립됩니다. 적립된 빅포인트는 보너스포인트, 서비스포인트, 멤버십리워즈와 합산하여 사용할 수 있습니다. 빅포인트의 유효기간은 5년으로, 유효기간 만료 시 월 단위로 자동 소멸됩니다. 2014년 4월 30일까지 적립된 빅포인트의 유효기간은 3년으로 적용됩니다.
해당 가맹점이 실제 등록한 업종에 따라 적립률이 다르게 적용됩니다.
이마트 에브리데이 상품공급점 결제건은 제외됩니다.
일부 임대매장 및 식품매장 결제건은 제외됩니다.
보너스클럽 이용 시 보너스포인트와 빅포인트 중 높은 적립률의 포인트가 적립됩니다.
적립된 빅포인트는 보너스포인트, 서비스포인트, 멤버십리워즈와 합산하여 사용할 수 있습니다.
빅포인트의 유효기간은 5년으로, 유효기간 만료 시 월 단위로 자동 소멸됩니다.
2014년 4월 30일까지 적립된 빅포인트의 유효기간은 3년으로 적용됩니다."
ABP1384_B0003,ABP1384,주요혜택,포인트 적립,서비스안내,외식,16,,포인트,0.4,%,"한식, 양식, 일식, 중식, 뷔페, 패밀리레스토랑, 간이음식점, 패스트푸드 등 모든 음식점",연간 이용금액 300만원 미만,0,3000000,,,,,,,,2026-06-08 06:03:28,외식 0.4% 적립,"[서비스안내]
업종 및 연간 이용금액에 따라 0.2%~0.8% 빅포인트 적립

[대상점]
일반 가맹점
음식점 : 한식, 양식, 일식, 중식, 뷔페, 패밀리레스토랑, 간이음식점, 패스트푸드 등 모든 음식점
주유 : 전국 주유소 및 LPG충전소
할인점 : 이마트(에브리데이, 트레이더스 포함), 홈플러스, 롯데마트, 빅마켓

[적립기준]
<table class=""benefit-table""><tr><th>구분</th><th>연간 이용금액 300 만원 미만</th><th>연간 이용금액 300 만원 이상</th></tr><tr><th>일반 가맹점</th><td>0.2%</td><td>0.4%</td></tr><tr><th>음식점, 주유, 할인점</th><td>0.4%</td><td>0.8%</td></tr></table>

[이용조건]
연간 이용금액은 본인이 발급받은 해당 카드 이용금액을 기준으로 산정(연 기준 : 카드 최초 발급월~1년)
매년 카드 최초 발급월 기준으로 이용금액이 300만원 이상일 경우 다음 날부터 상향된 적립률 적용

[적립 제외 대상]
법인공용카드, 무이자할부, 다이어트할부, 삼성카드 할인이 적용된 일시불 및 할부 이용금액, 고용/산재보험 및 장애인 고용부담금, 국세/지방세/공과금, 대학 등록금, 대중교통, 택시, 선불카드 충전(삼성유포인트카드, 삼성전자 멤버십 BLUE 삼성선불카드, 삼성올앳카드), 휴대폰알림서비스(S.InfoCare), 스마트오토서비스, 이마트 이클럽 등의 이용금액

[유의사항]
삼성카드 가맹점 업종 분류 기준에 의한 등록 가맹점에 한합니다. 해당 가맹점이 실제 등록한 업종에 따라 적립률이 다르게 적용됩니다. 이마트 에브리데이 상품공급점 결제건은 제외됩니다. 일부 임대매장 및 식품매장 결제건은 제외됩니다. 보너스클럽 이용 시 보너스포인트와 빅포인트 중 높은 적립률의 포인트가 적립됩니다. 적립된 빅포인트는 보너스포인트, 서비스포인트, 멤버십리워즈와 합산하여 사용할 수 있습니다. 빅포인트의 유효기간은 5년으로, 유효기간 만료 시 월 단위로 자동 소멸됩니다. 2014년 4월 30일까지 적립된 빅포인트의 유효기간은 3년으로 적용됩니다.
해당 가맹점이 실제 등록한 업종에 따라 적립률이 다르게 적용됩니다.
이마트 에브리데이 상품공급점 결제건은 제외됩니다.
일부 임대매장 및 식품매장 결제건은 제외됩니다.
보너스클럽 이용 시 보너스포인트와 빅포인트 중 높은 적립률의 포인트가 적립됩니다.
적립된 빅포인트는 보너스포인트, 서비스포인트, 멤버십리워즈와 합산하여 사용할 수 있습니다.
빅포인트의 유효기간은 5년으로, 유효기간 만료 시 월 단위로 자동 소멸됩니다.
2014년 4월 30일까지 적립된 빅포인트의 유효기간은 3년으로 적용됩니다."
ABP1384_B0004,ABP1384,주요혜택,포인트 적립,서비스안내,외식,16,,포인트,0.8,%,"한식, 양식, 일식, 중식, 뷔페, 패밀리레스토랑, 간이음식점, 패스트푸드 등 모든 음식점",연간 이용금액 300만원 이상,3000000,,,,,,,,,2026-06-08 06:03:28,외식 0.8% 적립,"[서비스안내]
업종 및 연간 이용금액에 따라 0.2%~0.8% 빅포인트 적립

[대상점]
일반 가맹점
음식점 : 한식, 양식, 일식, 중식, 뷔페, 패밀리레스토랑, 간이음식점, 패스트푸드 등 모든 음식점
주유 : 전국 주유소 및 LPG충전소
할인점 : 이마트(에브리데이, 트레이더스 포함), 홈플러스, 롯데마트, 빅마켓

[적립기준]
<table class=""benefit-table""><tr><th>구분</th><th>연간 이용금액 300 만원 미만</th><th>연간 이용금액 300 만원 이상</th></tr><tr><th>일반 가맹점</th><td>0.2%</td><td>0.4%</td></tr><tr><th>음식점, 주유, 할인점</th><td>0.4%</td><td>0.8%</td></tr></table>

[이용조건]
연간 이용금액은 본인이 발급받은 해당 카드 이용금액을 기준으로 산정(연 기준 : 카드 최초 발급월~1년)
매년 카드 최초 발급월 기준으로 이용금액이 300만원 이상일 경우 다음 날부터 상향된 적립률 적용

[적립 제외 대상]
법인공용카드, 무이자할부, 다이어트할부, 삼성카드 할인이 적용된 일시불 및 할부 이용금액, 고용/산재보험 및 장애인 고용부담금, 국세/지방세/공과금, 대학 등록금, 대중교통, 택시, 선불카드 충전(삼성유포인트카드, 삼성전자 멤버십 BLUE 삼성선불카드, 삼성올앳카드), 휴대폰알림서비스(S.InfoCare), 스마트오토서비스, 이마트 이클럽 등의 이용금액

[유의사항]
삼성카드 가맹점 업종 분류 기준에 의한 등록 가맹점에 한합니다. 해당 가맹점이 실제 등록한 업종에 따라 적립률이 다르게 적용됩니다. 이마트 에브리데이 상품공급점 결제건은 제외됩니다. 일부 임대매장 및 식품매장 결제건은 제외됩니다. 보너스클럽 이용 시 보너스포인트와 빅포인트 중 높은 적립률의 포인트가 적립됩니다. 적립된 빅포인트는 보너스포인트, 서비스포인트, 멤버십리워즈와 합산하여 사용할 수 있습니다. 빅포인트의 유효기간은 5년으로, 유효기간 만료 시 월 단위로 자동 소멸됩니다. 2014년 4월 30일까지 적립된 빅포인트의 유효기간은 3년으로 적용됩니다.
해당 가맹점이 실제 등록한 업종에 따라 적립률이 다르게 적용됩니다.
이마트 에브리데이 상품공급점 결제건은 제외됩니다.
일부 임대매장 및 식품매장 결제건은 제외됩니다.
보너스클럽 이용 시 보너스포인트와 빅포인트 중 높은 적립률의 포인트가 적립됩니다.
적립된 빅포인트는 보너스포인트, 서비스포인트, 멤버십리워즈와 합산하여 사용할 수 있습니다.
빅포인트의 유효기간은 5년으로, 유효기간 만료 시 월 단위로 자동 소멸됩니다.
2014년 4월 30일까지 적립된 빅포인트의 유효기간은 3년으로 적용됩니다."
ABP1384_B0005,ABP1384,주요혜택,포인트 적립,서비스안내,자동차/주유,6,,포인트,0.4,%,"전국 주유소, LPG충전소",연간 이용금액 300만원 미만,0,3000000,,,,,,,,2026-06-08 06:03:28,자동차/주유 0.4% 적립,"[서비스안내]
업종 및 연간 이용금액에 따라 0.2%~0.8% 빅포인트 적립

[대상점]
일반 가맹점
음식점 : 한식, 양식, 일식, 중식, 뷔페, 패밀리레스토랑, 간이음식점, 패스트푸드 등 모든 음식점
주유 : 전국 주유소 및 LPG충전소
할인점 : 이마트(에브리데이, 트레이더스 포함), 홈플러스, 롯데마트, 빅마켓

[적립기준]
<table class=""benefit-table""><tr><th>구분</th><th>연간 이용금액 300 만원 미만</th><th>연간 이용금액 300 만원 이상</th></tr><tr><th>일반 가맹점</th><td>0.2%</td><td>0.4%</td></tr><tr><th>음식점, 주유, 할인점</th><td>0.4%</td><td>0.8%</td></tr></table>

[이용조건]
연간 이용금액은 본인이 발급받은 해당 카드 이용금액을 기준으로 산정(연 기준 : 카드 최초 발급월~1년)
매년 카드 최초 발급월 기준으로 이용금액이 300만원 이상일 경우 다음 날부터 상향된 적립률 적용

[적립 제외 대상]
법인공용카드, 무이자할부, 다이어트할부, 삼성카드 할인이 적용된 일시불 및 할부 이용금액, 고용/산재보험 및 장애인 고용부담금, 국세/지방세/공과금, 대학 등록금, 대중교통, 택시, 선불카드 충전(삼성유포인트카드, 삼성전자 멤버십 BLUE 삼성선불카드, 삼성올앳카드), 휴대폰알림서비스(S.InfoCare), 스마트오토서비스, 이마트 이클럽 등의 이용금액

[유의사항]
삼성카드 가맹점 업종 분류 기준에 의한 등록 가맹점에 한합니다. 해당 가맹점이 실제 등록한 업종에 따라 적립률이 다르게 적용됩니다. 이마트 에브리데이 상품공급점 결제건은 제외됩니다. 일부 임대매장 및 식품매장 결제건은 제외됩니다. 보너스클럽 이용 시 보너스포인트와 빅포인트 중 높은 적립률의 포인트가 적립됩니다. 적립된 빅포인트는 보너스포인트, 서비스포인트, 멤버십리워즈와 합산하여 사용할 수 있습니다. 빅포인트의 유효기간은 5년으로, 유효기간 만료 시 월 단위로 자동 소멸됩니다. 2014년 4월 30일까지 적립된 빅포인트의 유효기간은 3년으로 적용됩니다.
해당 가맹점이 실제 등록한 업종에 따라 적립률이 다르게 적용됩니다.
이마트 에브리데이 상품공급점 결제건은 제외됩니다.
일부 임대매장 및 식품매장 결제건은 제외됩니다.
보너스클럽 이용 시 보너스포인트와 빅포인트 중 높은 적립률의 포인트가 적립됩니다.
적립된 빅포인트는 보너스포인트, 서비스포인트, 멤버십리워즈와 합산하여 사용할 수 있습니다.
빅포인트의 유효기간은 5년으로, 유효기간 만료 시 월 단위로 자동 소멸됩니다.
2014년 4월 30일까지 적립된 빅포인트의 유효기간은 3년으로 적용됩니다."
ABP1384_B0006,ABP1384,주요혜택,포인트 적립,서비스안내,자동차/주유,6,,포인트,0.8,%,"전국 주유소, LPG충전소",연간 이용금액 300만원 이상,3000000,,,,,,,,,2026-06-08 06:03:28,자동차/주유 0.8% 적립,"[서비스안내]
업종 및 연간 이용금액에 따라 0.2%~0.8% 빅포인트 적립

[대상점]
일반 가맹점
음식점 : 한식, 양식, 일식, 중식, 뷔페, 패밀리레스토랑, 간이음식점, 패스트푸드 등 모든 음식점
주유 : 전국 주유소 및 LPG충전소
할인점 : 이마트(에브리데이, 트레이더스 포함), 홈플러스, 롯데마트, 빅마켓

[적립기준]
<table class=""benefit-table""><tr><th>구분</th><th>연간 이용금액 300 만원 미만</th><th>연간 이용금액 300 만원 이상</th></tr><tr><th>일반 가맹점</th><td>0.2%</td><td>0.4%</td></tr><tr><th>음식점, 주유, 할인점</th><td>0.4%</td><td>0.8%</td></tr></table>

[이용조건]
연간 이용금액은 본인이 발급받은 해당 카드 이용금액을 기준으로 산정(연 기준 : 카드 최초 발급월~1년)
매년 카드 최초 발급월 기준으로 이용금액이 300만원 이상일 경우 다음 날부터 상향된 적립률 적용

[적립 제외 대상]
법인공용카드, 무이자할부, 다이어트할부, 삼성카드 할인이 적용된 일시불 및 할부 이용금액, 고용/산재보험 및 장애인 고용부담금, 국세/지방세/공과금, 대학 등록금, 대중교통, 택시, 선불카드 충전(삼성유포인트카드, 삼성전자 멤버십 BLUE 삼성선불카드, 삼성올앳카드), 휴대폰알림서비스(S.InfoCare), 스마트오토서비스, 이마트 이클럽 등의 이용금액

[유의사항]
삼성카드 가맹점 업종 분류 기준에 의한 등록 가맹점에 한합니다. 해당 가맹점이 실제 등록한 업종에 따라 적립률이 다르게 적용됩니다. 이마트 에브리데이 상품공급점 결제건은 제외됩니다. 일부 임대매장 및 식품매장 결제건은 제외됩니다. 보너스클럽 이용 시 보너스포인트와 빅포인트 중 높은 적립률의 포인트가 적립됩니다. 적립된 빅포인트는 보너스포인트, 서비스포인트, 멤버십리워즈와 합산하여 사용할 수 있습니다. 빅포인트의 유효기간은 5년으로, 유효기간 만료 시 월 단위로 자동 소멸됩니다. 2014년 4월 30일까지 적립된 빅포인트의 유효기간은 3년으로 적용됩니다.
해당 가맹점이 실제 등록한 업종에 따라 적립률이 다르게 적용됩니다.
이마트 에브리데이 상품공급점 결제건은 제외됩니다.
일부 임대매장 및 식품매장 결제건은 제외됩니다.
보너스클럽 이용 시 보너스포인트와 빅포인트 중 높은 적립률의 포인트가 적립됩니다.
적립된 빅포인트는 보너스포인트, 서비스포인트, 멤버십리워즈와 합산하여 사용할 수 있습니다.
빅포인트의 유효기간은 5년으로, 유효기간 만료 시 월 단위로 자동 소멸됩니다.
2014년 4월 30일까지 적립된 빅포인트의 유효기간은 3년으로 적용됩니다."
ABP1384_B0007,ABP1384,주요혜택,포인트 적립,서비스안내,슈퍼마켓/생활잡화,3,,포인트,0.4,%,"이마트(에브리데이, 트레이더스 포함), 홈플러스, 롯데마트, 빅마켓",연간 이용금액 300만원 미만,0,3000000,,,,,,,,2026-06-08 06:03:28,슈퍼마켓/생활잡화 0.4% 적립,"[서비스안내]
업종 및 연간 이용금액에 따라 0.2%~0.8% 빅포인트 적립

[대상점]
일반 가맹점
음식점 : 한식, 양식, 일식, 중식, 뷔페, 패밀리레스토랑, 간이음식점, 패스트푸드 등 모든 음식점
주유 : 전국 주유소 및 LPG충전소
할인점 : 이마트(에브리데이, 트레이더스 포함), 홈플러스, 롯데마트, 빅마켓

[적립기준]
<table class=""benefit-table""><tr><th>구분</th><th>연간 이용금액 300 만원 미만</th><th>연간 이용금액 300 만원 이상</th></tr><tr><th>일반 가맹점</th><td>0.2%</td><td>0.4%</td></tr><tr><th>음식점, 주유, 할인점</th><td>0.4%</td><td>0.8%</td></tr></table>

[이용조건]
연간 이용금액은 본인이 발급받은 해당 카드 이용금액을 기준으로 산정(연 기준 : 카드 최초 발급월~1년)
매년 카드 최초 발급월 기준으로 이용금액이 300만원 이상일 경우 다음 날부터 상향된 적립률 적용

[적립 제외 대상]
법인공용카드, 무이자할부, 다이어트할부, 삼성카드 할인이 적용된 일시불 및 할부 이용금액, 고용/산재보험 및 장애인 고용부담금, 국세/지방세/공과금, 대학 등록금, 대중교통, 택시, 선불카드 충전(삼성유포인트카드, 삼성전자 멤버십 BLUE 삼성선불카드, 삼성올앳카드), 휴대폰알림서비스(S.InfoCare), 스마트오토서비스, 이마트 이클럽 등의 이용금액

[유의사항]
삼성카드 가맹점 업종 분류 기준에 의한 등록 가맹점에 한합니다. 해당 가맹점이 실제 등록한 업종에 따라 적립률이 다르게 적용됩니다. 이마트 에브리데이 상품공급점 결제건은 제외됩니다. 일부 임대매장 및 식품매장 결제건은 제외됩니다. 보너스클럽 이용 시 보너스포인트와 빅포인트 중 높은 적립률의 포인트가 적립됩니다. 적립된 빅포인트는 보너스포인트, 서비스포인트, 멤버십리워즈와 합산하여 사용할 수 있습니다. 빅포인트의 유효기간은 5년으로, 유효기간 만료 시 월 단위로 자동 소멸됩니다. 2014년 4월 30일까지 적립된 빅포인트의 유효기간은 3년으로 적용됩니다.
해당 가맹점이 실제 등록한 업종에 따라 적립률이 다르게 적용됩니다.
이마트 에브리데이 상품공급점 결제건은 제외됩니다.
일부 임대매장 및 식품매장 결제건은 제외됩니다.
보너스클럽 이용 시 보너스포인트와 빅포인트 중 높은 적립률의 포인트가 적립됩니다.
적립된 빅포인트는 보너스포인트, 서비스포인트, 멤버십리워즈와 합산하여 사용할 수 있습니다.
빅포인트의 유효기간은 5년으로, 유효기간 만료 시 월 단위로 자동 소멸됩니다.
2014년 4월 30일까지 적립된 빅포인트의 유효기간은 3년으로 적용됩니다."
ABP1384_B0008,ABP1384,주요혜택,포인트 적립,서비스안내,슈퍼마켓/생활잡화,3,,포인트,0.8,%,"이마트(에브리데이, 트레이더스 포함), 홈플러스, 롯데마트, 빅마켓",연간 이용금액 300만원 이상,3000000,,,,,,,,,2026-06-08 06:03:28,슈퍼마켓/생활잡화 0.8% 적립,"[서비스안내]
업종 및 연간 이용금액에 따라 0.2%~0.8% 빅포인트 적립

[대상점]
일반 가맹점
음식점 : 한식, 양식, 일식, 중식, 뷔페, 패밀리레스토랑, 간이음식점, 패스트푸드 등 모든 음식점
주유 : 전국 주유소 및 LPG충전소
할인점 : 이마트(에브리데이, 트레이더스 포함), 홈플러스, 롯데마트, 빅마켓

[적립기준]
<table class=""benefit-table""><tr><th>구분</th><th>연간 이용금액 300 만원 미만</th><th>연간 이용금액 300 만원 이상</th></tr><tr><th>일반 가맹점</th><td>0.2%</td><td>0.4%</td></tr><tr><th>음식점, 주유, 할인점</th><td>0.4%</td><td>0.8%</td></tr></table>

[이용조건]
연간 이용금액은 본인이 발급받은 해당 카드 이용금액을 기준으로 산정(연 기준 : 카드 최초 발급월~1년)
매년 카드 최초 발급월 기준으로 이용금액이 300만원 이상일 경우 다음 날부터 상향된 적립률 적용

[적립 제외 대상]
법인공용카드, 무이자할부, 다이어트할부, 삼성카드 할인이 적용된 일시불 및 할부 이용금액, 고용/산재보험 및 장애인 고용부담금, 국세/지방세/공과금, 대학 등록금, 대중교통, 택시, 선불카드 충전(삼성유포인트카드, 삼성전자 멤버십 BLUE 삼성선불카드, 삼성올앳카드), 휴대폰알림서비스(S.InfoCare), 스마트오토서비스, 이마트 이클럽 등의 이용금액

[유의사항]
삼성카드 가맹점 업종 분류 기준에 의한 등록 가맹점에 한합니다. 해당 가맹점이 실제 등록한 업종에 따라 적립률이 다르게 적용됩니다. 이마트 에브리데이 상품공급점 결제건은 제외됩니다. 일부 임대매장 및 식품매장 결제건은 제외됩니다. 보너스클럽 이용 시 보너스포인트와 빅포인트 중 높은 적립률의 포인트가 적립됩니다. 적립된 빅포인트는 보너스포인트, 서비스포인트, 멤버십리워즈와 합산하여 사용할 수 있습니다. 빅포인트의 유효기간은 5년으로, 유효기간 만료 시 월 단위로 자동 소멸됩니다. 2014년 4월 30일까지 적립된 빅포인트의 유효기간은 3년으로 적용됩니다.
해당 가맹점이 실제 등록한 업종에 따라 적립률이 다르게 적용됩니다.
이마트 에브리데이 상품공급점 결제건은 제외됩니다.
일부 임대매장 및 식품매장 결제건은 제외됩니다.
보너스클럽 이용 시 보너스포인트와 빅포인트 중 높은 적립률의 포인트가 적립됩니다.
적립된 빅포인트는 보너스포인트, 서비스포인트, 멤버십리워즈와 합산하여 사용할 수 있습니다.
빅포인트의 유효기간은 5년으로, 유효기간 만료 시 월 단위로 자동 소멸됩니다.
2014년 4월 30일까지 적립된 빅포인트의 유효기간은 3년으로 적용됩니다."
ABP1384_B0009,ABP1384,주요혜택,놀이공원 할인,서비스 안내,레저/스포츠,9,Offline,할인,50,%,"에버랜드, 롯데월드, 서울랜드, 통도환타지아, 대전오월드, 경주월드, 이월드",직전 3개월 월평균 일시불 및 할부 이용금액 30만원 이상,300000,,,,5,,,,,2026-06-08 06:03:28,레저/스포츠 50% 할인,"[서비스 안내]
놀이공원 자유이용권 50% ·워터파크 입장권 30% 현장할인

[할인기준]
<table class=""benefit-table""><tr><th>대상점</th><th>서비스내용</th></tr><tr><th>에버랜드</th><td>자유이용권 50% 현장할인 홈페이지 예매 할인 가능(제휴 할인 카드 선택) 예약하기</td></tr><tr><th>롯데월드</th><td>자유이용권 50% 현장할인 홈페이지 예매 할인 가능(제휴 할인 카드 선택) 예약하기</td></tr><tr><th>서울랜드, 통도환타지아, 대전오월드, 경주월드</th><td>자유이용권 50% 현장할인</td></tr><tr><th>이월드</th><td>자유이용권 50% 현장할인 또는 무료 입장</td></tr><tr><th>캐리비안베이, 아쿠아환타지아, 캘리포니아비치</th><td>입장권 30% 현장할인</td></tr><tr><th>중흥골드스파, 디오션리조트 워터파크, 스파밸리</th><td>입장권 30% 현장할인(동반 1인 포함)</td></tr></table>

[이용조건]
직전 3개월 월평균 일시불 및 할부 이용금액 30 만원 이상 시 제공
아래의 경우, 발급월+2개월까지는 이용금액에 관계없이 1회 제공 삼성카드 신규 회원 직전 3개월 동안 무실적 회원이 카드를 추가·교체 발급한 경우
삼성카드 신규 회원
직전 3개월 동안 무실적 회원이 카드를 추가·교체 발급한 경우
카드당 통합 일 1 회, 연 5 회 제공
연 기준 : 1.1~12.31"
ABP1384_B0010,ABP1384,주요혜택,놀이공원 할인,서비스 안내,레저/스포츠,9,Offline,할인,30,%,"캐리비안베이, 아쿠아환타지아, 캘리포니아비치, 중흥골드스파, 디오션리조트 워터파크, 스파밸리",직전 3개월 월평균 일시불 및 할부 이용금액 30만원 이상,300000,,,,5,,,,,2026-06-08 06:03:28,레저/스포츠 30% 할인,"[서비스 안내]
놀이공원 자유이용권 50% ·워터파크 입장권 30% 현장할인

[할인기준]
<table class=""benefit-table""><tr><th>대상점</th><th>서비스내용</th></tr><tr><th>에버랜드</th><td>자유이용권 50% 현장할인 홈페이지 예매 할인 가능(제휴 할인 카드 선택) 예약하기</td></tr><tr><th>롯데월드</th><td>자유이용권 50% 현장할인 홈페이지 예매 할인 가능(제휴 할인 카드 선택) 예약하기</td></tr><tr><th>서울랜드, 통도환타지아, 대전오월드, 경주월드</th><td>자유이용권 50% 현장할인</td></tr><tr><th>이월드</th><td>자유이용권 50% 현장할인 또는 무료 입장</td></tr><tr><th>캐리비안베이, 아쿠아환타지아, 캘리포니아비치</th><td>입장권 30% 현장할인</td></tr><tr><th>중흥골드스파, 디오션리조트 워터파크, 스파밸리</th><td>입장권 30% 현장할인(동반 1인 포함)</td></tr></table>

[이용조건]
직전 3개월 월평균 일시불 및 할부 이용금액 30 만원 이상 시 제공
아래의 경우, 발급월+2개월까지는 이용금액에 관계없이 1회 제공 삼성카드 신규 회원 직전 3개월 동안 무실적 회원이 카드를 추가·교체 발급한 경우
삼성카드 신규 회원
직전 3개월 동안 무실적 회원이 카드를 추가·교체 발급한 경우
카드당 통합 일 1 회, 연 5 회 제공
연 기준 : 1.1~12.31"
ABP1384_B0011,ABP1384,주요혜택,CGV 할인,서비스 안내,문화/엔터,11,Offline,할인,3000,원,CGV,직전 3개월 월평균 일시불 및 할부 이용금액 30만원 이상,300000,,5000,,3,,,,,2026-06-08 06:03:28,문화/엔터 3천원 할인,"[서비스 안내]
CGV 현장에서 5,000원 이상 결제시 3,000원 현장할인

[이용조건]
직전 3 개월 월평균 일시불 및 할부 이용금액 30 만원 이상 시 제공
아래의 경우, 발급월 +2 개월간 1 회 제공 삼성카드 신규 회원 직전 3 개월 동안 무실적 회원이 카드를 추가·교체 발급한 경우
삼성카드 신규 회원
직전 3 개월 동안 무실적 회원이 카드를 추가·교체 발급한 경우
통합 일 1 회, 연 3 회 제공
연 기준 : 1.1~12.31"
ABP1384_B0012,ABP1384,주요혜택,CGV 할인,서비스 안내,문화/엔터,11,Online,할인,3000,원,CGV,직전 3개월 월평균 일시불 및 할부 이용금액 30만원 이상,300000,,5000,,3,,,,,2026-06-08 06:03:28,문화/엔터 3천원 할인,"[서비스 안내]
CGV 홈페이지 및 앱을 통해 5,000 원 이상 결제 시 3,000원 즉시할인

[이용조건]
일 1 회, 연 3 회 제공
직전 3 개월 월평균 일시불 및 할부 이용금액 30 만원 이상 시 제공
아래의 경우, 발급월+ 2 개월까지는 이용금액에 관계없이 1 회 제공 삼성카드 신규 회원 직전 3 개월 동안 무실적 회원이 카드를 추가·교체 발급한 경우
삼성카드 신규 회원
직전 3 개월 동안 무실적 회원이 카드를 추가·교체 발급한 경우

[유의사항]
예매 대행사이트 이용 시 즉시할인이 적용되지 않습니다.
삼성카드의 다른 혜택과 중복 적용되지 않으며,할인 혜택이 큰 금액만 적용됩니다."
ABP1384_B0013,ABP1384,주요혜택,후불교통 서비스,후불교통 서비스,대중교통/택시,5,,서비스,,,,,,,,,,,,,,2026-06-08 06:03:28,후불교통 서비스,"[서비스안내]
후불교통카드 기능 제공

[제공기준]
발급대상 : 만 19 세 이상(연체 등 신용상태에 따라 이용 제한 가능)
후불교통 이용금액 청구방식(결제일 25 일 기준 : 전월 13 일~해당월 12 일) 2015년 2 월 23 일 이후 발급 시 : 체크카드 결제계좌로 해당월 25 일에 청구 2015 년 2 월 22 일 이전 발급 시 : 신용카드 보유 시 신용카드 결제일에 결제계좌로 통합 청구되며, 체크카드만 보유 시 최초 발급받은 체크카드 결제계좌로 해당월 25 일에 청구
2015년 2 월 23 일 이후 발급 시 : 체크카드 결제계좌로 해당월 25 일에 청구
2015 년 2 월 22 일 이전 발급 시 : 신용카드 보유 시 신용카드 결제일에 결제계좌로 통합 청구되며, 체크카드만 보유 시 최초 발급받은 체크카드 결제계좌로 해당월 25 일에 청구

[유의사항]
택시 이용건은 제외됩니다.
후불교통 이용금액 연체 시 신용상 불이익을 받을 수 있습니다."
AAP1742_B0001,AAP1742,주요혜택,Needs & Identity 옵션서비스,온라인패션·오늘의집 30% 할인 옵션 서비스안내,패션/뷰티,2,Online,할인,30,%,"무신사, W컨셉, Nike.com, SSF",,300000,,,,,10000,원,,,2026-06-08 06:04:24,패션/뷰티 30% 할인,"[서비스안내]
옵션 선택 시 해당 옵션에 따른 할인 혜택 제공(택1) 온라인패션·오늘의집 30% 할인 스타벅스 50% , 교보문고·스트리밍 30% 할인
온라인패션·오늘의집 30% 할인
스타벅스 50% , 교보문고·스트리밍 30% 할인

[이용방법]
모니모 앱, 삼성카드 홈페이지( PC , 모바일)·앱을 통해 매월 변경 가능 변경 신청 다음 달 1일에 자동 반영
변경 신청 다음 달 1일에 자동 반영

[이용조건]
전월 이용금액 30 만원 이상 시 제공
발급월 + 1개월까지는 전월 이용금액 30만원 미만시에도 제공

[온라인패션·오늘의집 30% 할인 옵션 서비스안내]
온라인패션·오늘의집 30% 결제일할인

[대상점]
<table class=""benefit-table""><tr><th>업종</th><th>할인 대상</th></tr><tr><td>온라인패션</td><td>무신사, W컨셉, Nike.com, SSF</td></tr><tr><td>오늘의집</td><td>오늘의집</td></tr></table>
통합 월 할인한도 : 10,000 원

[할인 제외 대상]
무이자할부, 삼성카드 할인이 적용된 일시불 및 할부 이용금액, 기프트/선불카드(포인트, 사이버머니 등 전자지급수단 포함) 구매 및 충전, 상품권 구매 건

[유의사항]
공식 홈페이지·앱을 통한 결제건에 한함

[스타벅스 50% , 교보문고·스트리밍 30% 할인 옵션 서비스안내]
스타벅스 50% , 교보문고·스트리밍 30% 결제일할인
<table class=""benefit-table""><tr><th>업종</th><th>할인 대상</th></tr><tr><td>스타벅스</td><td>스타벅스</td></tr><tr><td>교보문고</td><td>교보문고 온라인 결제건</td></tr><tr><td>스트리밍</td><td>넷플릭스, 웨이브, 티빙, 왓챠, 멜론, FLO 정기결제건</td></tr></table>
교보문고는 공식 홈페이지·앱을 통한 결제건에 한함
스트리밍은 앱스토어를 통한 결제건(인앱 결제) 제외

[공통 유의사항]
선택한 옵션에 대해서만 제공
전월 이용금액이란, 매월 1일부터 말일까지 이용한 일시불 및 할부 이용금액(단기카드대출(현금서비스), 장기카드대출(카드론), 각종 수수료 및 이자(할부수수료, 카드대출 이자 등), 연체료, 연회비 납부건은 일시불 및 할부 이용금액에 해당되지 않음)
전월 이용금액 산정 시, 이동통신요금·아파트 관리비 10% 할인/대중교통·택시 10% 할인/배달앱 10% 할인/온라인패션·오늘의집 30% 할인/스타벅스 50% , 교보문고·스트리밍 30% 할인/온라인쇼핑몰 7% 할인/편의점·다이소·올리브영 7% 할인/해외 7% 할인 혜택이 제공된 전체 이용금액, 건강보험/국민연금/고용보험/산재보험 및 장애인 고용부담금, 국세/지방세/공과금, 초·중·고등학교 학교납입금, 대학 등록금, 대중교통, 택시, 아파트 관리비, 부동산 임대료, 기프트/선불카드(포인트, 사이버머니 등 전자지급수단 포함) 구매 및 충전, 상품권 구매건은  제외
삼성카드의 다른 결제일할인 혜택과 중복 적용되지 않으며, 할인 혜택이 큰 금액만 적용
삼성카드 가맹점 업종 분류 기준에 의한 등록 가맹점에 한함
할인 혜택 및 전월 이용금액 산정은 승인 시점 기준으로 적용. 다만, 해외 결제건 및 무승인 결제건(예 : 대중교통, 이동통신 등 자동납부 결제건 등)은 매출전표 접수 시점 기준으로 적용
자체 가맹점번호로 승인 처리되는 일부 결제건(간편결제, 키오스크 등)은 할인 대상에서 제외
삼성카드는 아래 항목을 공과금으로 분류함 전기요금, 사회보험료(건강보험/국민연금/고용보험/산재보험), 우편요금, 도시가스요금, 여권 발급비용, 상하수도요금, 과태료, 범칙금, 벌금, 국가·공공기관·공공단체(지방자치단체, 공공조합, 영조물, 공재단)에서 개설한 가맹점 이용금액
전기요금, 사회보험료(건강보험/국민연금/고용보험/산재보험), 우편요금, 도시가스요금, 여권 발급비용, 상하수도요금, 과태료, 범칙금, 벌금, 국가·공공기관·공공단체(지방자치단체, 공공조합, 영조물, 공재단)에서 개설한 가맹점 이용금액
결제 취소건의 경우, 매출취소전표 접수월의 이용금액에서 차감 반영 포인트가 적립된 결제건이 취소될 경우, 해당 포인트는 보유 포인트에서 자동 차감되며, 포인트 부족 시 카드 결제계좌에서 자동 출금
포인트가 적립된 결제건이 취소될 경우, 해당 포인트는 보유 포인트에서 자동 차감되며, 포인트 부족 시 카드 결제계좌에서 자동 출금"
AAP1742_B0002,AAP1742,주요혜택,Needs & Identity 옵션서비스,온라인패션·오늘의집 30% 할인 옵션 서비스안내,온라인쇼핑,1,Online,할인,30,%,오늘의집,,300000,,,,,10000,원,,,2026-06-08 06:04:24,온라인쇼핑 30% 할인,"[서비스안내]
옵션 선택 시 해당 옵션에 따른 할인 혜택 제공(택1) 온라인패션·오늘의집 30% 할인 스타벅스 50% , 교보문고·스트리밍 30% 할인
온라인패션·오늘의집 30% 할인
스타벅스 50% , 교보문고·스트리밍 30% 할인

[이용방법]
모니모 앱, 삼성카드 홈페이지( PC , 모바일)·앱을 통해 매월 변경 가능 변경 신청 다음 달 1일에 자동 반영
변경 신청 다음 달 1일에 자동 반영

[이용조건]
전월 이용금액 30 만원 이상 시 제공
발급월 + 1개월까지는 전월 이용금액 30만원 미만시에도 제공

[온라인패션·오늘의집 30% 할인 옵션 서비스안내]
온라인패션·오늘의집 30% 결제일할인

[대상점]
<table class=""benefit-table""><tr><th>업종</th><th>할인 대상</th></tr><tr><td>온라인패션</td><td>무신사, W컨셉, Nike.com, SSF</td></tr><tr><td>오늘의집</td><td>오늘의집</td></tr></table>
통합 월 할인한도 : 10,000 원

[할인 제외 대상]
무이자할부, 삼성카드 할인이 적용된 일시불 및 할부 이용금액, 기프트/선불카드(포인트, 사이버머니 등 전자지급수단 포함) 구매 및 충전, 상품권 구매 건

[유의사항]
공식 홈페이지·앱을 통한 결제건에 한함

[스타벅스 50% , 교보문고·스트리밍 30% 할인 옵션 서비스안내]
스타벅스 50% , 교보문고·스트리밍 30% 결제일할인
<table class=""benefit-table""><tr><th>업종</th><th>할인 대상</th></tr><tr><td>스타벅스</td><td>스타벅스</td></tr><tr><td>교보문고</td><td>교보문고 온라인 결제건</td></tr><tr><td>스트리밍</td><td>넷플릭스, 웨이브, 티빙, 왓챠, 멜론, FLO 정기결제건</td></tr></table>
교보문고는 공식 홈페이지·앱을 통한 결제건에 한함
스트리밍은 앱스토어를 통한 결제건(인앱 결제) 제외

[공통 유의사항]
선택한 옵션에 대해서만 제공
전월 이용금액이란, 매월 1일부터 말일까지 이용한 일시불 및 할부 이용금액(단기카드대출(현금서비스), 장기카드대출(카드론), 각종 수수료 및 이자(할부수수료, 카드대출 이자 등), 연체료, 연회비 납부건은 일시불 및 할부 이용금액에 해당되지 않음)
전월 이용금액 산정 시, 이동통신요금·아파트 관리비 10% 할인/대중교통·택시 10% 할인/배달앱 10% 할인/온라인패션·오늘의집 30% 할인/스타벅스 50% , 교보문고·스트리밍 30% 할인/온라인쇼핑몰 7% 할인/편의점·다이소·올리브영 7% 할인/해외 7% 할인 혜택이 제공된 전체 이용금액, 건강보험/국민연금/고용보험/산재보험 및 장애인 고용부담금, 국세/지방세/공과금, 초·중·고등학교 학교납입금, 대학 등록금, 대중교통, 택시, 아파트 관리비, 부동산 임대료, 기프트/선불카드(포인트, 사이버머니 등 전자지급수단 포함) 구매 및 충전, 상품권 구매건은  제외
삼성카드의 다른 결제일할인 혜택과 중복 적용되지 않으며, 할인 혜택이 큰 금액만 적용
삼성카드 가맹점 업종 분류 기준에 의한 등록 가맹점에 한함
할인 혜택 및 전월 이용금액 산정은 승인 시점 기준으로 적용. 다만, 해외 결제건 및 무승인 결제건(예 : 대중교통, 이동통신 등 자동납부 결제건 등)은 매출전표 접수 시점 기준으로 적용
자체 가맹점번호로 승인 처리되는 일부 결제건(간편결제, 키오스크 등)은 할인 대상에서 제외
삼성카드는 아래 항목을 공과금으로 분류함 전기요금, 사회보험료(건강보험/국민연금/고용보험/산재보험), 우편요금, 도시가스요금, 여권 발급비용, 상하수도요금, 과태료, 범칙금, 벌금, 국가·공공기관·공공단체(지방자치단체, 공공조합, 영조물, 공재단)에서 개설한 가맹점 이용금액
전기요금, 사회보험료(건강보험/국민연금/고용보험/산재보험), 우편요금, 도시가스요금, 여권 발급비용, 상하수도요금, 과태료, 범칙금, 벌금, 국가·공공기관·공공단체(지방자치단체, 공공조합, 영조물, 공재단)에서 개설한 가맹점 이용금액
결제 취소건의 경우, 매출취소전표 접수월의 이용금액에서 차감 반영 포인트가 적립된 결제건이 취소될 경우, 해당 포인트는 보유 포인트에서 자동 차감되며, 포인트 부족 시 카드 결제계좌에서 자동 출금
포인트가 적립된 결제건이 취소될 경우, 해당 포인트는 보유 포인트에서 자동 차감되며, 포인트 부족 시 카드 결제계좌에서 자동 출금"
AAP1742_B0003,AAP1742,주요혜택,Needs & Identity 옵션서비스,"스타벅스 50% , 교보문고·스트리밍 30% 할인 옵션 서비스안내",카페/베이커리,14,Online,할인,50,%,스타벅스,,300000,,,,,,,,,2026-06-08 06:04:24,카페/베이커리 50% 할인,"[서비스안내]
옵션 선택 시 해당 옵션에 따른 할인 혜택 제공(택1) 온라인패션·오늘의집 30% 할인 스타벅스 50% , 교보문고·스트리밍 30% 할인
온라인패션·오늘의집 30% 할인
스타벅스 50% , 교보문고·스트리밍 30% 할인

[이용방법]
모니모 앱, 삼성카드 홈페이지( PC , 모바일)·앱을 통해 매월 변경 가능 변경 신청 다음 달 1일에 자동 반영
변경 신청 다음 달 1일에 자동 반영

[이용조건]
전월 이용금액 30 만원 이상 시 제공
발급월 + 1개월까지는 전월 이용금액 30만원 미만시에도 제공

[온라인패션·오늘의집 30% 할인 옵션 서비스안내]
온라인패션·오늘의집 30% 결제일할인

[대상점]
<table class=""benefit-table""><tr><th>업종</th><th>할인 대상</th></tr><tr><td>온라인패션</td><td>무신사, W컨셉, Nike.com, SSF</td></tr><tr><td>오늘의집</td><td>오늘의집</td></tr></table>
통합 월 할인한도 : 10,000 원

[할인 제외 대상]
무이자할부, 삼성카드 할인이 적용된 일시불 및 할부 이용금액, 기프트/선불카드(포인트, 사이버머니 등 전자지급수단 포함) 구매 및 충전, 상품권 구매 건

[유의사항]
공식 홈페이지·앱을 통한 결제건에 한함

[스타벅스 50% , 교보문고·스트리밍 30% 할인 옵션 서비스안내]
스타벅스 50% , 교보문고·스트리밍 30% 결제일할인
<table class=""benefit-table""><tr><th>업종</th><th>할인 대상</th></tr><tr><td>스타벅스</td><td>스타벅스</td></tr><tr><td>교보문고</td><td>교보문고 온라인 결제건</td></tr><tr><td>스트리밍</td><td>넷플릭스, 웨이브, 티빙, 왓챠, 멜론, FLO 정기결제건</td></tr></table>
교보문고는 공식 홈페이지·앱을 통한 결제건에 한함
스트리밍은 앱스토어를 통한 결제건(인앱 결제) 제외

[공통 유의사항]
선택한 옵션에 대해서만 제공
전월 이용금액이란, 매월 1일부터 말일까지 이용한 일시불 및 할부 이용금액(단기카드대출(현금서비스), 장기카드대출(카드론), 각종 수수료 및 이자(할부수수료, 카드대출 이자 등), 연체료, 연회비 납부건은 일시불 및 할부 이용금액에 해당되지 않음)
전월 이용금액 산정 시, 이동통신요금·아파트 관리비 10% 할인/대중교통·택시 10% 할인/배달앱 10% 할인/온라인패션·오늘의집 30% 할인/스타벅스 50% , 교보문고·스트리밍 30% 할인/온라인쇼핑몰 7% 할인/편의점·다이소·올리브영 7% 할인/해외 7% 할인 혜택이 제공된 전체 이용금액, 건강보험/국민연금/고용보험/산재보험 및 장애인 고용부담금, 국세/지방세/공과금, 초·중·고등학교 학교납입금, 대학 등록금, 대중교통, 택시, 아파트 관리비, 부동산 임대료, 기프트/선불카드(포인트, 사이버머니 등 전자지급수단 포함) 구매 및 충전, 상품권 구매건은  제외
삼성카드의 다른 결제일할인 혜택과 중복 적용되지 않으며, 할인 혜택이 큰 금액만 적용
삼성카드 가맹점 업종 분류 기준에 의한 등록 가맹점에 한함
할인 혜택 및 전월 이용금액 산정은 승인 시점 기준으로 적용. 다만, 해외 결제건 및 무승인 결제건(예 : 대중교통, 이동통신 등 자동납부 결제건 등)은 매출전표 접수 시점 기준으로 적용
자체 가맹점번호로 승인 처리되는 일부 결제건(간편결제, 키오스크 등)은 할인 대상에서 제외
삼성카드는 아래 항목을 공과금으로 분류함 전기요금, 사회보험료(건강보험/국민연금/고용보험/산재보험), 우편요금, 도시가스요금, 여권 발급비용, 상하수도요금, 과태료, 범칙금, 벌금, 국가·공공기관·공공단체(지방자치단체, 공공조합, 영조물, 공재단)에서 개설한 가맹점 이용금액
전기요금, 사회보험료(건강보험/국민연금/고용보험/산재보험), 우편요금, 도시가스요금, 여권 발급비용, 상하수도요금, 과태료, 범칙금, 벌금, 국가·공공기관·공공단체(지방자치단체, 공공조합, 영조물, 공재단)에서 개설한 가맹점 이용금액
결제 취소건의 경우, 매출취소전표 접수월의 이용금액에서 차감 반영 포인트가 적립된 결제건이 취소될 경우, 해당 포인트는 보유 포인트에서 자동 차감되며, 포인트 부족 시 카드 결제계좌에서 자동 출금
포인트가 적립된 결제건이 취소될 경우, 해당 포인트는 보유 포인트에서 자동 차감되며, 포인트 부족 시 카드 결제계좌에서 자동 출금"
AAP1742_B0004,AAP1742,주요혜택,Needs & Identity 옵션서비스,"스타벅스 50% , 교보문고·스트리밍 30% 할인 옵션 서비스안내",문화/엔터,11,Online,할인,30,%,교보문고 온라인 결제건,,300000,,,,,10000,원,,,2026-06-08 06:04:24,문화/엔터 30% 할인,"[서비스안내]
옵션 선택 시 해당 옵션에 따른 할인 혜택 제공(택1) 온라인패션·오늘의집 30% 할인 스타벅스 50% , 교보문고·스트리밍 30% 할인
온라인패션·오늘의집 30% 할인
스타벅스 50% , 교보문고·스트리밍 30% 할인

[이용방법]
모니모 앱, 삼성카드 홈페이지( PC , 모바일)·앱을 통해 매월 변경 가능 변경 신청 다음 달 1일에 자동 반영
변경 신청 다음 달 1일에 자동 반영

[이용조건]
전월 이용금액 30 만원 이상 시 제공
발급월 + 1개월까지는 전월 이용금액 30만원 미만시에도 제공

[온라인패션·오늘의집 30% 할인 옵션 서비스안내]
온라인패션·오늘의집 30% 결제일할인

[대상점]
<table class=""benefit-table""><tr><th>업종</th><th>할인 대상</th></tr><tr><td>온라인패션</td><td>무신사, W컨셉, Nike.com, SSF</td></tr><tr><td>오늘의집</td><td>오늘의집</td></tr></table>
통합 월 할인한도 : 10,000 원

[할인 제외 대상]
무이자할부, 삼성카드 할인이 적용된 일시불 및 할부 이용금액, 기프트/선불카드(포인트, 사이버머니 등 전자지급수단 포함) 구매 및 충전, 상품권 구매 건

[유의사항]
공식 홈페이지·앱을 통한 결제건에 한함

[스타벅스 50% , 교보문고·스트리밍 30% 할인 옵션 서비스안내]
스타벅스 50% , 교보문고·스트리밍 30% 결제일할인
<table class=""benefit-table""><tr><th>업종</th><th>할인 대상</th></tr><tr><td>스타벅스</td><td>스타벅스</td></tr><tr><td>교보문고</td><td>교보문고 온라인 결제건</td></tr><tr><td>스트리밍</td><td>넷플릭스, 웨이브, 티빙, 왓챠, 멜론, FLO 정기결제건</td></tr></table>
교보문고는 공식 홈페이지·앱을 통한 결제건에 한함
스트리밍은 앱스토어를 통한 결제건(인앱 결제) 제외

[공통 유의사항]
선택한 옵션에 대해서만 제공
전월 이용금액이란, 매월 1일부터 말일까지 이용한 일시불 및 할부 이용금액(단기카드대출(현금서비스), 장기카드대출(카드론), 각종 수수료 및 이자(할부수수료, 카드대출 이자 등), 연체료, 연회비 납부건은 일시불 및 할부 이용금액에 해당되지 않음)
전월 이용금액 산정 시, 이동통신요금·아파트 관리비 10% 할인/대중교통·택시 10% 할인/배달앱 10% 할인/온라인패션·오늘의집 30% 할인/스타벅스 50% , 교보문고·스트리밍 30% 할인/온라인쇼핑몰 7% 할인/편의점·다이소·올리브영 7% 할인/해외 7% 할인 혜택이 제공된 전체 이용금액, 건강보험/국민연금/고용보험/산재보험 및 장애인 고용부담금, 국세/지방세/공과금, 초·중·고등학교 학교납입금, 대학 등록금, 대중교통, 택시, 아파트 관리비, 부동산 임대료, 기프트/선불카드(포인트, 사이버머니 등 전자지급수단 포함) 구매 및 충전, 상품권 구매건은  제외
삼성카드의 다른 결제일할인 혜택과 중복 적용되지 않으며, 할인 혜택이 큰 금액만 적용
삼성카드 가맹점 업종 분류 기준에 의한 등록 가맹점에 한함
할인 혜택 및 전월 이용금액 산정은 승인 시점 기준으로 적용. 다만, 해외 결제건 및 무승인 결제건(예 : 대중교통, 이동통신 등 자동납부 결제건 등)은 매출전표 접수 시점 기준으로 적용
자체 가맹점번호로 승인 처리되는 일부 결제건(간편결제, 키오스크 등)은 할인 대상에서 제외
삼성카드는 아래 항목을 공과금으로 분류함 전기요금, 사회보험료(건강보험/국민연금/고용보험/산재보험), 우편요금, 도시가스요금, 여권 발급비용, 상하수도요금, 과태료, 범칙금, 벌금, 국가·공공기관·공공단체(지방자치단체, 공공조합, 영조물, 공재단)에서 개설한 가맹점 이용금액
전기요금, 사회보험료(건강보험/국민연금/고용보험/산재보험), 우편요금, 도시가스요금, 여권 발급비용, 상하수도요금, 과태료, 범칙금, 벌금, 국가·공공기관·공공단체(지방자치단체, 공공조합, 영조물, 공재단)에서 개설한 가맹점 이용금액
결제 취소건의 경우, 매출취소전표 접수월의 이용금액에서 차감 반영 포인트가 적립된 결제건이 취소될 경우, 해당 포인트는 보유 포인트에서 자동 차감되며, 포인트 부족 시 카드 결제계좌에서 자동 출금
포인트가 적립된 결제건이 취소될 경우, 해당 포인트는 보유 포인트에서 자동 차감되며, 포인트 부족 시 카드 결제계좌에서 자동 출금"
AAP1742_B0005,AAP1742,주요혜택,Needs & Identity 옵션서비스,"스타벅스 50% , 교보문고·스트리밍 30% 할인 옵션 서비스안내",구독/스트리밍,8,Online,할인,30,%,"넷플릭스, 웨이브, 티빙, 왓챠, 멜론, FLO",,300000,,,,,10000,원,,,2026-06-08 06:04:24,구독/스트리밍 30% 할인,"[서비스안내]
옵션 선택 시 해당 옵션에 따른 할인 혜택 제공(택1) 온라인패션·오늘의집 30% 할인 스타벅스 50% , 교보문고·스트리밍 30% 할인
온라인패션·오늘의집 30% 할인
스타벅스 50% , 교보문고·스트리밍 30% 할인

[이용방법]
모니모 앱, 삼성카드 홈페이지( PC , 모바일)·앱을 통해 매월 변경 가능 변경 신청 다음 달 1일에 자동 반영
변경 신청 다음 달 1일에 자동 반영

[이용조건]
전월 이용금액 30 만원 이상 시 제공
발급월 + 1개월까지는 전월 이용금액 30만원 미만시에도 제공

[온라인패션·오늘의집 30% 할인 옵션 서비스안내]
온라인패션·오늘의집 30% 결제일할인

[대상점]
<table class=""benefit-table""><tr><th>업종</th><th>할인 대상</th></tr><tr><td>온라인패션</td><td>무신사, W컨셉, Nike.com, SSF</td></tr><tr><td>오늘의집</td><td>오늘의집</td></tr></table>
통합 월 할인한도 : 10,000 원

[할인 제외 대상]
무이자할부, 삼성카드 할인이 적용된 일시불 및 할부 이용금액, 기프트/선불카드(포인트, 사이버머니 등 전자지급수단 포함) 구매 및 충전, 상품권 구매 건

[유의사항]
공식 홈페이지·앱을 통한 결제건에 한함

[스타벅스 50% , 교보문고·스트리밍 30% 할인 옵션 서비스안내]
스타벅스 50% , 교보문고·스트리밍 30% 결제일할인
<table class=""benefit-table""><tr><th>업종</th><th>할인 대상</th></tr><tr><td>스타벅스</td><td>스타벅스</td></tr><tr><td>교보문고</td><td>교보문고 온라인 결제건</td></tr><tr><td>스트리밍</td><td>넷플릭스, 웨이브, 티빙, 왓챠, 멜론, FLO 정기결제건</td></tr></table>
교보문고는 공식 홈페이지·앱을 통한 결제건에 한함
스트리밍은 앱스토어를 통한 결제건(인앱 결제) 제외

[공통 유의사항]
선택한 옵션에 대해서만 제공
전월 이용금액이란, 매월 1일부터 말일까지 이용한 일시불 및 할부 이용금액(단기카드대출(현금서비스), 장기카드대출(카드론), 각종 수수료 및 이자(할부수수료, 카드대출 이자 등), 연체료, 연회비 납부건은 일시불 및 할부 이용금액에 해당되지 않음)
전월 이용금액 산정 시, 이동통신요금·아파트 관리비 10% 할인/대중교통·택시 10% 할인/배달앱 10% 할인/온라인패션·오늘의집 30% 할인/스타벅스 50% , 교보문고·스트리밍 30% 할인/온라인쇼핑몰 7% 할인/편의점·다이소·올리브영 7% 할인/해외 7% 할인 혜택이 제공된 전체 이용금액, 건강보험/국민연금/고용보험/산재보험 및 장애인 고용부담금, 국세/지방세/공과금, 초·중·고등학교 학교납입금, 대학 등록금, 대중교통, 택시, 아파트 관리비, 부동산 임대료, 기프트/선불카드(포인트, 사이버머니 등 전자지급수단 포함) 구매 및 충전, 상품권 구매건은  제외
삼성카드의 다른 결제일할인 혜택과 중복 적용되지 않으며, 할인 혜택이 큰 금액만 적용
삼성카드 가맹점 업종 분류 기준에 의한 등록 가맹점에 한함
할인 혜택 및 전월 이용금액 산정은 승인 시점 기준으로 적용. 다만, 해외 결제건 및 무승인 결제건(예 : 대중교통, 이동통신 등 자동납부 결제건 등)은 매출전표 접수 시점 기준으로 적용
자체 가맹점번호로 승인 처리되는 일부 결제건(간편결제, 키오스크 등)은 할인 대상에서 제외
삼성카드는 아래 항목을 공과금으로 분류함 전기요금, 사회보험료(건강보험/국민연금/고용보험/산재보험), 우편요금, 도시가스요금, 여권 발급비용, 상하수도요금, 과태료, 범칙금, 벌금, 국가·공공기관·공공단체(지방자치단체, 공공조합, 영조물, 공재단)에서 개설한 가맹점 이용금액
전기요금, 사회보험료(건강보험/국민연금/고용보험/산재보험), 우편요금, 도시가스요금, 여권 발급비용, 상하수도요금, 과태료, 범칙금, 벌금, 국가·공공기관·공공단체(지방자치단체, 공공조합, 영조물, 공재단)에서 개설한 가맹점 이용금액
결제 취소건의 경우, 매출취소전표 접수월의 이용금액에서 차감 반영 포인트가 적립된 결제건이 취소될 경우, 해당 포인트는 보유 포인트에서 자동 차감되며, 포인트 부족 시 카드 결제계좌에서 자동 출금
포인트가 적립된 결제건이 취소될 경우, 해당 포인트는 보유 포인트에서 자동 차감되며, 포인트 부족 시 카드 결제계좌에서 자동 출금"
AAP1742_B0006,AAP1742,주요혜택,My Shopping 옵션서비스,온라인쇼핑몰 7% 할인 옵션 서비스안내,온라인쇼핑,1,Online,할인,7,%,"쿠팡, 티몬, 위메프, SSG.COM, G마켓, 옥션, 11번가, 삼성카드 쇼핑",전월 이용금액 30만원 이상,300000,,,,,5000,원,,,2026-06-08 06:04:24,온라인쇼핑 7% 할인,"[서비스안내]
옵션 선택 시 해당 옵션에 따른 할인 혜택 제공(택1) 온라인쇼핑몰 7% 할인 편의점·다이소·올리브영 7% 할인 해외 7% 할인
온라인쇼핑몰 7% 할인
편의점·다이소·올리브영 7% 할인
해외 7% 할인

[이용방법]
모니모 앱, 삼성카드 홈페이지( PC , 모바일)·앱을 통해 매월 변경 가능 변경 신청 다음 달 1일에 자동 반영
변경 신청 다음 달 1일에 자동 반영

[이용조건]
전월 이용금액 30 만원 이상 시 제공
발급월 + 1개월까지는 전월 이용금액 30 만원 미만시에도 제공

[온라인쇼핑몰 7% 할인 옵션 서비스안내]
온라인쇼핑몰 7% 결제일할인

[대상점]
<table class=""benefit-table""><tr><th>업종</th><th>할인 대상</th></tr><tr><td>온라인쇼핑몰</td><td>쿠팡, 티몬, 위메프, SSG.COM , G마켓, 옥션, 11 번가, 삼성카드 쇼핑</td></tr></table>
통합 월 할인한도 : 5,000 원

[할인 제외 대상]
무이자할부, 삼성카드 할인이 적용된 일시불 및 할부 이용금액, 기프트/선불카드(포인트, 사이버머니 등 전자지급수단 포함) 구매 및 충전, 상품권 구매 건

[편의점·다이소·올리브영 7% 할인 옵션 서비스안내]
편의점·다이소·올리브영 7% 결제일할인
<table class=""benefit-table""><tr><th>업종</th><th>할인 대상</th></tr><tr><td>편의점</td><td>CU, GS25, 세븐일레븐, 미니스톱, 이마트 24</td></tr><tr><td>다이소</td><td>다이소</td></tr><tr><td>올리브영</td><td>올리브영</td></tr></table>

[유의사항]
오프라인 결제건에 한하며, 백화점, 할인점, 쇼핑몰 등의 임대매장은 제외

[해외 7% 할인 옵션 서비스안내]
해외 7% 결제일할인
<table class=""benefit-table""><tr><th>업종</th><th>할인 대상</th></tr><tr><td>해외</td><td>해외 가맹점 및 해외 직접구매 이용건</td></tr></table>
해외겸용카드에 한해 제공
해외 이용 시 별도의 수수료 부과. 자세한 내용은 연회비 안내 페이지 내 유의사항에서 확인

[공통 유의사항]
선택한 옵션에 대해서만 제공
전월 이용금액이란, 매월 1일부터 말일까지 이용한 일시불 및 할부 이용금액(단기카드대출(현금서비스), 장기카드대출(카드론), 각종 수수료 및 이자(할부수수료, 카드대출 이자 등), 연체료, 연회비 납부건은 일시불 및 할부 이용금액에 해당되지 않음)
전월 이용금액 산정 시, 이동통신요금·아파트 관리비 10% 할인/대중교통·택시 10% 할인/배달앱 10% 할인/온라인패션·오늘의집 30% 할인/스타벅스 50% , 교보문고·스트리밍 30% 할인/온라인쇼핑몰 7% 할인/편의점·다이소·올리브영 7% 할인/해외 7% 할인 혜택이 제공된 전체 이용금액, 건강보험/국민연금/고용보험/산재보험 및 장애인 고용부담금, 국세/지방세/공과금, 초·중·고등학교 학교납입금, 대학 등록금, 대중교통, 택시, 아파트 관리비, 부동산 임대료, 기프트/선불카드(포인트, 사이버머니 등 전자지급수단 포함) 구매 및 충전, 상품권 구매건은  제외
삼성카드의 다른 결제일할인 혜택과 중복 적용되지 않으며, 할인 혜택이 큰 금액만 적용
삼성카드 가맹점 업종 분류 기준에 의한 등록 가맹점에 한함
할인 혜택 및 전월 이용금액 산정은 승인 시점 기준으로 적용. 다만, 해외 결제건 및 무승인 결제건(예 : 대중교통, 이동통신 등 자동납부 결제건 등)은 매출전표 접수 시점 기준으로 적용
자체 가맹점번호로 승인 처리되는 일부 결제건(간편결제, 키오스크 등)은 할인 대상에서 제외
삼성카드는 아래 항목을 공과금으로 분류함 전기요금, 사회보험료(건강보험/국민연금/고용보험/산재보험), 우편요금, 도시가스요금, 여권 발급비용, 상하수도요금, 과태료, 범칙금, 벌금, 국가·공공기관·공공단체(지방자치단체, 공공조합, 영조물, 공재단)에서 개설한 가맹점 이용금액
전기요금, 사회보험료(건강보험/국민연금/고용보험/산재보험), 우편요금, 도시가스요금, 여권 발급비용, 상하수도요금, 과태료, 범칙금, 벌금, 국가·공공기관·공공단체(지방자치단체, 공공조합, 영조물, 공재단)에서 개설한 가맹점 이용금액
결제 취소건의 경우, 매출취소전표 접수월의 이용금액에서 차감 반영 포인트가 적립된 결제건이 취소될 경우, 해당 포인트는 보유 포인트에서 자동 차감되며, 포인트 부족 시 카드 결제계좌에서 자동 출금
포인트가 적립된 결제건이 취소될 경우, 해당 포인트는 보유 포인트에서 자동 차감되며, 포인트 부족 시 카드 결제계좌에서 자동 출금"
AAP1742_B0007,AAP1742,주요혜택,My Shopping 옵션서비스,편의점·다이소·올리브영 7% 할인 옵션 서비스안내,편의점,13,Offline,할인,7,%,"CU, GS25, 세븐일레븐, 미니스톱, 이마트 24",전월 이용금액 30만원 이상,300000,,,,,5000,원,,,2026-06-08 06:04:24,편의점 7% 할인,"[서비스안내]
옵션 선택 시 해당 옵션에 따른 할인 혜택 제공(택1) 온라인쇼핑몰 7% 할인 편의점·다이소·올리브영 7% 할인 해외 7% 할인
온라인쇼핑몰 7% 할인
편의점·다이소·올리브영 7% 할인
해외 7% 할인

[이용방법]
모니모 앱, 삼성카드 홈페이지( PC , 모바일)·앱을 통해 매월 변경 가능 변경 신청 다음 달 1일에 자동 반영
변경 신청 다음 달 1일에 자동 반영

[이용조건]
전월 이용금액 30 만원 이상 시 제공
발급월 + 1개월까지는 전월 이용금액 30 만원 미만시에도 제공

[온라인쇼핑몰 7% 할인 옵션 서비스안내]
온라인쇼핑몰 7% 결제일할인

[대상점]
<table class=""benefit-table""><tr><th>업종</th><th>할인 대상</th></tr><tr><td>온라인쇼핑몰</td><td>쿠팡, 티몬, 위메프, SSG.COM , G마켓, 옥션, 11 번가, 삼성카드 쇼핑</td></tr></table>
통합 월 할인한도 : 5,000 원

[할인 제외 대상]
무이자할부, 삼성카드 할인이 적용된 일시불 및 할부 이용금액, 기프트/선불카드(포인트, 사이버머니 등 전자지급수단 포함) 구매 및 충전, 상품권 구매 건

[편의점·다이소·올리브영 7% 할인 옵션 서비스안내]
편의점·다이소·올리브영 7% 결제일할인
<table class=""benefit-table""><tr><th>업종</th><th>할인 대상</th></tr><tr><td>편의점</td><td>CU, GS25, 세븐일레븐, 미니스톱, 이마트 24</td></tr><tr><td>다이소</td><td>다이소</td></tr><tr><td>올리브영</td><td>올리브영</td></tr></table>

[유의사항]
오프라인 결제건에 한하며, 백화점, 할인점, 쇼핑몰 등의 임대매장은 제외

[해외 7% 할인 옵션 서비스안내]
해외 7% 결제일할인
<table class=""benefit-table""><tr><th>업종</th><th>할인 대상</th></tr><tr><td>해외</td><td>해외 가맹점 및 해외 직접구매 이용건</td></tr></table>
해외겸용카드에 한해 제공
해외 이용 시 별도의 수수료 부과. 자세한 내용은 연회비 안내 페이지 내 유의사항에서 확인

[공통 유의사항]
선택한 옵션에 대해서만 제공
전월 이용금액이란, 매월 1일부터 말일까지 이용한 일시불 및 할부 이용금액(단기카드대출(현금서비스), 장기카드대출(카드론), 각종 수수료 및 이자(할부수수료, 카드대출 이자 등), 연체료, 연회비 납부건은 일시불 및 할부 이용금액에 해당되지 않음)
전월 이용금액 산정 시, 이동통신요금·아파트 관리비 10% 할인/대중교통·택시 10% 할인/배달앱 10% 할인/온라인패션·오늘의집 30% 할인/스타벅스 50% , 교보문고·스트리밍 30% 할인/온라인쇼핑몰 7% 할인/편의점·다이소·올리브영 7% 할인/해외 7% 할인 혜택이 제공된 전체 이용금액, 건강보험/국민연금/고용보험/산재보험 및 장애인 고용부담금, 국세/지방세/공과금, 초·중·고등학교 학교납입금, 대학 등록금, 대중교통, 택시, 아파트 관리비, 부동산 임대료, 기프트/선불카드(포인트, 사이버머니 등 전자지급수단 포함) 구매 및 충전, 상품권 구매건은  제외
삼성카드의 다른 결제일할인 혜택과 중복 적용되지 않으며, 할인 혜택이 큰 금액만 적용
삼성카드 가맹점 업종 분류 기준에 의한 등록 가맹점에 한함
할인 혜택 및 전월 이용금액 산정은 승인 시점 기준으로 적용. 다만, 해외 결제건 및 무승인 결제건(예 : 대중교통, 이동통신 등 자동납부 결제건 등)은 매출전표 접수 시점 기준으로 적용
자체 가맹점번호로 승인 처리되는 일부 결제건(간편결제, 키오스크 등)은 할인 대상에서 제외
삼성카드는 아래 항목을 공과금으로 분류함 전기요금, 사회보험료(건강보험/국민연금/고용보험/산재보험), 우편요금, 도시가스요금, 여권 발급비용, 상하수도요금, 과태료, 범칙금, 벌금, 국가·공공기관·공공단체(지방자치단체, 공공조합, 영조물, 공재단)에서 개설한 가맹점 이용금액
전기요금, 사회보험료(건강보험/국민연금/고용보험/산재보험), 우편요금, 도시가스요금, 여권 발급비용, 상하수도요금, 과태료, 범칙금, 벌금, 국가·공공기관·공공단체(지방자치단체, 공공조합, 영조물, 공재단)에서 개설한 가맹점 이용금액
결제 취소건의 경우, 매출취소전표 접수월의 이용금액에서 차감 반영 포인트가 적립된 결제건이 취소될 경우, 해당 포인트는 보유 포인트에서 자동 차감되며, 포인트 부족 시 카드 결제계좌에서 자동 출금
포인트가 적립된 결제건이 취소될 경우, 해당 포인트는 보유 포인트에서 자동 차감되며, 포인트 부족 시 카드 결제계좌에서 자동 출금"
AAP1742_B0008,AAP1742,주요혜택,My Shopping 옵션서비스,편의점·다이소·올리브영 7% 할인 옵션 서비스안내,슈퍼마켓/생활잡화,3,Offline,할인,7,%,다이소,전월 이용금액 30만원 이상,300000,,,,,5000,원,,,2026-06-08 06:04:24,슈퍼마켓/생활잡화 7% 할인,"[서비스안내]
옵션 선택 시 해당 옵션에 따른 할인 혜택 제공(택1) 온라인쇼핑몰 7% 할인 편의점·다이소·올리브영 7% 할인 해외 7% 할인
온라인쇼핑몰 7% 할인
편의점·다이소·올리브영 7% 할인
해외 7% 할인

[이용방법]
모니모 앱, 삼성카드 홈페이지( PC , 모바일)·앱을 통해 매월 변경 가능 변경 신청 다음 달 1일에 자동 반영
변경 신청 다음 달 1일에 자동 반영

[이용조건]
전월 이용금액 30 만원 이상 시 제공
발급월 + 1개월까지는 전월 이용금액 30 만원 미만시에도 제공

[온라인쇼핑몰 7% 할인 옵션 서비스안내]
온라인쇼핑몰 7% 결제일할인

[대상점]
<table class=""benefit-table""><tr><th>업종</th><th>할인 대상</th></tr><tr><td>온라인쇼핑몰</td><td>쿠팡, 티몬, 위메프, SSG.COM , G마켓, 옥션, 11 번가, 삼성카드 쇼핑</td></tr></table>
통합 월 할인한도 : 5,000 원

[할인 제외 대상]
무이자할부, 삼성카드 할인이 적용된 일시불 및 할부 이용금액, 기프트/선불카드(포인트, 사이버머니 등 전자지급수단 포함) 구매 및 충전, 상품권 구매 건

[편의점·다이소·올리브영 7% 할인 옵션 서비스안내]
편의점·다이소·올리브영 7% 결제일할인
<table class=""benefit-table""><tr><th>업종</th><th>할인 대상</th></tr><tr><td>편의점</td><td>CU, GS25, 세븐일레븐, 미니스톱, 이마트 24</td></tr><tr><td>다이소</td><td>다이소</td></tr><tr><td>올리브영</td><td>올리브영</td></tr></table>

[유의사항]
오프라인 결제건에 한하며, 백화점, 할인점, 쇼핑몰 등의 임대매장은 제외

[해외 7% 할인 옵션 서비스안내]
해외 7% 결제일할인
<table class=""benefit-table""><tr><th>업종</th><th>할인 대상</th></tr><tr><td>해외</td><td>해외 가맹점 및 해외 직접구매 이용건</td></tr></table>
해외겸용카드에 한해 제공
해외 이용 시 별도의 수수료 부과. 자세한 내용은 연회비 안내 페이지 내 유의사항에서 확인

[공통 유의사항]
선택한 옵션에 대해서만 제공
전월 이용금액이란, 매월 1일부터 말일까지 이용한 일시불 및 할부 이용금액(단기카드대출(현금서비스), 장기카드대출(카드론), 각종 수수료 및 이자(할부수수료, 카드대출 이자 등), 연체료, 연회비 납부건은 일시불 및 할부 이용금액에 해당되지 않음)
전월 이용금액 산정 시, 이동통신요금·아파트 관리비 10% 할인/대중교통·택시 10% 할인/배달앱 10% 할인/온라인패션·오늘의집 30% 할인/스타벅스 50% , 교보문고·스트리밍 30% 할인/온라인쇼핑몰 7% 할인/편의점·다이소·올리브영 7% 할인/해외 7% 할인 혜택이 제공된 전체 이용금액, 건강보험/국민연금/고용보험/산재보험 및 장애인 고용부담금, 국세/지방세/공과금, 초·중·고등학교 학교납입금, 대학 등록금, 대중교통, 택시, 아파트 관리비, 부동산 임대료, 기프트/선불카드(포인트, 사이버머니 등 전자지급수단 포함) 구매 및 충전, 상품권 구매건은  제외
삼성카드의 다른 결제일할인 혜택과 중복 적용되지 않으며, 할인 혜택이 큰 금액만 적용
삼성카드 가맹점 업종 분류 기준에 의한 등록 가맹점에 한함
할인 혜택 및 전월 이용금액 산정은 승인 시점 기준으로 적용. 다만, 해외 결제건 및 무승인 결제건(예 : 대중교통, 이동통신 등 자동납부 결제건 등)은 매출전표 접수 시점 기준으로 적용
자체 가맹점번호로 승인 처리되는 일부 결제건(간편결제, 키오스크 등)은 할인 대상에서 제외
삼성카드는 아래 항목을 공과금으로 분류함 전기요금, 사회보험료(건강보험/국민연금/고용보험/산재보험), 우편요금, 도시가스요금, 여권 발급비용, 상하수도요금, 과태료, 범칙금, 벌금, 국가·공공기관·공공단체(지방자치단체, 공공조합, 영조물, 공재단)에서 개설한 가맹점 이용금액
전기요금, 사회보험료(건강보험/국민연금/고용보험/산재보험), 우편요금, 도시가스요금, 여권 발급비용, 상하수도요금, 과태료, 범칙금, 벌금, 국가·공공기관·공공단체(지방자치단체, 공공조합, 영조물, 공재단)에서 개설한 가맹점 이용금액
결제 취소건의 경우, 매출취소전표 접수월의 이용금액에서 차감 반영 포인트가 적립된 결제건이 취소될 경우, 해당 포인트는 보유 포인트에서 자동 차감되며, 포인트 부족 시 카드 결제계좌에서 자동 출금
포인트가 적립된 결제건이 취소될 경우, 해당 포인트는 보유 포인트에서 자동 차감되며, 포인트 부족 시 카드 결제계좌에서 자동 출금"
AAP1742_B0009,AAP1742,주요혜택,My Shopping 옵션서비스,편의점·다이소·올리브영 7% 할인 옵션 서비스안내,패션/뷰티,2,Offline,할인,7,%,올리브영,전월 이용금액 30만원 이상,300000,,,,,5000,원,,,2026-06-08 06:04:24,패션/뷰티 7% 할인,"[서비스안내]
옵션 선택 시 해당 옵션에 따른 할인 혜택 제공(택1) 온라인쇼핑몰 7% 할인 편의점·다이소·올리브영 7% 할인 해외 7% 할인
온라인쇼핑몰 7% 할인
편의점·다이소·올리브영 7% 할인
해외 7% 할인

[이용방법]
모니모 앱, 삼성카드 홈페이지( PC , 모바일)·앱을 통해 매월 변경 가능 변경 신청 다음 달 1일에 자동 반영
변경 신청 다음 달 1일에 자동 반영

[이용조건]
전월 이용금액 30 만원 이상 시 제공
발급월 + 1개월까지는 전월 이용금액 30 만원 미만시에도 제공

[온라인쇼핑몰 7% 할인 옵션 서비스안내]
온라인쇼핑몰 7% 결제일할인

[대상점]
<table class=""benefit-table""><tr><th>업종</th><th>할인 대상</th></tr><tr><td>온라인쇼핑몰</td><td>쿠팡, 티몬, 위메프, SSG.COM , G마켓, 옥션, 11 번가, 삼성카드 쇼핑</td></tr></table>
통합 월 할인한도 : 5,000 원

[할인 제외 대상]
무이자할부, 삼성카드 할인이 적용된 일시불 및 할부 이용금액, 기프트/선불카드(포인트, 사이버머니 등 전자지급수단 포함) 구매 및 충전, 상품권 구매 건

[편의점·다이소·올리브영 7% 할인 옵션 서비스안내]
편의점·다이소·올리브영 7% 결제일할인
<table class=""benefit-table""><tr><th>업종</th><th>할인 대상</th></tr><tr><td>편의점</td><td>CU, GS25, 세븐일레븐, 미니스톱, 이마트 24</td></tr><tr><td>다이소</td><td>다이소</td></tr><tr><td>올리브영</td><td>올리브영</td></tr></table>

[유의사항]
오프라인 결제건에 한하며, 백화점, 할인점, 쇼핑몰 등의 임대매장은 제외

[해외 7% 할인 옵션 서비스안내]
해외 7% 결제일할인
<table class=""benefit-table""><tr><th>업종</th><th>할인 대상</th></tr><tr><td>해외</td><td>해외 가맹점 및 해외 직접구매 이용건</td></tr></table>
해외겸용카드에 한해 제공
해외 이용 시 별도의 수수료 부과. 자세한 내용은 연회비 안내 페이지 내 유의사항에서 확인

[공통 유의사항]
선택한 옵션에 대해서만 제공
전월 이용금액이란, 매월 1일부터 말일까지 이용한 일시불 및 할부 이용금액(단기카드대출(현금서비스), 장기카드대출(카드론), 각종 수수료 및 이자(할부수수료, 카드대출 이자 등), 연체료, 연회비 납부건은 일시불 및 할부 이용금액에 해당되지 않음)
전월 이용금액 산정 시, 이동통신요금·아파트 관리비 10% 할인/대중교통·택시 10% 할인/배달앱 10% 할인/온라인패션·오늘의집 30% 할인/스타벅스 50% , 교보문고·스트리밍 30% 할인/온라인쇼핑몰 7% 할인/편의점·다이소·올리브영 7% 할인/해외 7% 할인 혜택이 제공된 전체 이용금액, 건강보험/국민연금/고용보험/산재보험 및 장애인 고용부담금, 국세/지방세/공과금, 초·중·고등학교 학교납입금, 대학 등록금, 대중교통, 택시, 아파트 관리비, 부동산 임대료, 기프트/선불카드(포인트, 사이버머니 등 전자지급수단 포함) 구매 및 충전, 상품권 구매건은  제외
삼성카드의 다른 결제일할인 혜택과 중복 적용되지 않으며, 할인 혜택이 큰 금액만 적용
삼성카드 가맹점 업종 분류 기준에 의한 등록 가맹점에 한함
할인 혜택 및 전월 이용금액 산정은 승인 시점 기준으로 적용. 다만, 해외 결제건 및 무승인 결제건(예 : 대중교통, 이동통신 등 자동납부 결제건 등)은 매출전표 접수 시점 기준으로 적용
자체 가맹점번호로 승인 처리되는 일부 결제건(간편결제, 키오스크 등)은 할인 대상에서 제외
삼성카드는 아래 항목을 공과금으로 분류함 전기요금, 사회보험료(건강보험/국민연금/고용보험/산재보험), 우편요금, 도시가스요금, 여권 발급비용, 상하수도요금, 과태료, 범칙금, 벌금, 국가·공공기관·공공단체(지방자치단체, 공공조합, 영조물, 공재단)에서 개설한 가맹점 이용금액
전기요금, 사회보험료(건강보험/국민연금/고용보험/산재보험), 우편요금, 도시가스요금, 여권 발급비용, 상하수도요금, 과태료, 범칙금, 벌금, 국가·공공기관·공공단체(지방자치단체, 공공조합, 영조물, 공재단)에서 개설한 가맹점 이용금액
결제 취소건의 경우, 매출취소전표 접수월의 이용금액에서 차감 반영 포인트가 적립된 결제건이 취소될 경우, 해당 포인트는 보유 포인트에서 자동 차감되며, 포인트 부족 시 카드 결제계좌에서 자동 출금
포인트가 적립된 결제건이 취소될 경우, 해당 포인트는 보유 포인트에서 자동 차감되며, 포인트 부족 시 카드 결제계좌에서 자동 출금"
AAP1742_B0010,AAP1742,주요혜택,My Shopping 옵션서비스,해외 7% 할인 옵션 서비스안내,해외,19,Both,할인,7,%,"해외 가맹점, 해외 직접구매",전월 이용금액 30만원 이상,300000,,,,,5000,원,,,2026-06-08 06:04:24,해외 7% 할인,"[서비스안내]
옵션 선택 시 해당 옵션에 따른 할인 혜택 제공(택1) 온라인쇼핑몰 7% 할인 편의점·다이소·올리브영 7% 할인 해외 7% 할인
온라인쇼핑몰 7% 할인
편의점·다이소·올리브영 7% 할인
해외 7% 할인

[이용방법]
모니모 앱, 삼성카드 홈페이지( PC , 모바일)·앱을 통해 매월 변경 가능 변경 신청 다음 달 1일에 자동 반영
변경 신청 다음 달 1일에 자동 반영

[이용조건]
전월 이용금액 30 만원 이상 시 제공
발급월 + 1개월까지는 전월 이용금액 30 만원 미만시에도 제공

[온라인쇼핑몰 7% 할인 옵션 서비스안내]
온라인쇼핑몰 7% 결제일할인

[대상점]
<table class=""benefit-table""><tr><th>업종</th><th>할인 대상</th></tr><tr><td>온라인쇼핑몰</td><td>쿠팡, 티몬, 위메프, SSG.COM , G마켓, 옥션, 11 번가, 삼성카드 쇼핑</td></tr></table>
통합 월 할인한도 : 5,000 원

[할인 제외 대상]
무이자할부, 삼성카드 할인이 적용된 일시불 및 할부 이용금액, 기프트/선불카드(포인트, 사이버머니 등 전자지급수단 포함) 구매 및 충전, 상품권 구매 건

[편의점·다이소·올리브영 7% 할인 옵션 서비스안내]
편의점·다이소·올리브영 7% 결제일할인
<table class=""benefit-table""><tr><th>업종</th><th>할인 대상</th></tr><tr><td>편의점</td><td>CU, GS25, 세븐일레븐, 미니스톱, 이마트 24</td></tr><tr><td>다이소</td><td>다이소</td></tr><tr><td>올리브영</td><td>올리브영</td></tr></table>

[유의사항]
오프라인 결제건에 한하며, 백화점, 할인점, 쇼핑몰 등의 임대매장은 제외

[해외 7% 할인 옵션 서비스안내]
해외 7% 결제일할인
<table class=""benefit-table""><tr><th>업종</th><th>할인 대상</th></tr><tr><td>해외</td><td>해외 가맹점 및 해외 직접구매 이용건</td></tr></table>
해외겸용카드에 한해 제공
해외 이용 시 별도의 수수료 부과. 자세한 내용은 연회비 안내 페이지 내 유의사항에서 확인

[공통 유의사항]
선택한 옵션에 대해서만 제공
전월 이용금액이란, 매월 1일부터 말일까지 이용한 일시불 및 할부 이용금액(단기카드대출(현금서비스), 장기카드대출(카드론), 각종 수수료 및 이자(할부수수료, 카드대출 이자 등), 연체료, 연회비 납부건은 일시불 및 할부 이용금액에 해당되지 않음)
전월 이용금액 산정 시, 이동통신요금·아파트 관리비 10% 할인/대중교통·택시 10% 할인/배달앱 10% 할인/온라인패션·오늘의집 30% 할인/스타벅스 50% , 교보문고·스트리밍 30% 할인/온라인쇼핑몰 7% 할인/편의점·다이소·올리브영 7% 할인/해외 7% 할인 혜택이 제공된 전체 이용금액, 건강보험/국민연금/고용보험/산재보험 및 장애인 고용부담금, 국세/지방세/공과금, 초·중·고등학교 학교납입금, 대학 등록금, 대중교통, 택시, 아파트 관리비, 부동산 임대료, 기프트/선불카드(포인트, 사이버머니 등 전자지급수단 포함) 구매 및 충전, 상품권 구매건은  제외
삼성카드의 다른 결제일할인 혜택과 중복 적용되지 않으며, 할인 혜택이 큰 금액만 적용
삼성카드 가맹점 업종 분류 기준에 의한 등록 가맹점에 한함
할인 혜택 및 전월 이용금액 산정은 승인 시점 기준으로 적용. 다만, 해외 결제건 및 무승인 결제건(예 : 대중교통, 이동통신 등 자동납부 결제건 등)은 매출전표 접수 시점 기준으로 적용
자체 가맹점번호로 승인 처리되는 일부 결제건(간편결제, 키오스크 등)은 할인 대상에서 제외
삼성카드는 아래 항목을 공과금으로 분류함 전기요금, 사회보험료(건강보험/국민연금/고용보험/산재보험), 우편요금, 도시가스요금, 여권 발급비용, 상하수도요금, 과태료, 범칙금, 벌금, 국가·공공기관·공공단체(지방자치단체, 공공조합, 영조물, 공재단)에서 개설한 가맹점 이용금액
전기요금, 사회보험료(건강보험/국민연금/고용보험/산재보험), 우편요금, 도시가스요금, 여권 발급비용, 상하수도요금, 과태료, 범칙금, 벌금, 국가·공공기관·공공단체(지방자치단체, 공공조합, 영조물, 공재단)에서 개설한 가맹점 이용금액
결제 취소건의 경우, 매출취소전표 접수월의 이용금액에서 차감 반영 포인트가 적립된 결제건이 취소될 경우, 해당 포인트는 보유 포인트에서 자동 차감되며, 포인트 부족 시 카드 결제계좌에서 자동 출금
포인트가 적립된 결제건이 취소될 경우, 해당 포인트는 보유 포인트에서 자동 차감되며, 포인트 부족 시 카드 결제계좌에서 자동 출금"
AAP1742_B0011,AAP1742,주요혜택,아파트관리비·이동통신 할인,서비스안내,생활비,12,Both,할인,10,%,"SKT, KT, LG U+, 알뜰폰(SK 텔링크, KT 스카이라이프, KT M 모바일, 헬로모바일, 미디어로그) 이동통신요금, 아파트 관리비",전월 30만원 이상,300000,,,,,,,5000,원,2026-06-08 06:04:24,생활비 10% 할인,"[서비스안내]
이동통신요금·아파트 관리비 정기결제 시 10% 결제일할인

[대상점]
<table class=""benefit-table""><tr><th>업종</th><th>할인 대상</th></tr><tr><td>이동통신</td><td>SKT, KT, LG U+, 알뜰폰( SK 텔링크, KT 스카이라이프, KT M 모바일, 헬로모바일, 미디어로그) 이동통신요금</td></tr><tr><td>아파트 관리비</td><td>아파트 관리비</td></tr></table>

[이용조건]
통합 월 할인한도 : 5,000 원
전월 이용금액 30 만원 이상 시 제공
발급월 + 1개월까지는 전월 이용금액 30 만원 미만 시에도 제공

[할인 제외 대상]
무이자할부, 삼성카드 할인이 적용된 일시불 및 할부 이용금액, 기프트/선불카드(포인트, 사이버머니 등 전자지급수단 포함) 구매 및 충전, 상품권 구매건

[유의사항]
이동통신의 경우 결합상품요금, 휴대전화 등 단말기 구매금액 및 대리점 카드 결제건 제외
삼성카드의 다른 결제일할인 혜택과 중복 적용되지 않으며, 할인 혜택이 큰 금액만 적용
삼성카드 가맹점 업종 분류 기준에 의한 등록 가맹점에 한함
할인 혜택 및 전월 이용금액 산정은 승인 시점 기준으로 적용. 다만, 해외 결제건 및 무승인 결제건(예 : 대중교통, 이동통신 등 자동납부 결제건 등)은 매출전표 접수 시점 기준으로 적용
자체 가맹점번호로 승인 처리되는 일부 결제건(간편결제, 키오스크 등)은 할인 대상에서 제외
전월 이용금액이란, 매월 1일부터 말일까지 이용한 일시불 및 할부 이용금액(단기카드대출(현금서비스), 장기카드대출(카드론), 각종 수수료 및 이자(할부수수료, 카드대출 이자 등), 연체료, 연회비 납부건은 일시불 및 할부 이용금액에 해당되지 않음)
전월 이용금액 산정 시, 이동통신요금·아파트 관리비 10% 할인/대중교통·택시 10% 할인/배달앱 10% 할인/온라인패션·오늘의집 30% 할인/스타벅스 50% , 교보문고·스트리밍 30% 할인/온라인쇼핑몰 7% 할인/편의점·다이소·올리브영 7% 할인/해외 7% 할인 혜택이 제공된 전체 이용금액, 건강보험/국민연금/고용보험/산재보험 및 장애인 고용부담금, 국세/지방세/공과금, 초·중·고등학교 학교납입금, 대학 등록금, 대중교통, 택시, 아파트 관리비, 부동산 임대료, 기프트/선불카드(포인트, 사이버머니 등 전자지급수단 포함) 구매 및 충전, 상품권 구매건은  제외
삼성카드는 아래 항목을 공과금으로 분류함 전기요금, 사회보험료(건강보험/국민연금/고용보험/산재보험), 우편요금, 도시가스요금, 여권 발급비용, 상하수도요금, 과태료, 범칙금, 벌금, 국가·공공기관·공공단체(지방자치단체, 공공조합, 영조물, 공재단)에서 개설한 가맹점 이용금액
전기요금, 사회보험료(건강보험/국민연금/고용보험/산재보험), 우편요금, 도시가스요금, 여권 발급비용, 상하수도요금, 과태료, 범칙금, 벌금, 국가·공공기관·공공단체(지방자치단체, 공공조합, 영조물, 공재단)에서 개설한 가맹점 이용금액
결제 취소건의 경우, 매출취소전표 접수월의 이용금액에서 차감 반영 포인트가 적립된 결제건이 취소될 경우, 해당 포인트는 보유 포인트에서 자동 차감되며, 포인트 부족 시 카드 결제계좌에서 자동 출금
포인트가 적립된 결제건이 취소될 경우, 해당 포인트는 보유 포인트에서 자동 차감되며, 포인트 부족 시 카드 결제계좌에서 자동 출금"
AAP1742_B0012,AAP1742,주요혜택,아파트관리비·이동통신 할인,서비스안내,대중교통/택시,5,Both,할인,10,%,"대중교통, 택시",전월 30만원 이상,300000,,,,,,,5000,원,2026-06-08 06:04:24,대중교통/택시 10% 할인,"[서비스안내]
이동통신요금·아파트 관리비 정기결제 시 10% 결제일할인

[대상점]
<table class=""benefit-table""><tr><th>업종</th><th>할인 대상</th></tr><tr><td>이동통신</td><td>SKT, KT, LG U+, 알뜰폰( SK 텔링크, KT 스카이라이프, KT M 모바일, 헬로모바일, 미디어로그) 이동통신요금</td></tr><tr><td>아파트 관리비</td><td>아파트 관리비</td></tr></table>

[이용조건]
통합 월 할인한도 : 5,000 원
전월 이용금액 30 만원 이상 시 제공
발급월 + 1개월까지는 전월 이용금액 30 만원 미만 시에도 제공

[할인 제외 대상]
무이자할부, 삼성카드 할인이 적용된 일시불 및 할부 이용금액, 기프트/선불카드(포인트, 사이버머니 등 전자지급수단 포함) 구매 및 충전, 상품권 구매건

[유의사항]
이동통신의 경우 결합상품요금, 휴대전화 등 단말기 구매금액 및 대리점 카드 결제건 제외
삼성카드의 다른 결제일할인 혜택과 중복 적용되지 않으며, 할인 혜택이 큰 금액만 적용
삼성카드 가맹점 업종 분류 기준에 의한 등록 가맹점에 한함
할인 혜택 및 전월 이용금액 산정은 승인 시점 기준으로 적용. 다만, 해외 결제건 및 무승인 결제건(예 : 대중교통, 이동통신 등 자동납부 결제건 등)은 매출전표 접수 시점 기준으로 적용
자체 가맹점번호로 승인 처리되는 일부 결제건(간편결제, 키오스크 등)은 할인 대상에서 제외
전월 이용금액이란, 매월 1일부터 말일까지 이용한 일시불 및 할부 이용금액(단기카드대출(현금서비스), 장기카드대출(카드론), 각종 수수료 및 이자(할부수수료, 카드대출 이자 등), 연체료, 연회비 납부건은 일시불 및 할부 이용금액에 해당되지 않음)
전월 이용금액 산정 시, 이동통신요금·아파트 관리비 10% 할인/대중교통·택시 10% 할인/배달앱 10% 할인/온라인패션·오늘의집 30% 할인/스타벅스 50% , 교보문고·스트리밍 30% 할인/온라인쇼핑몰 7% 할인/편의점·다이소·올리브영 7% 할인/해외 7% 할인 혜택이 제공된 전체 이용금액, 건강보험/국민연금/고용보험/산재보험 및 장애인 고용부담금, 국세/지방세/공과금, 초·중·고등학교 학교납입금, 대학 등록금, 대중교통, 택시, 아파트 관리비, 부동산 임대료, 기프트/선불카드(포인트, 사이버머니 등 전자지급수단 포함) 구매 및 충전, 상품권 구매건은  제외
삼성카드는 아래 항목을 공과금으로 분류함 전기요금, 사회보험료(건강보험/국민연금/고용보험/산재보험), 우편요금, 도시가스요금, 여권 발급비용, 상하수도요금, 과태료, 범칙금, 벌금, 국가·공공기관·공공단체(지방자치단체, 공공조합, 영조물, 공재단)에서 개설한 가맹점 이용금액
전기요금, 사회보험료(건강보험/국민연금/고용보험/산재보험), 우편요금, 도시가스요금, 여권 발급비용, 상하수도요금, 과태료, 범칙금, 벌금, 국가·공공기관·공공단체(지방자치단체, 공공조합, 영조물, 공재단)에서 개설한 가맹점 이용금액
결제 취소건의 경우, 매출취소전표 접수월의 이용금액에서 차감 반영 포인트가 적립된 결제건이 취소될 경우, 해당 포인트는 보유 포인트에서 자동 차감되며, 포인트 부족 시 카드 결제계좌에서 자동 출금
포인트가 적립된 결제건이 취소될 경우, 해당 포인트는 보유 포인트에서 자동 차감되며, 포인트 부족 시 카드 결제계좌에서 자동 출금"
AAP1742_B0013,AAP1742,주요혜택,아파트관리비·이동통신 할인,서비스안내,배달,15,Online,할인,10,%,배달앱,전월 30만원 이상,300000,,,,,,,5000,원,2026-06-08 06:04:24,배달 10% 할인,"[서비스안내]
이동통신요금·아파트 관리비 정기결제 시 10% 결제일할인

[대상점]
<table class=""benefit-table""><tr><th>업종</th><th>할인 대상</th></tr><tr><td>이동통신</td><td>SKT, KT, LG U+, 알뜰폰( SK 텔링크, KT 스카이라이프, KT M 모바일, 헬로모바일, 미디어로그) 이동통신요금</td></tr><tr><td>아파트 관리비</td><td>아파트 관리비</td></tr></table>

[이용조건]
통합 월 할인한도 : 5,000 원
전월 이용금액 30 만원 이상 시 제공
발급월 + 1개월까지는 전월 이용금액 30 만원 미만 시에도 제공

[할인 제외 대상]
무이자할부, 삼성카드 할인이 적용된 일시불 및 할부 이용금액, 기프트/선불카드(포인트, 사이버머니 등 전자지급수단 포함) 구매 및 충전, 상품권 구매건

[유의사항]
이동통신의 경우 결합상품요금, 휴대전화 등 단말기 구매금액 및 대리점 카드 결제건 제외
삼성카드의 다른 결제일할인 혜택과 중복 적용되지 않으며, 할인 혜택이 큰 금액만 적용
삼성카드 가맹점 업종 분류 기준에 의한 등록 가맹점에 한함
할인 혜택 및 전월 이용금액 산정은 승인 시점 기준으로 적용. 다만, 해외 결제건 및 무승인 결제건(예 : 대중교통, 이동통신 등 자동납부 결제건 등)은 매출전표 접수 시점 기준으로 적용
자체 가맹점번호로 승인 처리되는 일부 결제건(간편결제, 키오스크 등)은 할인 대상에서 제외
전월 이용금액이란, 매월 1일부터 말일까지 이용한 일시불 및 할부 이용금액(단기카드대출(현금서비스), 장기카드대출(카드론), 각종 수수료 및 이자(할부수수료, 카드대출 이자 등), 연체료, 연회비 납부건은 일시불 및 할부 이용금액에 해당되지 않음)
전월 이용금액 산정 시, 이동통신요금·아파트 관리비 10% 할인/대중교통·택시 10% 할인/배달앱 10% 할인/온라인패션·오늘의집 30% 할인/스타벅스 50% , 교보문고·스트리밍 30% 할인/온라인쇼핑몰 7% 할인/편의점·다이소·올리브영 7% 할인/해외 7% 할인 혜택이 제공된 전체 이용금액, 건강보험/국민연금/고용보험/산재보험 및 장애인 고용부담금, 국세/지방세/공과금, 초·중·고등학교 학교납입금, 대학 등록금, 대중교통, 택시, 아파트 관리비, 부동산 임대료, 기프트/선불카드(포인트, 사이버머니 등 전자지급수단 포함) 구매 및 충전, 상품권 구매건은  제외
삼성카드는 아래 항목을 공과금으로 분류함 전기요금, 사회보험료(건강보험/국민연금/고용보험/산재보험), 우편요금, 도시가스요금, 여권 발급비용, 상하수도요금, 과태료, 범칙금, 벌금, 국가·공공기관·공공단체(지방자치단체, 공공조합, 영조물, 공재단)에서 개설한 가맹점 이용금액
전기요금, 사회보험료(건강보험/국민연금/고용보험/산재보험), 우편요금, 도시가스요금, 여권 발급비용, 상하수도요금, 과태료, 범칙금, 벌금, 국가·공공기관·공공단체(지방자치단체, 공공조합, 영조물, 공재단)에서 개설한 가맹점 이용금액
결제 취소건의 경우, 매출취소전표 접수월의 이용금액에서 차감 반영 포인트가 적립된 결제건이 취소될 경우, 해당 포인트는 보유 포인트에서 자동 차감되며, 포인트 부족 시 카드 결제계좌에서 자동 출금
포인트가 적립된 결제건이 취소될 경우, 해당 포인트는 보유 포인트에서 자동 차감되며, 포인트 부족 시 카드 결제계좌에서 자동 출금"
AAP1742_B0014,AAP1742,주요혜택,대중교통·택시 할인,서비스안내,대중교통/택시,5,Offline,할인,10,%,"버스, 지하철, 택시",전월 이용금액 30만원 이상,300000,,,,,5000,원,,,2026-06-08 06:04:24,대중교통/택시 10% 할인,"[서비스안내]
대중교통·택시 10% 결제일할인

[대상점]
<table class=""benefit-table""><tr><th>업종</th><th>할인 대상</th></tr><tr><td>대중교통</td><td>버스, 지하철</td></tr><tr><td>택시</td><td>택시</td></tr></table>

[이용조건]
통합 월 할인한도 : 5,000 원
전월 이용금액 30 만원 이상 시 제공
발급월 + 1개월까지는 전월 이용금액 30 만원 미만 시에도 제공

[할인 제외 대상]
무이자할부, 삼성카드 할인이 적용된 일시불 및 할부 이용금액, 기프트/선불카드(포인트, 사이버머니 등 전자지급수단 포함) 구매 및 충전, 상품권 구매건

[유의사항]
대중교통은 오프라인 결제건에 한하며, 시외·고속버스는 제외
삼성카드의 다른 결제일할인 혜택과 중복 적용되지 않으며, 할인 혜택이 큰 금액만 적용
삼성카드 가맹점 업종 분류 기준에 의한 등록 가맹점에 한함
할인 혜택 및 전월 이용금액 산정은 승인 시점 기준으로 적용. 다만, 해외 결제건 및 무승인 결제건(예 : 대중교통, 이동통신 등 자동납부 결제건 등)은 매출전표 접수 시점 기준으로 적용
자체 가맹점번호로 승인 처리되는 일부 결제건(간편결제, 키오스크 등)은 할인 대상에서 제외
전월 이용금액이란, 매월 1일부터 말일까지 이용한 일시불 및 할부 이용금액(단기카드대출(현금서비스), 장기카드대출(카드론), 각종 수수료 및 이자(할부수수료, 카드대출 이자 등), 연체료, 연회비 납부건은 일시불 및 할부 이용금액에 해당되지 않음)
전월 이용금액 산정 시, 이동통신요금·아파트 관리비 10% 할인/대중교통·택시 10% 할인/배달앱 10% 할인/온라인패션·오늘의집 30% 할인/스타벅스 50% , 교보문고·스트리밍 30% 할인/온라인쇼핑몰 7% 할인/편의점·다이소·올리브영 7% 할인/해외 7% 할인 혜택이 제공된 전체 이용금액, 건강보험/국민연금/고용보험/산재보험 및 장애인 고용부담금, 국세/지방세/공과금, 초·중·고등학교 학교납입금, 대학 등록금, 대중교통, 택시, 아파트 관리비, 부동산 임대료, 기프트/선불카드(포인트, 사이버머니 등 전자지급수단 포함) 구매 및 충전, 상품권 구매건은  제외
삼성카드는 아래 항목을 공과금으로 분류함 전기요금, 사회보험료(건강보험/국민연금/고용보험/산재보험), 우편요금, 도시가스요금, 여권 발급비용, 상하수도요금, 과태료, 범칙금, 벌금, 국가·공공기관·공공단체(지방자치단체, 공공조합, 영조물, 공재단)에서 개설한 가맹점 이용금액
전기요금, 사회보험료(건강보험/국민연금/고용보험/산재보험), 우편요금, 도시가스요금, 여권 발급비용, 상하수도요금, 과태료, 범칙금, 벌금, 국가·공공기관·공공단체(지방자치단체, 공공조합, 영조물, 공재단)에서 개설한 가맹점 이용금액
결제 취소건의 경우, 매출취소전표 접수월의 이용금액에서 차감 반영 포인트가 적립된 결제건이 취소될 경우, 해당 포인트는 보유 포인트에서 자동 차감되며, 포인트 부족 시 카드 결제계좌에서 자동 출금
포인트가 적립된 결제건이 취소될 경우, 해당 포인트는 보유 포인트에서 자동 차감되며, 포인트 부족 시 카드 결제계좌에서 자동 출금"
AAP1742_B0015,AAP1742,주요혜택,배달앱 할인,서비스안내,배달,15,Online,할인,10,%,"배달의민족, 요기요, 쿠팡이츠",전월 이용금액 30만원 이상,300000,,,,,5000,원,,,2026-06-08 06:04:24,배달 10% 할인,"[서비스안내]
배달앱 10% 결제일할인

[대상점]
<table class=""benefit-table""><tr><th>업종</th><th>할인 대상</th></tr><tr><td>배달앱</td><td>배달의민족, 요기요, 쿠팡이츠</td></tr></table>

[이용조건]
통합 월 할인한도 : 5,000 원
전월 이용금액 30 만원 이상 시 제공
발급월 + 1개월까지는 전월 이용금액 30 만원 미만 시에도 제공

[할인 제외 대상]
무이자할부, 삼성카드 할인이 적용된 일시불 및 할부 이용금액, 기프트/선불카드(포인트, 사이버머니 등 전자지급수단 포함) 구매 및 충전, 상품권 구매건

[유의사항]
공식 홈페이지·앱을 통한 결제건에 한하며, 가맹점 직접 결제건은 제외
삼성카드의 다른 결제일할인 혜택과 중복 적용되지 않으며, 할인 혜택이 큰 금액만 적용
삼성카드 가맹점 업종 분류 기준에 의한 등록 가맹점에 한함
할인 혜택 및 전월 이용금액 산정은 승인 시점 기준으로 적용. 다만, 해외 결제건 및 무승인 결제건(예 : 대중교통, 이동통신 등 자동납부 결제건 등)은 매출전표 접수 시점 기준으로 적용
자체 가맹점번호로 승인 처리되는 일부 결제건(간편결제, 키오스크 등)은 할인 대상에서 제외
전월 이용금액이란, 매월 1일부터 말일까지 이용한 일시불 및 할부 이용금액(단기카드대출(현금서비스), 장기카드대출(카드론), 각종 수수료 및 이자(할부수수료, 카드대출 이자 등), 연체료, 연회비 납부건은 일시불 및 할부 이용금액에 해당되지 않음)
전월 이용금액 산정 시, 이동통신요금·아파트 관리비 10% 할인/대중교통·택시 10% 할인/배달앱 10% 할인/온라인패션·오늘의집 30% 할인/스타벅스 50%, 교보문고·스트리밍 30% 할인/온라인쇼핑몰 7% 할인/편의점·다이소·올리브영 7% 할인/해외 7% 할인 혜택이 제공된 전체 이용금액, 건강보험/국민연금/고용보험/산재보험 및 장애인 고용부담금, 국세/지방세/공과금, 초·중·고등학교 학교납입금, 대학 등록금, 대중교통, 택시, 아파트 관리비, 부동산 임대료, 기프트/선불카드(포인트, 사이버머니 등 전자지급수단 포함) 구매 및 충전, 상품권 구매건은  제외
삼성카드는 아래 항목을 공과금으로 분류함 전기요금, 사회보험료(건강보험/국민연금/고용보험/산재보험), 우편요금, 도시가스요금, 여권 발급비용, 상하수도요금, 과태료, 범칙금, 벌금, 국가·공공기관·공공단체(지방자치단체, 공공조합, 영조물, 공재단)에서 개설한 가맹점 이용금액
전기요금, 사회보험료(건강보험/국민연금/고용보험/산재보험), 우편요금, 도시가스요금, 여권 발급비용, 상하수도요금, 과태료, 범칙금, 벌금, 국가·공공기관·공공단체(지방자치단체, 공공조합, 영조물, 공재단)에서 개설한 가맹점 이용금액
결제 취소건의 경우, 매출취소전표 접수월의 이용금액에서 차감 반영 포인트가 적립된 결제건이 취소될 경우, 해당 포인트는 보유 포인트에서 자동 차감되며, 포인트 부족 시 카드 결제계좌에서 자동 출금
포인트가 적립된 결제건이 취소될 경우, 해당 포인트는 보유 포인트에서 자동 차감되며, 포인트 부족 시 카드 결제계좌에서 자동 출금"
AAP1771_B0001,AAP1771,주요혜택,스카이패스마일리지 적립,서비스안내,기타,22,,마일리지,1,마일리지,국내외 가맹점,전월 이용금액 50만원 이상,500000,,,1500,,,,,,2026-06-08 06:05:02,"기타 1,500원당 1마일 적립","[서비스안내]
적립한도 없이, 국내외 가맹점 이용금액 1,500 원당 스카이패스 1 마일리지 기본 적립

[이용조건]
전월 이용금액 50 만원 이상 시 제공
발급월+1개월까지는 전월 이용금액 50 만원 미만 시에도 제공

[적립기준]
적립된 마일리지의 사용방법 및 기준은 항공사 마일리지 사용 규정을 따르며, 자세한 내용은 항공사 홈페이지에서 확인
결제건당 삼성카드 접수금액 기준으로 마일리지가 적립되며, 결제금액을 1,500 원으로 나눈 후 소수점 이하는 반올림하여 적립(기본 적립, 추가 적립으로 구분하여 각각 반올림 적용)
결제 접수 후 마일리지 적립까지 10 일(영업일 기준) 정도 소요
적립된 마일리지는 기존 본인의 대한항공 마일리지와 합산하여 사용 가능

[적립 제외 대상]
무이자할부 이용금액
삼성카드 할인이 적용된 일시불 및 할부 이용금액
건강보험/국민연금/고용보험/산재보험 및 장애인 고용부담금, 국세/지방세/공과금 납부건
부동산 임대료 납부건
초·중·고등학교 학교납입금, 대학 등록금 납부건
대중교통, 택시, 고속버스(차내 단말기 및 고속버스 앱 결제), 고속도로 통행요금 납부건
기프트/선불카드(포인트, 사이버머니 등 전자지급수단 포함) 구매 및 충전, 상품권 구매건
문자알림서비스, 스마트오토서비스 이용금액
삼성카드와 구매캐시백 포인트 제공 계약을 체결한 일부 가맹점 의약품/유류 구매한도 대금결제건

[유의사항]
해외 이용 시 별도의 수수료 부과. 자세한 내용은 ‘유의사항’에서 확인
삼성카드 가맹점 업종 분류 기준에 의한 등록 가맹점에 한함
전월 이용금액 산정은 승인 시점 기준으로 적용. 다만, 해외 결제건 및 무승인 결제건(예 : 대중교통, 이동통신 등 정기결제건 등)의 경우 매출전표 접수 시점 기준으로 적용
자체 가맹점번호로 승인 처리되는 일부 결제건(간편결제, 키오스크 등)은 적립 대상에서 제외
전월 이용금액 기준 매월 1일부터 말일까지 이용한 일시불 및 할부 이용금액 (단기카드대출(현금서비스), 장기카드대출(카드론), 각종 수수료 및 이자(할부수수료, 카드대출 이자 등), 연체료, 연회비 납부건은 일시불 및 할부 이용금액에 해당되지 않음)
전월 이용금액 제외 대상 건강보험/국민연금/고용보험/산재보험 및 장애인 고용부담금, 국세/지방세/공과금 납부건 아파트 관리비, 부동산 임대료 납부건 초·중·고등학교 학교납입금, 대학 등록금 납부건 대중교통, 택시 이용금액 기프트/선불카드(포인트, 사이버머니 등 전자지급수단 포함) 구매 및 충전, 상품권 구매건
아파트 관리비, 부동산 임대료 납부건
대중교통, 택시 이용금액
삼성카드는 아래 항목을 공과금으로 분류함 전기요금, 사회보험료(건강보험/국민연금/고용보험/산재보험), 우편요금, 도시가스요금, 여권 발급비용, 상하수도요금, 과태료, 범칙금, 벌금, 국가·공공기관·공공단체(지방자치단체, 공공조합, 영조물, 공재단)에서 개설한 가맹점 이용금액
전기요금, 사회보험료(건강보험/국민연금/고용보험/산재보험), 우편요금, 도시가스요금, 여권 발급비용, 상하수도요금, 과태료, 범칙금, 벌금, 국가·공공기관·공공단체(지방자치단체, 공공조합, 영조물, 공재단)에서 개설한 가맹점 이용금액
결제 취소 시, 취소금액은 매출취소전표 접수월의 이용금액에서 차감 반영 혜택이 적용된 결제건이 취소될 경우, 할인, 포인트 적립 등의 횟수 및 한도는 매출취소전표가 접수된 이후에 복원 포인트가 적립된 결제건이 취소될 경우, 해당 포인트는 보유 포인트에서 자동 차감되며, 포인트 부족 시 카드 결제계좌에서 자동 출금
혜택이 적용된 결제건이 취소될 경우, 할인, 포인트 적립 등의 횟수 및 한도는 매출취소전표가 접수된 이후에 복원
포인트가 적립된 결제건이 취소될 경우, 해당 포인트는 보유 포인트에서 자동 차감되며, 포인트 부족 시 카드 결제계좌에서 자동 출금"
AAP1771_B0002,AAP1771,주요혜택,스카이패스마일리지 추가적립,서비스안내,백화점/아울렛/면세점,4,Both,마일리지,2,마일리지,"신세계백화점, 신세계면세점",전월 50만원 이상,500000,,,1500,,500,마일리지,,,2026-06-08 06:05:02,"백화점/아울렛/면세점 2,500원당 1마일 적립","[서비스안내]
신세계백화점·신세계면세점 이용금액 1,500 원당 스카이패스 1 마일리지 추가 적립

[이용조건]
전월 이용금액 50 만원 이상 시 제공
발급월+1개월까지는 전월 이용금액 50 만원 미만 시에도 제공

[적립기준]
통합 월 적립한도 : 500 마일리지(추가 적립에만 적용)
‘기본 1 마일리지 + 추가 1 마일리지’의 형태로 적립 (예시 : 11,200 원 결제 시 14 마일리지 적립(기본 7 마일리지 + 추가 7 마일리지), 11,300 원 결제 시 16 마일리지 적립(기본 8 마일리지 + 추가 8 마일리지))
적립된 마일리지의 사용방법 및 기준은 항공사 마일리지 사용 규정을 따르며, 자세한 내용은 항공사 홈페이지에서 확인
결제건당 삼성카드 접수금액 기준으로 마일리지가 적립되며, 결제금액을 1,500 원으로 나눈 후 소수점 이하는 반올림하여 적립(기본 적립, 추가 적립으로 구분하여 각각 반올림 적용)
결제 접수 후 마일리지 적립까지 10 일(영업일 기준) 정도 소요
적립된 마일리지는 기존 본인의 대한항공 마일리지와 합산하여 사용 가능

[적립 제외 대상]
무이자할부 이용금액
삼성카드 할인이 적용된 일시불 및 할부 이용금액
건강보험/국민연금/고용보험/산재보험 및 장애인 고용부담금, 국세/지방세/공과금 납부건
부동산 임대료 납부건
초·중·고등학교 학교납입금, 대학 등록금 납부건
대중교통, 택시, 고속버스(차내 단말기 및 고속버스 앱 결제), 고속도로 통행요금 납부건
기프트/선불카드(포인트, 사이버머니 등 전자지급수단 포함) 구매 및 충전, 상품권 구매건
문자알림서비스, 스마트오토서비스 이용금액
삼성카드와 구매캐시백 포인트 제공 계약을 체결한 일부 가맹점 의약품/유류 구매한도 대금결제건

[유의사항]
적립한도 초과 시 1 마일리지 기본 적립 적용
신세계백화점은 오프라인 결제건에 한하며, 쇼핑 외 결제건(상품권, 주차장 등), 임대매장은 제외
신세계면세점은 온오프라인 결제 시 적용되며, 면세 상품 외 내수통관상품(스페셜스토어, SSG Special 등) 결제건은 제외
전월 이용금액 산정은 승인 시점 기준으로 적용. 다만, 해외 결제건 및 무승인 결제건(예 : 대중교통, 이동통신 등 정기결제건 등)의 경우 매출전표 접수 시점 기준으로 적용
자체 가맹점번호로 승인 처리되는 일부 결제건(간편결제, 키오스크 등)은 적립 대상에서 제외
전월 이용금액 기준 매월 1일부터 말일까지 이용한 일시불 및 할부 이용금액 (단기카드대출(현금서비스), 장기카드대출(카드론), 각종 수수료 및 이자(할부수수료, 카드대출 이자 등), 연체료, 연회비 납부건은 일시불 및 할부 이용금액에 해당되지 않음)
전월 이용금액 제외 대상 건강보험/국민연금/고용보험/산재보험 및 장애인 고용부담금, 국세/지방세/공과금 납부건 아파트 관리비, 부동산 임대료 납부건 초·중·고등학교 학교납입금, 대학 등록금 납부건 대중교통, 택시 이용금액 기프트/선불카드(포인트, 사이버머니 등 전자지급수단 포함) 구매 및 충전, 상품권 구매건
아파트 관리비, 부동산 임대료 납부건
대중교통, 택시 이용금액
삼성카드는 아래 항목을 공과금으로 분류함 전기요금, 사회보험료(건강보험/국민연금/고용보험/산재보험), 우편요금, 도시가스요금, 여권 발급비용, 상하수도요금, 과태료, 범칙금, 벌금, 국가·공공기관·공공단체(지방자치단체, 공공조합, 영조물, 공재단)에서 개설한 가맹점 이용금액
전기요금, 사회보험료(건강보험/국민연금/고용보험/산재보험), 우편요금, 도시가스요금, 여권 발급비용, 상하수도요금, 과태료, 범칙금, 벌금, 국가·공공기관·공공단체(지방자치단체, 공공조합, 영조물, 공재단)에서 개설한 가맹점 이용금액
결제 취소 시, 취소금액은 매출취소전표 접수월의 이용금액에서 차감 반영 혜택이 적용된 결제건이 취소될 경우, 할인, 포인트 적립 등의 횟수 및 한도는 매출취소전표가 접수된 이후에 복원 포인트가 적립된 결제건이 취소될 경우, 해당 포인트는 보유 포인트에서 자동 차감되며, 포인트 부족 시 카드 결제계좌에서 자동 출금
혜택이 적용된 결제건이 취소될 경우, 할인, 포인트 적립 등의 횟수 및 한도는 매출취소전표가 접수된 이후에 복원
포인트가 적립된 결제건이 취소될 경우, 해당 포인트는 보유 포인트에서 자동 차감되며, 포인트 부족 시 카드 결제계좌에서 자동 출금"
AAP1771_B0003,AAP1771,주요혜택,신세계백화점 제휴 서비스,신세계백화점 제휴 서비스,백화점/아울렛/면세점,4,,서비스,,,,,,,,,,,,,,2026-06-08 06:05:02,신세계백화점 제휴 서비스,"[서비스 안내]
신세계백화점 제휴 서비스에 관한 자세한 내용은 신세계백화점
홈페이지( www.shinsegae.com )에서 확인"
AAP1771_B0004,AAP1771,주요혜택,신세계면세점 멤버십 우대 서비스,신세계면세점 멤버십 우대 서비스,백화점/아울렛/면세점,4,,서비스,,,,,,,,,,,,,,2026-06-08 06:05:02,신세계면세점 멤버십 우대 서비스,"[서비스안내]
신세계면세점 멤버십 우대에 관한 자세한 내용은 신세계면세점 홈페이지( www.ssgdfs.com )에서 확인"
AAP1771_B0005,AAP1771,주요혜택,마스터 플래티늄 등급 서비스,마스터 플래티늄 등급 서비스,기타,22,,서비스,,,,,,,,,,,,,,2026-06-08 06:05:02,마스터 플래티늄 등급 서비스,"[서비스안내]
Mastercard 프리미엄카드( PLATINUM ) 회원에게 Mastercard 의 제휴사가 제공하는 서비스

[서비스내용]

[국제 브랜드사 서비스 공통 유의사항]
국제 브랜드사 서비스 관련 자세한 내용은 아래 국제 브랜드사별 홈페이지를 통해 확인해 주세요. VISA 바로가기 : www.visakorea.com Mastercard 바로가기 : www.mastercard.co.kr 아멕스 바로가기 : www.americanexpress.com UnionPay 바로가기 : www.unionpayintl.com/kr
VISA 바로가기 : www.visakorea.com
Mastercard 바로가기 : www.mastercard.co.kr
아멕스 바로가기 : www.americanexpress.com
UnionPay 바로가기 : www.unionpayintl.com/kr
삼성카드 선택 서비스는 국제 브랜드사별 홈페이지 안내사항과 제공 내용(대상 카드, 제공횟수 및 전월 이용금액 조건, 대상점)이 다를 수 있으므로, 삼성카드에서 제공하는 국제 브랜드 서비스 안내장을 확인하시기 바랍니다.(국제 브랜드사별 홈페이지에 안내된 대상점이라 하더라도 삼성카드에서 안내된 대상점이 아닌 경우 서비스가 제공되지 않음)
국제 브랜드사별 서비스 안내사항 중 대상 등급 서비스가 아닌 경우, 서비스 제공이 제한될 수 있습니다.
금융상품 이용 전 상품설명서, 홈페이지, 약관을 통해 이용조건을 확인 바랍니다.
등급서비스 : 여신금융협회 심의필 제 2026-C1a-02832호(2026.03.04)
선택서비스 : 여신금융협회 심의필 제 2026-C1a-05541호(2026.04.17)"
AAP1731_B0001,AAP1731,주요혜택,많이 쓰는 영역 자동 맞춤 할인,서비스안내,카페/베이커리,14,Offline,할인,30,%,"스타벅스, 이디야커피, 커피빈, 투썸플레이스, 블루보틀",전월 이용금액 30만원 이상,300000,,,,,,,10000,원,2026-06-08 06:05:17,카페/베이커리 30% 할인,"[서비스안내]
커피전문점·배달앱·델리 영역 중 월 이용금액이 가장 큰 1 개 영역에 대해 30% 결제일할인
온라인 간편결제·해외 3%·1% 할인 혜택과 중복 적용

[대상점]
<table class=""benefit-table""><tr><th>영역</th><th>할인 대상</th></tr><tr><td>커피전문점</td><td>스타벅스, 이디야커피, 커피빈, 투썸플레이스, 블루보틀</td></tr><tr><td>배달앱</td><td>배달의민족, 요기요</td></tr><tr><td>델리</td><td>쉐이크쉑, 써브웨이, 파리바게뜨, 배스킨라빈스, 던킨</td></tr></table>

[이용조건]
월 할인한도 : 10,000 원
전월 이용금액 30 만원 이상 시 제공
발급월+ 1 개월까지는 전월 이용금액 30 만원 미만 시에도 제공

[할인 제외 대상]
무이자할부, 삼성카드 할인이 적용된 일시불 및 할부 이용금액, 기프트/선불카드(포인트, 사이버머니 등 전자지급수단 포함) 구매 및 충전, 상품권 구매건

[유의사항]
결제일할인금액은 다음 달 15 일 이후 결제대금에서 차감
3 개 영역 월 합산 이용금액 1 원 이상 시 제공(1개 영역 이상 이용 시 제공)
결제 취소건의 경우, 매출취소전표 접수월의 3 개 영역 합산 이용금액 및 영역별 이용금액에 반영
오프라인 결제건에 한하며, 백화점, 할인점, 쇼핑몰 등의 임대매장은 제외(단, 스타벅스의 경우, 사이렌오더 결제건도 혜택 제공)
배달앱은 공식 홈페이지·앱을 통한 결제건에 한하며, 가맹점 직접 결제건은 제외
가족카드에는 제공되지 않음
삼성카드의 다른 결제일할인 혜택과 중복 적용되지 않으며, 할인 혜택이 큰 금액만 적용
할인 혜택 및 전월 이용금액 산정은 승인 시점 기준으로 적용. 다만, 해외 결제건 및 무승인 결제건(예 : 대중교통, 이동통신 등 자동납부 결제건 등)은 매출전표 접수 시점 기준으로 적용
자체 가맹점번호로 승인 처리되는 일부 결제건(간편결제, 키오스크 등)은 할인 대상에서 제외
전월 이용금액이란, 매월 1 일부터 말일까지 이용한 일시불 및 할부 이용금액을 의미하며, 단기카드대출(현금서비스), 장기카드대출(카드론), 각종 수수료 및 이자(할부수수료, 카드대출 이자 등), 연체료, 연회비 납부건은 일시불 및 할부 이용금액에 해당되지 않음
전월 이용금액 대상 산정 시, 온라인 간편결제·해외 3% 할인/교통·이동통신·스트리밍 10% 할인 혜택이 제공된 전체 이용금액, 건강보험/국민연금/고용보험/산재보험 및 장애인 고용부담금, 국세/지방세/공과금,  초·중·고등학교 학교납입금, 대학 등록금, 대중교통, 택시, 아파트 관리비, 부동산 임대료, 기프트/선불카드(포인트, 사이버머니 등 전자지급수단 포함) 구매 및 충전, 상품권 구매건은 제외
삼성카드 가맹점 업종 분류 기준에 의한 등록 가맹점에 한함
삼성카드는 아래 항목을 공과금으로 분류함 전기요금, 사회보험료(건강보험/국민연금/고용보험/산재보험), 우편요금, 도시가스요금, 여권 발급비용, 상하수도요금, 과태료, 범칙금, 벌금, 국가·공공기관·공공단체(지방자치단체, 공공조합, 영조물, 공재단)에서 개설한 가맹점 이용금액
전기요금, 사회보험료(건강보험/국민연금/고용보험/산재보험), 우편요금, 도시가스요금, 여권 발급비용, 상하수도요금, 과태료, 범칙금, 벌금, 국가·공공기관·공공단체(지방자치단체, 공공조합, 영조물, 공재단)에서 개설한 가맹점 이용금액
결제 취소건의 경우, 매출취소전표 접수월의 이용금액에서 차감 반영 포인트가 적립된 결제건이 취소될 경우, 해당 포인트는 보유 포인트에서 자동 차감되며, 포인트 부족 시 카드 결제계좌에서 자동 출금
포인트가 적립된 결제건이 취소될 경우, 해당 포인트는 보유 포인트에서 자동 차감되며, 포인트 부족 시 카드 결제계좌에서 자동 출금"
AAP1731_B0002,AAP1731,주요혜택,많이 쓰는 영역 자동 맞춤 할인,서비스안내,배달,15,Online,할인,30,%,"배달의민족, 요기요",전월 이용금액 30만원 이상,300000,,,,,,,10000,원,2026-06-08 06:05:17,배달 30% 할인,"[서비스안내]
커피전문점·배달앱·델리 영역 중 월 이용금액이 가장 큰 1 개 영역에 대해 30% 결제일할인
온라인 간편결제·해외 3%·1% 할인 혜택과 중복 적용

[대상점]
<table class=""benefit-table""><tr><th>영역</th><th>할인 대상</th></tr><tr><td>커피전문점</td><td>스타벅스, 이디야커피, 커피빈, 투썸플레이스, 블루보틀</td></tr><tr><td>배달앱</td><td>배달의민족, 요기요</td></tr><tr><td>델리</td><td>쉐이크쉑, 써브웨이, 파리바게뜨, 배스킨라빈스, 던킨</td></tr></table>

[이용조건]
월 할인한도 : 10,000 원
전월 이용금액 30 만원 이상 시 제공
발급월+ 1 개월까지는 전월 이용금액 30 만원 미만 시에도 제공

[할인 제외 대상]
무이자할부, 삼성카드 할인이 적용된 일시불 및 할부 이용금액, 기프트/선불카드(포인트, 사이버머니 등 전자지급수단 포함) 구매 및 충전, 상품권 구매건

[유의사항]
결제일할인금액은 다음 달 15 일 이후 결제대금에서 차감
3 개 영역 월 합산 이용금액 1 원 이상 시 제공(1개 영역 이상 이용 시 제공)
결제 취소건의 경우, 매출취소전표 접수월의 3 개 영역 합산 이용금액 및 영역별 이용금액에 반영
오프라인 결제건에 한하며, 백화점, 할인점, 쇼핑몰 등의 임대매장은 제외(단, 스타벅스의 경우, 사이렌오더 결제건도 혜택 제공)
배달앱은 공식 홈페이지·앱을 통한 결제건에 한하며, 가맹점 직접 결제건은 제외
가족카드에는 제공되지 않음
삼성카드의 다른 결제일할인 혜택과 중복 적용되지 않으며, 할인 혜택이 큰 금액만 적용
할인 혜택 및 전월 이용금액 산정은 승인 시점 기준으로 적용. 다만, 해외 결제건 및 무승인 결제건(예 : 대중교통, 이동통신 등 자동납부 결제건 등)은 매출전표 접수 시점 기준으로 적용
자체 가맹점번호로 승인 처리되는 일부 결제건(간편결제, 키오스크 등)은 할인 대상에서 제외
전월 이용금액이란, 매월 1 일부터 말일까지 이용한 일시불 및 할부 이용금액을 의미하며, 단기카드대출(현금서비스), 장기카드대출(카드론), 각종 수수료 및 이자(할부수수료, 카드대출 이자 등), 연체료, 연회비 납부건은 일시불 및 할부 이용금액에 해당되지 않음
전월 이용금액 대상 산정 시, 온라인 간편결제·해외 3% 할인/교통·이동통신·스트리밍 10% 할인 혜택이 제공된 전체 이용금액, 건강보험/국민연금/고용보험/산재보험 및 장애인 고용부담금, 국세/지방세/공과금,  초·중·고등학교 학교납입금, 대학 등록금, 대중교통, 택시, 아파트 관리비, 부동산 임대료, 기프트/선불카드(포인트, 사이버머니 등 전자지급수단 포함) 구매 및 충전, 상품권 구매건은 제외
삼성카드 가맹점 업종 분류 기준에 의한 등록 가맹점에 한함
삼성카드는 아래 항목을 공과금으로 분류함 전기요금, 사회보험료(건강보험/국민연금/고용보험/산재보험), 우편요금, 도시가스요금, 여권 발급비용, 상하수도요금, 과태료, 범칙금, 벌금, 국가·공공기관·공공단체(지방자치단체, 공공조합, 영조물, 공재단)에서 개설한 가맹점 이용금액
전기요금, 사회보험료(건강보험/국민연금/고용보험/산재보험), 우편요금, 도시가스요금, 여권 발급비용, 상하수도요금, 과태료, 범칙금, 벌금, 국가·공공기관·공공단체(지방자치단체, 공공조합, 영조물, 공재단)에서 개설한 가맹점 이용금액
결제 취소건의 경우, 매출취소전표 접수월의 이용금액에서 차감 반영 포인트가 적립된 결제건이 취소될 경우, 해당 포인트는 보유 포인트에서 자동 차감되며, 포인트 부족 시 카드 결제계좌에서 자동 출금
포인트가 적립된 결제건이 취소될 경우, 해당 포인트는 보유 포인트에서 자동 차감되며, 포인트 부족 시 카드 결제계좌에서 자동 출금"
AAP1731_B0003,AAP1731,주요혜택,많이 쓰는 영역 자동 맞춤 할인,서비스안내,외식,16,Offline,할인,30,%,"쉐이크쉑, 써브웨이, 파리바게뜨, 배스킨라빈스, 던킨",전월 이용금액 30만원 이상,300000,,,,,,,10000,원,2026-06-08 06:05:17,외식 30% 할인,"[서비스안내]
커피전문점·배달앱·델리 영역 중 월 이용금액이 가장 큰 1 개 영역에 대해 30% 결제일할인
온라인 간편결제·해외 3%·1% 할인 혜택과 중복 적용

[대상점]
<table class=""benefit-table""><tr><th>영역</th><th>할인 대상</th></tr><tr><td>커피전문점</td><td>스타벅스, 이디야커피, 커피빈, 투썸플레이스, 블루보틀</td></tr><tr><td>배달앱</td><td>배달의민족, 요기요</td></tr><tr><td>델리</td><td>쉐이크쉑, 써브웨이, 파리바게뜨, 배스킨라빈스, 던킨</td></tr></table>

[이용조건]
월 할인한도 : 10,000 원
전월 이용금액 30 만원 이상 시 제공
발급월+ 1 개월까지는 전월 이용금액 30 만원 미만 시에도 제공

[할인 제외 대상]
무이자할부, 삼성카드 할인이 적용된 일시불 및 할부 이용금액, 기프트/선불카드(포인트, 사이버머니 등 전자지급수단 포함) 구매 및 충전, 상품권 구매건

[유의사항]
결제일할인금액은 다음 달 15 일 이후 결제대금에서 차감
3 개 영역 월 합산 이용금액 1 원 이상 시 제공(1개 영역 이상 이용 시 제공)
결제 취소건의 경우, 매출취소전표 접수월의 3 개 영역 합산 이용금액 및 영역별 이용금액에 반영
오프라인 결제건에 한하며, 백화점, 할인점, 쇼핑몰 등의 임대매장은 제외(단, 스타벅스의 경우, 사이렌오더 결제건도 혜택 제공)
배달앱은 공식 홈페이지·앱을 통한 결제건에 한하며, 가맹점 직접 결제건은 제외
가족카드에는 제공되지 않음
삼성카드의 다른 결제일할인 혜택과 중복 적용되지 않으며, 할인 혜택이 큰 금액만 적용
할인 혜택 및 전월 이용금액 산정은 승인 시점 기준으로 적용. 다만, 해외 결제건 및 무승인 결제건(예 : 대중교통, 이동통신 등 자동납부 결제건 등)은 매출전표 접수 시점 기준으로 적용
자체 가맹점번호로 승인 처리되는 일부 결제건(간편결제, 키오스크 등)은 할인 대상에서 제외
전월 이용금액이란, 매월 1 일부터 말일까지 이용한 일시불 및 할부 이용금액을 의미하며, 단기카드대출(현금서비스), 장기카드대출(카드론), 각종 수수료 및 이자(할부수수료, 카드대출 이자 등), 연체료, 연회비 납부건은 일시불 및 할부 이용금액에 해당되지 않음
전월 이용금액 대상 산정 시, 온라인 간편결제·해외 3% 할인/교통·이동통신·스트리밍 10% 할인 혜택이 제공된 전체 이용금액, 건강보험/국민연금/고용보험/산재보험 및 장애인 고용부담금, 국세/지방세/공과금,  초·중·고등학교 학교납입금, 대학 등록금, 대중교통, 택시, 아파트 관리비, 부동산 임대료, 기프트/선불카드(포인트, 사이버머니 등 전자지급수단 포함) 구매 및 충전, 상품권 구매건은 제외
삼성카드 가맹점 업종 분류 기준에 의한 등록 가맹점에 한함
삼성카드는 아래 항목을 공과금으로 분류함 전기요금, 사회보험료(건강보험/국민연금/고용보험/산재보험), 우편요금, 도시가스요금, 여권 발급비용, 상하수도요금, 과태료, 범칙금, 벌금, 국가·공공기관·공공단체(지방자치단체, 공공조합, 영조물, 공재단)에서 개설한 가맹점 이용금액
전기요금, 사회보험료(건강보험/국민연금/고용보험/산재보험), 우편요금, 도시가스요금, 여권 발급비용, 상하수도요금, 과태료, 범칙금, 벌금, 국가·공공기관·공공단체(지방자치단체, 공공조합, 영조물, 공재단)에서 개설한 가맹점 이용금액
결제 취소건의 경우, 매출취소전표 접수월의 이용금액에서 차감 반영 포인트가 적립된 결제건이 취소될 경우, 해당 포인트는 보유 포인트에서 자동 차감되며, 포인트 부족 시 카드 결제계좌에서 자동 출금
포인트가 적립된 결제건이 취소될 경우, 해당 포인트는 보유 포인트에서 자동 차감되며, 포인트 부족 시 카드 결제계좌에서 자동 출금"
AAP1731_B0004,AAP1731,주요혜택,온라인 간편결제·해외·구독스트리밍·이동통신·대중교통 할인,서비스안내,대중교통/택시,5,Both,할인,10,%,,전월 이용금액 30만원 이상,300000,,,,,,,,,2026-06-08 06:05:17,대중교통/택시 10% 할인,"[서비스안내]
커피전문점·배달앱·델리 영역 중 월 이용금액이 가장 큰 1 개 영역에 대해 30% 결제일할인
온라인 간편결제·해외 3%·1% 할인 혜택과 중복 적용

[대상점]
<table class=""benefit-table""><tr><th>영역</th><th>할인 대상</th></tr><tr><td>커피전문점</td><td>스타벅스, 이디야커피, 커피빈, 투썸플레이스, 블루보틀</td></tr><tr><td>배달앱</td><td>배달의민족, 요기요</td></tr><tr><td>델리</td><td>쉐이크쉑, 써브웨이, 파리바게뜨, 배스킨라빈스, 던킨</td></tr></table>

[이용조건]
월 할인한도 : 10,000 원
전월 이용금액 30 만원 이상 시 제공
발급월+ 1 개월까지는 전월 이용금액 30 만원 미만 시에도 제공

[할인 제외 대상]
무이자할부, 삼성카드 할인이 적용된 일시불 및 할부 이용금액, 기프트/선불카드(포인트, 사이버머니 등 전자지급수단 포함) 구매 및 충전, 상품권 구매건

[유의사항]
결제일할인금액은 다음 달 15 일 이후 결제대금에서 차감
3 개 영역 월 합산 이용금액 1 원 이상 시 제공(1개 영역 이상 이용 시 제공)
결제 취소건의 경우, 매출취소전표 접수월의 3 개 영역 합산 이용금액 및 영역별 이용금액에 반영
오프라인 결제건에 한하며, 백화점, 할인점, 쇼핑몰 등의 임대매장은 제외(단, 스타벅스의 경우, 사이렌오더 결제건도 혜택 제공)
배달앱은 공식 홈페이지·앱을 통한 결제건에 한하며, 가맹점 직접 결제건은 제외
가족카드에는 제공되지 않음
삼성카드의 다른 결제일할인 혜택과 중복 적용되지 않으며, 할인 혜택이 큰 금액만 적용
할인 혜택 및 전월 이용금액 산정은 승인 시점 기준으로 적용. 다만, 해외 결제건 및 무승인 결제건(예 : 대중교통, 이동통신 등 자동납부 결제건 등)은 매출전표 접수 시점 기준으로 적용
자체 가맹점번호로 승인 처리되는 일부 결제건(간편결제, 키오스크 등)은 할인 대상에서 제외
전월 이용금액이란, 매월 1 일부터 말일까지 이용한 일시불 및 할부 이용금액을 의미하며, 단기카드대출(현금서비스), 장기카드대출(카드론), 각종 수수료 및 이자(할부수수료, 카드대출 이자 등), 연체료, 연회비 납부건은 일시불 및 할부 이용금액에 해당되지 않음
전월 이용금액 대상 산정 시, 온라인 간편결제·해외 3% 할인/교통·이동통신·스트리밍 10% 할인 혜택이 제공된 전체 이용금액, 건강보험/국민연금/고용보험/산재보험 및 장애인 고용부담금, 국세/지방세/공과금,  초·중·고등학교 학교납입금, 대학 등록금, 대중교통, 택시, 아파트 관리비, 부동산 임대료, 기프트/선불카드(포인트, 사이버머니 등 전자지급수단 포함) 구매 및 충전, 상품권 구매건은 제외
삼성카드 가맹점 업종 분류 기준에 의한 등록 가맹점에 한함
삼성카드는 아래 항목을 공과금으로 분류함 전기요금, 사회보험료(건강보험/국민연금/고용보험/산재보험), 우편요금, 도시가스요금, 여권 발급비용, 상하수도요금, 과태료, 범칙금, 벌금, 국가·공공기관·공공단체(지방자치단체, 공공조합, 영조물, 공재단)에서 개설한 가맹점 이용금액
전기요금, 사회보험료(건강보험/국민연금/고용보험/산재보험), 우편요금, 도시가스요금, 여권 발급비용, 상하수도요금, 과태료, 범칙금, 벌금, 국가·공공기관·공공단체(지방자치단체, 공공조합, 영조물, 공재단)에서 개설한 가맹점 이용금액
결제 취소건의 경우, 매출취소전표 접수월의 이용금액에서 차감 반영 포인트가 적립된 결제건이 취소될 경우, 해당 포인트는 보유 포인트에서 자동 차감되며, 포인트 부족 시 카드 결제계좌에서 자동 출금
포인트가 적립된 결제건이 취소될 경우, 해당 포인트는 보유 포인트에서 자동 차감되며, 포인트 부족 시 카드 결제계좌에서 자동 출금"
AAP1731_B0005,AAP1731,주요혜택,온라인 간편결제·해외·구독스트리밍·이동통신·대중교통 할인,서비스안내,생활비,12,Both,할인,10,%,,전월 이용금액 30만원 이상,300000,,,,,,,,,2026-06-08 06:05:17,생활비 10% 할인,"[서비스안내]
커피전문점·배달앱·델리 영역 중 월 이용금액이 가장 큰 1 개 영역에 대해 30% 결제일할인
온라인 간편결제·해외 3%·1% 할인 혜택과 중복 적용

[대상점]
<table class=""benefit-table""><tr><th>영역</th><th>할인 대상</th></tr><tr><td>커피전문점</td><td>스타벅스, 이디야커피, 커피빈, 투썸플레이스, 블루보틀</td></tr><tr><td>배달앱</td><td>배달의민족, 요기요</td></tr><tr><td>델리</td><td>쉐이크쉑, 써브웨이, 파리바게뜨, 배스킨라빈스, 던킨</td></tr></table>

[이용조건]
월 할인한도 : 10,000 원
전월 이용금액 30 만원 이상 시 제공
발급월+ 1 개월까지는 전월 이용금액 30 만원 미만 시에도 제공

[할인 제외 대상]
무이자할부, 삼성카드 할인이 적용된 일시불 및 할부 이용금액, 기프트/선불카드(포인트, 사이버머니 등 전자지급수단 포함) 구매 및 충전, 상품권 구매건

[유의사항]
결제일할인금액은 다음 달 15 일 이후 결제대금에서 차감
3 개 영역 월 합산 이용금액 1 원 이상 시 제공(1개 영역 이상 이용 시 제공)
결제 취소건의 경우, 매출취소전표 접수월의 3 개 영역 합산 이용금액 및 영역별 이용금액에 반영
오프라인 결제건에 한하며, 백화점, 할인점, 쇼핑몰 등의 임대매장은 제외(단, 스타벅스의 경우, 사이렌오더 결제건도 혜택 제공)
배달앱은 공식 홈페이지·앱을 통한 결제건에 한하며, 가맹점 직접 결제건은 제외
가족카드에는 제공되지 않음
삼성카드의 다른 결제일할인 혜택과 중복 적용되지 않으며, 할인 혜택이 큰 금액만 적용
할인 혜택 및 전월 이용금액 산정은 승인 시점 기준으로 적용. 다만, 해외 결제건 및 무승인 결제건(예 : 대중교통, 이동통신 등 자동납부 결제건 등)은 매출전표 접수 시점 기준으로 적용
자체 가맹점번호로 승인 처리되는 일부 결제건(간편결제, 키오스크 등)은 할인 대상에서 제외
전월 이용금액이란, 매월 1 일부터 말일까지 이용한 일시불 및 할부 이용금액을 의미하며, 단기카드대출(현금서비스), 장기카드대출(카드론), 각종 수수료 및 이자(할부수수료, 카드대출 이자 등), 연체료, 연회비 납부건은 일시불 및 할부 이용금액에 해당되지 않음
전월 이용금액 대상 산정 시, 온라인 간편결제·해외 3% 할인/교통·이동통신·스트리밍 10% 할인 혜택이 제공된 전체 이용금액, 건강보험/국민연금/고용보험/산재보험 및 장애인 고용부담금, 국세/지방세/공과금,  초·중·고등학교 학교납입금, 대학 등록금, 대중교통, 택시, 아파트 관리비, 부동산 임대료, 기프트/선불카드(포인트, 사이버머니 등 전자지급수단 포함) 구매 및 충전, 상품권 구매건은 제외
삼성카드 가맹점 업종 분류 기준에 의한 등록 가맹점에 한함
삼성카드는 아래 항목을 공과금으로 분류함 전기요금, 사회보험료(건강보험/국민연금/고용보험/산재보험), 우편요금, 도시가스요금, 여권 발급비용, 상하수도요금, 과태료, 범칙금, 벌금, 국가·공공기관·공공단체(지방자치단체, 공공조합, 영조물, 공재단)에서 개설한 가맹점 이용금액
전기요금, 사회보험료(건강보험/국민연금/고용보험/산재보험), 우편요금, 도시가스요금, 여권 발급비용, 상하수도요금, 과태료, 범칙금, 벌금, 국가·공공기관·공공단체(지방자치단체, 공공조합, 영조물, 공재단)에서 개설한 가맹점 이용금액
결제 취소건의 경우, 매출취소전표 접수월의 이용금액에서 차감 반영 포인트가 적립된 결제건이 취소될 경우, 해당 포인트는 보유 포인트에서 자동 차감되며, 포인트 부족 시 카드 결제계좌에서 자동 출금
포인트가 적립된 결제건이 취소될 경우, 해당 포인트는 보유 포인트에서 자동 차감되며, 포인트 부족 시 카드 결제계좌에서 자동 출금"
AAP1731_B0006,AAP1731,주요혜택,온라인 간편결제·해외·구독스트리밍·이동통신·대중교통 할인,서비스안내,구독/스트리밍,8,Online,할인,10,%,,전월 이용금액 30만원 이상,300000,,,,,,,,,2026-06-08 06:05:17,구독/스트리밍 10% 할인,"[서비스안내]
커피전문점·배달앱·델리 영역 중 월 이용금액이 가장 큰 1 개 영역에 대해 30% 결제일할인
온라인 간편결제·해외 3%·1% 할인 혜택과 중복 적용

[대상점]
<table class=""benefit-table""><tr><th>영역</th><th>할인 대상</th></tr><tr><td>커피전문점</td><td>스타벅스, 이디야커피, 커피빈, 투썸플레이스, 블루보틀</td></tr><tr><td>배달앱</td><td>배달의민족, 요기요</td></tr><tr><td>델리</td><td>쉐이크쉑, 써브웨이, 파리바게뜨, 배스킨라빈스, 던킨</td></tr></table>

[이용조건]
월 할인한도 : 10,000 원
전월 이용금액 30 만원 이상 시 제공
발급월+ 1 개월까지는 전월 이용금액 30 만원 미만 시에도 제공

[할인 제외 대상]
무이자할부, 삼성카드 할인이 적용된 일시불 및 할부 이용금액, 기프트/선불카드(포인트, 사이버머니 등 전자지급수단 포함) 구매 및 충전, 상품권 구매건

[유의사항]
결제일할인금액은 다음 달 15 일 이후 결제대금에서 차감
3 개 영역 월 합산 이용금액 1 원 이상 시 제공(1개 영역 이상 이용 시 제공)
결제 취소건의 경우, 매출취소전표 접수월의 3 개 영역 합산 이용금액 및 영역별 이용금액에 반영
오프라인 결제건에 한하며, 백화점, 할인점, 쇼핑몰 등의 임대매장은 제외(단, 스타벅스의 경우, 사이렌오더 결제건도 혜택 제공)
배달앱은 공식 홈페이지·앱을 통한 결제건에 한하며, 가맹점 직접 결제건은 제외
가족카드에는 제공되지 않음
삼성카드의 다른 결제일할인 혜택과 중복 적용되지 않으며, 할인 혜택이 큰 금액만 적용
할인 혜택 및 전월 이용금액 산정은 승인 시점 기준으로 적용. 다만, 해외 결제건 및 무승인 결제건(예 : 대중교통, 이동통신 등 자동납부 결제건 등)은 매출전표 접수 시점 기준으로 적용
자체 가맹점번호로 승인 처리되는 일부 결제건(간편결제, 키오스크 등)은 할인 대상에서 제외
전월 이용금액이란, 매월 1 일부터 말일까지 이용한 일시불 및 할부 이용금액을 의미하며, 단기카드대출(현금서비스), 장기카드대출(카드론), 각종 수수료 및 이자(할부수수료, 카드대출 이자 등), 연체료, 연회비 납부건은 일시불 및 할부 이용금액에 해당되지 않음
전월 이용금액 대상 산정 시, 온라인 간편결제·해외 3% 할인/교통·이동통신·스트리밍 10% 할인 혜택이 제공된 전체 이용금액, 건강보험/국민연금/고용보험/산재보험 및 장애인 고용부담금, 국세/지방세/공과금,  초·중·고등학교 학교납입금, 대학 등록금, 대중교통, 택시, 아파트 관리비, 부동산 임대료, 기프트/선불카드(포인트, 사이버머니 등 전자지급수단 포함) 구매 및 충전, 상품권 구매건은 제외
삼성카드 가맹점 업종 분류 기준에 의한 등록 가맹점에 한함
삼성카드는 아래 항목을 공과금으로 분류함 전기요금, 사회보험료(건강보험/국민연금/고용보험/산재보험), 우편요금, 도시가스요금, 여권 발급비용, 상하수도요금, 과태료, 범칙금, 벌금, 국가·공공기관·공공단체(지방자치단체, 공공조합, 영조물, 공재단)에서 개설한 가맹점 이용금액
전기요금, 사회보험료(건강보험/국민연금/고용보험/산재보험), 우편요금, 도시가스요금, 여권 발급비용, 상하수도요금, 과태료, 범칙금, 벌금, 국가·공공기관·공공단체(지방자치단체, 공공조합, 영조물, 공재단)에서 개설한 가맹점 이용금액
결제 취소건의 경우, 매출취소전표 접수월의 이용금액에서 차감 반영 포인트가 적립된 결제건이 취소될 경우, 해당 포인트는 보유 포인트에서 자동 차감되며, 포인트 부족 시 카드 결제계좌에서 자동 출금
포인트가 적립된 결제건이 취소될 경우, 해당 포인트는 보유 포인트에서 자동 차감되며, 포인트 부족 시 카드 결제계좌에서 자동 출금"
AAP1731_B0007,AAP1731,주요혜택,온라인 간편결제·해외·구독스트리밍·이동통신·대중교통 할인,서비스안내,페이/간편결제,10,Online,할인,3,%,,전월 이용금액 30만원 이상,300000,,,,,,,,,2026-06-08 06:05:17,페이/간편결제 3% 할인,"[서비스안내]
커피전문점·배달앱·델리 영역 중 월 이용금액이 가장 큰 1 개 영역에 대해 30% 결제일할인
온라인 간편결제·해외 3%·1% 할인 혜택과 중복 적용

[대상점]
<table class=""benefit-table""><tr><th>영역</th><th>할인 대상</th></tr><tr><td>커피전문점</td><td>스타벅스, 이디야커피, 커피빈, 투썸플레이스, 블루보틀</td></tr><tr><td>배달앱</td><td>배달의민족, 요기요</td></tr><tr><td>델리</td><td>쉐이크쉑, 써브웨이, 파리바게뜨, 배스킨라빈스, 던킨</td></tr></table>

[이용조건]
월 할인한도 : 10,000 원
전월 이용금액 30 만원 이상 시 제공
발급월+ 1 개월까지는 전월 이용금액 30 만원 미만 시에도 제공

[할인 제외 대상]
무이자할부, 삼성카드 할인이 적용된 일시불 및 할부 이용금액, 기프트/선불카드(포인트, 사이버머니 등 전자지급수단 포함) 구매 및 충전, 상품권 구매건

[유의사항]
결제일할인금액은 다음 달 15 일 이후 결제대금에서 차감
3 개 영역 월 합산 이용금액 1 원 이상 시 제공(1개 영역 이상 이용 시 제공)
결제 취소건의 경우, 매출취소전표 접수월의 3 개 영역 합산 이용금액 및 영역별 이용금액에 반영
오프라인 결제건에 한하며, 백화점, 할인점, 쇼핑몰 등의 임대매장은 제외(단, 스타벅스의 경우, 사이렌오더 결제건도 혜택 제공)
배달앱은 공식 홈페이지·앱을 통한 결제건에 한하며, 가맹점 직접 결제건은 제외
가족카드에는 제공되지 않음
삼성카드의 다른 결제일할인 혜택과 중복 적용되지 않으며, 할인 혜택이 큰 금액만 적용
할인 혜택 및 전월 이용금액 산정은 승인 시점 기준으로 적용. 다만, 해외 결제건 및 무승인 결제건(예 : 대중교통, 이동통신 등 자동납부 결제건 등)은 매출전표 접수 시점 기준으로 적용
자체 가맹점번호로 승인 처리되는 일부 결제건(간편결제, 키오스크 등)은 할인 대상에서 제외
전월 이용금액이란, 매월 1 일부터 말일까지 이용한 일시불 및 할부 이용금액을 의미하며, 단기카드대출(현금서비스), 장기카드대출(카드론), 각종 수수료 및 이자(할부수수료, 카드대출 이자 등), 연체료, 연회비 납부건은 일시불 및 할부 이용금액에 해당되지 않음
전월 이용금액 대상 산정 시, 온라인 간편결제·해외 3% 할인/교통·이동통신·스트리밍 10% 할인 혜택이 제공된 전체 이용금액, 건강보험/국민연금/고용보험/산재보험 및 장애인 고용부담금, 국세/지방세/공과금,  초·중·고등학교 학교납입금, 대학 등록금, 대중교통, 택시, 아파트 관리비, 부동산 임대료, 기프트/선불카드(포인트, 사이버머니 등 전자지급수단 포함) 구매 및 충전, 상품권 구매건은 제외
삼성카드 가맹점 업종 분류 기준에 의한 등록 가맹점에 한함
삼성카드는 아래 항목을 공과금으로 분류함 전기요금, 사회보험료(건강보험/국민연금/고용보험/산재보험), 우편요금, 도시가스요금, 여권 발급비용, 상하수도요금, 과태료, 범칙금, 벌금, 국가·공공기관·공공단체(지방자치단체, 공공조합, 영조물, 공재단)에서 개설한 가맹점 이용금액
전기요금, 사회보험료(건강보험/국민연금/고용보험/산재보험), 우편요금, 도시가스요금, 여권 발급비용, 상하수도요금, 과태료, 범칙금, 벌금, 국가·공공기관·공공단체(지방자치단체, 공공조합, 영조물, 공재단)에서 개설한 가맹점 이용금액
결제 취소건의 경우, 매출취소전표 접수월의 이용금액에서 차감 반영 포인트가 적립된 결제건이 취소될 경우, 해당 포인트는 보유 포인트에서 자동 차감되며, 포인트 부족 시 카드 결제계좌에서 자동 출금
포인트가 적립된 결제건이 취소될 경우, 해당 포인트는 보유 포인트에서 자동 차감되며, 포인트 부족 시 카드 결제계좌에서 자동 출금"
AAP1731_B0008,AAP1731,주요혜택,온라인 간편결제·해외·구독스트리밍·이동통신·대중교통 할인,서비스안내,해외,19,Online,할인,3,%,,전월 이용금액 30만원 이상,300000,,,,,,,,,2026-06-08 06:05:17,해외 3% 할인,"[서비스안내]
커피전문점·배달앱·델리 영역 중 월 이용금액이 가장 큰 1 개 영역에 대해 30% 결제일할인
온라인 간편결제·해외 3%·1% 할인 혜택과 중복 적용

[대상점]
<table class=""benefit-table""><tr><th>영역</th><th>할인 대상</th></tr><tr><td>커피전문점</td><td>스타벅스, 이디야커피, 커피빈, 투썸플레이스, 블루보틀</td></tr><tr><td>배달앱</td><td>배달의민족, 요기요</td></tr><tr><td>델리</td><td>쉐이크쉑, 써브웨이, 파리바게뜨, 배스킨라빈스, 던킨</td></tr></table>

[이용조건]
월 할인한도 : 10,000 원
전월 이용금액 30 만원 이상 시 제공
발급월+ 1 개월까지는 전월 이용금액 30 만원 미만 시에도 제공

[할인 제외 대상]
무이자할부, 삼성카드 할인이 적용된 일시불 및 할부 이용금액, 기프트/선불카드(포인트, 사이버머니 등 전자지급수단 포함) 구매 및 충전, 상품권 구매건

[유의사항]
결제일할인금액은 다음 달 15 일 이후 결제대금에서 차감
3 개 영역 월 합산 이용금액 1 원 이상 시 제공(1개 영역 이상 이용 시 제공)
결제 취소건의 경우, 매출취소전표 접수월의 3 개 영역 합산 이용금액 및 영역별 이용금액에 반영
오프라인 결제건에 한하며, 백화점, 할인점, 쇼핑몰 등의 임대매장은 제외(단, 스타벅스의 경우, 사이렌오더 결제건도 혜택 제공)
배달앱은 공식 홈페이지·앱을 통한 결제건에 한하며, 가맹점 직접 결제건은 제외
가족카드에는 제공되지 않음
삼성카드의 다른 결제일할인 혜택과 중복 적용되지 않으며, 할인 혜택이 큰 금액만 적용
할인 혜택 및 전월 이용금액 산정은 승인 시점 기준으로 적용. 다만, 해외 결제건 및 무승인 결제건(예 : 대중교통, 이동통신 등 자동납부 결제건 등)은 매출전표 접수 시점 기준으로 적용
자체 가맹점번호로 승인 처리되는 일부 결제건(간편결제, 키오스크 등)은 할인 대상에서 제외
전월 이용금액이란, 매월 1 일부터 말일까지 이용한 일시불 및 할부 이용금액을 의미하며, 단기카드대출(현금서비스), 장기카드대출(카드론), 각종 수수료 및 이자(할부수수료, 카드대출 이자 등), 연체료, 연회비 납부건은 일시불 및 할부 이용금액에 해당되지 않음
전월 이용금액 대상 산정 시, 온라인 간편결제·해외 3% 할인/교통·이동통신·스트리밍 10% 할인 혜택이 제공된 전체 이용금액, 건강보험/국민연금/고용보험/산재보험 및 장애인 고용부담금, 국세/지방세/공과금,  초·중·고등학교 학교납입금, 대학 등록금, 대중교통, 택시, 아파트 관리비, 부동산 임대료, 기프트/선불카드(포인트, 사이버머니 등 전자지급수단 포함) 구매 및 충전, 상품권 구매건은 제외
삼성카드 가맹점 업종 분류 기준에 의한 등록 가맹점에 한함
삼성카드는 아래 항목을 공과금으로 분류함 전기요금, 사회보험료(건강보험/국민연금/고용보험/산재보험), 우편요금, 도시가스요금, 여권 발급비용, 상하수도요금, 과태료, 범칙금, 벌금, 국가·공공기관·공공단체(지방자치단체, 공공조합, 영조물, 공재단)에서 개설한 가맹점 이용금액
전기요금, 사회보험료(건강보험/국민연금/고용보험/산재보험), 우편요금, 도시가스요금, 여권 발급비용, 상하수도요금, 과태료, 범칙금, 벌금, 국가·공공기관·공공단체(지방자치단체, 공공조합, 영조물, 공재단)에서 개설한 가맹점 이용금액
결제 취소건의 경우, 매출취소전표 접수월의 이용금액에서 차감 반영 포인트가 적립된 결제건이 취소될 경우, 해당 포인트는 보유 포인트에서 자동 차감되며, 포인트 부족 시 카드 결제계좌에서 자동 출금
포인트가 적립된 결제건이 취소될 경우, 해당 포인트는 보유 포인트에서 자동 차감되며, 포인트 부족 시 카드 결제계좌에서 자동 출금"
AAP1731_B0009,AAP1731,주요혜택,온라인 간편결제·해외·구독스트리밍·이동통신·대중교통 할인,서비스안내,페이/간편결제,10,Online,할인,1,%,,전월 이용금액 30만원 이상,300000,,,,,,,,,2026-06-08 06:05:17,페이/간편결제 1% 할인,"[서비스안내]
커피전문점·배달앱·델리 영역 중 월 이용금액이 가장 큰 1 개 영역에 대해 30% 결제일할인
온라인 간편결제·해외 3%·1% 할인 혜택과 중복 적용

[대상점]
<table class=""benefit-table""><tr><th>영역</th><th>할인 대상</th></tr><tr><td>커피전문점</td><td>스타벅스, 이디야커피, 커피빈, 투썸플레이스, 블루보틀</td></tr><tr><td>배달앱</td><td>배달의민족, 요기요</td></tr><tr><td>델리</td><td>쉐이크쉑, 써브웨이, 파리바게뜨, 배스킨라빈스, 던킨</td></tr></table>

[이용조건]
월 할인한도 : 10,000 원
전월 이용금액 30 만원 이상 시 제공
발급월+ 1 개월까지는 전월 이용금액 30 만원 미만 시에도 제공

[할인 제외 대상]
무이자할부, 삼성카드 할인이 적용된 일시불 및 할부 이용금액, 기프트/선불카드(포인트, 사이버머니 등 전자지급수단 포함) 구매 및 충전, 상품권 구매건

[유의사항]
결제일할인금액은 다음 달 15 일 이후 결제대금에서 차감
3 개 영역 월 합산 이용금액 1 원 이상 시 제공(1개 영역 이상 이용 시 제공)
결제 취소건의 경우, 매출취소전표 접수월의 3 개 영역 합산 이용금액 및 영역별 이용금액에 반영
오프라인 결제건에 한하며, 백화점, 할인점, 쇼핑몰 등의 임대매장은 제외(단, 스타벅스의 경우, 사이렌오더 결제건도 혜택 제공)
배달앱은 공식 홈페이지·앱을 통한 결제건에 한하며, 가맹점 직접 결제건은 제외
가족카드에는 제공되지 않음
삼성카드의 다른 결제일할인 혜택과 중복 적용되지 않으며, 할인 혜택이 큰 금액만 적용
할인 혜택 및 전월 이용금액 산정은 승인 시점 기준으로 적용. 다만, 해외 결제건 및 무승인 결제건(예 : 대중교통, 이동통신 등 자동납부 결제건 등)은 매출전표 접수 시점 기준으로 적용
자체 가맹점번호로 승인 처리되는 일부 결제건(간편결제, 키오스크 등)은 할인 대상에서 제외
전월 이용금액이란, 매월 1 일부터 말일까지 이용한 일시불 및 할부 이용금액을 의미하며, 단기카드대출(현금서비스), 장기카드대출(카드론), 각종 수수료 및 이자(할부수수료, 카드대출 이자 등), 연체료, 연회비 납부건은 일시불 및 할부 이용금액에 해당되지 않음
전월 이용금액 대상 산정 시, 온라인 간편결제·해외 3% 할인/교통·이동통신·스트리밍 10% 할인 혜택이 제공된 전체 이용금액, 건강보험/국민연금/고용보험/산재보험 및 장애인 고용부담금, 국세/지방세/공과금,  초·중·고등학교 학교납입금, 대학 등록금, 대중교통, 택시, 아파트 관리비, 부동산 임대료, 기프트/선불카드(포인트, 사이버머니 등 전자지급수단 포함) 구매 및 충전, 상품권 구매건은 제외
삼성카드 가맹점 업종 분류 기준에 의한 등록 가맹점에 한함
삼성카드는 아래 항목을 공과금으로 분류함 전기요금, 사회보험료(건강보험/국민연금/고용보험/산재보험), 우편요금, 도시가스요금, 여권 발급비용, 상하수도요금, 과태료, 범칙금, 벌금, 국가·공공기관·공공단체(지방자치단체, 공공조합, 영조물, 공재단)에서 개설한 가맹점 이용금액
전기요금, 사회보험료(건강보험/국민연금/고용보험/산재보험), 우편요금, 도시가스요금, 여권 발급비용, 상하수도요금, 과태료, 범칙금, 벌금, 국가·공공기관·공공단체(지방자치단체, 공공조합, 영조물, 공재단)에서 개설한 가맹점 이용금액
결제 취소건의 경우, 매출취소전표 접수월의 이용금액에서 차감 반영 포인트가 적립된 결제건이 취소될 경우, 해당 포인트는 보유 포인트에서 자동 차감되며, 포인트 부족 시 카드 결제계좌에서 자동 출금
포인트가 적립된 결제건이 취소될 경우, 해당 포인트는 보유 포인트에서 자동 차감되며, 포인트 부족 시 카드 결제계좌에서 자동 출금"
AAP1731_B0010,AAP1731,주요혜택,교통·이동통신·스트리밍 할인,서비스안내,대중교통/택시,5,Offline,할인,10,%,"대중교통(버스, 지하철), 택시",30만원 이상 ~ 60만원 미만,300000,600000,,,,,,10000,원,2026-06-08 06:05:17,대중교통/택시 10% 할인,"[서비스안내]
교통·이동통신·스트리밍 10% 결제일할인

[대상점]
<table class=""benefit-table""><tr><th>업종</th><th>할인 대상</th></tr><tr><td>교통</td><td>대중교통(버스, 지하철), 택시</td></tr><tr><td>이동통신</td><td>SKT, KT, LG U+, 알뜰폰 이동통신요금 정기결제건</td></tr><tr><td>스트리밍</td><td>넷플릭스, 웨이브, 티빙, 왓챠, 멜론, FLO 정기결제건</td></tr></table>

[할인기준]
<table class=""benefit-table""><tr><th colspan=""2"">전월 이용금액대별 통합 월 할인한도</th></tr><tr><th>30 만원 이상</th><th>60 만원 이상</th></tr><tr><td>10,000 원</td><td>20,000 원</td></tr></table>

[이용조건]
발급월+ 1 개월까지는 전월 이용금액 30 만원 미만 시에도 30 만원 이상~ 60 만원 미만 실적구간 혜택 제공(전월 이용금액 60 만원 이상 시에는 해당 실적구간 혜택 제공)

[할인 제외 대상]
무이자할부, 삼성카드 할인이 적용된 일시불 및 할부 이용금액, 교통·이동통신·스트리밍 10% 할인이 적용되지 않은 대중교통 및 택시 이용금액, 고속버스(차내 단말기 및 고속버스 앱 결제), 고속도로 통행요금, 기프트/선불카드(포인트, 사이버머니 등 전자지급수단 포함) 구매 및 충전, 상품권 구매건

[유의사항]
교통은 오프라인 결제건에 한하며, 시외·고속버스는 제외
이동통신은 결합상품요금, 휴대전화 등 단말기 구매금액 및 대리점 카드 결제건 제외
이동통신의 경우, 알뜰폰은 SK 텔링크, KT 스카이라이프, KT M 모바일, 헬로모바일, 미디어로그에 한함
스트리밍은 간편결제건 및 앱스토어를 통한 결제건(인앱 결제) 제외
삼성카드의 다른 결제일할인 혜택과 중복 적용되지 않으며, 할인 혜택이 큰 금액만 적용
본인카드와 가족카드의 이용실적, 할인한도는 합산하여 산정
할인 혜택 및 전월 이용금액 산정은 승인 시점 기준으로 적용. 다만, 해외 결제건 및 무승인 결제건(예 : 대중교통, 이동통신 등 자동납부 결제건 등)은 매출전표 접수 시점 기준으로 적용
자체 가맹점번호로 승인 처리되는 일부 결제건(간편결제, 키오스크 등)은 할인 대상에서 제외
전월 이용금액이란, 매월 1 일부터 말일까지 이용한 일시불 및 할부 이용금액을 의미하며, 단기카드대출(현금서비스), 장기카드대출(카드론), 각종 수수료 및 이자(할부수수료, 카드대출 이자 등), 연체료, 연회비 납부건은 일시불 및 할부 이용금액에 해당되지 않음
전월 이용금액 산정 시, 온라인 간편결제·해외 3% 할인/교통·이동통신·스트리밍 10% 할인 혜택이 제공된 전체 이용금액, 건강보험/국민연금/고용보험/산재보험 및 장애인 고용부담금, 국세/지방세/공과금,  초·중·고등학교 학교납입금, 대학 등록금, 대중교통, 택시, 아파트 관리비, 부동산 임대료, 기프트/선불카드(포인트, 사이버머니 등 전자지급수단 포함) 구매 및 충전, 상품권 구매건은 제외
삼성카드 가맹점 업종 분류 기준에 의한 등록 가맹점에 한함
삼성카드는 아래 항목을 공과금으로 분류함 전기요금, 사회보험료(건강보험/국민연금/고용보험/산재보험), 우편요금, 도시가스요금, 여권 발급비용, 상하수도요금, 과태료, 범칙금, 벌금, 국가·공공기관·공공단체(지방자치단체, 공공조합, 영조물, 공재단)에서 개설한 가맹점 이용금액
전기요금, 사회보험료(건강보험/국민연금/고용보험/산재보험), 우편요금, 도시가스요금, 여권 발급비용, 상하수도요금, 과태료, 범칙금, 벌금, 국가·공공기관·공공단체(지방자치단체, 공공조합, 영조물, 공재단)에서 개설한 가맹점 이용금액
결제 취소건의 경우, 매출취소전표 접수월의 이용금액에서 차감 반영 포인트가 적립된 결제건이 취소될 경우, 해당 포인트는 보유 포인트에서 자동 차감되며, 포인트 부족 시 카드 결제계좌에서 자동 출금
포인트가 적립된 결제건이 취소될 경우, 해당 포인트는 보유 포인트에서 자동 차감되며, 포인트 부족 시 카드 결제계좌에서 자동 출금"
AAP1731_B0011,AAP1731,주요혜택,교통·이동통신·스트리밍 할인,서비스안내,대중교통/택시,5,Offline,할인,10,%,"대중교통(버스, 지하철), 택시",60만원 이상,600000,,,,,,,20000,원,2026-06-08 06:05:17,대중교통/택시 10% 할인,"[서비스안내]
교통·이동통신·스트리밍 10% 결제일할인

[대상점]
<table class=""benefit-table""><tr><th>업종</th><th>할인 대상</th></tr><tr><td>교통</td><td>대중교통(버스, 지하철), 택시</td></tr><tr><td>이동통신</td><td>SKT, KT, LG U+, 알뜰폰 이동통신요금 정기결제건</td></tr><tr><td>스트리밍</td><td>넷플릭스, 웨이브, 티빙, 왓챠, 멜론, FLO 정기결제건</td></tr></table>

[할인기준]
<table class=""benefit-table""><tr><th colspan=""2"">전월 이용금액대별 통합 월 할인한도</th></tr><tr><th>30 만원 이상</th><th>60 만원 이상</th></tr><tr><td>10,000 원</td><td>20,000 원</td></tr></table>

[이용조건]
발급월+ 1 개월까지는 전월 이용금액 30 만원 미만 시에도 30 만원 이상~ 60 만원 미만 실적구간 혜택 제공(전월 이용금액 60 만원 이상 시에는 해당 실적구간 혜택 제공)

[할인 제외 대상]
무이자할부, 삼성카드 할인이 적용된 일시불 및 할부 이용금액, 교통·이동통신·스트리밍 10% 할인이 적용되지 않은 대중교통 및 택시 이용금액, 고속버스(차내 단말기 및 고속버스 앱 결제), 고속도로 통행요금, 기프트/선불카드(포인트, 사이버머니 등 전자지급수단 포함) 구매 및 충전, 상품권 구매건

[유의사항]
교통은 오프라인 결제건에 한하며, 시외·고속버스는 제외
이동통신은 결합상품요금, 휴대전화 등 단말기 구매금액 및 대리점 카드 결제건 제외
이동통신의 경우, 알뜰폰은 SK 텔링크, KT 스카이라이프, KT M 모바일, 헬로모바일, 미디어로그에 한함
스트리밍은 간편결제건 및 앱스토어를 통한 결제건(인앱 결제) 제외
삼성카드의 다른 결제일할인 혜택과 중복 적용되지 않으며, 할인 혜택이 큰 금액만 적용
본인카드와 가족카드의 이용실적, 할인한도는 합산하여 산정
할인 혜택 및 전월 이용금액 산정은 승인 시점 기준으로 적용. 다만, 해외 결제건 및 무승인 결제건(예 : 대중교통, 이동통신 등 자동납부 결제건 등)은 매출전표 접수 시점 기준으로 적용
자체 가맹점번호로 승인 처리되는 일부 결제건(간편결제, 키오스크 등)은 할인 대상에서 제외
전월 이용금액이란, 매월 1 일부터 말일까지 이용한 일시불 및 할부 이용금액을 의미하며, 단기카드대출(현금서비스), 장기카드대출(카드론), 각종 수수료 및 이자(할부수수료, 카드대출 이자 등), 연체료, 연회비 납부건은 일시불 및 할부 이용금액에 해당되지 않음
전월 이용금액 산정 시, 온라인 간편결제·해외 3% 할인/교통·이동통신·스트리밍 10% 할인 혜택이 제공된 전체 이용금액, 건강보험/국민연금/고용보험/산재보험 및 장애인 고용부담금, 국세/지방세/공과금,  초·중·고등학교 학교납입금, 대학 등록금, 대중교통, 택시, 아파트 관리비, 부동산 임대료, 기프트/선불카드(포인트, 사이버머니 등 전자지급수단 포함) 구매 및 충전, 상품권 구매건은 제외
삼성카드 가맹점 업종 분류 기준에 의한 등록 가맹점에 한함
삼성카드는 아래 항목을 공과금으로 분류함 전기요금, 사회보험료(건강보험/국민연금/고용보험/산재보험), 우편요금, 도시가스요금, 여권 발급비용, 상하수도요금, 과태료, 범칙금, 벌금, 국가·공공기관·공공단체(지방자치단체, 공공조합, 영조물, 공재단)에서 개설한 가맹점 이용금액
전기요금, 사회보험료(건강보험/국민연금/고용보험/산재보험), 우편요금, 도시가스요금, 여권 발급비용, 상하수도요금, 과태료, 범칙금, 벌금, 국가·공공기관·공공단체(지방자치단체, 공공조합, 영조물, 공재단)에서 개설한 가맹점 이용금액
결제 취소건의 경우, 매출취소전표 접수월의 이용금액에서 차감 반영 포인트가 적립된 결제건이 취소될 경우, 해당 포인트는 보유 포인트에서 자동 차감되며, 포인트 부족 시 카드 결제계좌에서 자동 출금
포인트가 적립된 결제건이 취소될 경우, 해당 포인트는 보유 포인트에서 자동 차감되며, 포인트 부족 시 카드 결제계좌에서 자동 출금"
AAP1731_B0012,AAP1731,주요혜택,교통·이동통신·스트리밍 할인,서비스안내,생활비,12,Both,할인,10,%,"SKT, KT, LG U+, 알뜰폰 이동통신요금 정기결제건",30만원 이상 ~ 60만원 미만,300000,600000,,,,,,10000,원,2026-06-08 06:05:17,생활비 10% 할인,"[서비스안내]
교통·이동통신·스트리밍 10% 결제일할인

[대상점]
<table class=""benefit-table""><tr><th>업종</th><th>할인 대상</th></tr><tr><td>교통</td><td>대중교통(버스, 지하철), 택시</td></tr><tr><td>이동통신</td><td>SKT, KT, LG U+, 알뜰폰 이동통신요금 정기결제건</td></tr><tr><td>스트리밍</td><td>넷플릭스, 웨이브, 티빙, 왓챠, 멜론, FLO 정기결제건</td></tr></table>

[할인기준]
<table class=""benefit-table""><tr><th colspan=""2"">전월 이용금액대별 통합 월 할인한도</th></tr><tr><th>30 만원 이상</th><th>60 만원 이상</th></tr><tr><td>10,000 원</td><td>20,000 원</td></tr></table>

[이용조건]
발급월+ 1 개월까지는 전월 이용금액 30 만원 미만 시에도 30 만원 이상~ 60 만원 미만 실적구간 혜택 제공(전월 이용금액 60 만원 이상 시에는 해당 실적구간 혜택 제공)

[할인 제외 대상]
무이자할부, 삼성카드 할인이 적용된 일시불 및 할부 이용금액, 교통·이동통신·스트리밍 10% 할인이 적용되지 않은 대중교통 및 택시 이용금액, 고속버스(차내 단말기 및 고속버스 앱 결제), 고속도로 통행요금, 기프트/선불카드(포인트, 사이버머니 등 전자지급수단 포함) 구매 및 충전, 상품권 구매건

[유의사항]
교통은 오프라인 결제건에 한하며, 시외·고속버스는 제외
이동통신은 결합상품요금, 휴대전화 등 단말기 구매금액 및 대리점 카드 결제건 제외
이동통신의 경우, 알뜰폰은 SK 텔링크, KT 스카이라이프, KT M 모바일, 헬로모바일, 미디어로그에 한함
스트리밍은 간편결제건 및 앱스토어를 통한 결제건(인앱 결제) 제외
삼성카드의 다른 결제일할인 혜택과 중복 적용되지 않으며, 할인 혜택이 큰 금액만 적용
본인카드와 가족카드의 이용실적, 할인한도는 합산하여 산정
할인 혜택 및 전월 이용금액 산정은 승인 시점 기준으로 적용. 다만, 해외 결제건 및 무승인 결제건(예 : 대중교통, 이동통신 등 자동납부 결제건 등)은 매출전표 접수 시점 기준으로 적용
자체 가맹점번호로 승인 처리되는 일부 결제건(간편결제, 키오스크 등)은 할인 대상에서 제외
전월 이용금액이란, 매월 1 일부터 말일까지 이용한 일시불 및 할부 이용금액을 의미하며, 단기카드대출(현금서비스), 장기카드대출(카드론), 각종 수수료 및 이자(할부수수료, 카드대출 이자 등), 연체료, 연회비 납부건은 일시불 및 할부 이용금액에 해당되지 않음
전월 이용금액 산정 시, 온라인 간편결제·해외 3% 할인/교통·이동통신·스트리밍 10% 할인 혜택이 제공된 전체 이용금액, 건강보험/국민연금/고용보험/산재보험 및 장애인 고용부담금, 국세/지방세/공과금,  초·중·고등학교 학교납입금, 대학 등록금, 대중교통, 택시, 아파트 관리비, 부동산 임대료, 기프트/선불카드(포인트, 사이버머니 등 전자지급수단 포함) 구매 및 충전, 상품권 구매건은 제외
삼성카드 가맹점 업종 분류 기준에 의한 등록 가맹점에 한함
삼성카드는 아래 항목을 공과금으로 분류함 전기요금, 사회보험료(건강보험/국민연금/고용보험/산재보험), 우편요금, 도시가스요금, 여권 발급비용, 상하수도요금, 과태료, 범칙금, 벌금, 국가·공공기관·공공단체(지방자치단체, 공공조합, 영조물, 공재단)에서 개설한 가맹점 이용금액
전기요금, 사회보험료(건강보험/국민연금/고용보험/산재보험), 우편요금, 도시가스요금, 여권 발급비용, 상하수도요금, 과태료, 범칙금, 벌금, 국가·공공기관·공공단체(지방자치단체, 공공조합, 영조물, 공재단)에서 개설한 가맹점 이용금액
결제 취소건의 경우, 매출취소전표 접수월의 이용금액에서 차감 반영 포인트가 적립된 결제건이 취소될 경우, 해당 포인트는 보유 포인트에서 자동 차감되며, 포인트 부족 시 카드 결제계좌에서 자동 출금
포인트가 적립된 결제건이 취소될 경우, 해당 포인트는 보유 포인트에서 자동 차감되며, 포인트 부족 시 카드 결제계좌에서 자동 출금"
AAP1731_B0013,AAP1731,주요혜택,교통·이동통신·스트리밍 할인,서비스안내,생활비,12,Both,할인,10,%,"SKT, KT, LG U+, 알뜰폰 이동통신요금 정기결제건",60만원 이상,600000,,,,,,,20000,원,2026-06-08 06:05:17,생활비 10% 할인,"[서비스안내]
교통·이동통신·스트리밍 10% 결제일할인

[대상점]
<table class=""benefit-table""><tr><th>업종</th><th>할인 대상</th></tr><tr><td>교통</td><td>대중교통(버스, 지하철), 택시</td></tr><tr><td>이동통신</td><td>SKT, KT, LG U+, 알뜰폰 이동통신요금 정기결제건</td></tr><tr><td>스트리밍</td><td>넷플릭스, 웨이브, 티빙, 왓챠, 멜론, FLO 정기결제건</td></tr></table>

[할인기준]
<table class=""benefit-table""><tr><th colspan=""2"">전월 이용금액대별 통합 월 할인한도</th></tr><tr><th>30 만원 이상</th><th>60 만원 이상</th></tr><tr><td>10,000 원</td><td>20,000 원</td></tr></table>

[이용조건]
발급월+ 1 개월까지는 전월 이용금액 30 만원 미만 시에도 30 만원 이상~ 60 만원 미만 실적구간 혜택 제공(전월 이용금액 60 만원 이상 시에는 해당 실적구간 혜택 제공)

[할인 제외 대상]
무이자할부, 삼성카드 할인이 적용된 일시불 및 할부 이용금액, 교통·이동통신·스트리밍 10% 할인이 적용되지 않은 대중교통 및 택시 이용금액, 고속버스(차내 단말기 및 고속버스 앱 결제), 고속도로 통행요금, 기프트/선불카드(포인트, 사이버머니 등 전자지급수단 포함) 구매 및 충전, 상품권 구매건

[유의사항]
교통은 오프라인 결제건에 한하며, 시외·고속버스는 제외
이동통신은 결합상품요금, 휴대전화 등 단말기 구매금액 및 대리점 카드 결제건 제외
이동통신의 경우, 알뜰폰은 SK 텔링크, KT 스카이라이프, KT M 모바일, 헬로모바일, 미디어로그에 한함
스트리밍은 간편결제건 및 앱스토어를 통한 결제건(인앱 결제) 제외
삼성카드의 다른 결제일할인 혜택과 중복 적용되지 않으며, 할인 혜택이 큰 금액만 적용
본인카드와 가족카드의 이용실적, 할인한도는 합산하여 산정
할인 혜택 및 전월 이용금액 산정은 승인 시점 기준으로 적용. 다만, 해외 결제건 및 무승인 결제건(예 : 대중교통, 이동통신 등 자동납부 결제건 등)은 매출전표 접수 시점 기준으로 적용
자체 가맹점번호로 승인 처리되는 일부 결제건(간편결제, 키오스크 등)은 할인 대상에서 제외
전월 이용금액이란, 매월 1 일부터 말일까지 이용한 일시불 및 할부 이용금액을 의미하며, 단기카드대출(현금서비스), 장기카드대출(카드론), 각종 수수료 및 이자(할부수수료, 카드대출 이자 등), 연체료, 연회비 납부건은 일시불 및 할부 이용금액에 해당되지 않음
전월 이용금액 산정 시, 온라인 간편결제·해외 3% 할인/교통·이동통신·스트리밍 10% 할인 혜택이 제공된 전체 이용금액, 건강보험/국민연금/고용보험/산재보험 및 장애인 고용부담금, 국세/지방세/공과금,  초·중·고등학교 학교납입금, 대학 등록금, 대중교통, 택시, 아파트 관리비, 부동산 임대료, 기프트/선불카드(포인트, 사이버머니 등 전자지급수단 포함) 구매 및 충전, 상품권 구매건은 제외
삼성카드 가맹점 업종 분류 기준에 의한 등록 가맹점에 한함
삼성카드는 아래 항목을 공과금으로 분류함 전기요금, 사회보험료(건강보험/국민연금/고용보험/산재보험), 우편요금, 도시가스요금, 여권 발급비용, 상하수도요금, 과태료, 범칙금, 벌금, 국가·공공기관·공공단체(지방자치단체, 공공조합, 영조물, 공재단)에서 개설한 가맹점 이용금액
전기요금, 사회보험료(건강보험/국민연금/고용보험/산재보험), 우편요금, 도시가스요금, 여권 발급비용, 상하수도요금, 과태료, 범칙금, 벌금, 국가·공공기관·공공단체(지방자치단체, 공공조합, 영조물, 공재단)에서 개설한 가맹점 이용금액
결제 취소건의 경우, 매출취소전표 접수월의 이용금액에서 차감 반영 포인트가 적립된 결제건이 취소될 경우, 해당 포인트는 보유 포인트에서 자동 차감되며, 포인트 부족 시 카드 결제계좌에서 자동 출금
포인트가 적립된 결제건이 취소될 경우, 해당 포인트는 보유 포인트에서 자동 차감되며, 포인트 부족 시 카드 결제계좌에서 자동 출금"
AAP1731_B0014,AAP1731,주요혜택,교통·이동통신·스트리밍 할인,서비스안내,구독/스트리밍,8,Online,할인,10,%,"넷플릭스, 웨이브, 티빙, 왓챠, 멜론, FLO 정기결제건",30만원 이상 ~ 60만원 미만,300000,600000,,,,,,10000,원,2026-06-08 06:05:17,구독/스트리밍 10% 할인,"[서비스안내]
교통·이동통신·스트리밍 10% 결제일할인

[대상점]
<table class=""benefit-table""><tr><th>업종</th><th>할인 대상</th></tr><tr><td>교통</td><td>대중교통(버스, 지하철), 택시</td></tr><tr><td>이동통신</td><td>SKT, KT, LG U+, 알뜰폰 이동통신요금 정기결제건</td></tr><tr><td>스트리밍</td><td>넷플릭스, 웨이브, 티빙, 왓챠, 멜론, FLO 정기결제건</td></tr></table>

[할인기준]
<table class=""benefit-table""><tr><th colspan=""2"">전월 이용금액대별 통합 월 할인한도</th></tr><tr><th>30 만원 이상</th><th>60 만원 이상</th></tr><tr><td>10,000 원</td><td>20,000 원</td></tr></table>

[이용조건]
발급월+ 1 개월까지는 전월 이용금액 30 만원 미만 시에도 30 만원 이상~ 60 만원 미만 실적구간 혜택 제공(전월 이용금액 60 만원 이상 시에는 해당 실적구간 혜택 제공)

[할인 제외 대상]
무이자할부, 삼성카드 할인이 적용된 일시불 및 할부 이용금액, 교통·이동통신·스트리밍 10% 할인이 적용되지 않은 대중교통 및 택시 이용금액, 고속버스(차내 단말기 및 고속버스 앱 결제), 고속도로 통행요금, 기프트/선불카드(포인트, 사이버머니 등 전자지급수단 포함) 구매 및 충전, 상품권 구매건

[유의사항]
교통은 오프라인 결제건에 한하며, 시외·고속버스는 제외
이동통신은 결합상품요금, 휴대전화 등 단말기 구매금액 및 대리점 카드 결제건 제외
이동통신의 경우, 알뜰폰은 SK 텔링크, KT 스카이라이프, KT M 모바일, 헬로모바일, 미디어로그에 한함
스트리밍은 간편결제건 및 앱스토어를 통한 결제건(인앱 결제) 제외
삼성카드의 다른 결제일할인 혜택과 중복 적용되지 않으며, 할인 혜택이 큰 금액만 적용
본인카드와 가족카드의 이용실적, 할인한도는 합산하여 산정
할인 혜택 및 전월 이용금액 산정은 승인 시점 기준으로 적용. 다만, 해외 결제건 및 무승인 결제건(예 : 대중교통, 이동통신 등 자동납부 결제건 등)은 매출전표 접수 시점 기준으로 적용
자체 가맹점번호로 승인 처리되는 일부 결제건(간편결제, 키오스크 등)은 할인 대상에서 제외
전월 이용금액이란, 매월 1 일부터 말일까지 이용한 일시불 및 할부 이용금액을 의미하며, 단기카드대출(현금서비스), 장기카드대출(카드론), 각종 수수료 및 이자(할부수수료, 카드대출 이자 등), 연체료, 연회비 납부건은 일시불 및 할부 이용금액에 해당되지 않음
전월 이용금액 산정 시, 온라인 간편결제·해외 3% 할인/교통·이동통신·스트리밍 10% 할인 혜택이 제공된 전체 이용금액, 건강보험/국민연금/고용보험/산재보험 및 장애인 고용부담금, 국세/지방세/공과금,  초·중·고등학교 학교납입금, 대학 등록금, 대중교통, 택시, 아파트 관리비, 부동산 임대료, 기프트/선불카드(포인트, 사이버머니 등 전자지급수단 포함) 구매 및 충전, 상품권 구매건은 제외
삼성카드 가맹점 업종 분류 기준에 의한 등록 가맹점에 한함
삼성카드는 아래 항목을 공과금으로 분류함 전기요금, 사회보험료(건강보험/국민연금/고용보험/산재보험), 우편요금, 도시가스요금, 여권 발급비용, 상하수도요금, 과태료, 범칙금, 벌금, 국가·공공기관·공공단체(지방자치단체, 공공조합, 영조물, 공재단)에서 개설한 가맹점 이용금액
전기요금, 사회보험료(건강보험/국민연금/고용보험/산재보험), 우편요금, 도시가스요금, 여권 발급비용, 상하수도요금, 과태료, 범칙금, 벌금, 국가·공공기관·공공단체(지방자치단체, 공공조합, 영조물, 공재단)에서 개설한 가맹점 이용금액
결제 취소건의 경우, 매출취소전표 접수월의 이용금액에서 차감 반영 포인트가 적립된 결제건이 취소될 경우, 해당 포인트는 보유 포인트에서 자동 차감되며, 포인트 부족 시 카드 결제계좌에서 자동 출금
포인트가 적립된 결제건이 취소될 경우, 해당 포인트는 보유 포인트에서 자동 차감되며, 포인트 부족 시 카드 결제계좌에서 자동 출금"
AAP1731_B0015,AAP1731,주요혜택,교통·이동통신·스트리밍 할인,서비스안내,구독/스트리밍,8,Online,할인,10,%,"넷플릭스, 웨이브, 티빙, 왓챠, 멜론, FLO 정기결제건",60만원 이상,600000,,,,,,,20000,원,2026-06-08 06:05:17,구독/스트리밍 10% 할인,"[서비스안내]
교통·이동통신·스트리밍 10% 결제일할인

[대상점]
<table class=""benefit-table""><tr><th>업종</th><th>할인 대상</th></tr><tr><td>교통</td><td>대중교통(버스, 지하철), 택시</td></tr><tr><td>이동통신</td><td>SKT, KT, LG U+, 알뜰폰 이동통신요금 정기결제건</td></tr><tr><td>스트리밍</td><td>넷플릭스, 웨이브, 티빙, 왓챠, 멜론, FLO 정기결제건</td></tr></table>

[할인기준]
<table class=""benefit-table""><tr><th colspan=""2"">전월 이용금액대별 통합 월 할인한도</th></tr><tr><th>30 만원 이상</th><th>60 만원 이상</th></tr><tr><td>10,000 원</td><td>20,000 원</td></tr></table>

[이용조건]
발급월+ 1 개월까지는 전월 이용금액 30 만원 미만 시에도 30 만원 이상~ 60 만원 미만 실적구간 혜택 제공(전월 이용금액 60 만원 이상 시에는 해당 실적구간 혜택 제공)

[할인 제외 대상]
무이자할부, 삼성카드 할인이 적용된 일시불 및 할부 이용금액, 교통·이동통신·스트리밍 10% 할인이 적용되지 않은 대중교통 및 택시 이용금액, 고속버스(차내 단말기 및 고속버스 앱 결제), 고속도로 통행요금, 기프트/선불카드(포인트, 사이버머니 등 전자지급수단 포함) 구매 및 충전, 상품권 구매건

[유의사항]
교통은 오프라인 결제건에 한하며, 시외·고속버스는 제외
이동통신은 결합상품요금, 휴대전화 등 단말기 구매금액 및 대리점 카드 결제건 제외
이동통신의 경우, 알뜰폰은 SK 텔링크, KT 스카이라이프, KT M 모바일, 헬로모바일, 미디어로그에 한함
스트리밍은 간편결제건 및 앱스토어를 통한 결제건(인앱 결제) 제외
삼성카드의 다른 결제일할인 혜택과 중복 적용되지 않으며, 할인 혜택이 큰 금액만 적용
본인카드와 가족카드의 이용실적, 할인한도는 합산하여 산정
할인 혜택 및 전월 이용금액 산정은 승인 시점 기준으로 적용. 다만, 해외 결제건 및 무승인 결제건(예 : 대중교통, 이동통신 등 자동납부 결제건 등)은 매출전표 접수 시점 기준으로 적용
자체 가맹점번호로 승인 처리되는 일부 결제건(간편결제, 키오스크 등)은 할인 대상에서 제외
전월 이용금액이란, 매월 1 일부터 말일까지 이용한 일시불 및 할부 이용금액을 의미하며, 단기카드대출(현금서비스), 장기카드대출(카드론), 각종 수수료 및 이자(할부수수료, 카드대출 이자 등), 연체료, 연회비 납부건은 일시불 및 할부 이용금액에 해당되지 않음
전월 이용금액 산정 시, 온라인 간편결제·해외 3% 할인/교통·이동통신·스트리밍 10% 할인 혜택이 제공된 전체 이용금액, 건강보험/국민연금/고용보험/산재보험 및 장애인 고용부담금, 국세/지방세/공과금,  초·중·고등학교 학교납입금, 대학 등록금, 대중교통, 택시, 아파트 관리비, 부동산 임대료, 기프트/선불카드(포인트, 사이버머니 등 전자지급수단 포함) 구매 및 충전, 상품권 구매건은 제외
삼성카드 가맹점 업종 분류 기준에 의한 등록 가맹점에 한함
삼성카드는 아래 항목을 공과금으로 분류함 전기요금, 사회보험료(건강보험/국민연금/고용보험/산재보험), 우편요금, 도시가스요금, 여권 발급비용, 상하수도요금, 과태료, 범칙금, 벌금, 국가·공공기관·공공단체(지방자치단체, 공공조합, 영조물, 공재단)에서 개설한 가맹점 이용금액
전기요금, 사회보험료(건강보험/국민연금/고용보험/산재보험), 우편요금, 도시가스요금, 여권 발급비용, 상하수도요금, 과태료, 범칙금, 벌금, 국가·공공기관·공공단체(지방자치단체, 공공조합, 영조물, 공재단)에서 개설한 가맹점 이용금액
결제 취소건의 경우, 매출취소전표 접수월의 이용금액에서 차감 반영 포인트가 적립된 결제건이 취소될 경우, 해당 포인트는 보유 포인트에서 자동 차감되며, 포인트 부족 시 카드 결제계좌에서 자동 출금
포인트가 적립된 결제건이 취소될 경우, 해당 포인트는 보유 포인트에서 자동 차감되며, 포인트 부족 시 카드 결제계좌에서 자동 출금"
AAP1731_B0016,AAP1731,주요혜택,온라인간편결제·해외 할인,서비스안내,페이/간편결제,10,Online,할인,3,%,"삼성페이, 네이버페이, 카카오페이, PAYCO, 스마일페이, coupay, SSGPAY, L.PAY",전월 이용금액 30만원 이상 ~ 60만원 미만,300000,600000,,,,,,5000,원,2026-06-08 06:05:17,페이/간편결제 3% 할인,"[서비스안내]
온라인 간편결제·해외 3% 결제일할인
전월 이용금액 30 만원 미만 시 또는 월 할인한도 초과 시에는 1% 결제일할인

[대상점]
<table class=""benefit-table""><tr><th>업종</th><th>할인 대상</th></tr><tr><td>온라인 간편결제</td><td>삼성페이, 네이버페이, 카카오페이, PAYCO , 스마일페이, coupay, SSGPAY, L.PAY</td></tr><tr><td>해외</td><td>해외 가맹점 및 해외 직접구매 이용건</td></tr></table>

[전월 이용금액대별 할인율 및 통합 월 할인한도]
<table class=""benefit-table""><tr><th>전월 이용금액</th><th>30 만원 미만</th><th>30 만원 이상</th><th>60 만원 이상</th></tr><tr><th>할인율</th><td>1%</td><td>3%</td><td>3%</td></tr><tr><th>할인 한도</th><td>-</td><td>5,000 원</td><td>10,000 원</td></tr></table>

[이용조건]
발급월+ 1 개월까지는 전월 이용금액 30 만원 미만 시에도 30 만원 이상~ 60 만원 미만 실적구간 혜택 제공(전월 이용금액 60 만원 이상 시에는 해당 실적구간 혜택 제공

[할인 제외 대상]
무이자할부, 삼성카드 할인이 적용된 일시불 및 할부 이용금액, 건강보험/국민연금/고용보험/산재보험 및 장애인 고용부담금, 국세/지방세/공과금, 초·중·고등학교 학교납입금, 대학 등록금, 교통·이동통신·스트리밍 10% 할인이 적용되지 않은 대중교통 및 택시 이용금액, 고속버스(차내 단말기 및 고속버스 앱 결제), 고속도로 통행요금, 부동산 임대료, 기프트/선불카드(포인트, 사이버머니 등 전자지급수단 포함) 구매 및 충전, 상품권 구매, 문자알림서비스, 스마트오토서비스 이용금액

[유의사항]
3% 할인 혜택의 월 할인한도 초과 시 다음 결제건부터 1% 할인 적용
온라인 간편결제는 국내 온라인 가맹점에 한하며, 오프라인 매장 결제건(바코드, QR 코드, 스마트폰 NFC 등)은 제외
해외는 해외겸용카드에 한해 제공
해외 이용 시 별도의 수수료 부과. 자세한 내용은 연회비 안내 페이지 내 ‘유의사항’에서 확인
삼성카드의 다른 결제일할인 혜택과 중복 적용되지 않으며, 할인 혜택이 큰 금액만 적용
본인카드와 가족카드의 이용실적, 할인한도는 합산하여 산정
할인 혜택 및 전월 이용금액 산정은 승인 시점 기준으로 적용. 다만, 해외 결제건 및 무승인 결제건(예 : 대중교통, 이동통신 등 자동납부 결제건 등)은 매출전표 접수 시점 기준으로 적용
자체 가맹점번호로 승인 처리되는 일부 결제건(간편결제, 키오스크 등)은 할인 대상에서 제외
전월 이용금액이란, 매월 1 일부터 말일까지 이용한 일시불 및 할부 이용금액(단기카드대출(현금서비스), 장기카드대출(카드론), 각종 수수료 및 이자(할부수수료, 카드대출 이자 등), 연체료, 연회비 납부건은 일시불 및 할부 이용금액에 해당되지 않음)
전월 이용금액 대상 산정 시, 온라인 간편결제·해외 3% 할인/교통·이동통신·스트리밍 10% 할인 혜택이 제공된 전체 이용금액, 건강보험/국민연금/고용보험/산재보험 및 장애인 고용부담금, 국세/지방세/공과금,  초·중·고등학교 학교납입금, 대학 등록금, 대중교통, 택시, 아파트 관리비, 부동산 임대료, 기프트/선불카드(포인트, 사이버머니 등 전자지급수단 포함) 구매 및 충전, 상품권 구매건은 제외
삼성카드 가맹점 업종 분류 기준에 의한 등록 가맹점에 한함
삼성카드는 아래 항목을 공과금으로 분류함 전기요금, 사회보험료(건강보험/국민연금/고용보험/산재보험), 우편요금, 도시가스요금, 여권 발급비용, 상하수도요금, 과태료, 범칙금, 벌금, 국가·공공기관·공공단체(지방자치단체, 공공조합, 영조물, 공재단)에서 개설한 가맹점 이용금액
전기요금, 사회보험료(건강보험/국민연금/고용보험/산재보험), 우편요금, 도시가스요금, 여권 발급비용, 상하수도요금, 과태료, 범칙금, 벌금, 국가·공공기관·공공단체(지방자치단체, 공공조합, 영조물, 공재단)에서 개설한 가맹점 이용금액
결제 취소건의 경우, 매출취소전표 접수월의 이용금액에서 차감 반영 포인트가 적립된 결제건이 취소될 경우, 해당 포인트는 보유 포인트에서 자동 차감되며, 포인트 부족 시 카드 결제계좌에서 자동 출금
포인트가 적립된 결제건이 취소될 경우, 해당 포인트는 보유 포인트에서 자동 차감되며, 포인트 부족 시 카드 결제계좌에서 자동 출금"
AAP1731_B0017,AAP1731,주요혜택,온라인간편결제·해외 할인,서비스안내,페이/간편결제,10,Online,할인,3,%,"삼성페이, 네이버페이, 카카오페이, PAYCO, 스마일페이, coupay, SSGPAY, L.PAY",전월 이용금액 60만원 이상,600000,,,,,,,10000,원,2026-06-08 06:05:17,페이/간편결제 3% 할인,"[서비스안내]
온라인 간편결제·해외 3% 결제일할인
전월 이용금액 30 만원 미만 시 또는 월 할인한도 초과 시에는 1% 결제일할인

[대상점]
<table class=""benefit-table""><tr><th>업종</th><th>할인 대상</th></tr><tr><td>온라인 간편결제</td><td>삼성페이, 네이버페이, 카카오페이, PAYCO , 스마일페이, coupay, SSGPAY, L.PAY</td></tr><tr><td>해외</td><td>해외 가맹점 및 해외 직접구매 이용건</td></tr></table>

[전월 이용금액대별 할인율 및 통합 월 할인한도]
<table class=""benefit-table""><tr><th>전월 이용금액</th><th>30 만원 미만</th><th>30 만원 이상</th><th>60 만원 이상</th></tr><tr><th>할인율</th><td>1%</td><td>3%</td><td>3%</td></tr><tr><th>할인 한도</th><td>-</td><td>5,000 원</td><td>10,000 원</td></tr></table>

[이용조건]
발급월+ 1 개월까지는 전월 이용금액 30 만원 미만 시에도 30 만원 이상~ 60 만원 미만 실적구간 혜택 제공(전월 이용금액 60 만원 이상 시에는 해당 실적구간 혜택 제공

[할인 제외 대상]
무이자할부, 삼성카드 할인이 적용된 일시불 및 할부 이용금액, 건강보험/국민연금/고용보험/산재보험 및 장애인 고용부담금, 국세/지방세/공과금, 초·중·고등학교 학교납입금, 대학 등록금, 교통·이동통신·스트리밍 10% 할인이 적용되지 않은 대중교통 및 택시 이용금액, 고속버스(차내 단말기 및 고속버스 앱 결제), 고속도로 통행요금, 부동산 임대료, 기프트/선불카드(포인트, 사이버머니 등 전자지급수단 포함) 구매 및 충전, 상품권 구매, 문자알림서비스, 스마트오토서비스 이용금액

[유의사항]
3% 할인 혜택의 월 할인한도 초과 시 다음 결제건부터 1% 할인 적용
온라인 간편결제는 국내 온라인 가맹점에 한하며, 오프라인 매장 결제건(바코드, QR 코드, 스마트폰 NFC 등)은 제외
해외는 해외겸용카드에 한해 제공
해외 이용 시 별도의 수수료 부과. 자세한 내용은 연회비 안내 페이지 내 ‘유의사항’에서 확인
삼성카드의 다른 결제일할인 혜택과 중복 적용되지 않으며, 할인 혜택이 큰 금액만 적용
본인카드와 가족카드의 이용실적, 할인한도는 합산하여 산정
할인 혜택 및 전월 이용금액 산정은 승인 시점 기준으로 적용. 다만, 해외 결제건 및 무승인 결제건(예 : 대중교통, 이동통신 등 자동납부 결제건 등)은 매출전표 접수 시점 기준으로 적용
자체 가맹점번호로 승인 처리되는 일부 결제건(간편결제, 키오스크 등)은 할인 대상에서 제외
전월 이용금액이란, 매월 1 일부터 말일까지 이용한 일시불 및 할부 이용금액(단기카드대출(현금서비스), 장기카드대출(카드론), 각종 수수료 및 이자(할부수수료, 카드대출 이자 등), 연체료, 연회비 납부건은 일시불 및 할부 이용금액에 해당되지 않음)
전월 이용금액 대상 산정 시, 온라인 간편결제·해외 3% 할인/교통·이동통신·스트리밍 10% 할인 혜택이 제공된 전체 이용금액, 건강보험/국민연금/고용보험/산재보험 및 장애인 고용부담금, 국세/지방세/공과금,  초·중·고등학교 학교납입금, 대학 등록금, 대중교통, 택시, 아파트 관리비, 부동산 임대료, 기프트/선불카드(포인트, 사이버머니 등 전자지급수단 포함) 구매 및 충전, 상품권 구매건은 제외
삼성카드 가맹점 업종 분류 기준에 의한 등록 가맹점에 한함
삼성카드는 아래 항목을 공과금으로 분류함 전기요금, 사회보험료(건강보험/국민연금/고용보험/산재보험), 우편요금, 도시가스요금, 여권 발급비용, 상하수도요금, 과태료, 범칙금, 벌금, 국가·공공기관·공공단체(지방자치단체, 공공조합, 영조물, 공재단)에서 개설한 가맹점 이용금액
전기요금, 사회보험료(건강보험/국민연금/고용보험/산재보험), 우편요금, 도시가스요금, 여권 발급비용, 상하수도요금, 과태료, 범칙금, 벌금, 국가·공공기관·공공단체(지방자치단체, 공공조합, 영조물, 공재단)에서 개설한 가맹점 이용금액
결제 취소건의 경우, 매출취소전표 접수월의 이용금액에서 차감 반영 포인트가 적립된 결제건이 취소될 경우, 해당 포인트는 보유 포인트에서 자동 차감되며, 포인트 부족 시 카드 결제계좌에서 자동 출금
포인트가 적립된 결제건이 취소될 경우, 해당 포인트는 보유 포인트에서 자동 차감되며, 포인트 부족 시 카드 결제계좌에서 자동 출금"
AAP1731_B0018,AAP1731,주요혜택,온라인간편결제·해외 할인,서비스안내,페이/간편결제,10,Online,할인,1,%,"삼성페이, 네이버페이, 카카오페이, PAYCO, 스마일페이, coupay, SSGPAY, L.PAY",전월 이용금액 30만원 미만,0,300000,,,,,,,,2026-06-08 06:05:17,페이/간편결제 1% 할인,"[서비스안내]
온라인 간편결제·해외 3% 결제일할인
전월 이용금액 30 만원 미만 시 또는 월 할인한도 초과 시에는 1% 결제일할인

[대상점]
<table class=""benefit-table""><tr><th>업종</th><th>할인 대상</th></tr><tr><td>온라인 간편결제</td><td>삼성페이, 네이버페이, 카카오페이, PAYCO , 스마일페이, coupay, SSGPAY, L.PAY</td></tr><tr><td>해외</td><td>해외 가맹점 및 해외 직접구매 이용건</td></tr></table>

[전월 이용금액대별 할인율 및 통합 월 할인한도]
<table class=""benefit-table""><tr><th>전월 이용금액</th><th>30 만원 미만</th><th>30 만원 이상</th><th>60 만원 이상</th></tr><tr><th>할인율</th><td>1%</td><td>3%</td><td>3%</td></tr><tr><th>할인 한도</th><td>-</td><td>5,000 원</td><td>10,000 원</td></tr></table>

[이용조건]
발급월+ 1 개월까지는 전월 이용금액 30 만원 미만 시에도 30 만원 이상~ 60 만원 미만 실적구간 혜택 제공(전월 이용금액 60 만원 이상 시에는 해당 실적구간 혜택 제공

[할인 제외 대상]
무이자할부, 삼성카드 할인이 적용된 일시불 및 할부 이용금액, 건강보험/국민연금/고용보험/산재보험 및 장애인 고용부담금, 국세/지방세/공과금, 초·중·고등학교 학교납입금, 대학 등록금, 교통·이동통신·스트리밍 10% 할인이 적용되지 않은 대중교통 및 택시 이용금액, 고속버스(차내 단말기 및 고속버스 앱 결제), 고속도로 통행요금, 부동산 임대료, 기프트/선불카드(포인트, 사이버머니 등 전자지급수단 포함) 구매 및 충전, 상품권 구매, 문자알림서비스, 스마트오토서비스 이용금액

[유의사항]
3% 할인 혜택의 월 할인한도 초과 시 다음 결제건부터 1% 할인 적용
온라인 간편결제는 국내 온라인 가맹점에 한하며, 오프라인 매장 결제건(바코드, QR 코드, 스마트폰 NFC 등)은 제외
해외는 해외겸용카드에 한해 제공
해외 이용 시 별도의 수수료 부과. 자세한 내용은 연회비 안내 페이지 내 ‘유의사항’에서 확인
삼성카드의 다른 결제일할인 혜택과 중복 적용되지 않으며, 할인 혜택이 큰 금액만 적용
본인카드와 가족카드의 이용실적, 할인한도는 합산하여 산정
할인 혜택 및 전월 이용금액 산정은 승인 시점 기준으로 적용. 다만, 해외 결제건 및 무승인 결제건(예 : 대중교통, 이동통신 등 자동납부 결제건 등)은 매출전표 접수 시점 기준으로 적용
자체 가맹점번호로 승인 처리되는 일부 결제건(간편결제, 키오스크 등)은 할인 대상에서 제외
전월 이용금액이란, 매월 1 일부터 말일까지 이용한 일시불 및 할부 이용금액(단기카드대출(현금서비스), 장기카드대출(카드론), 각종 수수료 및 이자(할부수수료, 카드대출 이자 등), 연체료, 연회비 납부건은 일시불 및 할부 이용금액에 해당되지 않음)
전월 이용금액 대상 산정 시, 온라인 간편결제·해외 3% 할인/교통·이동통신·스트리밍 10% 할인 혜택이 제공된 전체 이용금액, 건강보험/국민연금/고용보험/산재보험 및 장애인 고용부담금, 국세/지방세/공과금,  초·중·고등학교 학교납입금, 대학 등록금, 대중교통, 택시, 아파트 관리비, 부동산 임대료, 기프트/선불카드(포인트, 사이버머니 등 전자지급수단 포함) 구매 및 충전, 상품권 구매건은 제외
삼성카드 가맹점 업종 분류 기준에 의한 등록 가맹점에 한함
삼성카드는 아래 항목을 공과금으로 분류함 전기요금, 사회보험료(건강보험/국민연금/고용보험/산재보험), 우편요금, 도시가스요금, 여권 발급비용, 상하수도요금, 과태료, 범칙금, 벌금, 국가·공공기관·공공단체(지방자치단체, 공공조합, 영조물, 공재단)에서 개설한 가맹점 이용금액
전기요금, 사회보험료(건강보험/국민연금/고용보험/산재보험), 우편요금, 도시가스요금, 여권 발급비용, 상하수도요금, 과태료, 범칙금, 벌금, 국가·공공기관·공공단체(지방자치단체, 공공조합, 영조물, 공재단)에서 개설한 가맹점 이용금액
결제 취소건의 경우, 매출취소전표 접수월의 이용금액에서 차감 반영 포인트가 적립된 결제건이 취소될 경우, 해당 포인트는 보유 포인트에서 자동 차감되며, 포인트 부족 시 카드 결제계좌에서 자동 출금
포인트가 적립된 결제건이 취소될 경우, 해당 포인트는 보유 포인트에서 자동 차감되며, 포인트 부족 시 카드 결제계좌에서 자동 출금"
AAP1731_B0019,AAP1731,주요혜택,온라인간편결제·해외 할인,서비스안내,해외,19,Online,할인,3,%,"해외 가맹점, 해외 직접구매 이용건",전월 이용금액 30만원 이상 ~ 60만원 미만,300000,600000,,,,,,5000,원,2026-06-08 06:05:17,해외 3% 할인,"[서비스안내]
온라인 간편결제·해외 3% 결제일할인
전월 이용금액 30 만원 미만 시 또는 월 할인한도 초과 시에는 1% 결제일할인

[대상점]
<table class=""benefit-table""><tr><th>업종</th><th>할인 대상</th></tr><tr><td>온라인 간편결제</td><td>삼성페이, 네이버페이, 카카오페이, PAYCO , 스마일페이, coupay, SSGPAY, L.PAY</td></tr><tr><td>해외</td><td>해외 가맹점 및 해외 직접구매 이용건</td></tr></table>

[전월 이용금액대별 할인율 및 통합 월 할인한도]
<table class=""benefit-table""><tr><th>전월 이용금액</th><th>30 만원 미만</th><th>30 만원 이상</th><th>60 만원 이상</th></tr><tr><th>할인율</th><td>1%</td><td>3%</td><td>3%</td></tr><tr><th>할인 한도</th><td>-</td><td>5,000 원</td><td>10,000 원</td></tr></table>

[이용조건]
발급월+ 1 개월까지는 전월 이용금액 30 만원 미만 시에도 30 만원 이상~ 60 만원 미만 실적구간 혜택 제공(전월 이용금액 60 만원 이상 시에는 해당 실적구간 혜택 제공

[할인 제외 대상]
무이자할부, 삼성카드 할인이 적용된 일시불 및 할부 이용금액, 건강보험/국민연금/고용보험/산재보험 및 장애인 고용부담금, 국세/지방세/공과금, 초·중·고등학교 학교납입금, 대학 등록금, 교통·이동통신·스트리밍 10% 할인이 적용되지 않은 대중교통 및 택시 이용금액, 고속버스(차내 단말기 및 고속버스 앱 결제), 고속도로 통행요금, 부동산 임대료, 기프트/선불카드(포인트, 사이버머니 등 전자지급수단 포함) 구매 및 충전, 상품권 구매, 문자알림서비스, 스마트오토서비스 이용금액

[유의사항]
3% 할인 혜택의 월 할인한도 초과 시 다음 결제건부터 1% 할인 적용
온라인 간편결제는 국내 온라인 가맹점에 한하며, 오프라인 매장 결제건(바코드, QR 코드, 스마트폰 NFC 등)은 제외
해외는 해외겸용카드에 한해 제공
해외 이용 시 별도의 수수료 부과. 자세한 내용은 연회비 안내 페이지 내 ‘유의사항’에서 확인
삼성카드의 다른 결제일할인 혜택과 중복 적용되지 않으며, 할인 혜택이 큰 금액만 적용
본인카드와 가족카드의 이용실적, 할인한도는 합산하여 산정
할인 혜택 및 전월 이용금액 산정은 승인 시점 기준으로 적용. 다만, 해외 결제건 및 무승인 결제건(예 : 대중교통, 이동통신 등 자동납부 결제건 등)은 매출전표 접수 시점 기준으로 적용
자체 가맹점번호로 승인 처리되는 일부 결제건(간편결제, 키오스크 등)은 할인 대상에서 제외
전월 이용금액이란, 매월 1 일부터 말일까지 이용한 일시불 및 할부 이용금액(단기카드대출(현금서비스), 장기카드대출(카드론), 각종 수수료 및 이자(할부수수료, 카드대출 이자 등), 연체료, 연회비 납부건은 일시불 및 할부 이용금액에 해당되지 않음)
전월 이용금액 대상 산정 시, 온라인 간편결제·해외 3% 할인/교통·이동통신·스트리밍 10% 할인 혜택이 제공된 전체 이용금액, 건강보험/국민연금/고용보험/산재보험 및 장애인 고용부담금, 국세/지방세/공과금,  초·중·고등학교 학교납입금, 대학 등록금, 대중교통, 택시, 아파트 관리비, 부동산 임대료, 기프트/선불카드(포인트, 사이버머니 등 전자지급수단 포함) 구매 및 충전, 상품권 구매건은 제외
삼성카드 가맹점 업종 분류 기준에 의한 등록 가맹점에 한함
삼성카드는 아래 항목을 공과금으로 분류함 전기요금, 사회보험료(건강보험/국민연금/고용보험/산재보험), 우편요금, 도시가스요금, 여권 발급비용, 상하수도요금, 과태료, 범칙금, 벌금, 국가·공공기관·공공단체(지방자치단체, 공공조합, 영조물, 공재단)에서 개설한 가맹점 이용금액
전기요금, 사회보험료(건강보험/국민연금/고용보험/산재보험), 우편요금, 도시가스요금, 여권 발급비용, 상하수도요금, 과태료, 범칙금, 벌금, 국가·공공기관·공공단체(지방자치단체, 공공조합, 영조물, 공재단)에서 개설한 가맹점 이용금액
결제 취소건의 경우, 매출취소전표 접수월의 이용금액에서 차감 반영 포인트가 적립된 결제건이 취소될 경우, 해당 포인트는 보유 포인트에서 자동 차감되며, 포인트 부족 시 카드 결제계좌에서 자동 출금
포인트가 적립된 결제건이 취소될 경우, 해당 포인트는 보유 포인트에서 자동 차감되며, 포인트 부족 시 카드 결제계좌에서 자동 출금"
AAP1731_B0020,AAP1731,주요혜택,온라인간편결제·해외 할인,서비스안내,해외,19,Online,할인,3,%,"해외 가맹점, 해외 직접구매 이용건",전월 이용금액 60만원 이상,600000,,,,,,,10000,원,2026-06-08 06:05:17,해외 3% 할인,"[서비스안내]
온라인 간편결제·해외 3% 결제일할인
전월 이용금액 30 만원 미만 시 또는 월 할인한도 초과 시에는 1% 결제일할인

[대상점]
<table class=""benefit-table""><tr><th>업종</th><th>할인 대상</th></tr><tr><td>온라인 간편결제</td><td>삼성페이, 네이버페이, 카카오페이, PAYCO , 스마일페이, coupay, SSGPAY, L.PAY</td></tr><tr><td>해외</td><td>해외 가맹점 및 해외 직접구매 이용건</td></tr></table>

[전월 이용금액대별 할인율 및 통합 월 할인한도]
<table class=""benefit-table""><tr><th>전월 이용금액</th><th>30 만원 미만</th><th>30 만원 이상</th><th>60 만원 이상</th></tr><tr><th>할인율</th><td>1%</td><td>3%</td><td>3%</td></tr><tr><th>할인 한도</th><td>-</td><td>5,000 원</td><td>10,000 원</td></tr></table>

[이용조건]
발급월+ 1 개월까지는 전월 이용금액 30 만원 미만 시에도 30 만원 이상~ 60 만원 미만 실적구간 혜택 제공(전월 이용금액 60 만원 이상 시에는 해당 실적구간 혜택 제공

[할인 제외 대상]
무이자할부, 삼성카드 할인이 적용된 일시불 및 할부 이용금액, 건강보험/국민연금/고용보험/산재보험 및 장애인 고용부담금, 국세/지방세/공과금, 초·중·고등학교 학교납입금, 대학 등록금, 교통·이동통신·스트리밍 10% 할인이 적용되지 않은 대중교통 및 택시 이용금액, 고속버스(차내 단말기 및 고속버스 앱 결제), 고속도로 통행요금, 부동산 임대료, 기프트/선불카드(포인트, 사이버머니 등 전자지급수단 포함) 구매 및 충전, 상품권 구매, 문자알림서비스, 스마트오토서비스 이용금액

[유의사항]
3% 할인 혜택의 월 할인한도 초과 시 다음 결제건부터 1% 할인 적용
온라인 간편결제는 국내 온라인 가맹점에 한하며, 오프라인 매장 결제건(바코드, QR 코드, 스마트폰 NFC 등)은 제외
해외는 해외겸용카드에 한해 제공
해외 이용 시 별도의 수수료 부과. 자세한 내용은 연회비 안내 페이지 내 ‘유의사항’에서 확인
삼성카드의 다른 결제일할인 혜택과 중복 적용되지 않으며, 할인 혜택이 큰 금액만 적용
본인카드와 가족카드의 이용실적, 할인한도는 합산하여 산정
할인 혜택 및 전월 이용금액 산정은 승인 시점 기준으로 적용. 다만, 해외 결제건 및 무승인 결제건(예 : 대중교통, 이동통신 등 자동납부 결제건 등)은 매출전표 접수 시점 기준으로 적용
자체 가맹점번호로 승인 처리되는 일부 결제건(간편결제, 키오스크 등)은 할인 대상에서 제외
전월 이용금액이란, 매월 1 일부터 말일까지 이용한 일시불 및 할부 이용금액(단기카드대출(현금서비스), 장기카드대출(카드론), 각종 수수료 및 이자(할부수수료, 카드대출 이자 등), 연체료, 연회비 납부건은 일시불 및 할부 이용금액에 해당되지 않음)
전월 이용금액 대상 산정 시, 온라인 간편결제·해외 3% 할인/교통·이동통신·스트리밍 10% 할인 혜택이 제공된 전체 이용금액, 건강보험/국민연금/고용보험/산재보험 및 장애인 고용부담금, 국세/지방세/공과금,  초·중·고등학교 학교납입금, 대학 등록금, 대중교통, 택시, 아파트 관리비, 부동산 임대료, 기프트/선불카드(포인트, 사이버머니 등 전자지급수단 포함) 구매 및 충전, 상품권 구매건은 제외
삼성카드 가맹점 업종 분류 기준에 의한 등록 가맹점에 한함
삼성카드는 아래 항목을 공과금으로 분류함 전기요금, 사회보험료(건강보험/국민연금/고용보험/산재보험), 우편요금, 도시가스요금, 여권 발급비용, 상하수도요금, 과태료, 범칙금, 벌금, 국가·공공기관·공공단체(지방자치단체, 공공조합, 영조물, 공재단)에서 개설한 가맹점 이용금액
전기요금, 사회보험료(건강보험/국민연금/고용보험/산재보험), 우편요금, 도시가스요금, 여권 발급비용, 상하수도요금, 과태료, 범칙금, 벌금, 국가·공공기관·공공단체(지방자치단체, 공공조합, 영조물, 공재단)에서 개설한 가맹점 이용금액
결제 취소건의 경우, 매출취소전표 접수월의 이용금액에서 차감 반영 포인트가 적립된 결제건이 취소될 경우, 해당 포인트는 보유 포인트에서 자동 차감되며, 포인트 부족 시 카드 결제계좌에서 자동 출금
포인트가 적립된 결제건이 취소될 경우, 해당 포인트는 보유 포인트에서 자동 차감되며, 포인트 부족 시 카드 결제계좌에서 자동 출금"
AAP1731_B0021,AAP1731,주요혜택,온라인간편결제·해외 할인,서비스안내,해외,19,Online,할인,1,%,"해외 가맹점, 해외 직접구매 이용건",전월 이용금액 30만원 미만,0,300000,,,,,,,,2026-06-08 06:05:17,해외 1% 할인,"[서비스안내]
온라인 간편결제·해외 3% 결제일할인
전월 이용금액 30 만원 미만 시 또는 월 할인한도 초과 시에는 1% 결제일할인

[대상점]
<table class=""benefit-table""><tr><th>업종</th><th>할인 대상</th></tr><tr><td>온라인 간편결제</td><td>삼성페이, 네이버페이, 카카오페이, PAYCO , 스마일페이, coupay, SSGPAY, L.PAY</td></tr><tr><td>해외</td><td>해외 가맹점 및 해외 직접구매 이용건</td></tr></table>

[전월 이용금액대별 할인율 및 통합 월 할인한도]
<table class=""benefit-table""><tr><th>전월 이용금액</th><th>30 만원 미만</th><th>30 만원 이상</th><th>60 만원 이상</th></tr><tr><th>할인율</th><td>1%</td><td>3%</td><td>3%</td></tr><tr><th>할인 한도</th><td>-</td><td>5,000 원</td><td>10,000 원</td></tr></table>

[이용조건]
발급월+ 1 개월까지는 전월 이용금액 30 만원 미만 시에도 30 만원 이상~ 60 만원 미만 실적구간 혜택 제공(전월 이용금액 60 만원 이상 시에는 해당 실적구간 혜택 제공

[할인 제외 대상]
무이자할부, 삼성카드 할인이 적용된 일시불 및 할부 이용금액, 건강보험/국민연금/고용보험/산재보험 및 장애인 고용부담금, 국세/지방세/공과금, 초·중·고등학교 학교납입금, 대학 등록금, 교통·이동통신·스트리밍 10% 할인이 적용되지 않은 대중교통 및 택시 이용금액, 고속버스(차내 단말기 및 고속버스 앱 결제), 고속도로 통행요금, 부동산 임대료, 기프트/선불카드(포인트, 사이버머니 등 전자지급수단 포함) 구매 및 충전, 상품권 구매, 문자알림서비스, 스마트오토서비스 이용금액

[유의사항]
3% 할인 혜택의 월 할인한도 초과 시 다음 결제건부터 1% 할인 적용
온라인 간편결제는 국내 온라인 가맹점에 한하며, 오프라인 매장 결제건(바코드, QR 코드, 스마트폰 NFC 등)은 제외
해외는 해외겸용카드에 한해 제공
해외 이용 시 별도의 수수료 부과. 자세한 내용은 연회비 안내 페이지 내 ‘유의사항’에서 확인
삼성카드의 다른 결제일할인 혜택과 중복 적용되지 않으며, 할인 혜택이 큰 금액만 적용
본인카드와 가족카드의 이용실적, 할인한도는 합산하여 산정
할인 혜택 및 전월 이용금액 산정은 승인 시점 기준으로 적용. 다만, 해외 결제건 및 무승인 결제건(예 : 대중교통, 이동통신 등 자동납부 결제건 등)은 매출전표 접수 시점 기준으로 적용
자체 가맹점번호로 승인 처리되는 일부 결제건(간편결제, 키오스크 등)은 할인 대상에서 제외
전월 이용금액이란, 매월 1 일부터 말일까지 이용한 일시불 및 할부 이용금액(단기카드대출(현금서비스), 장기카드대출(카드론), 각종 수수료 및 이자(할부수수료, 카드대출 이자 등), 연체료, 연회비 납부건은 일시불 및 할부 이용금액에 해당되지 않음)
전월 이용금액 대상 산정 시, 온라인 간편결제·해외 3% 할인/교통·이동통신·스트리밍 10% 할인 혜택이 제공된 전체 이용금액, 건강보험/국민연금/고용보험/산재보험 및 장애인 고용부담금, 국세/지방세/공과금,  초·중·고등학교 학교납입금, 대학 등록금, 대중교통, 택시, 아파트 관리비, 부동산 임대료, 기프트/선불카드(포인트, 사이버머니 등 전자지급수단 포함) 구매 및 충전, 상품권 구매건은 제외
삼성카드 가맹점 업종 분류 기준에 의한 등록 가맹점에 한함
삼성카드는 아래 항목을 공과금으로 분류함 전기요금, 사회보험료(건강보험/국민연금/고용보험/산재보험), 우편요금, 도시가스요금, 여권 발급비용, 상하수도요금, 과태료, 범칙금, 벌금, 국가·공공기관·공공단체(지방자치단체, 공공조합, 영조물, 공재단)에서 개설한 가맹점 이용금액
전기요금, 사회보험료(건강보험/국민연금/고용보험/산재보험), 우편요금, 도시가스요금, 여권 발급비용, 상하수도요금, 과태료, 범칙금, 벌금, 국가·공공기관·공공단체(지방자치단체, 공공조합, 영조물, 공재단)에서 개설한 가맹점 이용금액
결제 취소건의 경우, 매출취소전표 접수월의 이용금액에서 차감 반영 포인트가 적립된 결제건이 취소될 경우, 해당 포인트는 보유 포인트에서 자동 차감되며, 포인트 부족 시 카드 결제계좌에서 자동 출금
포인트가 적립된 결제건이 취소될 경우, 해당 포인트는 보유 포인트에서 자동 차감되며, 포인트 부족 시 카드 결제계좌에서 자동 출금"
AAP1483_B0001,AAP1483,주요혜택,라이프스타일 패키지 (택1),서비스안내,카페/베이커리,14,Offline,할인,50,%,스타벅스,전월 일시불 및 할부 이용금액 30만원 이상,300000,,,,,10000,원,,,2026-06-08 06:06:01,카페/베이커리 50% 할인,"[서비스안내]
라이프스타일에 따른 옵션 패키지 선택 시 업종별 결제일할인(청구할인) 또는 빅포인트 적립 쇼핑 7 % 결제일할인 및 1 % 적립 커피 30 % 또는 50 % 결제일할인
쇼핑 7 % 결제일할인 및 1 % 적립
커피 30 % 또는 50 % 결제일할인
자세한 내용은 ‘옵션 패키지 자세히 보기’에서 확인 바랍니다.

[이용방법]
삼성카드 앱을 통해 매월 옵션 패키지 변경 가능 변경 신청 다음 달 1일에 자동 반영
변경 신청 다음 달 1일에 자동 반영

[이용조건]
한도조건 할인 : 쇼핑 업종 월 5,000 원, 커피 업종 월 10,000 원 적립 : 없음
할인 : 쇼핑 업종 월 5,000 원, 커피 업종 월 10,000 원
적립 : 없음
실적조건 할인 : 전월 일시불 및 할부 이용금액 30 만원 이상 시 제공 적립 : 없음
할인 : 전월 일시불 및 할부 이용금액 30 만원 이상 시 제공

[적립 제외 대상]
법인공용카드, 무이자할부, 다이어트할부, 삼성카드 할인이 적용된 일시불 및 할부 이용금액, 고용/산재보험 및 장애인 고용부담금, 국세/지방세/공과금, 대학 등록금, 대중교통, 택시, 고속버스(차내 단말기 및 고속버스 앱 결제), 고속도로 통행요금, 모바일 티머니, 선불카드 충전(삼성유포인트카드, 삼성전자 멤버십 BLUE 삼성선불카드, 삼성올앳카드 등), 이마트 이클럽, 문자알림서비스, 스마트오토서비스 이용금액

[유의사항]
삼성카드 가맹점 업종 분류 기준에 의한 등록 가맹점에 한합니다.
해당 카드 이용 시 카드 혜택 외 삼성카드의 다른 할인 및 적립 혜택은 제공되지 않습니다.
할인이 적용된 이용금액에 대해서는 포인트가 적립되지 않습니다.
무이자할부 이용 시 할인 혜택은 적용되지 않습니다.
트렌디숍, 커피전문점, 스타벅스의 경우 오프라인 매장(가두매장) 결제건에 한하며, 백화점, 쇼핑몰 내 임대매장 결제건은 제외됩니다.
스타벅스의 경우 사이렌 오더 결제건도 할인 혜택이 적용되며, 상품권 구매 및 선불카드 충전건은 제외됩니다.
전월 이용금액 산정 시, 할인 혜택이 적용된 이용금액(할인금액이 포함된 총 금액), 국세/지방세/공과금, 아파트 관리비, 대학 등록금, 대중교통, 택시, 상품권 구매, 선불카드 충전건은 제외됩니다.
보너스클럽 이용 시 보너스포인트와 빅포인트 중 높은 적립률의 포인트가 적립됩니다.
빅포인트의 유효기간은 5년으로, 유효기간 만료 시 월 단위로 자동 소멸됩니다.
2014.4.30 까지 적립된 빅포인트의 유효기간은 3년으로 적용됩니다."
AAP1483_B0002,AAP1483,주요혜택,라이프스타일 패키지 (택1),서비스안내,카페/베이커리,14,Offline,할인,30,%,커피전문점,전월 일시불 및 할부 이용금액 30만원 이상,300000,,,,,10000,원,,,2026-06-08 06:06:01,카페/베이커리 30% 할인,"[서비스안내]
라이프스타일에 따른 옵션 패키지 선택 시 업종별 결제일할인(청구할인) 또는 빅포인트 적립 쇼핑 7 % 결제일할인 및 1 % 적립 커피 30 % 또는 50 % 결제일할인
쇼핑 7 % 결제일할인 및 1 % 적립
커피 30 % 또는 50 % 결제일할인
자세한 내용은 ‘옵션 패키지 자세히 보기’에서 확인 바랍니다.

[이용방법]
삼성카드 앱을 통해 매월 옵션 패키지 변경 가능 변경 신청 다음 달 1일에 자동 반영
변경 신청 다음 달 1일에 자동 반영

[이용조건]
한도조건 할인 : 쇼핑 업종 월 5,000 원, 커피 업종 월 10,000 원 적립 : 없음
할인 : 쇼핑 업종 월 5,000 원, 커피 업종 월 10,000 원
적립 : 없음
실적조건 할인 : 전월 일시불 및 할부 이용금액 30 만원 이상 시 제공 적립 : 없음
할인 : 전월 일시불 및 할부 이용금액 30 만원 이상 시 제공

[적립 제외 대상]
법인공용카드, 무이자할부, 다이어트할부, 삼성카드 할인이 적용된 일시불 및 할부 이용금액, 고용/산재보험 및 장애인 고용부담금, 국세/지방세/공과금, 대학 등록금, 대중교통, 택시, 고속버스(차내 단말기 및 고속버스 앱 결제), 고속도로 통행요금, 모바일 티머니, 선불카드 충전(삼성유포인트카드, 삼성전자 멤버십 BLUE 삼성선불카드, 삼성올앳카드 등), 이마트 이클럽, 문자알림서비스, 스마트오토서비스 이용금액

[유의사항]
삼성카드 가맹점 업종 분류 기준에 의한 등록 가맹점에 한합니다.
해당 카드 이용 시 카드 혜택 외 삼성카드의 다른 할인 및 적립 혜택은 제공되지 않습니다.
할인이 적용된 이용금액에 대해서는 포인트가 적립되지 않습니다.
무이자할부 이용 시 할인 혜택은 적용되지 않습니다.
트렌디숍, 커피전문점, 스타벅스의 경우 오프라인 매장(가두매장) 결제건에 한하며, 백화점, 쇼핑몰 내 임대매장 결제건은 제외됩니다.
스타벅스의 경우 사이렌 오더 결제건도 할인 혜택이 적용되며, 상품권 구매 및 선불카드 충전건은 제외됩니다.
전월 이용금액 산정 시, 할인 혜택이 적용된 이용금액(할인금액이 포함된 총 금액), 국세/지방세/공과금, 아파트 관리비, 대학 등록금, 대중교통, 택시, 상품권 구매, 선불카드 충전건은 제외됩니다.
보너스클럽 이용 시 보너스포인트와 빅포인트 중 높은 적립률의 포인트가 적립됩니다.
빅포인트의 유효기간은 5년으로, 유효기간 만료 시 월 단위로 자동 소멸됩니다.
2014.4.30 까지 적립된 빅포인트의 유효기간은 3년으로 적용됩니다."
AAP1483_B0003,AAP1483,주요혜택,라이프스타일 패키지 (택1),서비스안내,온라인쇼핑,1,Online,할인,7,%,"오픈마켓, 소셜커머스, 트렌디숍",전월 일시불 및 할부 이용금액 30만원 이상,300000,,,,,5000,원,,,2026-06-08 06:06:01,온라인쇼핑 7% 할인,"[서비스안내]
라이프스타일에 따른 옵션 패키지 선택 시 업종별 결제일할인(청구할인) 또는 빅포인트 적립 쇼핑 7 % 결제일할인 및 1 % 적립 커피 30 % 또는 50 % 결제일할인
쇼핑 7 % 결제일할인 및 1 % 적립
커피 30 % 또는 50 % 결제일할인
자세한 내용은 ‘옵션 패키지 자세히 보기’에서 확인 바랍니다.

[이용방법]
삼성카드 앱을 통해 매월 옵션 패키지 변경 가능 변경 신청 다음 달 1일에 자동 반영
변경 신청 다음 달 1일에 자동 반영

[이용조건]
한도조건 할인 : 쇼핑 업종 월 5,000 원, 커피 업종 월 10,000 원 적립 : 없음
할인 : 쇼핑 업종 월 5,000 원, 커피 업종 월 10,000 원
적립 : 없음
실적조건 할인 : 전월 일시불 및 할부 이용금액 30 만원 이상 시 제공 적립 : 없음
할인 : 전월 일시불 및 할부 이용금액 30 만원 이상 시 제공

[적립 제외 대상]
법인공용카드, 무이자할부, 다이어트할부, 삼성카드 할인이 적용된 일시불 및 할부 이용금액, 고용/산재보험 및 장애인 고용부담금, 국세/지방세/공과금, 대학 등록금, 대중교통, 택시, 고속버스(차내 단말기 및 고속버스 앱 결제), 고속도로 통행요금, 모바일 티머니, 선불카드 충전(삼성유포인트카드, 삼성전자 멤버십 BLUE 삼성선불카드, 삼성올앳카드 등), 이마트 이클럽, 문자알림서비스, 스마트오토서비스 이용금액

[유의사항]
삼성카드 가맹점 업종 분류 기준에 의한 등록 가맹점에 한합니다.
해당 카드 이용 시 카드 혜택 외 삼성카드의 다른 할인 및 적립 혜택은 제공되지 않습니다.
할인이 적용된 이용금액에 대해서는 포인트가 적립되지 않습니다.
무이자할부 이용 시 할인 혜택은 적용되지 않습니다.
트렌디숍, 커피전문점, 스타벅스의 경우 오프라인 매장(가두매장) 결제건에 한하며, 백화점, 쇼핑몰 내 임대매장 결제건은 제외됩니다.
스타벅스의 경우 사이렌 오더 결제건도 할인 혜택이 적용되며, 상품권 구매 및 선불카드 충전건은 제외됩니다.
전월 이용금액 산정 시, 할인 혜택이 적용된 이용금액(할인금액이 포함된 총 금액), 국세/지방세/공과금, 아파트 관리비, 대학 등록금, 대중교통, 택시, 상품권 구매, 선불카드 충전건은 제외됩니다.
보너스클럽 이용 시 보너스포인트와 빅포인트 중 높은 적립률의 포인트가 적립됩니다.
빅포인트의 유효기간은 5년으로, 유효기간 만료 시 월 단위로 자동 소멸됩니다.
2014.4.30 까지 적립된 빅포인트의 유효기간은 3년으로 적용됩니다."
AAP1483_B0004,AAP1483,주요혜택,라이프스타일 패키지 (택1),서비스안내,온라인쇼핑,1,Online,포인트,1,%,"오픈마켓, 소셜커머스, 트렌디숍",전월 일시불 및 할부 이용금액 30만원 이상,300000,,,,,,,,,2026-06-08 06:06:01,온라인쇼핑 1% 적립,"[서비스안내]
라이프스타일에 따른 옵션 패키지 선택 시 업종별 결제일할인(청구할인) 또는 빅포인트 적립 쇼핑 7 % 결제일할인 및 1 % 적립 커피 30 % 또는 50 % 결제일할인
쇼핑 7 % 결제일할인 및 1 % 적립
커피 30 % 또는 50 % 결제일할인
자세한 내용은 ‘옵션 패키지 자세히 보기’에서 확인 바랍니다.

[이용방법]
삼성카드 앱을 통해 매월 옵션 패키지 변경 가능 변경 신청 다음 달 1일에 자동 반영
변경 신청 다음 달 1일에 자동 반영

[이용조건]
한도조건 할인 : 쇼핑 업종 월 5,000 원, 커피 업종 월 10,000 원 적립 : 없음
할인 : 쇼핑 업종 월 5,000 원, 커피 업종 월 10,000 원
적립 : 없음
실적조건 할인 : 전월 일시불 및 할부 이용금액 30 만원 이상 시 제공 적립 : 없음
할인 : 전월 일시불 및 할부 이용금액 30 만원 이상 시 제공

[적립 제외 대상]
법인공용카드, 무이자할부, 다이어트할부, 삼성카드 할인이 적용된 일시불 및 할부 이용금액, 고용/산재보험 및 장애인 고용부담금, 국세/지방세/공과금, 대학 등록금, 대중교통, 택시, 고속버스(차내 단말기 및 고속버스 앱 결제), 고속도로 통행요금, 모바일 티머니, 선불카드 충전(삼성유포인트카드, 삼성전자 멤버십 BLUE 삼성선불카드, 삼성올앳카드 등), 이마트 이클럽, 문자알림서비스, 스마트오토서비스 이용금액

[유의사항]
삼성카드 가맹점 업종 분류 기준에 의한 등록 가맹점에 한합니다.
해당 카드 이용 시 카드 혜택 외 삼성카드의 다른 할인 및 적립 혜택은 제공되지 않습니다.
할인이 적용된 이용금액에 대해서는 포인트가 적립되지 않습니다.
무이자할부 이용 시 할인 혜택은 적용되지 않습니다.
트렌디숍, 커피전문점, 스타벅스의 경우 오프라인 매장(가두매장) 결제건에 한하며, 백화점, 쇼핑몰 내 임대매장 결제건은 제외됩니다.
스타벅스의 경우 사이렌 오더 결제건도 할인 혜택이 적용되며, 상품권 구매 및 선불카드 충전건은 제외됩니다.
전월 이용금액 산정 시, 할인 혜택이 적용된 이용금액(할인금액이 포함된 총 금액), 국세/지방세/공과금, 아파트 관리비, 대학 등록금, 대중교통, 택시, 상품권 구매, 선불카드 충전건은 제외됩니다.
보너스클럽 이용 시 보너스포인트와 빅포인트 중 높은 적립률의 포인트가 적립됩니다.
빅포인트의 유효기간은 5년으로, 유효기간 만료 시 월 단위로 자동 소멸됩니다.
2014.4.30 까지 적립된 빅포인트의 유효기간은 3년으로 적용됩니다."
AAP1483_B0005,AAP1483,주요혜택,대중교통·택시 할인,서비스안내,대중교통/택시,5,Offline,할인,10,%,"버스, 지하철",전월 30만원 이상,300000,,,,,5000,원,,,2026-06-08 06:06:01,대중교통/택시 10% 할인,"[서비스안내]
대중교통·택시 10 % 결제일할인(청구할인)

[대상업종]
대중교통 : 버스, 지하철(후불교통기능 선택 시 제공)

[이용조건]
할인한도 : 통합 월 5,000 원
전월 일시불 및 할부 이용금액 30 만원 이상 시 제공
발급월+ 1 개월까지는 전월 이용금액에 관계없이 제공

[유의사항]
정상적으로 삼성카드에 접수된 금액 중 순서대로 결제일할인(청구할인)이 적용됩니다.
실제 카드 이용일이 아닌 이용대금 명세서 상 기재된 이용일 기준으로 제공됩니다.
해당 카드 이용 시 카드 혜택 외 삼성카드의 다른 할인 및 적립 혜택은 제공되지 않습니다.
할인이 적용된 이용금액에 대해서는 포인트가 적립되지 않습니다.
무이자할부 이용 시 할인 혜택은 적용되지 않습니다.
전월 이용금액 산정 시, 할인 혜택이 적용된 이용금액(할인금액이 포함된 총 금액), 국세/지방세/공과금, 아파트 관리비, 대학 등록금, 대중교통, 택시, 상품권 구매, 선불카드 충전건은 제외됩니다."
AAP1483_B0006,AAP1483,주요혜택,통신요금 할인,서비스안내,생활비,12,,할인,10,%,,전월 30만원 이상,300000,,,,,5000,원,,,2026-06-08 06:06:01,생활비 10% 할인,"[서비스안내]
대중교통·택시 10 % 결제일할인(청구할인)

[대상업종]
대중교통 : 버스, 지하철(후불교통기능 선택 시 제공)

[이용조건]
할인한도 : 통합 월 5,000 원
전월 일시불 및 할부 이용금액 30 만원 이상 시 제공
발급월+ 1 개월까지는 전월 이용금액에 관계없이 제공

[유의사항]
정상적으로 삼성카드에 접수된 금액 중 순서대로 결제일할인(청구할인)이 적용됩니다.
실제 카드 이용일이 아닌 이용대금 명세서 상 기재된 이용일 기준으로 제공됩니다.
해당 카드 이용 시 카드 혜택 외 삼성카드의 다른 할인 및 적립 혜택은 제공되지 않습니다.
할인이 적용된 이용금액에 대해서는 포인트가 적립되지 않습니다.
무이자할부 이용 시 할인 혜택은 적용되지 않습니다.
전월 이용금액 산정 시, 할인 혜택이 적용된 이용금액(할인금액이 포함된 총 금액), 국세/지방세/공과금, 아파트 관리비, 대학 등록금, 대중교통, 택시, 상품권 구매, 선불카드 충전건은 제외됩니다."
AAP1483_B0007,AAP1483,주요혜택,영화관 할인,서비스안내,문화/엔터,11,Offline,할인,5000,원,"CGV, 롯데시네마",전월 30만원 이상,300000,,,,,5000,원,,,2026-06-08 06:06:01,문화/엔터 5천원 할인,"[서비스안내]
대중교통·택시 10 % 결제일할인(청구할인)

[대상업종]
대중교통 : 버스, 지하철(후불교통기능 선택 시 제공)

[이용조건]
할인한도 : 통합 월 5,000 원
전월 일시불 및 할부 이용금액 30 만원 이상 시 제공
발급월+ 1 개월까지는 전월 이용금액에 관계없이 제공

[유의사항]
정상적으로 삼성카드에 접수된 금액 중 순서대로 결제일할인(청구할인)이 적용됩니다.
실제 카드 이용일이 아닌 이용대금 명세서 상 기재된 이용일 기준으로 제공됩니다.
해당 카드 이용 시 카드 혜택 외 삼성카드의 다른 할인 및 적립 혜택은 제공되지 않습니다.
할인이 적용된 이용금액에 대해서는 포인트가 적립되지 않습니다.
무이자할부 이용 시 할인 혜택은 적용되지 않습니다.
전월 이용금액 산정 시, 할인 혜택이 적용된 이용금액(할인금액이 포함된 총 금액), 국세/지방세/공과금, 아파트 관리비, 대학 등록금, 대중교통, 택시, 상품권 구매, 선불카드 충전건은 제외됩니다."
AAP1483_B0008,AAP1483,주요혜택,이동통신 할인,서비스안내,생활비,12,,할인,10,%,"SKT, KT, LG U+",,300000,,,,,5000,원,,,2026-06-08 06:06:01,생활비 10% 할인,"[서비스안내]
SKT·KT·LG U+ 이동통신요금 자동납부 시 10% 결제일할인(청구할인)

[이용조건]
할인한도 : 월 5,000 원
전월 일시불 및 할부 이용금액 30 만원 이상 시 제공
발급월+1개월까지는 전월 이용금액에 관계없이 제공(카드 자동납부 연결 필수)

[유의사항]
해당 카드 이용 시 카드 혜택 외 삼성카드의 다른 할인 및 적립 혜택은 제공되지 않습니다.
할인이 적용된 이용금액에 대해서는 포인트가 적립되지 않습니다.
무이자할부 이용 시 할인 혜택은 적용되지 않습니다.
결합상품요금, 휴대전화 단말기 구매금액 및 대리점 카드 결제건은 제외됩니다.
전월 이용금액 산정 시, 할인 혜택이 적용된 이용금액(할인금액이 포함된 총 금액), 국세/지방세/공과금, 아파트 관리비, 대학 등록금, 대중교통, 택시, 상품권 구매, 선불카드 충전건은 제외됩니다."
AAP1483_B0009,AAP1483,주요혜택,CGV·롯데시네마 할인,서비스안내,문화/엔터,11,Both,할인,5000,원,"CGV, 롯데시네마",전월 30만원 이상,300000,,100000,,12,,,,,2026-06-08 06:06:01,문화/엔터 5천원 할인,"[서비스안내]
CGV 및 롯데시네마 영화 티켓 10,000 원 이상 결제 시 5,000 원 결제일할인(청구할인)

[이용조건]
전월 일시불 및 할부 이용금액 30 만원 이상 시 제공
발급월+1개월까지는 전월 이용금액에 관계없이 제공(연 12 회 이용한도에 포함)
통합 일 1회, 월 2회, 연 12 회 제공(연 기준 : 1.1~12.31 )

[유의사항]
현장 결제, 공식 홈페이지 및 앱을 통한 온라인 예매 시 제공됩니다.
예매 대행 사이트 이용 시 할인은 적용되지 않습니다.
해당 카드 이용 시 카드 혜택 외 삼성카드의 다른 할인 및 적립 혜택은 제공되지 않습니다.
할인이 적용된 이용금액에 대해서는 포인트가 적립되지 않습니다.
무이자할부 이용 시 할인 혜택은 적용되지 않습니다.
전월 이용금액 산정 시, 할인 혜택이 적용된 이용금액(할인금액이 포함된 총 금액), 국세/지방세/공과금, 아파트 관리비, 대학 등록금, 대중교통, 택시, 상품권 구매, 선불카드 충전건은 제외됩니다."
AAP1483_B0010,AAP1483,주요혜택,해외 적립,서비스안내,해외,19,Online,포인트,1.3,%,"해외 가맹점, 해외 직접구매",,,,,,,,,,,2026-06-08 06:06:01,해외 1.3% 적립,"[서비스안내]
전월 이용금액에 관계없이, 적립한도 없이 해외 가맹점 및 해외 직접구매 이용건 1.3% 빅포인트 적립

[적립 제외 대상]
법인공용카드, 무이자할부, 다이어트할부, 삼성카드 할인이 적용된 일시불 및 할부 이용금액, 고용/산재보험 및 장애인 고용부담금, 국세/지방세/공과금, 대학 등록금, 대중교통, 택시, 고속버스(차내 단말기 및 고속버스 앱 결제), 고속도로 통행요금, 모바일 티머니, 선불카드 충전(삼성유포인트카드, 삼성전자 멤버십 BLUE 삼성선불카드, 삼성올앳카드 등), 이마트 이클럽, 문자알림서비스, 스마트오토서비스 이용금액은 제외

[유의사항]
해외겸용카드에 한해 제공됩니다.
해외 이용 시 별도의 수수료가 부과됩니다. 자세한 내용은 연회비 안내 페이지 내 유의사항에서 확인 바랍니다.
보너스클럽 이용 시 보너스포인트와 빅포인트 중 높은 적립률의 포인트가 적립됩니다.
적립된 빅포인트는 보너스포인트, 서비스포인트, 멤버십리워즈와 합산하여 사용하실 수 있습니다.
빅포인트의 유효기간은 5년으로, 유효기간 만료 시 월 단위로 자동 소멸됩니다."
AAP1452_B0001,AAP1452,주요혜택,스카이패스마일리지 적립,서비스안내,기타,22,Both,마일리지,1,마일리지,국내외 가맹점,,,,,1000,,,,,,2026-06-08 06:06:47,"기타 1,000원당 1마일 적립","[서비스안내]
국내외 가맹점 이용금액 1,000 원당 스카이패스 1 마일리지 기본 적립

[적립기준]
결제건당 삼성카드 접수금액 기준으로 마일리지 적립 결제금액을 1,000 원으로 나눈 후 소수점 이하는 반올림하여 적립
결제금액을 1,000 원으로 나눈 후 소수점 이하는 반올림하여 적립

[마일리지 적립 제외 대상]
빅포인트 적립 제외 대상, 삼성카드와 구매캐시백포인트 제공 계약을 체결한 일부 의약품/유류 구매한도 대금결제, 페이백서비스 등의 이용금액
빅포인트 적립 제외 대상 법인공용카드, 무이자할부, 다이어트할부, 삼성카드 할인이 적용된 일시불 및 할부 이용금액, 고용/산재보험 및 장애인 고용부담금, 국세/지방세/공과금, 대학 등록금, 대중교통, 택시, 고속버스(차내 단말기 및 고속버스 App 결제), 고속도로 통행요금, 선불카드 충전(삼성유포인트카드, 삼성전자 멤버십 BLUE 삼성선불카드, 삼성올앳카드 등), 휴대폰알림서비스( S.InfoCare ), 스마트오토서비스, 이마트 이클럽 등의 이용금액 빅포인트 적립 제외 대상, 신규사업 등 삼성카드의 영업정책 및 기타 상황 변화에 따라 삼성카드가 정하여 홈페이지 등을 통해 사전에 게시하는 이용건
법인공용카드, 무이자할부, 다이어트할부, 삼성카드 할인이 적용된 일시불 및 할부 이용금액, 고용/산재보험 및 장애인 고용부담금, 국세/지방세/공과금, 대학 등록금, 대중교통, 택시, 고속버스(차내 단말기 및 고속버스 App 결제), 고속도로 통행요금, 선불카드 충전(삼성유포인트카드, 삼성전자 멤버십 BLUE 삼성선불카드, 삼성올앳카드 등), 휴대폰알림서비스( S.InfoCare ), 스마트오토서비스, 이마트 이클럽 등의 이용금액
빅포인트 적립 제외 대상, 신규사업 등 삼성카드의 영업정책 및 기타 상황 변화에 따라 삼성카드가 정하여 홈페이지 등을 통해 사전에 게시하는 이용건
해당 카드는 택시 이용 시에도 마일리지 적립

[유의사항]
해외겸용카드로 해외 이용 시에도 기본 적립이 적용됩니다. 해외 : 해외 가맹점 및 해외 직접구매 이용건
해외 : 해외 가맹점 및 해외 직접구매 이용건
결제건 접수 후 마일리지 적립까지 약 10 일(영업일 기준) 정도 소요됩니다.
적립된 마일리지는 기존 스카이패스 마일리지와 합산하여 사용 가능합니다.
적립된 마일리지의 사용방법 및 기준은 항공사 마일리지 사용 규정에 따릅니다.
자세한 내용은 항공사 홈페이지를 확인 바랍니다.
삼성카드 가맹점 업종 분류 기준에 의한 등록 가맹점에 한합니다."
AAP1452_B0002,AAP1452,주요혜택,스카이패스 마일리지 추가 적립,서비스안내,해외,19,Online,마일리지,3,마일리지,"해외 가맹점, 해외 직접구매",,,,,1000,,,,2000,마일리지,2026-06-08 06:06:47,"해외 1,000원당 3마일 적립","[서비스안내]
해외형 또는 국내형 선택 시 해당 옵션 적립처에 따라 1,000원당 스카이패스 2 마일리지 적립

[대상점]
<table class=""benefit-table""><tr><th>옵션(택1)</th><th>업종</th><th>적립처</th><th>통합 월 적립한도</th></tr><tr><th>해외형</th><th>해외</th><td>해외 가맹점 및 해외 직접구매 이용건</td><td>2,000 마일리지</td></tr><tr><th rowspan=""5
    "">국내형</th><th>백화점</th><td>신세계·롯데·현대·갤러리아·동아·대구백화점,AK플라자,NC 대전유성점 (백화점 내 일부 임대매장 및 식품매장 제외)</td><td rowspan=""5"">2,000 마일리지</td></tr><tr><th>주유</th><td>SK에너지, GS칼텍스, 현대오일뱅크, S-OIL, 알뜰주유소 및 LPG충전소 등</td></tr><tr><th>커피</th><td>스타벅스, 카페베네, 커피빈, 할리스커피 등</td></tr><tr><th>편의점</th><td>CU, GS25, 세븐일레븐 등</td></tr><tr><th>택시</th><td>택시</td></tr></table>

[적립기준]
결제건당 삼성카드 접수금액 기준으로 마일리지가 적립되며, 결제금액을 1,000원으로 나눈 후 소수점 이하는 반올림하여 적립 예 : 11,400원 결제 시 22 마일리지 적립(기본 11 마일리지+추가 11 마일리지) 11,500원 결제 시 24 마일리지 적립(기본 12 마일리지+추가 12 마일리지) 300만원 결제 시 4,000 마일리지 적립(기본 3,000 마일리지+추가 1,000 마일리지)
예 : 11,400원 결제 시 22 마일리지 적립(기본 11 마일리지+추가 11 마일리지) 11,500원 결제 시 24 마일리지 적립(기본 12 마일리지+추가 12 마일리지) 300만원 결제 시 4,000 마일리지 적립(기본 3,000 마일리지+추가 1,000 마일리지)
해외형의 경우 해외 온라인 거래 시 국내 가맹점번호로 승인 처리되는 일부 결제건(국내 전자지급 결제 대행사를 통한 결제 등) 제외
해외형은 해외겸용카드에 한해 제공
해외 이용 시 별도의 수수료 부과. 자세한 내용은 연회비 안내 화면 내 ‘유의사항’에서 확인
선택한 옵션에 대해서만 적립 적용
적립 혜택은 카드 승인일 기준으로 적용. 단, 해외 이용 시 삼성카드에 접수된 현지 승인일 기준으로 적용
옵션은 삼성카드 홈페이지(PC, 모바일)·앱을 통해 매월 변경할 수 있으며, 변경 신청 다음 달 1일에 자동 반영

[이용조건]
특별 적립은 ‘기본 1 마일리지+추가 1 마일리지’의 형태로 적립
통합 월 적립한도는 2,000 마일리지(적립한도 초과 시 기본 적립 적용)
전월 이용금액에 관계없이 제공

[마일리지 적립 제외 대상]
빅포인트 적립 제외 대상, 삼성카드와 구매캐시백포인트 제공 계약을 체결한 일부 의약품/유류 구매한도 대금결제, 페이백서비스 등의 이용금액
빅포인트 적립 제외 대상 법인공용카드, 무이자할부, 다이어트할부, 삼성카드 할인이 적용된 일시불 및 할부 이용금액,고용/산재보험 및 장애인 고용부담금, 국세/지방세/공과금, 대학 등록금, 대중교통, 택시, 고속버스(차내 단말기 및 고속버스App 결제), 고속도로통행요금, 선불카드 충전(삼성유포인트카드,삼성전자 멤버십 BLUE 삼성선불카드,삼성올앳카드 등), 휴대폰알림서비스(S.InfoCare), 스마트오토서비스, 이마트 이클럽 등의 이용금액 빅포인트 적립 제외 대상 업종 및 삼성카드 신규사업에 대한 포인트 적립 제외 상세 내용은 삼성카드 홈페이지를 통해 확인
법인공용카드, 무이자할부, 다이어트할부, 삼성카드 할인이 적용된 일시불 및 할부 이용금액,고용/산재보험 및 장애인 고용부담금, 국세/지방세/공과금, 대학 등록금, 대중교통, 택시, 고속버스(차내 단말기 및 고속버스App 결제), 고속도로통행요금, 선불카드 충전(삼성유포인트카드,삼성전자 멤버십 BLUE 삼성선불카드,삼성올앳카드 등), 휴대폰알림서비스(S.InfoCare), 스마트오토서비스, 이마트 이클럽 등의 이용금액
빅포인트 적립 제외 대상 업종 및 삼성카드 신규사업에 대한 포인트 적립 제외 상세 내용은 삼성카드 홈페이지를 통해 확인
해당 카드는 택시 이용 시에도 마일리지 적립

[유의사항]
삼성카드 가맹점 업종 분류 기준에 의한 등록 가맹점에 한합니다.
백화점 내 일부 임대매장 및 식품매장은 제외됩니다.
결제건 접수 후 마일리지 적립까지 약 10일(영업일 기준) 정도 소요됩니다.
적립된 마일리지는 기존 스카이패스 마일리지와 합산하여 사용 가능합니다.
적립된 마일리지의 사용방법 및 기준은 항공사 마일리지 사용 규정을 따릅니다.
자세한 내용은 항공사 홈페이지를 확인 바랍니다."
AAP1452_B0003,AAP1452,주요혜택,스카이패스 마일리지 추가 적립,서비스안내,백화점/아울렛/면세점,4,Offline,마일리지,3,마일리지,"신세계, 롯데, 현대, 갤러리아, 동아, 대구백화점, AK플라자, NC 대전유성점",,,,,1000,,,,2000,마일리지,2026-06-08 06:06:47,"백화점/아울렛/면세점 1,000원당 3마일 적립","[서비스안내]
해외형 또는 국내형 선택 시 해당 옵션 적립처에 따라 1,000원당 스카이패스 2 마일리지 적립

[대상점]
<table class=""benefit-table""><tr><th>옵션(택1)</th><th>업종</th><th>적립처</th><th>통합 월 적립한도</th></tr><tr><th>해외형</th><th>해외</th><td>해외 가맹점 및 해외 직접구매 이용건</td><td>2,000 마일리지</td></tr><tr><th rowspan=""5
    "">국내형</th><th>백화점</th><td>신세계·롯데·현대·갤러리아·동아·대구백화점,AK플라자,NC 대전유성점 (백화점 내 일부 임대매장 및 식품매장 제외)</td><td rowspan=""5"">2,000 마일리지</td></tr><tr><th>주유</th><td>SK에너지, GS칼텍스, 현대오일뱅크, S-OIL, 알뜰주유소 및 LPG충전소 등</td></tr><tr><th>커피</th><td>스타벅스, 카페베네, 커피빈, 할리스커피 등</td></tr><tr><th>편의점</th><td>CU, GS25, 세븐일레븐 등</td></tr><tr><th>택시</th><td>택시</td></tr></table>

[적립기준]
결제건당 삼성카드 접수금액 기준으로 마일리지가 적립되며, 결제금액을 1,000원으로 나눈 후 소수점 이하는 반올림하여 적립 예 : 11,400원 결제 시 22 마일리지 적립(기본 11 마일리지+추가 11 마일리지) 11,500원 결제 시 24 마일리지 적립(기본 12 마일리지+추가 12 마일리지) 300만원 결제 시 4,000 마일리지 적립(기본 3,000 마일리지+추가 1,000 마일리지)
예 : 11,400원 결제 시 22 마일리지 적립(기본 11 마일리지+추가 11 마일리지) 11,500원 결제 시 24 마일리지 적립(기본 12 마일리지+추가 12 마일리지) 300만원 결제 시 4,000 마일리지 적립(기본 3,000 마일리지+추가 1,000 마일리지)
해외형의 경우 해외 온라인 거래 시 국내 가맹점번호로 승인 처리되는 일부 결제건(국내 전자지급 결제 대행사를 통한 결제 등) 제외
해외형은 해외겸용카드에 한해 제공
해외 이용 시 별도의 수수료 부과. 자세한 내용은 연회비 안내 화면 내 ‘유의사항’에서 확인
선택한 옵션에 대해서만 적립 적용
적립 혜택은 카드 승인일 기준으로 적용. 단, 해외 이용 시 삼성카드에 접수된 현지 승인일 기준으로 적용
옵션은 삼성카드 홈페이지(PC, 모바일)·앱을 통해 매월 변경할 수 있으며, 변경 신청 다음 달 1일에 자동 반영

[이용조건]
특별 적립은 ‘기본 1 마일리지+추가 1 마일리지’의 형태로 적립
통합 월 적립한도는 2,000 마일리지(적립한도 초과 시 기본 적립 적용)
전월 이용금액에 관계없이 제공

[마일리지 적립 제외 대상]
빅포인트 적립 제외 대상, 삼성카드와 구매캐시백포인트 제공 계약을 체결한 일부 의약품/유류 구매한도 대금결제, 페이백서비스 등의 이용금액
빅포인트 적립 제외 대상 법인공용카드, 무이자할부, 다이어트할부, 삼성카드 할인이 적용된 일시불 및 할부 이용금액,고용/산재보험 및 장애인 고용부담금, 국세/지방세/공과금, 대학 등록금, 대중교통, 택시, 고속버스(차내 단말기 및 고속버스App 결제), 고속도로통행요금, 선불카드 충전(삼성유포인트카드,삼성전자 멤버십 BLUE 삼성선불카드,삼성올앳카드 등), 휴대폰알림서비스(S.InfoCare), 스마트오토서비스, 이마트 이클럽 등의 이용금액 빅포인트 적립 제외 대상 업종 및 삼성카드 신규사업에 대한 포인트 적립 제외 상세 내용은 삼성카드 홈페이지를 통해 확인
법인공용카드, 무이자할부, 다이어트할부, 삼성카드 할인이 적용된 일시불 및 할부 이용금액,고용/산재보험 및 장애인 고용부담금, 국세/지방세/공과금, 대학 등록금, 대중교통, 택시, 고속버스(차내 단말기 및 고속버스App 결제), 고속도로통행요금, 선불카드 충전(삼성유포인트카드,삼성전자 멤버십 BLUE 삼성선불카드,삼성올앳카드 등), 휴대폰알림서비스(S.InfoCare), 스마트오토서비스, 이마트 이클럽 등의 이용금액
빅포인트 적립 제외 대상 업종 및 삼성카드 신규사업에 대한 포인트 적립 제외 상세 내용은 삼성카드 홈페이지를 통해 확인
해당 카드는 택시 이용 시에도 마일리지 적립

[유의사항]
삼성카드 가맹점 업종 분류 기준에 의한 등록 가맹점에 한합니다.
백화점 내 일부 임대매장 및 식품매장은 제외됩니다.
결제건 접수 후 마일리지 적립까지 약 10일(영업일 기준) 정도 소요됩니다.
적립된 마일리지는 기존 스카이패스 마일리지와 합산하여 사용 가능합니다.
적립된 마일리지의 사용방법 및 기준은 항공사 마일리지 사용 규정을 따릅니다.
자세한 내용은 항공사 홈페이지를 확인 바랍니다."
AAP1452_B0004,AAP1452,주요혜택,스카이패스 마일리지 추가 적립,서비스안내,자동차/주유,6,Offline,마일리지,3,마일리지,"SK에너지, GS칼텍스, 현대오일뱅크, S-OIL, 알뜰주유소, LPG충전소",,,,,1000,,,,2000,마일리지,2026-06-08 06:06:47,"자동차/주유 1,000원당 3마일 적립","[서비스안내]
해외형 또는 국내형 선택 시 해당 옵션 적립처에 따라 1,000원당 스카이패스 2 마일리지 적립

[대상점]
<table class=""benefit-table""><tr><th>옵션(택1)</th><th>업종</th><th>적립처</th><th>통합 월 적립한도</th></tr><tr><th>해외형</th><th>해외</th><td>해외 가맹점 및 해외 직접구매 이용건</td><td>2,000 마일리지</td></tr><tr><th rowspan=""5
    "">국내형</th><th>백화점</th><td>신세계·롯데·현대·갤러리아·동아·대구백화점,AK플라자,NC 대전유성점 (백화점 내 일부 임대매장 및 식품매장 제외)</td><td rowspan=""5"">2,000 마일리지</td></tr><tr><th>주유</th><td>SK에너지, GS칼텍스, 현대오일뱅크, S-OIL, 알뜰주유소 및 LPG충전소 등</td></tr><tr><th>커피</th><td>스타벅스, 카페베네, 커피빈, 할리스커피 등</td></tr><tr><th>편의점</th><td>CU, GS25, 세븐일레븐 등</td></tr><tr><th>택시</th><td>택시</td></tr></table>

[적립기준]
결제건당 삼성카드 접수금액 기준으로 마일리지가 적립되며, 결제금액을 1,000원으로 나눈 후 소수점 이하는 반올림하여 적립 예 : 11,400원 결제 시 22 마일리지 적립(기본 11 마일리지+추가 11 마일리지) 11,500원 결제 시 24 마일리지 적립(기본 12 마일리지+추가 12 마일리지) 300만원 결제 시 4,000 마일리지 적립(기본 3,000 마일리지+추가 1,000 마일리지)
예 : 11,400원 결제 시 22 마일리지 적립(기본 11 마일리지+추가 11 마일리지) 11,500원 결제 시 24 마일리지 적립(기본 12 마일리지+추가 12 마일리지) 300만원 결제 시 4,000 마일리지 적립(기본 3,000 마일리지+추가 1,000 마일리지)
해외형의 경우 해외 온라인 거래 시 국내 가맹점번호로 승인 처리되는 일부 결제건(국내 전자지급 결제 대행사를 통한 결제 등) 제외
해외형은 해외겸용카드에 한해 제공
해외 이용 시 별도의 수수료 부과. 자세한 내용은 연회비 안내 화면 내 ‘유의사항’에서 확인
선택한 옵션에 대해서만 적립 적용
적립 혜택은 카드 승인일 기준으로 적용. 단, 해외 이용 시 삼성카드에 접수된 현지 승인일 기준으로 적용
옵션은 삼성카드 홈페이지(PC, 모바일)·앱을 통해 매월 변경할 수 있으며, 변경 신청 다음 달 1일에 자동 반영

[이용조건]
특별 적립은 ‘기본 1 마일리지+추가 1 마일리지’의 형태로 적립
통합 월 적립한도는 2,000 마일리지(적립한도 초과 시 기본 적립 적용)
전월 이용금액에 관계없이 제공

[마일리지 적립 제외 대상]
빅포인트 적립 제외 대상, 삼성카드와 구매캐시백포인트 제공 계약을 체결한 일부 의약품/유류 구매한도 대금결제, 페이백서비스 등의 이용금액
빅포인트 적립 제외 대상 법인공용카드, 무이자할부, 다이어트할부, 삼성카드 할인이 적용된 일시불 및 할부 이용금액,고용/산재보험 및 장애인 고용부담금, 국세/지방세/공과금, 대학 등록금, 대중교통, 택시, 고속버스(차내 단말기 및 고속버스App 결제), 고속도로통행요금, 선불카드 충전(삼성유포인트카드,삼성전자 멤버십 BLUE 삼성선불카드,삼성올앳카드 등), 휴대폰알림서비스(S.InfoCare), 스마트오토서비스, 이마트 이클럽 등의 이용금액 빅포인트 적립 제외 대상 업종 및 삼성카드 신규사업에 대한 포인트 적립 제외 상세 내용은 삼성카드 홈페이지를 통해 확인
법인공용카드, 무이자할부, 다이어트할부, 삼성카드 할인이 적용된 일시불 및 할부 이용금액,고용/산재보험 및 장애인 고용부담금, 국세/지방세/공과금, 대학 등록금, 대중교통, 택시, 고속버스(차내 단말기 및 고속버스App 결제), 고속도로통행요금, 선불카드 충전(삼성유포인트카드,삼성전자 멤버십 BLUE 삼성선불카드,삼성올앳카드 등), 휴대폰알림서비스(S.InfoCare), 스마트오토서비스, 이마트 이클럽 등의 이용금액
빅포인트 적립 제외 대상 업종 및 삼성카드 신규사업에 대한 포인트 적립 제외 상세 내용은 삼성카드 홈페이지를 통해 확인
해당 카드는 택시 이용 시에도 마일리지 적립

[유의사항]
삼성카드 가맹점 업종 분류 기준에 의한 등록 가맹점에 한합니다.
백화점 내 일부 임대매장 및 식품매장은 제외됩니다.
결제건 접수 후 마일리지 적립까지 약 10일(영업일 기준) 정도 소요됩니다.
적립된 마일리지는 기존 스카이패스 마일리지와 합산하여 사용 가능합니다.
적립된 마일리지의 사용방법 및 기준은 항공사 마일리지 사용 규정을 따릅니다.
자세한 내용은 항공사 홈페이지를 확인 바랍니다."
AAP1452_B0005,AAP1452,주요혜택,스카이패스 마일리지 추가 적립,서비스안내,카페/베이커리,14,Both,마일리지,3,마일리지,"스타벅스, 카페베네, 커피빈, 할리스커피",,,,,1000,,,,2000,마일리지,2026-06-08 06:06:47,"카페/베이커리 1,000원당 3마일 적립","[서비스안내]
해외형 또는 국내형 선택 시 해당 옵션 적립처에 따라 1,000원당 스카이패스 2 마일리지 적립

[대상점]
<table class=""benefit-table""><tr><th>옵션(택1)</th><th>업종</th><th>적립처</th><th>통합 월 적립한도</th></tr><tr><th>해외형</th><th>해외</th><td>해외 가맹점 및 해외 직접구매 이용건</td><td>2,000 마일리지</td></tr><tr><th rowspan=""5
    "">국내형</th><th>백화점</th><td>신세계·롯데·현대·갤러리아·동아·대구백화점,AK플라자,NC 대전유성점 (백화점 내 일부 임대매장 및 식품매장 제외)</td><td rowspan=""5"">2,000 마일리지</td></tr><tr><th>주유</th><td>SK에너지, GS칼텍스, 현대오일뱅크, S-OIL, 알뜰주유소 및 LPG충전소 등</td></tr><tr><th>커피</th><td>스타벅스, 카페베네, 커피빈, 할리스커피 등</td></tr><tr><th>편의점</th><td>CU, GS25, 세븐일레븐 등</td></tr><tr><th>택시</th><td>택시</td></tr></table>

[적립기준]
결제건당 삼성카드 접수금액 기준으로 마일리지가 적립되며, 결제금액을 1,000원으로 나눈 후 소수점 이하는 반올림하여 적립 예 : 11,400원 결제 시 22 마일리지 적립(기본 11 마일리지+추가 11 마일리지) 11,500원 결제 시 24 마일리지 적립(기본 12 마일리지+추가 12 마일리지) 300만원 결제 시 4,000 마일리지 적립(기본 3,000 마일리지+추가 1,000 마일리지)
예 : 11,400원 결제 시 22 마일리지 적립(기본 11 마일리지+추가 11 마일리지) 11,500원 결제 시 24 마일리지 적립(기본 12 마일리지+추가 12 마일리지) 300만원 결제 시 4,000 마일리지 적립(기본 3,000 마일리지+추가 1,000 마일리지)
해외형의 경우 해외 온라인 거래 시 국내 가맹점번호로 승인 처리되는 일부 결제건(국내 전자지급 결제 대행사를 통한 결제 등) 제외
해외형은 해외겸용카드에 한해 제공
해외 이용 시 별도의 수수료 부과. 자세한 내용은 연회비 안내 화면 내 ‘유의사항’에서 확인
선택한 옵션에 대해서만 적립 적용
적립 혜택은 카드 승인일 기준으로 적용. 단, 해외 이용 시 삼성카드에 접수된 현지 승인일 기준으로 적용
옵션은 삼성카드 홈페이지(PC, 모바일)·앱을 통해 매월 변경할 수 있으며, 변경 신청 다음 달 1일에 자동 반영

[이용조건]
특별 적립은 ‘기본 1 마일리지+추가 1 마일리지’의 형태로 적립
통합 월 적립한도는 2,000 마일리지(적립한도 초과 시 기본 적립 적용)
전월 이용금액에 관계없이 제공

[마일리지 적립 제외 대상]
빅포인트 적립 제외 대상, 삼성카드와 구매캐시백포인트 제공 계약을 체결한 일부 의약품/유류 구매한도 대금결제, 페이백서비스 등의 이용금액
빅포인트 적립 제외 대상 법인공용카드, 무이자할부, 다이어트할부, 삼성카드 할인이 적용된 일시불 및 할부 이용금액,고용/산재보험 및 장애인 고용부담금, 국세/지방세/공과금, 대학 등록금, 대중교통, 택시, 고속버스(차내 단말기 및 고속버스App 결제), 고속도로통행요금, 선불카드 충전(삼성유포인트카드,삼성전자 멤버십 BLUE 삼성선불카드,삼성올앳카드 등), 휴대폰알림서비스(S.InfoCare), 스마트오토서비스, 이마트 이클럽 등의 이용금액 빅포인트 적립 제외 대상 업종 및 삼성카드 신규사업에 대한 포인트 적립 제외 상세 내용은 삼성카드 홈페이지를 통해 확인
법인공용카드, 무이자할부, 다이어트할부, 삼성카드 할인이 적용된 일시불 및 할부 이용금액,고용/산재보험 및 장애인 고용부담금, 국세/지방세/공과금, 대학 등록금, 대중교통, 택시, 고속버스(차내 단말기 및 고속버스App 결제), 고속도로통행요금, 선불카드 충전(삼성유포인트카드,삼성전자 멤버십 BLUE 삼성선불카드,삼성올앳카드 등), 휴대폰알림서비스(S.InfoCare), 스마트오토서비스, 이마트 이클럽 등의 이용금액
빅포인트 적립 제외 대상 업종 및 삼성카드 신규사업에 대한 포인트 적립 제외 상세 내용은 삼성카드 홈페이지를 통해 확인
해당 카드는 택시 이용 시에도 마일리지 적립

[유의사항]
삼성카드 가맹점 업종 분류 기준에 의한 등록 가맹점에 한합니다.
백화점 내 일부 임대매장 및 식품매장은 제외됩니다.
결제건 접수 후 마일리지 적립까지 약 10일(영업일 기준) 정도 소요됩니다.
적립된 마일리지는 기존 스카이패스 마일리지와 합산하여 사용 가능합니다.
적립된 마일리지의 사용방법 및 기준은 항공사 마일리지 사용 규정을 따릅니다.
자세한 내용은 항공사 홈페이지를 확인 바랍니다."
AAP1452_B0006,AAP1452,주요혜택,스카이패스 마일리지 추가 적립,서비스안내,편의점,13,Both,마일리지,3,마일리지,"CU, GS25, 세븐일레븐",,,,,1000,,,,2000,마일리지,2026-06-08 06:06:47,"편의점 1,000원당 3마일 적립","[서비스안내]
해외형 또는 국내형 선택 시 해당 옵션 적립처에 따라 1,000원당 스카이패스 2 마일리지 적립

[대상점]
<table class=""benefit-table""><tr><th>옵션(택1)</th><th>업종</th><th>적립처</th><th>통합 월 적립한도</th></tr><tr><th>해외형</th><th>해외</th><td>해외 가맹점 및 해외 직접구매 이용건</td><td>2,000 마일리지</td></tr><tr><th rowspan=""5
    "">국내형</th><th>백화점</th><td>신세계·롯데·현대·갤러리아·동아·대구백화점,AK플라자,NC 대전유성점 (백화점 내 일부 임대매장 및 식품매장 제외)</td><td rowspan=""5"">2,000 마일리지</td></tr><tr><th>주유</th><td>SK에너지, GS칼텍스, 현대오일뱅크, S-OIL, 알뜰주유소 및 LPG충전소 등</td></tr><tr><th>커피</th><td>스타벅스, 카페베네, 커피빈, 할리스커피 등</td></tr><tr><th>편의점</th><td>CU, GS25, 세븐일레븐 등</td></tr><tr><th>택시</th><td>택시</td></tr></table>

[적립기준]
결제건당 삼성카드 접수금액 기준으로 마일리지가 적립되며, 결제금액을 1,000원으로 나눈 후 소수점 이하는 반올림하여 적립 예 : 11,400원 결제 시 22 마일리지 적립(기본 11 마일리지+추가 11 마일리지) 11,500원 결제 시 24 마일리지 적립(기본 12 마일리지+추가 12 마일리지) 300만원 결제 시 4,000 마일리지 적립(기본 3,000 마일리지+추가 1,000 마일리지)
예 : 11,400원 결제 시 22 마일리지 적립(기본 11 마일리지+추가 11 마일리지) 11,500원 결제 시 24 마일리지 적립(기본 12 마일리지+추가 12 마일리지) 300만원 결제 시 4,000 마일리지 적립(기본 3,000 마일리지+추가 1,000 마일리지)
해외형의 경우 해외 온라인 거래 시 국내 가맹점번호로 승인 처리되는 일부 결제건(국내 전자지급 결제 대행사를 통한 결제 등) 제외
해외형은 해외겸용카드에 한해 제공
해외 이용 시 별도의 수수료 부과. 자세한 내용은 연회비 안내 화면 내 ‘유의사항’에서 확인
선택한 옵션에 대해서만 적립 적용
적립 혜택은 카드 승인일 기준으로 적용. 단, 해외 이용 시 삼성카드에 접수된 현지 승인일 기준으로 적용
옵션은 삼성카드 홈페이지(PC, 모바일)·앱을 통해 매월 변경할 수 있으며, 변경 신청 다음 달 1일에 자동 반영

[이용조건]
특별 적립은 ‘기본 1 마일리지+추가 1 마일리지’의 형태로 적립
통합 월 적립한도는 2,000 마일리지(적립한도 초과 시 기본 적립 적용)
전월 이용금액에 관계없이 제공

[마일리지 적립 제외 대상]
빅포인트 적립 제외 대상, 삼성카드와 구매캐시백포인트 제공 계약을 체결한 일부 의약품/유류 구매한도 대금결제, 페이백서비스 등의 이용금액
빅포인트 적립 제외 대상 법인공용카드, 무이자할부, 다이어트할부, 삼성카드 할인이 적용된 일시불 및 할부 이용금액,고용/산재보험 및 장애인 고용부담금, 국세/지방세/공과금, 대학 등록금, 대중교통, 택시, 고속버스(차내 단말기 및 고속버스App 결제), 고속도로통행요금, 선불카드 충전(삼성유포인트카드,삼성전자 멤버십 BLUE 삼성선불카드,삼성올앳카드 등), 휴대폰알림서비스(S.InfoCare), 스마트오토서비스, 이마트 이클럽 등의 이용금액 빅포인트 적립 제외 대상 업종 및 삼성카드 신규사업에 대한 포인트 적립 제외 상세 내용은 삼성카드 홈페이지를 통해 확인
법인공용카드, 무이자할부, 다이어트할부, 삼성카드 할인이 적용된 일시불 및 할부 이용금액,고용/산재보험 및 장애인 고용부담금, 국세/지방세/공과금, 대학 등록금, 대중교통, 택시, 고속버스(차내 단말기 및 고속버스App 결제), 고속도로통행요금, 선불카드 충전(삼성유포인트카드,삼성전자 멤버십 BLUE 삼성선불카드,삼성올앳카드 등), 휴대폰알림서비스(S.InfoCare), 스마트오토서비스, 이마트 이클럽 등의 이용금액
빅포인트 적립 제외 대상 업종 및 삼성카드 신규사업에 대한 포인트 적립 제외 상세 내용은 삼성카드 홈페이지를 통해 확인
해당 카드는 택시 이용 시에도 마일리지 적립

[유의사항]
삼성카드 가맹점 업종 분류 기준에 의한 등록 가맹점에 한합니다.
백화점 내 일부 임대매장 및 식품매장은 제외됩니다.
결제건 접수 후 마일리지 적립까지 약 10일(영업일 기준) 정도 소요됩니다.
적립된 마일리지는 기존 스카이패스 마일리지와 합산하여 사용 가능합니다.
적립된 마일리지의 사용방법 및 기준은 항공사 마일리지 사용 규정을 따릅니다.
자세한 내용은 항공사 홈페이지를 확인 바랍니다."
AAP1452_B0007,AAP1452,주요혜택,스카이패스 마일리지 추가 적립,서비스안내,대중교통/택시,5,Offline,마일리지,3,마일리지,택시,,,,,1000,,,,2000,마일리지,2026-06-08 06:06:47,"대중교통/택시 1,000원당 3마일 적립","[서비스안내]
해외형 또는 국내형 선택 시 해당 옵션 적립처에 따라 1,000원당 스카이패스 2 마일리지 적립

[대상점]
<table class=""benefit-table""><tr><th>옵션(택1)</th><th>업종</th><th>적립처</th><th>통합 월 적립한도</th></tr><tr><th>해외형</th><th>해외</th><td>해외 가맹점 및 해외 직접구매 이용건</td><td>2,000 마일리지</td></tr><tr><th rowspan=""5
    "">국내형</th><th>백화점</th><td>신세계·롯데·현대·갤러리아·동아·대구백화점,AK플라자,NC 대전유성점 (백화점 내 일부 임대매장 및 식품매장 제외)</td><td rowspan=""5"">2,000 마일리지</td></tr><tr><th>주유</th><td>SK에너지, GS칼텍스, 현대오일뱅크, S-OIL, 알뜰주유소 및 LPG충전소 등</td></tr><tr><th>커피</th><td>스타벅스, 카페베네, 커피빈, 할리스커피 등</td></tr><tr><th>편의점</th><td>CU, GS25, 세븐일레븐 등</td></tr><tr><th>택시</th><td>택시</td></tr></table>

[적립기준]
결제건당 삼성카드 접수금액 기준으로 마일리지가 적립되며, 결제금액을 1,000원으로 나눈 후 소수점 이하는 반올림하여 적립 예 : 11,400원 결제 시 22 마일리지 적립(기본 11 마일리지+추가 11 마일리지) 11,500원 결제 시 24 마일리지 적립(기본 12 마일리지+추가 12 마일리지) 300만원 결제 시 4,000 마일리지 적립(기본 3,000 마일리지+추가 1,000 마일리지)
예 : 11,400원 결제 시 22 마일리지 적립(기본 11 마일리지+추가 11 마일리지) 11,500원 결제 시 24 마일리지 적립(기본 12 마일리지+추가 12 마일리지) 300만원 결제 시 4,000 마일리지 적립(기본 3,000 마일리지+추가 1,000 마일리지)
해외형의 경우 해외 온라인 거래 시 국내 가맹점번호로 승인 처리되는 일부 결제건(국내 전자지급 결제 대행사를 통한 결제 등) 제외
해외형은 해외겸용카드에 한해 제공
해외 이용 시 별도의 수수료 부과. 자세한 내용은 연회비 안내 화면 내 ‘유의사항’에서 확인
선택한 옵션에 대해서만 적립 적용
적립 혜택은 카드 승인일 기준으로 적용. 단, 해외 이용 시 삼성카드에 접수된 현지 승인일 기준으로 적용
옵션은 삼성카드 홈페이지(PC, 모바일)·앱을 통해 매월 변경할 수 있으며, 변경 신청 다음 달 1일에 자동 반영

[이용조건]
특별 적립은 ‘기본 1 마일리지+추가 1 마일리지’의 형태로 적립
통합 월 적립한도는 2,000 마일리지(적립한도 초과 시 기본 적립 적용)
전월 이용금액에 관계없이 제공

[마일리지 적립 제외 대상]
빅포인트 적립 제외 대상, 삼성카드와 구매캐시백포인트 제공 계약을 체결한 일부 의약품/유류 구매한도 대금결제, 페이백서비스 등의 이용금액
빅포인트 적립 제외 대상 법인공용카드, 무이자할부, 다이어트할부, 삼성카드 할인이 적용된 일시불 및 할부 이용금액,고용/산재보험 및 장애인 고용부담금, 국세/지방세/공과금, 대학 등록금, 대중교통, 택시, 고속버스(차내 단말기 및 고속버스App 결제), 고속도로통행요금, 선불카드 충전(삼성유포인트카드,삼성전자 멤버십 BLUE 삼성선불카드,삼성올앳카드 등), 휴대폰알림서비스(S.InfoCare), 스마트오토서비스, 이마트 이클럽 등의 이용금액 빅포인트 적립 제외 대상 업종 및 삼성카드 신규사업에 대한 포인트 적립 제외 상세 내용은 삼성카드 홈페이지를 통해 확인
법인공용카드, 무이자할부, 다이어트할부, 삼성카드 할인이 적용된 일시불 및 할부 이용금액,고용/산재보험 및 장애인 고용부담금, 국세/지방세/공과금, 대학 등록금, 대중교통, 택시, 고속버스(차내 단말기 및 고속버스App 결제), 고속도로통행요금, 선불카드 충전(삼성유포인트카드,삼성전자 멤버십 BLUE 삼성선불카드,삼성올앳카드 등), 휴대폰알림서비스(S.InfoCare), 스마트오토서비스, 이마트 이클럽 등의 이용금액
빅포인트 적립 제외 대상 업종 및 삼성카드 신규사업에 대한 포인트 적립 제외 상세 내용은 삼성카드 홈페이지를 통해 확인
해당 카드는 택시 이용 시에도 마일리지 적립

[유의사항]
삼성카드 가맹점 업종 분류 기준에 의한 등록 가맹점에 한합니다.
백화점 내 일부 임대매장 및 식품매장은 제외됩니다.
결제건 접수 후 마일리지 적립까지 약 10일(영업일 기준) 정도 소요됩니다.
적립된 마일리지는 기존 스카이패스 마일리지와 합산하여 사용 가능합니다.
적립된 마일리지의 사용방법 및 기준은 항공사 마일리지 사용 규정을 따릅니다.
자세한 내용은 항공사 홈페이지를 확인 바랍니다."
AAP1452_B0008,AAP1452,주요혜택,아멕스 PLATINUM 등급 서비스,아멕스 PLATINUM 등급 서비스,기타,22,,서비스,,,,,,,,,,,,,,2026-06-08 06:06:47,아멕스 PLATINUM 등급 서비스,"[서비스안내]
아멕스 프리미엄카드(PLATINUM) 회원에게 아멕스의 제휴사가 제공하는 서비스

[서비스내용]

[국제 브랜드사 서비스 공통 유의사항]
국제 브랜드사 서비스 관련 자세한 내용은 아래 국제 브랜드사별 홈페이지를 통해 확인해 주세요. VISA 바로가기 : www.visakorea.com Mastercard 바로가기 : www.mastercard.co.kr 아멕스 바로가기 : www.americanexpress.com UnionPay 바로가기 : www.unionpayintl.com/kr
VISA 바로가기 : www.visakorea.com
Mastercard 바로가기 : www.mastercard.co.kr
아멕스 바로가기 : www.americanexpress.com
UnionPay 바로가기 : www.unionpayintl.com/kr
삼성카드 선택 서비스는 국제 브랜드사별 홈페이지 안내사항과 제공 내용(대상 카드, 제공횟수 및 전월 이용금액 조건, 대상점)이 다를 수 있으므로, 삼성카드에서 제공하는 국제 브랜드 서비스 안내장을 확인하시기 바랍니다.(국제 브랜드사별 홈페이지에 안내된 대상점이라 하더라도 삼성카드에서 안내된 대상점이 아닌 경우 서비스가 제공되지 않음)
국제 브랜드사별 서비스 안내사항 중 대상 등급 서비스가 아닌 경우, 서비스 제공이 제한될 수 있습니다.
금융상품 이용 전 상품설명서, 홈페이지, 약관을 통해 이용조건을 확인 바랍니다.
등급서비스 : 여신금융협회 심의필 제 2026-C1a-02833호(2026.03.04)
선택서비스 : 여신금융협회 심의필 제 2026-C1a-05333호(2026.04.15)"
ABP1285_B0001,ABP1285,주요혜택,포인트 적립,서비스 안내,기타,22,Both,포인트,0.5,%,모든 제휴점,,,,,,,,,,,2026-06-08 06:07:07,기타 0.5% 적립,"[서비스 안내]
모든 제휴점 0.5% 빅포인트 적립

[적립 제외 대상]
법인공용카드, 무이자할부, 다이어트할부, 삼성카드 할인이 적용된 일시불 및 할부 이용금액, 고용/산재보험 및 장애인 고용부담금, 국세/지방세/공과금, 대학 등록금, 대중교통, 모바일티머니, 선불카드 충전(삼성유포인트카드, 삼성전자 멤버십 BLUE 삼성선불카드, 삼성올앳카드 등), 휴대폰알림서비스( S.InfoCare ), 스마트오토서비스, 이마트 이클럽 등의 이용금액
빅포인트 적립 제외 대상 업종, 삼성카드 신규사업 적립 제외 대상으로 삼성카드가 정하여 홈페이지 등을 통해 사전에 게시하는 이용건

[유의사항]
삼성카드 제휴점 업종 분류 기준에 의한 등록 제휴점에 한합니다.
해외겸용카드로 해외 이용 시에도 혜택이 적용됩니다.(해외 제휴점 및 해외 직접구매 이용건)
보너스클럽 및 S-OIL 이용 시 보너스포인트와 빅포인트 중 높은 적립률의 포인트가 적립됩니다
빅포인트의 유효기간은 5년으로, 유효기간 만료 시 월 단위로 자동 소멸됩니다.
2014 년 4월 30 일까지 적립된 빅포인트의 유효기간은 3년으로 적용됩니다."
ABP1285_B0002,ABP1285,주요혜택,S OIL 보너스포인트 적립,서비스 안내,자동차/주유,6,Offline,포인트,40,포인트,S-OIL,전월 30만원 이상,300000,,,1,2,400000,원,,,2026-06-08 06:07:07,자동차/주유 리터당 40포인트 적립,"[서비스 안내]
S-OIL 주유소 주유 시 리터당 40 보너스포인트 적립

[이용조건]
일 2회, 회당 주유금액 10 만원, 월 4 0 만원까지 적용
S-OIL 이용금액을 제외한 직전 3개월 월평균 일시불 및 할부 이용금액 3 0 만원 이상 시 제공

[유의사항]
경유, 등유는 휘발유가 기준으로 환산 적립되며, 일부 주유소 및 LPG 충전소는 제외됩니다.
S-OIL 본사 지정 주유소에 한하며, S-OIL 홈페이지에서 확인 가능합니다.
적립된 보너스포인트는 빅포인트, 서비스포인트, 멤버십리워즈와 합산하여 사용 가능합니다.
보너스포인트의 유효기간은 5년으로, 유효기간 만료 시 월 단위로 자동 소멸됩니다.
적립액은 S-OIL 본사에서 고시하는 휘발유가 기준이며(매주 변경), 각 주유소별 유가 차이 및 유류에 따라 적립금액 차이가 발생할 수 있습니다.(고시가 기준 리터 환산 시 소수점 이하는 반올림)
SKT 삼성카드 2, olleh 삼성카드 2, LG U+ 삼성카드 2 이용 회원님의 경우 포인트연계할부서비스(폰세이브) 이용 시 보너스포인트가 아닌 폰세이브포인트로 적립됩니다.
삼성전자 멤버십 BLUE L 삼성카드, 삼성전자 멤버십 BLUE Y 삼성카드, 삼성전자 멤버십 BLUE B 삼성카드, 삼성전자 멤버십 BLUE U 삼성카드, 디지털멤버십삼성유포인트카드  이용 시 보너스포인트가 아닌 U포인트가 적립됩니다."
AAP1666_B0001,AAP1666,주요혜택,온라인간편결제 할인,할인기준,페이/간편결제,10,Online,할인,5,%,"삼성 페이, 네이버페이, 카카오페이, PAYCO, 스마일페이, coupay, SSGPAY, L.pay",전월 30만원 이상 ~ 60만원 미만,300000,600000,,,,10000,원,,,2026-06-08 06:07:18,페이/간편결제 5% 할인,"[서비스안내]
온라인 간편결제 5% 결제일할인(청구할인)

[대상점]
<table class=""benefit-table""><tr><th>업종</th><th>할인 대상</th></tr><tr><td>온라인 간편결제</td><td>삼성 페이, 네이버페이, 카카오페이, PAYCO , 스마일페이, coupay , SSGPAY , L.pay 결제건</td></tr></table>

[할인기준]
<table class=""benefit-table""><tr><th>전월 이용금액</th><th>통합 월 할인한도</th></tr><tr><td>30 만원 이상</td><td>10,000 원</td></tr><tr><td>60 만원 이상</td><td>15,000 원</td></tr><tr><td>90 만원 이상</td><td>20,000 원</td></tr></table>

[이용조건]
전월 이용금액 30 만원 이상 시 제공
발급월 +1 개월까지는 전월 이용금액 30 만원 미만 시에도 30 만원 이상~ 60 만원 미만 실적구간의 혜택 제공 전월 이용금액 60 만원 이상 시에는 해당 실적구간 서비스 제공
전월 이용금액 60 만원 이상 시에는 해당 실적구간 서비스 제공

[할인 제외 대상]
무이자할부, 삼성카드 할인이 적용된 일시불 및 할부 이용금액, 건강보험/국민연금/고용보험/산재보험 및 장애인 고용부담금, 국세/지방세/공과금, 초·중·고등학교 학교납입금, 대학 등록금, 대중교통, 택시, 고속버스(차내 단말기 및 고속버스 앱 결제), 고속도로 통행요금, 부동산 임대료, 기프트/선불카드(포인트, 사이버머니 등 전자지급 수단 포함) 구매 및 충전, 상품권 구매, 문자알림서비스, 스마트오토서비스 이용금액

[유의사항]
온라인 간편결제의 경우, 국내 온라인 가맹점에 한하며, 오프라인 매장 결제건(바코드, QR 코드, 스마트폰 NFC 등)은 제외됩니다.
삼성카드 가맹점 업종 분류 기준에 의한 등록 가맹점에 한합니다.
할인 혜택 및 전월 이용금액 산정은 승인 시점 기준으로 적용됩니다. 다만, 해외 결제건 및 무승인 결제건(예 : 대중교통, 이동통신 등 자동납부 결제건 등)의 경우 매출전표 접수 시점 기준으로 적용됩니다.
삼성카드의 다른 결제일할인(청구할인) 혜택과 중복 적용되지 않으며, 할인 혜택이 큰 금액만 적용됩니다.
전월 이용금액이란, 매월 1 일부터 말일까지 이용한 일시불 및 할부 이용금액을 의미하며, 단기카드대출(현금서비스), 장기카드대출(카드론), 각종 수수료 및 이자(할부수수료, 카드대출 이자 등), 연체료, 연회비 납부건은 일시불 및 할부 이용금액에 해당되지 않습니다.
전월 이용금액 산정 시, 온라인 간편결제 5% 할인/스트리밍 50% 할인/편의점·헬스&뷰티·생활잡화 10% 할인 혜택이 적용된 이용금액, 건강보험/국민연금/고용보험/산재보험 및 장애인 고용부담금, 국세/지방세/공과금, 초·중·고등학교 학교납입금, 대학 등록금, 대중교통, 택시, 아파트 관리비, 부동산 임대료, 기프트/선불카드(포인트, 사이버머니 등 전자지급수단 포함) 구매 및 충전, 상품권 구매건은 제외됩니다.
삼성카드는 아래 항목을 공과금으로 분류하고 있습니다. 전기요금, 사회보험료(건강보험/국민연금/고용보험/산재보험), 우편요금, 도시가스요금, 여권 발급비용, 상하수도요금, 과태료, 범칙금, 벌금, 국가·공공기관·공공단체(지방자치단체, 공공조합, 영조물, 공재단)에서 개설한 가맹점 이용금액
전기요금, 사회보험료(건강보험/국민연금/고용보험/산재보험), 우편요금, 도시가스요금, 여권 발급비용, 상하수도요금, 과태료, 범칙금, 벌금, 국가·공공기관·공공단체(지방자치단체, 공공조합, 영조물, 공재단)에서 개설한 가맹점 이용금액
결제 취소금액은 매출취소전표가 삼성카드에 접수된 달의 이용금액에서 차감 반영하고 있습니다. 혜택이 적용된 결제건이 취소될 경우, 할인, 포인트 적립 등의 횟수 및 한도는 매출취소전표가 접수된 이후에 복원 포인트가 적립된 결제건이 취소될 경우, 해당 포인트는 보유 포인트에서 자동 차감되며, 포인트 부족 시 카드 결제계좌에서 자동 출금
혜택이 적용된 결제건이 취소될 경우, 할인, 포인트 적립 등의 횟수 및 한도는 매출취소전표가 접수된 이후에 복원
포인트가 적립된 결제건이 취소될 경우, 해당 포인트는 보유 포인트에서 자동 차감되며, 포인트 부족 시 카드 결제계좌에서 자동 출금"
AAP1666_B0002,AAP1666,주요혜택,온라인간편결제 할인,할인기준,페이/간편결제,10,Online,할인,5,%,"삼성 페이, 네이버페이, 카카오페이, PAYCO, 스마일페이, coupay, SSGPAY, L.pay",전월 60만원 이상 ~ 90만원 미만,600000,900000,,,,15000,원,,,2026-06-08 06:07:18,페이/간편결제 5% 할인,"[서비스안내]
온라인 간편결제 5% 결제일할인(청구할인)

[대상점]
<table class=""benefit-table""><tr><th>업종</th><th>할인 대상</th></tr><tr><td>온라인 간편결제</td><td>삼성 페이, 네이버페이, 카카오페이, PAYCO , 스마일페이, coupay , SSGPAY , L.pay 결제건</td></tr></table>

[할인기준]
<table class=""benefit-table""><tr><th>전월 이용금액</th><th>통합 월 할인한도</th></tr><tr><td>30 만원 이상</td><td>10,000 원</td></tr><tr><td>60 만원 이상</td><td>15,000 원</td></tr><tr><td>90 만원 이상</td><td>20,000 원</td></tr></table>

[이용조건]
전월 이용금액 30 만원 이상 시 제공
발급월 +1 개월까지는 전월 이용금액 30 만원 미만 시에도 30 만원 이상~ 60 만원 미만 실적구간의 혜택 제공 전월 이용금액 60 만원 이상 시에는 해당 실적구간 서비스 제공
전월 이용금액 60 만원 이상 시에는 해당 실적구간 서비스 제공

[할인 제외 대상]
무이자할부, 삼성카드 할인이 적용된 일시불 및 할부 이용금액, 건강보험/국민연금/고용보험/산재보험 및 장애인 고용부담금, 국세/지방세/공과금, 초·중·고등학교 학교납입금, 대학 등록금, 대중교통, 택시, 고속버스(차내 단말기 및 고속버스 앱 결제), 고속도로 통행요금, 부동산 임대료, 기프트/선불카드(포인트, 사이버머니 등 전자지급 수단 포함) 구매 및 충전, 상품권 구매, 문자알림서비스, 스마트오토서비스 이용금액

[유의사항]
온라인 간편결제의 경우, 국내 온라인 가맹점에 한하며, 오프라인 매장 결제건(바코드, QR 코드, 스마트폰 NFC 등)은 제외됩니다.
삼성카드 가맹점 업종 분류 기준에 의한 등록 가맹점에 한합니다.
할인 혜택 및 전월 이용금액 산정은 승인 시점 기준으로 적용됩니다. 다만, 해외 결제건 및 무승인 결제건(예 : 대중교통, 이동통신 등 자동납부 결제건 등)의 경우 매출전표 접수 시점 기준으로 적용됩니다.
삼성카드의 다른 결제일할인(청구할인) 혜택과 중복 적용되지 않으며, 할인 혜택이 큰 금액만 적용됩니다.
전월 이용금액이란, 매월 1 일부터 말일까지 이용한 일시불 및 할부 이용금액을 의미하며, 단기카드대출(현금서비스), 장기카드대출(카드론), 각종 수수료 및 이자(할부수수료, 카드대출 이자 등), 연체료, 연회비 납부건은 일시불 및 할부 이용금액에 해당되지 않습니다.
전월 이용금액 산정 시, 온라인 간편결제 5% 할인/스트리밍 50% 할인/편의점·헬스&뷰티·생활잡화 10% 할인 혜택이 적용된 이용금액, 건강보험/국민연금/고용보험/산재보험 및 장애인 고용부담금, 국세/지방세/공과금, 초·중·고등학교 학교납입금, 대학 등록금, 대중교통, 택시, 아파트 관리비, 부동산 임대료, 기프트/선불카드(포인트, 사이버머니 등 전자지급수단 포함) 구매 및 충전, 상품권 구매건은 제외됩니다.
삼성카드는 아래 항목을 공과금으로 분류하고 있습니다. 전기요금, 사회보험료(건강보험/국민연금/고용보험/산재보험), 우편요금, 도시가스요금, 여권 발급비용, 상하수도요금, 과태료, 범칙금, 벌금, 국가·공공기관·공공단체(지방자치단체, 공공조합, 영조물, 공재단)에서 개설한 가맹점 이용금액
전기요금, 사회보험료(건강보험/국민연금/고용보험/산재보험), 우편요금, 도시가스요금, 여권 발급비용, 상하수도요금, 과태료, 범칙금, 벌금, 국가·공공기관·공공단체(지방자치단체, 공공조합, 영조물, 공재단)에서 개설한 가맹점 이용금액
결제 취소금액은 매출취소전표가 삼성카드에 접수된 달의 이용금액에서 차감 반영하고 있습니다. 혜택이 적용된 결제건이 취소될 경우, 할인, 포인트 적립 등의 횟수 및 한도는 매출취소전표가 접수된 이후에 복원 포인트가 적립된 결제건이 취소될 경우, 해당 포인트는 보유 포인트에서 자동 차감되며, 포인트 부족 시 카드 결제계좌에서 자동 출금
혜택이 적용된 결제건이 취소될 경우, 할인, 포인트 적립 등의 횟수 및 한도는 매출취소전표가 접수된 이후에 복원
포인트가 적립된 결제건이 취소될 경우, 해당 포인트는 보유 포인트에서 자동 차감되며, 포인트 부족 시 카드 결제계좌에서 자동 출금"
AAP1666_B0003,AAP1666,주요혜택,온라인간편결제 할인,할인기준,페이/간편결제,10,Online,할인,5,%,"삼성 페이, 네이버페이, 카카오페이, PAYCO, 스마일페이, coupay, SSGPAY, L.pay",전월 90만원 이상,900000,,,,,20000,원,,,2026-06-08 06:07:18,페이/간편결제 5% 할인,"[서비스안내]
온라인 간편결제 5% 결제일할인(청구할인)

[대상점]
<table class=""benefit-table""><tr><th>업종</th><th>할인 대상</th></tr><tr><td>온라인 간편결제</td><td>삼성 페이, 네이버페이, 카카오페이, PAYCO , 스마일페이, coupay , SSGPAY , L.pay 결제건</td></tr></table>

[할인기준]
<table class=""benefit-table""><tr><th>전월 이용금액</th><th>통합 월 할인한도</th></tr><tr><td>30 만원 이상</td><td>10,000 원</td></tr><tr><td>60 만원 이상</td><td>15,000 원</td></tr><tr><td>90 만원 이상</td><td>20,000 원</td></tr></table>

[이용조건]
전월 이용금액 30 만원 이상 시 제공
발급월 +1 개월까지는 전월 이용금액 30 만원 미만 시에도 30 만원 이상~ 60 만원 미만 실적구간의 혜택 제공 전월 이용금액 60 만원 이상 시에는 해당 실적구간 서비스 제공
전월 이용금액 60 만원 이상 시에는 해당 실적구간 서비스 제공

[할인 제외 대상]
무이자할부, 삼성카드 할인이 적용된 일시불 및 할부 이용금액, 건강보험/국민연금/고용보험/산재보험 및 장애인 고용부담금, 국세/지방세/공과금, 초·중·고등학교 학교납입금, 대학 등록금, 대중교통, 택시, 고속버스(차내 단말기 및 고속버스 앱 결제), 고속도로 통행요금, 부동산 임대료, 기프트/선불카드(포인트, 사이버머니 등 전자지급 수단 포함) 구매 및 충전, 상품권 구매, 문자알림서비스, 스마트오토서비스 이용금액

[유의사항]
온라인 간편결제의 경우, 국내 온라인 가맹점에 한하며, 오프라인 매장 결제건(바코드, QR 코드, 스마트폰 NFC 등)은 제외됩니다.
삼성카드 가맹점 업종 분류 기준에 의한 등록 가맹점에 한합니다.
할인 혜택 및 전월 이용금액 산정은 승인 시점 기준으로 적용됩니다. 다만, 해외 결제건 및 무승인 결제건(예 : 대중교통, 이동통신 등 자동납부 결제건 등)의 경우 매출전표 접수 시점 기준으로 적용됩니다.
삼성카드의 다른 결제일할인(청구할인) 혜택과 중복 적용되지 않으며, 할인 혜택이 큰 금액만 적용됩니다.
전월 이용금액이란, 매월 1 일부터 말일까지 이용한 일시불 및 할부 이용금액을 의미하며, 단기카드대출(현금서비스), 장기카드대출(카드론), 각종 수수료 및 이자(할부수수료, 카드대출 이자 등), 연체료, 연회비 납부건은 일시불 및 할부 이용금액에 해당되지 않습니다.
전월 이용금액 산정 시, 온라인 간편결제 5% 할인/스트리밍 50% 할인/편의점·헬스&뷰티·생활잡화 10% 할인 혜택이 적용된 이용금액, 건강보험/국민연금/고용보험/산재보험 및 장애인 고용부담금, 국세/지방세/공과금, 초·중·고등학교 학교납입금, 대학 등록금, 대중교통, 택시, 아파트 관리비, 부동산 임대료, 기프트/선불카드(포인트, 사이버머니 등 전자지급수단 포함) 구매 및 충전, 상품권 구매건은 제외됩니다.
삼성카드는 아래 항목을 공과금으로 분류하고 있습니다. 전기요금, 사회보험료(건강보험/국민연금/고용보험/산재보험), 우편요금, 도시가스요금, 여권 발급비용, 상하수도요금, 과태료, 범칙금, 벌금, 국가·공공기관·공공단체(지방자치단체, 공공조합, 영조물, 공재단)에서 개설한 가맹점 이용금액
전기요금, 사회보험료(건강보험/국민연금/고용보험/산재보험), 우편요금, 도시가스요금, 여권 발급비용, 상하수도요금, 과태료, 범칙금, 벌금, 국가·공공기관·공공단체(지방자치단체, 공공조합, 영조물, 공재단)에서 개설한 가맹점 이용금액
결제 취소금액은 매출취소전표가 삼성카드에 접수된 달의 이용금액에서 차감 반영하고 있습니다. 혜택이 적용된 결제건이 취소될 경우, 할인, 포인트 적립 등의 횟수 및 한도는 매출취소전표가 접수된 이후에 복원 포인트가 적립된 결제건이 취소될 경우, 해당 포인트는 보유 포인트에서 자동 차감되며, 포인트 부족 시 카드 결제계좌에서 자동 출금
혜택이 적용된 결제건이 취소될 경우, 할인, 포인트 적립 등의 횟수 및 한도는 매출취소전표가 접수된 이후에 복원
포인트가 적립된 결제건이 취소될 경우, 해당 포인트는 보유 포인트에서 자동 차감되며, 포인트 부족 시 카드 결제계좌에서 자동 출금"
AAP1666_B0004,AAP1666,주요혜택,스트리밍 할인,서비스안내,구독/스트리밍,8,Online,할인,50,%,"넷플릭스, 웨이브, 티빙, 왓챠, 멜론, FLO",전월 30만원 이상 ~ 60만원 미만,300000,600000,,,,5000,원,,,2026-06-08 06:07:18,구독/스트리밍 50% 할인,"[서비스안내]
스트리밍 이용료 정기결제 시 50% 결제일할인(청구할인)

[대상점]
<table class=""benefit-table""><tr><th>업종</th><th>할인 대상</th></tr><tr><td>스트리밍</td><td>넷플릭스, 웨이브, 티빙, 왓챠, 멜론, FLO</td></tr></table>

[할인기준]
<table class=""benefit-table""><tr><th>전월 이용금액</th><th>통합 월 할인한도</th></tr><tr><td>30 만원 이상</td><td>5,000 원</td></tr><tr><td>60 만원 이상</td><td>7,000 원</td></tr><tr><td>90 만원 이상</td><td>10,000 원</td></tr></table>

[이용조건]
전월 이용금액 30 만원 이상 시 제공
발급월 +1 개월까지는 전월 이용금액 30 만원 미만 시에도 30 만원 이상~ 60 만원 미만 실적구간의 혜택 제공 전월 이용금액 60 만원 이상 시에는 해당 실적구간 서비스 제공
전월 이용금액 60 만원 이상 시에는 해당 실적구간 서비스 제공

[할인 제외 대상]
무이자할부, 삼성카드 할인이 적용된 일시불 및 할부 이용금액, 기프트/선불카드(포인트, 사이버머니 등 전자지급수단 포함) 구매 및 충전, 상품권 구매건

[유의사항]
간편결제건 및 앱스토어를 통한 결제건(인앱 결제)은 제외됩니다.
삼성카드 가맹점 업종 분류 기준에 의한 등록 가맹점에 한합니다.
할인 혜택 및 전월 이용금액 산정은 승인 시점 기준으로 적용됩니다. 다만, 해외 결제건 및 무승인 결제건(예 : 대중교통, 이동통신 등 자동납부 결제건 등)의 경우 매출전표 접수 시점 기준으로 적용됩니다.
삼성카드의 다른 결제일할인(청구할인) 혜택과 중복 적용되지 않으며, 할인 혜택이 큰 금액만 적용됩니다.
전월 이용금액이란, 매월 1 일부터 말일까지 이용한 일시불 및 할부 이용금액을 의미하며, 단기카드대출(현금서비스), 장기카드대출(카드론), 각종 수수료 및 이자(할부수수료, 카드대출 이자 등), 연체료, 연회비 납부건은 일시불 및 할부 이용금액에 해당되지 않습니다.
전월 이용금액 산정 시, 온라인 간편결제 5% 할인/스트리밍 50% 할인/편의점·헬스&뷰티·생활잡화 10% 할인 혜택이 적용된 이용금액, 건강보험/국민연금/고용보험/산재보험 및 장애인 고용부담금, 국세/지방세/공과금, 초·중·고등학교 학교납입금, 대학 등록금, 대중교통, 택시, 아파트 관리비, 부동산 임대료, 기프트/선불카드(포인트, 사이버머니 등 전자지급수단 포함) 구매 및 충전, 상품권 구매건은 제외됩니다.
삼성카드는 아래 항목을 공과금으로 분류하고 있습니다. 전기요금, 사회보험료(건강보험/국민연금/고용보험/산재보험), 우편요금, 도시가스요금, 여권 발급비용, 상하수도요금, 과태료, 범칙금, 벌금, 국가·공공기관·공공단체(지방자치단체, 공공조합, 영조물, 공재단)에서 개설한 가맹점 이용금액
전기요금, 사회보험료(건강보험/국민연금/고용보험/산재보험), 우편요금, 도시가스요금, 여권 발급비용, 상하수도요금, 과태료, 범칙금, 벌금, 국가·공공기관·공공단체(지방자치단체, 공공조합, 영조물, 공재단)에서 개설한 가맹점 이용금액
결제 취소금액은 매출취소전표가 삼성카드에 접수된 달의 이용금액에서 차감 반영하고 있습니다. 혜택이 적용된 결제건이 취소될 경우, 할인, 포인트 적립 등의 횟수 및 한도는 매출취소전표가 접수된 이후에 복원 포인트가 적립된 결제건이 취소될 경우, 해당 포인트는 보유 포인트에서 자동 차감되며, 포인트 부족 시 카드 결제계좌에서 자동 출금
혜택이 적용된 결제건이 취소될 경우, 할인, 포인트 적립 등의 횟수 및 한도는 매출취소전표가 접수된 이후에 복원
포인트가 적립된 결제건이 취소될 경우, 해당 포인트는 보유 포인트에서 자동 차감되며, 포인트 부족 시 카드 결제계좌에서 자동 출금"
AAP1666_B0005,AAP1666,주요혜택,스트리밍 할인,서비스안내,구독/스트리밍,8,Online,할인,50,%,"넷플릭스, 웨이브, 티빙, 왓챠, 멜론, FLO",전월 60만원 이상 ~ 90만원 미만,600000,900000,,,,7000,원,,,2026-06-08 06:07:18,구독/스트리밍 50% 할인,"[서비스안내]
스트리밍 이용료 정기결제 시 50% 결제일할인(청구할인)

[대상점]
<table class=""benefit-table""><tr><th>업종</th><th>할인 대상</th></tr><tr><td>스트리밍</td><td>넷플릭스, 웨이브, 티빙, 왓챠, 멜론, FLO</td></tr></table>

[할인기준]
<table class=""benefit-table""><tr><th>전월 이용금액</th><th>통합 월 할인한도</th></tr><tr><td>30 만원 이상</td><td>5,000 원</td></tr><tr><td>60 만원 이상</td><td>7,000 원</td></tr><tr><td>90 만원 이상</td><td>10,000 원</td></tr></table>

[이용조건]
전월 이용금액 30 만원 이상 시 제공
발급월 +1 개월까지는 전월 이용금액 30 만원 미만 시에도 30 만원 이상~ 60 만원 미만 실적구간의 혜택 제공 전월 이용금액 60 만원 이상 시에는 해당 실적구간 서비스 제공
전월 이용금액 60 만원 이상 시에는 해당 실적구간 서비스 제공

[할인 제외 대상]
무이자할부, 삼성카드 할인이 적용된 일시불 및 할부 이용금액, 기프트/선불카드(포인트, 사이버머니 등 전자지급수단 포함) 구매 및 충전, 상품권 구매건

[유의사항]
간편결제건 및 앱스토어를 통한 결제건(인앱 결제)은 제외됩니다.
삼성카드 가맹점 업종 분류 기준에 의한 등록 가맹점에 한합니다.
할인 혜택 및 전월 이용금액 산정은 승인 시점 기준으로 적용됩니다. 다만, 해외 결제건 및 무승인 결제건(예 : 대중교통, 이동통신 등 자동납부 결제건 등)의 경우 매출전표 접수 시점 기준으로 적용됩니다.
삼성카드의 다른 결제일할인(청구할인) 혜택과 중복 적용되지 않으며, 할인 혜택이 큰 금액만 적용됩니다.
전월 이용금액이란, 매월 1 일부터 말일까지 이용한 일시불 및 할부 이용금액을 의미하며, 단기카드대출(현금서비스), 장기카드대출(카드론), 각종 수수료 및 이자(할부수수료, 카드대출 이자 등), 연체료, 연회비 납부건은 일시불 및 할부 이용금액에 해당되지 않습니다.
전월 이용금액 산정 시, 온라인 간편결제 5% 할인/스트리밍 50% 할인/편의점·헬스&뷰티·생활잡화 10% 할인 혜택이 적용된 이용금액, 건강보험/국민연금/고용보험/산재보험 및 장애인 고용부담금, 국세/지방세/공과금, 초·중·고등학교 학교납입금, 대학 등록금, 대중교통, 택시, 아파트 관리비, 부동산 임대료, 기프트/선불카드(포인트, 사이버머니 등 전자지급수단 포함) 구매 및 충전, 상품권 구매건은 제외됩니다.
삼성카드는 아래 항목을 공과금으로 분류하고 있습니다. 전기요금, 사회보험료(건강보험/국민연금/고용보험/산재보험), 우편요금, 도시가스요금, 여권 발급비용, 상하수도요금, 과태료, 범칙금, 벌금, 국가·공공기관·공공단체(지방자치단체, 공공조합, 영조물, 공재단)에서 개설한 가맹점 이용금액
전기요금, 사회보험료(건강보험/국민연금/고용보험/산재보험), 우편요금, 도시가스요금, 여권 발급비용, 상하수도요금, 과태료, 범칙금, 벌금, 국가·공공기관·공공단체(지방자치단체, 공공조합, 영조물, 공재단)에서 개설한 가맹점 이용금액
결제 취소금액은 매출취소전표가 삼성카드에 접수된 달의 이용금액에서 차감 반영하고 있습니다. 혜택이 적용된 결제건이 취소될 경우, 할인, 포인트 적립 등의 횟수 및 한도는 매출취소전표가 접수된 이후에 복원 포인트가 적립된 결제건이 취소될 경우, 해당 포인트는 보유 포인트에서 자동 차감되며, 포인트 부족 시 카드 결제계좌에서 자동 출금
혜택이 적용된 결제건이 취소될 경우, 할인, 포인트 적립 등의 횟수 및 한도는 매출취소전표가 접수된 이후에 복원
포인트가 적립된 결제건이 취소될 경우, 해당 포인트는 보유 포인트에서 자동 차감되며, 포인트 부족 시 카드 결제계좌에서 자동 출금"
AAP1666_B0006,AAP1666,주요혜택,스트리밍 할인,서비스안내,구독/스트리밍,8,Online,할인,50,%,"넷플릭스, 웨이브, 티빙, 왓챠, 멜론, FLO",전월 90만원 이상,900000,,,,,10000,원,,,2026-06-08 06:07:18,구독/스트리밍 50% 할인,"[서비스안내]
스트리밍 이용료 정기결제 시 50% 결제일할인(청구할인)

[대상점]
<table class=""benefit-table""><tr><th>업종</th><th>할인 대상</th></tr><tr><td>스트리밍</td><td>넷플릭스, 웨이브, 티빙, 왓챠, 멜론, FLO</td></tr></table>

[할인기준]
<table class=""benefit-table""><tr><th>전월 이용금액</th><th>통합 월 할인한도</th></tr><tr><td>30 만원 이상</td><td>5,000 원</td></tr><tr><td>60 만원 이상</td><td>7,000 원</td></tr><tr><td>90 만원 이상</td><td>10,000 원</td></tr></table>

[이용조건]
전월 이용금액 30 만원 이상 시 제공
발급월 +1 개월까지는 전월 이용금액 30 만원 미만 시에도 30 만원 이상~ 60 만원 미만 실적구간의 혜택 제공 전월 이용금액 60 만원 이상 시에는 해당 실적구간 서비스 제공
전월 이용금액 60 만원 이상 시에는 해당 실적구간 서비스 제공

[할인 제외 대상]
무이자할부, 삼성카드 할인이 적용된 일시불 및 할부 이용금액, 기프트/선불카드(포인트, 사이버머니 등 전자지급수단 포함) 구매 및 충전, 상품권 구매건

[유의사항]
간편결제건 및 앱스토어를 통한 결제건(인앱 결제)은 제외됩니다.
삼성카드 가맹점 업종 분류 기준에 의한 등록 가맹점에 한합니다.
할인 혜택 및 전월 이용금액 산정은 승인 시점 기준으로 적용됩니다. 다만, 해외 결제건 및 무승인 결제건(예 : 대중교통, 이동통신 등 자동납부 결제건 등)의 경우 매출전표 접수 시점 기준으로 적용됩니다.
삼성카드의 다른 결제일할인(청구할인) 혜택과 중복 적용되지 않으며, 할인 혜택이 큰 금액만 적용됩니다.
전월 이용금액이란, 매월 1 일부터 말일까지 이용한 일시불 및 할부 이용금액을 의미하며, 단기카드대출(현금서비스), 장기카드대출(카드론), 각종 수수료 및 이자(할부수수료, 카드대출 이자 등), 연체료, 연회비 납부건은 일시불 및 할부 이용금액에 해당되지 않습니다.
전월 이용금액 산정 시, 온라인 간편결제 5% 할인/스트리밍 50% 할인/편의점·헬스&뷰티·생활잡화 10% 할인 혜택이 적용된 이용금액, 건강보험/국민연금/고용보험/산재보험 및 장애인 고용부담금, 국세/지방세/공과금, 초·중·고등학교 학교납입금, 대학 등록금, 대중교통, 택시, 아파트 관리비, 부동산 임대료, 기프트/선불카드(포인트, 사이버머니 등 전자지급수단 포함) 구매 및 충전, 상품권 구매건은 제외됩니다.
삼성카드는 아래 항목을 공과금으로 분류하고 있습니다. 전기요금, 사회보험료(건강보험/국민연금/고용보험/산재보험), 우편요금, 도시가스요금, 여권 발급비용, 상하수도요금, 과태료, 범칙금, 벌금, 국가·공공기관·공공단체(지방자치단체, 공공조합, 영조물, 공재단)에서 개설한 가맹점 이용금액
전기요금, 사회보험료(건강보험/국민연금/고용보험/산재보험), 우편요금, 도시가스요금, 여권 발급비용, 상하수도요금, 과태료, 범칙금, 벌금, 국가·공공기관·공공단체(지방자치단체, 공공조합, 영조물, 공재단)에서 개설한 가맹점 이용금액
결제 취소금액은 매출취소전표가 삼성카드에 접수된 달의 이용금액에서 차감 반영하고 있습니다. 혜택이 적용된 결제건이 취소될 경우, 할인, 포인트 적립 등의 횟수 및 한도는 매출취소전표가 접수된 이후에 복원 포인트가 적립된 결제건이 취소될 경우, 해당 포인트는 보유 포인트에서 자동 차감되며, 포인트 부족 시 카드 결제계좌에서 자동 출금
혜택이 적용된 결제건이 취소될 경우, 할인, 포인트 적립 등의 횟수 및 한도는 매출취소전표가 접수된 이후에 복원
포인트가 적립된 결제건이 취소될 경우, 해당 포인트는 보유 포인트에서 자동 차감되며, 포인트 부족 시 카드 결제계좌에서 자동 출금"
AAP1666_B0007,AAP1666,주요혜택,편의점·헬스&뷰티·생활잡화 할인,서비스안내,편의점,13,Offline,할인,10,%,"CU, GS25, 세븐일레븐, 미니스톱, 이마트 24",전월 이용금액 30만원 이상,300000,,,,,,,5000,원,2026-06-08 06:07:18,편의점 10% 할인,"[서비스안내]
편의점·헬스&뷰티·생활잡화 10% 결제일할인(청구할인)

[대상점]
<table class=""benefit-table""><tr><th>업종</th><th>할인 대상</th></tr><tr><td>편의점</td><td>CU , GS25 , 세븐일레븐, 미니스톱, 이마트 24</td></tr><tr><td>헬스&뷰티</td><td>올리브영, 롭스, 랄라블라</td></tr><tr><td>생활잡화</td><td>다이소</td></tr></table>

[이용조건]
할인한도 : 통합 월 5,000 원
전월 이용금액 30 만원 이상 시 제공
발급월 +1 개월까지는 전월 이용금액 30 만원 미만 시에도 혜택 제공

[할인 제외 대상]
무이자할부, 삼성카드 할인이 적용된 일시불 및 할부 이용금액, 기프트/선불카드(포인트, 사이버머니 등 전자지급수단 포함) 구매 및 충전, 상품권 구매건

[유의사항]
오프라인 일반 결제건에 한하며, 임대매장은 제외됩니다.
삼성카드 가맹점 업종 분류 기준에 의한 등록 가맹점에 한합니다.
할인 혜택 및 전월 이용금액 산정은 승인 시점 기준으로 적용됩니다. 다만, 해외 결제건 및 무승인 결제건(예 : 대중교통, 이동통신 등 자동납부 결제건 등)의 경우 매출전표 접수 시점 기준으로 적용됩니다.
삼성카드의 다른 결제일할인(청구할인) 혜택과 중복 적용되지 않으며, 할인 혜택이 큰 금액만 적용됩니다.
전월 이용금액이란, 매월 1 일부터 말일까지 이용한 일시불 및 할부 이용금액을 의미하며, 단기카드대출(현금서비스), 장기카드대출(카드론), 각종 수수료 및 이자(할부수수료, 카드대출 이자 등), 연체료, 연회비 납부건은 일시불 및 할부 이용금액에 해당되지 않습니다.
전월 이용금액 산정 시, 온라인 간편결제 5% 할인/스트리밍 50% 할인/편의점·헬스&뷰티·생활잡화 10% 할인 혜택이 적용된 이용금액, 건강보험/국민연금/고용보험/산재보험 및 장애인 고용부담금, 국세/지방세/공과금, 초·중·고등학교 학교납입금, 대학 등록금, 대중교통, 택시, 아파트 관리비, 부동산 임대료, 기프트/선불카드(포인트, 사이버머니 등 전자지급수단 포함) 구매 및 충전, 상품권 구매건은 제외됩니다.
삼성카드는 아래 항목을 공과금으로 분류하고 있습니다. 전기요금, 사회보험료(건강보험/국민연금/고용보험/산재보험), 우편요금, 도시가스요금, 여권 발급비용, 상하수도요금, 과태료, 범칙금, 벌금, 국가·공공기관·공공단체(지방자치단체, 공공조합, 영조물, 공재단)에서 개설한 가맹점 이용금액
전기요금, 사회보험료(건강보험/국민연금/고용보험/산재보험), 우편요금, 도시가스요금, 여권 발급비용, 상하수도요금, 과태료, 범칙금, 벌금, 국가·공공기관·공공단체(지방자치단체, 공공조합, 영조물, 공재단)에서 개설한 가맹점 이용금액
결제 취소금액은 매출취소전표가 삼성카드에 접수된 달의 이용금액에서 차감 반영하고 있습니다. 혜택이 적용된 결제건이 취소될 경우, 할인, 포인트 적립 등의 횟수 및 한도는 매출취소전표가 접수된 이후에 복원 포인트가 적립된 결제건이 취소될 경우, 해당 포인트는 보유 포인트에서 자동 차감되며, 포인트 부족 시 카드 결제계좌에서 자동 출금
혜택이 적용된 결제건이 취소될 경우, 할인, 포인트 적립 등의 횟수 및 한도는 매출취소전표가 접수된 이후에 복원
포인트가 적립된 결제건이 취소될 경우, 해당 포인트는 보유 포인트에서 자동 차감되며, 포인트 부족 시 카드 결제계좌에서 자동 출금"
AAP1666_B0008,AAP1666,주요혜택,편의점·헬스&뷰티·생활잡화 할인,서비스안내,패션/뷰티,2,Offline,할인,10,%,"올리브영, 롭스, 랄라블라",전월 이용금액 30만원 이상,300000,,,,,,,5000,원,2026-06-08 06:07:18,패션/뷰티 10% 할인,"[서비스안내]
편의점·헬스&뷰티·생활잡화 10% 결제일할인(청구할인)

[대상점]
<table class=""benefit-table""><tr><th>업종</th><th>할인 대상</th></tr><tr><td>편의점</td><td>CU , GS25 , 세븐일레븐, 미니스톱, 이마트 24</td></tr><tr><td>헬스&뷰티</td><td>올리브영, 롭스, 랄라블라</td></tr><tr><td>생활잡화</td><td>다이소</td></tr></table>

[이용조건]
할인한도 : 통합 월 5,000 원
전월 이용금액 30 만원 이상 시 제공
발급월 +1 개월까지는 전월 이용금액 30 만원 미만 시에도 혜택 제공

[할인 제외 대상]
무이자할부, 삼성카드 할인이 적용된 일시불 및 할부 이용금액, 기프트/선불카드(포인트, 사이버머니 등 전자지급수단 포함) 구매 및 충전, 상품권 구매건

[유의사항]
오프라인 일반 결제건에 한하며, 임대매장은 제외됩니다.
삼성카드 가맹점 업종 분류 기준에 의한 등록 가맹점에 한합니다.
할인 혜택 및 전월 이용금액 산정은 승인 시점 기준으로 적용됩니다. 다만, 해외 결제건 및 무승인 결제건(예 : 대중교통, 이동통신 등 자동납부 결제건 등)의 경우 매출전표 접수 시점 기준으로 적용됩니다.
삼성카드의 다른 결제일할인(청구할인) 혜택과 중복 적용되지 않으며, 할인 혜택이 큰 금액만 적용됩니다.
전월 이용금액이란, 매월 1 일부터 말일까지 이용한 일시불 및 할부 이용금액을 의미하며, 단기카드대출(현금서비스), 장기카드대출(카드론), 각종 수수료 및 이자(할부수수료, 카드대출 이자 등), 연체료, 연회비 납부건은 일시불 및 할부 이용금액에 해당되지 않습니다.
전월 이용금액 산정 시, 온라인 간편결제 5% 할인/스트리밍 50% 할인/편의점·헬스&뷰티·생활잡화 10% 할인 혜택이 적용된 이용금액, 건강보험/국민연금/고용보험/산재보험 및 장애인 고용부담금, 국세/지방세/공과금, 초·중·고등학교 학교납입금, 대학 등록금, 대중교통, 택시, 아파트 관리비, 부동산 임대료, 기프트/선불카드(포인트, 사이버머니 등 전자지급수단 포함) 구매 및 충전, 상품권 구매건은 제외됩니다.
삼성카드는 아래 항목을 공과금으로 분류하고 있습니다. 전기요금, 사회보험료(건강보험/국민연금/고용보험/산재보험), 우편요금, 도시가스요금, 여권 발급비용, 상하수도요금, 과태료, 범칙금, 벌금, 국가·공공기관·공공단체(지방자치단체, 공공조합, 영조물, 공재단)에서 개설한 가맹점 이용금액
전기요금, 사회보험료(건강보험/국민연금/고용보험/산재보험), 우편요금, 도시가스요금, 여권 발급비용, 상하수도요금, 과태료, 범칙금, 벌금, 국가·공공기관·공공단체(지방자치단체, 공공조합, 영조물, 공재단)에서 개설한 가맹점 이용금액
결제 취소금액은 매출취소전표가 삼성카드에 접수된 달의 이용금액에서 차감 반영하고 있습니다. 혜택이 적용된 결제건이 취소될 경우, 할인, 포인트 적립 등의 횟수 및 한도는 매출취소전표가 접수된 이후에 복원 포인트가 적립된 결제건이 취소될 경우, 해당 포인트는 보유 포인트에서 자동 차감되며, 포인트 부족 시 카드 결제계좌에서 자동 출금
혜택이 적용된 결제건이 취소될 경우, 할인, 포인트 적립 등의 횟수 및 한도는 매출취소전표가 접수된 이후에 복원
포인트가 적립된 결제건이 취소될 경우, 해당 포인트는 보유 포인트에서 자동 차감되며, 포인트 부족 시 카드 결제계좌에서 자동 출금"
AAP1666_B0009,AAP1666,주요혜택,편의점·헬스&뷰티·생활잡화 할인,서비스안내,슈퍼마켓/생활잡화,3,Offline,할인,10,%,다이소,전월 이용금액 30만원 이상,300000,,,,,,,5000,원,2026-06-08 06:07:18,슈퍼마켓/생활잡화 10% 할인,"[서비스안내]
편의점·헬스&뷰티·생활잡화 10% 결제일할인(청구할인)

[대상점]
<table class=""benefit-table""><tr><th>업종</th><th>할인 대상</th></tr><tr><td>편의점</td><td>CU , GS25 , 세븐일레븐, 미니스톱, 이마트 24</td></tr><tr><td>헬스&뷰티</td><td>올리브영, 롭스, 랄라블라</td></tr><tr><td>생활잡화</td><td>다이소</td></tr></table>

[이용조건]
할인한도 : 통합 월 5,000 원
전월 이용금액 30 만원 이상 시 제공
발급월 +1 개월까지는 전월 이용금액 30 만원 미만 시에도 혜택 제공

[할인 제외 대상]
무이자할부, 삼성카드 할인이 적용된 일시불 및 할부 이용금액, 기프트/선불카드(포인트, 사이버머니 등 전자지급수단 포함) 구매 및 충전, 상품권 구매건

[유의사항]
오프라인 일반 결제건에 한하며, 임대매장은 제외됩니다.
삼성카드 가맹점 업종 분류 기준에 의한 등록 가맹점에 한합니다.
할인 혜택 및 전월 이용금액 산정은 승인 시점 기준으로 적용됩니다. 다만, 해외 결제건 및 무승인 결제건(예 : 대중교통, 이동통신 등 자동납부 결제건 등)의 경우 매출전표 접수 시점 기준으로 적용됩니다.
삼성카드의 다른 결제일할인(청구할인) 혜택과 중복 적용되지 않으며, 할인 혜택이 큰 금액만 적용됩니다.
전월 이용금액이란, 매월 1 일부터 말일까지 이용한 일시불 및 할부 이용금액을 의미하며, 단기카드대출(현금서비스), 장기카드대출(카드론), 각종 수수료 및 이자(할부수수료, 카드대출 이자 등), 연체료, 연회비 납부건은 일시불 및 할부 이용금액에 해당되지 않습니다.
전월 이용금액 산정 시, 온라인 간편결제 5% 할인/스트리밍 50% 할인/편의점·헬스&뷰티·생활잡화 10% 할인 혜택이 적용된 이용금액, 건강보험/국민연금/고용보험/산재보험 및 장애인 고용부담금, 국세/지방세/공과금, 초·중·고등학교 학교납입금, 대학 등록금, 대중교통, 택시, 아파트 관리비, 부동산 임대료, 기프트/선불카드(포인트, 사이버머니 등 전자지급수단 포함) 구매 및 충전, 상품권 구매건은 제외됩니다.
삼성카드는 아래 항목을 공과금으로 분류하고 있습니다. 전기요금, 사회보험료(건강보험/국민연금/고용보험/산재보험), 우편요금, 도시가스요금, 여권 발급비용, 상하수도요금, 과태료, 범칙금, 벌금, 국가·공공기관·공공단체(지방자치단체, 공공조합, 영조물, 공재단)에서 개설한 가맹점 이용금액
전기요금, 사회보험료(건강보험/국민연금/고용보험/산재보험), 우편요금, 도시가스요금, 여권 발급비용, 상하수도요금, 과태료, 범칙금, 벌금, 국가·공공기관·공공단체(지방자치단체, 공공조합, 영조물, 공재단)에서 개설한 가맹점 이용금액
결제 취소금액은 매출취소전표가 삼성카드에 접수된 달의 이용금액에서 차감 반영하고 있습니다. 혜택이 적용된 결제건이 취소될 경우, 할인, 포인트 적립 등의 횟수 및 한도는 매출취소전표가 접수된 이후에 복원 포인트가 적립된 결제건이 취소될 경우, 해당 포인트는 보유 포인트에서 자동 차감되며, 포인트 부족 시 카드 결제계좌에서 자동 출금
혜택이 적용된 결제건이 취소될 경우, 할인, 포인트 적립 등의 횟수 및 한도는 매출취소전표가 접수된 이후에 복원
포인트가 적립된 결제건이 취소될 경우, 해당 포인트는 보유 포인트에서 자동 차감되며, 포인트 부족 시 카드 결제계좌에서 자동 출금"
AAP1666_B0010,AAP1666,주요혜택,해외가맹점 할인,서비스안내,해외,19,Online,할인,1.5,%,"해외 가맹점, 해외 직접구매 이용건",,,,,,,500000,원,,,2026-06-08 06:07:18,해외 1.5% 할인,"[서비스안내]
전월 이용금액에 관계없이, 해외 1.5% 결제일할인(청구할인)

[대상점]
<table class=""benefit-table""><tr><th>업종</th><th>할인 대상점</th></tr><tr><td>해외</td><td>해외 가맹점 및 해외 직접구매 이용건</td></tr></table>

[이용조건]
할인한도 : 통합 월 50 만원

[할인 제외 대상]
무이자할부, 삼성카드 할인이 적용된 일시불 및 할부 이용금액, 기프트/선불카드
  (포인트, 사이버머니 등 전자지급수단 포함) 구매 및 충전, 상품권 구매건

[유의사항]
해외겸용카드에 한해 혜택이 제공됩니다.
해외 이용 시 별도의 수수료가 부과됩니다. 자세한 내용은 연회비 안내 페이지 내 유의사항에서 확인 바랍니다.
삼성카드 가맹점 업종 분류 기준에 의한 등록 가맹점에 한합니다.
할인 혜택 및 전월 이용금액 산정은 승인 시점 기준으로 적용됩니다. 다만, 해외 결제건 및 무승인 결제건(예 : 대중교통, 이동통신 등 자동납부 결제건 등)의 경우 매출전표 접수 시점 기준으로 적용됩니다.
삼성카드의 다른 결제일할인(청구할인) 혜택과 중복 적용되지 않으며, 할인 혜택이 큰 금액만 적용됩니다.
삼성카드는 아래 항목을 공과금으로 분류하고 있습니다. 전기요금, 사회보험료(건강보험/국민연금/고용보험/산재보험), 우편요금, 도시가스요금, 여권 발급비용, 상하수도요금, 과태료, 범칙금, 벌금, 국가·공공기관·공공단체(지방자치단체, 공공조합, 영조물, 공재단)에서 개설한 가맹점 이용금액
전기요금, 사회보험료(건강보험/국민연금/고용보험/산재보험), 우편요금, 도시가스요금, 여권 발급비용, 상하수도요금, 과태료, 범칙금, 벌금, 국가·공공기관·공공단체(지방자치단체, 공공조합, 영조물, 공재단)에서 개설한 가맹점 이용금액
결제 취소금액은 매출취소전표가 삼성카드에 접수된 달의 이용금액에서 차감 반영하고 있습니다. 혜택이 적용된 결제건이 취소될 경우, 할인, 포인트 적립 등의 횟수 및 한도는 매출취소전표가 접수된 이후에 복원 포인트가 적립된 결제건이 취소될 경우, 해당 포인트는 보유 포인트에서 자동 차감되며, 포인트 부족 시 카드 결제계좌에서 자동 출금
혜택이 적용된 결제건이 취소될 경우, 할인, 포인트 적립 등의 횟수 및 한도는 매출취소전표가 접수된 이후에 복원
포인트가 적립된 결제건이 취소될 경우, 해당 포인트는 보유 포인트에서 자동 차감되며, 포인트 부족 시 카드 결제계좌에서 자동 출금"
ABP1556_B0001,ABP1556,주요혜택,국내가맹점 캐시백,서비스안내,기타,22,Offline,캐시백,0.2,%,국내 가맹점,,,,,,,,,,,2026-06-08 06:07:51,국내 가맹점 0.2% 캐시백,"[서비스안내]
국내 가맹점 0.2 % 캐시백

[캐시백 제외 대상]
국민연금/건강보험/고용보험/산재보험 및 장애인 고용부담금, 국세/지방세/공과금, 대학 등록금, 대중교통, 택시, 고속버스(차내 단말기 및 고속버스 앱 결제), 고속도로 통행요금, 모바일 티머니, 선불카드 충전(삼성유포인트카드, 삼성전자 멤버십 BLUE 삼성선불카드, 삼성올앳카드 등), 문자알림서비스, 스마트오토서비스 이용금액

[유의사항]
캐시백금액은 매월 15 일(영업일 기준)에 해당 체크카드 결제계좌로 입금 처리됩니다.(전월 1 일~말일까지 매출전표 접수일 기준)
삼성카드의 다른 캐시백 혜택과 중복 적용되지 않으며, 캐시백 혜택이 큰 금액만 적용됩니다.
일부 가맹점(셀프주유소, 항공사 기내 판매, 티켓 예매 등)의 경우 이용이 제한될 수 있습니다.
삼성카드 가맹점 업종 분류 기준에 의한 등록 가맹점에 한합니다."
ABP1556_B0002,ABP1556,주요혜택,해외 캐시백,서비스안내,해외,19,Online,캐시백,2,%,해외가맹점,,,,,,,,,,,2026-06-08 06:07:51,해외 가맹점 2% 캐시백,"[서비스안내]
국내 가맹점 0.2 % 캐시백

[캐시백 제외 대상]
국민연금/건강보험/고용보험/산재보험 및 장애인 고용부담금, 국세/지방세/공과금, 대학 등록금, 대중교통, 택시, 고속버스(차내 단말기 및 고속버스 앱 결제), 고속도로 통행요금, 모바일 티머니, 선불카드 충전(삼성유포인트카드, 삼성전자 멤버십 BLUE 삼성선불카드, 삼성올앳카드 등), 문자알림서비스, 스마트오토서비스 이용금액

[유의사항]
캐시백금액은 매월 15 일(영업일 기준)에 해당 체크카드 결제계좌로 입금 처리됩니다.(전월 1 일~말일까지 매출전표 접수일 기준)
삼성카드의 다른 캐시백 혜택과 중복 적용되지 않으며, 캐시백 혜택이 큰 금액만 적용됩니다.
일부 가맹점(셀프주유소, 항공사 기내 판매, 티켓 예매 등)의 경우 이용이 제한될 수 있습니다.
삼성카드 가맹점 업종 분류 기준에 의한 등록 가맹점에 한합니다."
ABP1556_B0003,ABP1556,주요혜택,해외 CD/ATM 현금인출 수수료 캐시백,서비스안내,해외,19,Both,캐시백,3,USD,"해외CD, ATM",,,,,,,,,,,2026-06-08 06:07:51,해외 CD/ATM 현금인출 US$3 캐시백,"[서비스안내]
국내 가맹점 0.2 % 캐시백

[캐시백 제외 대상]
국민연금/건강보험/고용보험/산재보험 및 장애인 고용부담금, 국세/지방세/공과금, 대학 등록금, 대중교통, 택시, 고속버스(차내 단말기 및 고속버스 앱 결제), 고속도로 통행요금, 모바일 티머니, 선불카드 충전(삼성유포인트카드, 삼성전자 멤버십 BLUE 삼성선불카드, 삼성올앳카드 등), 문자알림서비스, 스마트오토서비스 이용금액

[유의사항]
캐시백금액은 매월 15 일(영업일 기준)에 해당 체크카드 결제계좌로 입금 처리됩니다.(전월 1 일~말일까지 매출전표 접수일 기준)
삼성카드의 다른 캐시백 혜택과 중복 적용되지 않으며, 캐시백 혜택이 큰 금액만 적용됩니다.
일부 가맹점(셀프주유소, 항공사 기내 판매, 티켓 예매 등)의 경우 이용이 제한될 수 있습니다.
삼성카드 가맹점 업종 분류 기준에 의한 등록 가맹점에 한합니다."
ABP1556_B0004,ABP1556,주요혜택,해외가맹점 캐시백,서비스안내,해외,19,,캐시백,2,%,해외 가맹점,전월 이용금액 30만원 이상,300000,,,,,50000,원,,,2026-06-08 06:07:51,해외 2% 캐시백,"[서비스안내]
해외 가맹점 2 % 캐시백

[이용조건]
캐시백한도 : 1 회당 10,000 원, 월 50,000 원
전월 이용금액 30 만원 이상 시 제공
발급월+ 1 개월까지는 전월 이용금액에 관계없이 제공

[유의사항]
캐시백금액은 매월 15 일(영업일 기준)에 해당 체크카드 결제계좌로 입금 처리됩니다.(전월 1 일~말일까지 매출전표 접수일 기준)
삼성카드의 다른 캐시백 혜택과 중복 적용되지 않으며, 캐시백 혜택이 큰 금액만 적용됩니다.
일부 업종(호텔, 렌터카, 셀프주유소 등)의 경우 이용이 제한될 수 있습니다.
전월 이용금액 산정 시, 월 기준은 매월 1 일~말일입니다.(승인일 기준) 다만, 일부 해외 결제건 및 무승인 결제건(예 : 대중교통, 이동통신 등 자동납부 결제건 등)의 경우 매출전표 접수일 기준으로 적용됩니다.
전월 이용금액 산정 시, 국내외 CD/ATM (입출금기) 인출금액은 제외됩니다.
삼성카드 가맹점 업종 분류 기준에 의한 등록 가맹점에 한합니다."
ABP1556_B0005,ABP1556,주요혜택,해외CD·ATM 현금인출수수료 캐시백,서비스안내,해외,19,,캐시백,3,달러,"Mastercard, UnionPay CD, ATM",전월 이용금액 30만원 이상,300000,,,,12,,,,,2026-06-08 06:07:51,해외 US$3 캐시백,"[서비스안내]
해외 국제브랜드사( Mastercard , UnionPay ) CD/ATM (입출금기)에서 현금 인출 시 인출수수료 캐시백(건별 인출수수료 : US$3 )

[이용조건]
전월 이용금액 30 만원 이상 시 제공
발급월+ 1 개월까지는 전월 이용금액에 관계없이 제공
월 3 회, 연 12 회 제공(연 기준 1.1~12.31 )

[유의사항]
캐시백금액은 매월 15 일(영업일 기준)에 해당 체크카드 결제계좌로 입금 처리됩니다.(전월 1 일~말일까지 매출전표 접수일 기준)
삼성카드의 다른 캐시백 혜택과 중복 적용되지 않으며, 캐시백 혜택이 큰 금액만 적용됩니다.
전월 이용금액 산정 시, 월 기준은 매월 1 일~말일입니다.(승인일 기준) 다만, 일부 해외 결제건 및 무승인 결제건(예 : 대중교통, 이동통신 등 자동납부 결제건 등)의 경우 매출전표 접수일 기준으로 적용됩니다.
전월 이용금액 산정 시, 국내외 CD/ATM (입출금기) 인출금액은 제외됩니다.
카드 발급 시, 본인 명의의 SC 제일은행 계좌로 결제계좌를 연결할 경우 현금 인출 및 인출수수료 캐시백 혜택이 제공됩니다.
삼성카드 가맹점 업종 분류 기준에 의한 등록 가맹점에 한합니다."
