event_id,card_id,company,card_name,origin_event_code,event_title,event_link,start_date,end_date,event_type,section,event_content,updated_at
TRSTE2_E0001,TRSTE2,현대,the Red Stripe Edition2,UUI988,국내 제휴 호텔 6~7월 이벤트 혜택 안내,https://www.hyundaicard.com/cpb/ev/CPBEV0101_06.hc?bnftWebEvntCd=UUI988,2026-06-05,2026-07-23,할인,혜택,대상 카드로 국내 제휴 호텔 이벤트 이용 시 할인 혜택 제공,2026-06-06 17:16:22
TRSTE2_E0001,TRSTE2,현대,the Red Stripe Edition2,UUI988,국내 제휴 호텔 6~7월 이벤트 혜택 안내,https://www.hyundaicard.com/cpb/ev/CPBEV0101_06.hc?bnftWebEvntCd=UUI988,2026-06-05,2026-07-23,할인,대상,"[마감]더 플라자(주소 : 서울시 중구 소공로 119 / 문의 : 02-310-7777)
'세븐스퀘어' 성인 주중 런치 및 주중 디너 뷔페 50% 할인
가격(1인 기준 / 세금 포함)
주중(월~금요일) 런치 : 정상가 160,000원 > 할인가 80,000원
주중(월~금요일) 디너 : 정상가 170,000원 > 할인가 85,000원
예약 기간 : 2026. 6. 5 ~ 6. 26
이용 기간 : 2026. 6. 8 ~ 6. 26
운영 시간
주중(월~금요일) 런치 : 오전 11시 30분 ~ 오후 2시 30분
주중(월~금요일) 디너 : 오후 6시 ~ 9시
유의사항
본인 회원 포함 성인 최대 4인까지 이용 가능
음료·주류, 이벤트 메뉴 할인 제외
온라인 예약 바로가기
파라다이스 호텔 부산(주소 : 부산시 해운대구 해운대해변로 296 / 문의 : 051-749-2111~3)
조식 패키지(객실 1박, 온 더 플레이트 조식 2인) 할인
7월 한정 라운지 패키지(객실 1박 및 신관 업그레이드, 라운지 파라다이스 올데이 서비스(티 타임, 해피 아워, 조식) 2인, 실내 사우나 2인 무료 이용) 할인
추가 공통 혜택
바이레도 트래블 4종 KIT 1세트 제공
오션스파 씨메르·야외 오션스파 풀(수영장) 1박당 1회 무료 이용
키즈 빌리지(플레이 랩, BMW 키즈 드라이빙존, 하바 키즈 라운지, 웅진 북클럽) 1박당 1회 무료 이용
피트니스 클럽(1박당 성인 2인 1회), 실내 사우나 50% 할인
가격(2인 기준 / 세금 포함)
조식 패키지 본관 디럭스 시티 : 월~목요일 260,000원
금요일, 6. 9, 6. 10, 7. 15, 7. 16, 7. 19, 7. 20, 7. 21, 7. 22, 7. 23 350,000원
토요일, 7. 17 490,000원
일요일 310,000원
조식 패키지 본관 오션 테라스 : 월~목요일 330,000원
금요일, 6. 9, 6. 10, 7. 15, 7. 16, 7. 19, 7. 20, 7. 21, 7. 22, 7. 23 420,000원
토요일, 7. 17 560,000원
일요일 380,000원
라운지 패키지 신관 디럭스 시티 : 월~목요일 300,000원
금요일, 7. 15, 7. 16, 7. 19, 7. 20, 7. 21, 7. 22, 7. 23 390,000원
토요일, 7. 17 530,000원
일요일 350,000원
라운지 패키지 신관 오션 테라스 : 월~목요일 370,000원
금요일, 7. 15, 7. 16, 7.19, 7. 20, 7. 21, 7. 22, 7. 23 460,000원
토요일, 7. 17 600,000원
일요일 420,000원
예약 및 이용 기간 : 2026. 6. 5 ~ 7. 23
* 제외일자 : 2026. 6. 11 ~ 6. 13
유의사항
본인 회원 예약 시 최대 2박 또는 1박 2객실 이용 가능(택1)
라운지 패키지의 경우 7월 한정으로만 운영
1객실 기준 성인 2인 + 어린이(49개월~초등학생) 2인까지 투숙 가능(단, 성인 3인 투숙 시 어린이는 1인만 투숙 가능)
인원 추가 및 업그레이드에 대해 아래와 같이 추가 요금 부과
* 성인 : 1인 기준 72,600원(씨메르·오션풀 이용 포함, 최대 성인 1인까지 추가 가능)
* 추가 베드(본관 : 보조침대, 신관 : 소파베드) 요청 시 사전 예약 필수
* 라운지 파라다이스 올데이 서비스 이용 인원 추가 시 성인 145,200원, 어린이 72,600원
* 신관 업그레이드 시 24,200원
라운지 파라다이스의 경우 49개월 이상 입장 가능, 실내 사우나의 경우 14세 이상 출입 가능
체크인 기준, 5일 이내 위약금 없이 예약 변경 및 취소 가능
매달 네 번째 수요일 스파 부대시설(씨메르, 오션풀, 피트니스 클럽, 실내 사우나) 휴관
* 단, 호텔 사정에 따라 변경 가능하며 자세한 내용은 호텔 홈페이지 참고
대상 카드 기소지 회원",2026-06-06 17:16:22
TRSTE2_E0001,TRSTE2,현대,the Red Stripe Edition2,UUI988,국내 제휴 호텔 6~7월 이벤트 혜택 안내,https://www.hyundaicard.com/cpb/ev/CPBEV0101_06.hc?bnftWebEvntCd=UUI988,2026-06-05,2026-07-23,할인,기간,2026. 6. 5 ~ 7. 23(호텔별 다름),2026-06-06 17:16:22
TRSTE2_E0001,TRSTE2,현대,the Red Stripe Edition2,UUI988,국내 제휴 호텔 6~7월 이벤트 혜택 안내,https://www.hyundaicard.com/cpb/ev/CPBEV0101_06.hc?bnftWebEvntCd=UUI988,2026-06-05,2026-07-23,할인,이용 방법,예약 및 결제 시 이벤트 대상 회원임을 알리고 본인 명의 대상 카드로 현장 결제,2026-06-06 17:16:22
TRSTE2_E0001,TRSTE2,현대,the Red Stripe Edition2,UUI988,국내 제휴 호텔 6~7월 이벤트 혜택 안내,https://www.hyundaicard.com/cpb/ev/CPBEV0101_06.hc?bnftWebEvntCd=UUI988,2026-06-05,2026-07-23,할인,확인사항,"확인해 주세요
위 혜택은 본인 회원에 한해 기간 내 호텔별 1회 제공됩니다.
이용 전, 제휴 호텔로 이벤트 진행 및 혜택 적용 가능 여부를 확인해 주세요.
위 혜택은 일자별 한정 수량으로 인원 마감 시 조기 종료될 수 있습니다.
호텔 이용 금액은 부가가치세 포함가입니다.
실물 카드로 결제 시 혜택이 적용됩니다.(현대카드 법인 카드·Chameleon 제외)
간편결제 서비스(네이버페이 등) 이용 시 혜택을 받을 수 없습니다.
현대카드 및 제휴사의 다른 혜택(할인·적립, 바우처 사용 등), 이벤트와 중복 적용되지 않습니다.
예약 취소 및 환불은 호텔별 규정을 따르며, 관련 내용은 제휴 호텔로 문의해 주세요.
위 혜택은 현대카드 및 제휴사 사정에 따라 변경 또는 중단될 수 있습니다.",2026-06-06 17:16:22
TO_E0001,TO,현대,"나를 빛내는 컬러, the Orange",UUI988,국내 제휴 호텔 6~7월 이벤트 혜택 안내,https://www.hyundaicard.com/cpb/ev/CPBEV0101_06.hc?bnftWebEvntCd=UUI988,2026-06-05,2026-07-23,할인,혜택,대상 카드로 국내 제휴 호텔 이벤트 이용 시 할인 혜택 제공,2026-06-06 17:16:22
TO_E0001,TO,현대,"나를 빛내는 컬러, the Orange",UUI988,국내 제휴 호텔 6~7월 이벤트 혜택 안내,https://www.hyundaicard.com/cpb/ev/CPBEV0101_06.hc?bnftWebEvntCd=UUI988,2026-06-05,2026-07-23,할인,대상,"[마감]더 플라자(주소 : 서울시 중구 소공로 119 / 문의 : 02-310-7777)
'세븐스퀘어' 성인 주중 런치 및 주중 디너 뷔페 50% 할인
가격(1인 기준 / 세금 포함)
주중(월~금요일) 런치 : 정상가 160,000원 > 할인가 80,000원
주중(월~금요일) 디너 : 정상가 170,000원 > 할인가 85,000원
예약 기간 : 2026. 6. 5 ~ 6. 26
이용 기간 : 2026. 6. 8 ~ 6. 26
운영 시간
주중(월~금요일) 런치 : 오전 11시 30분 ~ 오후 2시 30분
주중(월~금요일) 디너 : 오후 6시 ~ 9시
유의사항
본인 회원 포함 성인 최대 4인까지 이용 가능
음료·주류, 이벤트 메뉴 할인 제외
온라인 예약 바로가기
파라다이스 호텔 부산(주소 : 부산시 해운대구 해운대해변로 296 / 문의 : 051-749-2111~3)
조식 패키지(객실 1박, 온 더 플레이트 조식 2인) 할인
7월 한정 라운지 패키지(객실 1박 및 신관 업그레이드, 라운지 파라다이스 올데이 서비스(티 타임, 해피 아워, 조식) 2인, 실내 사우나 2인 무료 이용) 할인
추가 공통 혜택
바이레도 트래블 4종 KIT 1세트 제공
오션스파 씨메르·야외 오션스파 풀(수영장) 1박당 1회 무료 이용
키즈 빌리지(플레이 랩, BMW 키즈 드라이빙존, 하바 키즈 라운지, 웅진 북클럽) 1박당 1회 무료 이용
피트니스 클럽(1박당 성인 2인 1회), 실내 사우나 50% 할인
가격(2인 기준 / 세금 포함)
조식 패키지 본관 디럭스 시티 : 월~목요일 260,000원
금요일, 6. 9, 6. 10, 7. 15, 7. 16, 7. 19, 7. 20, 7. 21, 7. 22, 7. 23 350,000원
토요일, 7. 17 490,000원
일요일 310,000원
조식 패키지 본관 오션 테라스 : 월~목요일 330,000원
금요일, 6. 9, 6. 10, 7. 15, 7. 16, 7. 19, 7. 20, 7. 21, 7. 22, 7. 23 420,000원
토요일, 7. 17 560,000원
일요일 380,000원
라운지 패키지 신관 디럭스 시티 : 월~목요일 300,000원
금요일, 7. 15, 7. 16, 7. 19, 7. 20, 7. 21, 7. 22, 7. 23 390,000원
토요일, 7. 17 530,000원
일요일 350,000원
라운지 패키지 신관 오션 테라스 : 월~목요일 370,000원
금요일, 7. 15, 7. 16, 7.19, 7. 20, 7. 21, 7. 22, 7. 23 460,000원
토요일, 7. 17 600,000원
일요일 420,000원
예약 및 이용 기간 : 2026. 6. 5 ~ 7. 23
* 제외일자 : 2026. 6. 11 ~ 6. 13
유의사항
본인 회원 예약 시 최대 2박 또는 1박 2객실 이용 가능(택1)
라운지 패키지의 경우 7월 한정으로만 운영
1객실 기준 성인 2인 + 어린이(49개월~초등학생) 2인까지 투숙 가능(단, 성인 3인 투숙 시 어린이는 1인만 투숙 가능)
인원 추가 및 업그레이드에 대해 아래와 같이 추가 요금 부과
* 성인 : 1인 기준 72,600원(씨메르·오션풀 이용 포함, 최대 성인 1인까지 추가 가능)
* 추가 베드(본관 : 보조침대, 신관 : 소파베드) 요청 시 사전 예약 필수
* 라운지 파라다이스 올데이 서비스 이용 인원 추가 시 성인 145,200원, 어린이 72,600원
* 신관 업그레이드 시 24,200원
라운지 파라다이스의 경우 49개월 이상 입장 가능, 실내 사우나의 경우 14세 이상 출입 가능
체크인 기준, 5일 이내 위약금 없이 예약 변경 및 취소 가능
매달 네 번째 수요일 스파 부대시설(씨메르, 오션풀, 피트니스 클럽, 실내 사우나) 휴관
* 단, 호텔 사정에 따라 변경 가능하며 자세한 내용은 호텔 홈페이지 참고
대상 카드 기소지 회원",2026-06-06 17:16:22
TO_E0001,TO,현대,"나를 빛내는 컬러, the Orange",UUI988,국내 제휴 호텔 6~7월 이벤트 혜택 안내,https://www.hyundaicard.com/cpb/ev/CPBEV0101_06.hc?bnftWebEvntCd=UUI988,2026-06-05,2026-07-23,할인,기간,2026. 6. 5 ~ 7. 23(호텔별 다름),2026-06-06 17:16:22
TO_E0001,TO,현대,"나를 빛내는 컬러, the Orange",UUI988,국내 제휴 호텔 6~7월 이벤트 혜택 안내,https://www.hyundaicard.com/cpb/ev/CPBEV0101_06.hc?bnftWebEvntCd=UUI988,2026-06-05,2026-07-23,할인,이용 방법,예약 및 결제 시 이벤트 대상 회원임을 알리고 본인 명의 대상 카드로 현장 결제,2026-06-06 17:16:22
TO_E0001,TO,현대,"나를 빛내는 컬러, the Orange",UUI988,국내 제휴 호텔 6~7월 이벤트 혜택 안내,https://www.hyundaicard.com/cpb/ev/CPBEV0101_06.hc?bnftWebEvntCd=UUI988,2026-06-05,2026-07-23,할인,확인사항,"확인해 주세요
위 혜택은 본인 회원에 한해 기간 내 호텔별 1회 제공됩니다.
이용 전, 제휴 호텔로 이벤트 진행 및 혜택 적용 가능 여부를 확인해 주세요.
위 혜택은 일자별 한정 수량으로 인원 마감 시 조기 종료될 수 있습니다.
호텔 이용 금액은 부가가치세 포함가입니다.
실물 카드로 결제 시 혜택이 적용됩니다.(현대카드 법인 카드·Chameleon 제외)
간편결제 서비스(네이버페이 등) 이용 시 혜택을 받을 수 없습니다.
현대카드 및 제휴사의 다른 혜택(할인·적립, 바우처 사용 등), 이벤트와 중복 적용되지 않습니다.
예약 취소 및 환불은 호텔별 규정을 따르며, 관련 내용은 제휴 호텔로 문의해 주세요.
위 혜택은 현대카드 및 제휴사 사정에 따라 변경 또는 중단될 수 있습니다.",2026-06-06 17:16:22
SPM_E0001,SPM,현대,Summit,UUI988,국내 제휴 호텔 6~7월 이벤트 혜택 안내,https://www.hyundaicard.com/cpb/ev/CPBEV0101_06.hc?bnftWebEvntCd=UUI988,2026-06-05,2026-07-23,할인,혜택,대상 카드로 국내 제휴 호텔 이벤트 이용 시 할인 혜택 제공,2026-06-06 17:16:22
SPM_E0001,SPM,현대,Summit,UUI988,국내 제휴 호텔 6~7월 이벤트 혜택 안내,https://www.hyundaicard.com/cpb/ev/CPBEV0101_06.hc?bnftWebEvntCd=UUI988,2026-06-05,2026-07-23,할인,대상,"[마감]더 플라자(주소 : 서울시 중구 소공로 119 / 문의 : 02-310-7777)
'세븐스퀘어' 성인 주중 런치 및 주중 디너 뷔페 50% 할인
가격(1인 기준 / 세금 포함)
주중(월~금요일) 런치 : 정상가 160,000원 > 할인가 80,000원
주중(월~금요일) 디너 : 정상가 170,000원 > 할인가 85,000원
예약 기간 : 2026. 6. 5 ~ 6. 26
이용 기간 : 2026. 6. 8 ~ 6. 26
운영 시간
주중(월~금요일) 런치 : 오전 11시 30분 ~ 오후 2시 30분
주중(월~금요일) 디너 : 오후 6시 ~ 9시
유의사항
본인 회원 포함 성인 최대 4인까지 이용 가능
음료·주류, 이벤트 메뉴 할인 제외
온라인 예약 바로가기
파라다이스 호텔 부산(주소 : 부산시 해운대구 해운대해변로 296 / 문의 : 051-749-2111~3)
조식 패키지(객실 1박, 온 더 플레이트 조식 2인) 할인
7월 한정 라운지 패키지(객실 1박 및 신관 업그레이드, 라운지 파라다이스 올데이 서비스(티 타임, 해피 아워, 조식) 2인, 실내 사우나 2인 무료 이용) 할인
추가 공통 혜택
바이레도 트래블 4종 KIT 1세트 제공
오션스파 씨메르·야외 오션스파 풀(수영장) 1박당 1회 무료 이용
키즈 빌리지(플레이 랩, BMW 키즈 드라이빙존, 하바 키즈 라운지, 웅진 북클럽) 1박당 1회 무료 이용
피트니스 클럽(1박당 성인 2인 1회), 실내 사우나 50% 할인
가격(2인 기준 / 세금 포함)
조식 패키지 본관 디럭스 시티 : 월~목요일 260,000원
금요일, 6. 9, 6. 10, 7. 15, 7. 16, 7. 19, 7. 20, 7. 21, 7. 22, 7. 23 350,000원
토요일, 7. 17 490,000원
일요일 310,000원
조식 패키지 본관 오션 테라스 : 월~목요일 330,000원
금요일, 6. 9, 6. 10, 7. 15, 7. 16, 7. 19, 7. 20, 7. 21, 7. 22, 7. 23 420,000원
토요일, 7. 17 560,000원
일요일 380,000원
라운지 패키지 신관 디럭스 시티 : 월~목요일 300,000원
금요일, 7. 15, 7. 16, 7. 19, 7. 20, 7. 21, 7. 22, 7. 23 390,000원
토요일, 7. 17 530,000원
일요일 350,000원
라운지 패키지 신관 오션 테라스 : 월~목요일 370,000원
금요일, 7. 15, 7. 16, 7.19, 7. 20, 7. 21, 7. 22, 7. 23 460,000원
토요일, 7. 17 600,000원
일요일 420,000원
예약 및 이용 기간 : 2026. 6. 5 ~ 7. 23
* 제외일자 : 2026. 6. 11 ~ 6. 13
유의사항
본인 회원 예약 시 최대 2박 또는 1박 2객실 이용 가능(택1)
라운지 패키지의 경우 7월 한정으로만 운영
1객실 기준 성인 2인 + 어린이(49개월~초등학생) 2인까지 투숙 가능(단, 성인 3인 투숙 시 어린이는 1인만 투숙 가능)
인원 추가 및 업그레이드에 대해 아래와 같이 추가 요금 부과
* 성인 : 1인 기준 72,600원(씨메르·오션풀 이용 포함, 최대 성인 1인까지 추가 가능)
* 추가 베드(본관 : 보조침대, 신관 : 소파베드) 요청 시 사전 예약 필수
* 라운지 파라다이스 올데이 서비스 이용 인원 추가 시 성인 145,200원, 어린이 72,600원
* 신관 업그레이드 시 24,200원
라운지 파라다이스의 경우 49개월 이상 입장 가능, 실내 사우나의 경우 14세 이상 출입 가능
체크인 기준, 5일 이내 위약금 없이 예약 변경 및 취소 가능
매달 네 번째 수요일 스파 부대시설(씨메르, 오션풀, 피트니스 클럽, 실내 사우나) 휴관
* 단, 호텔 사정에 따라 변경 가능하며 자세한 내용은 호텔 홈페이지 참고
대상 카드 기소지 회원",2026-06-06 17:16:22
SPM_E0001,SPM,현대,Summit,UUI988,국내 제휴 호텔 6~7월 이벤트 혜택 안내,https://www.hyundaicard.com/cpb/ev/CPBEV0101_06.hc?bnftWebEvntCd=UUI988,2026-06-05,2026-07-23,할인,기간,2026. 6. 5 ~ 7. 23(호텔별 다름),2026-06-06 17:16:22
SPM_E0001,SPM,현대,Summit,UUI988,국내 제휴 호텔 6~7월 이벤트 혜택 안내,https://www.hyundaicard.com/cpb/ev/CPBEV0101_06.hc?bnftWebEvntCd=UUI988,2026-06-05,2026-07-23,할인,이용 방법,예약 및 결제 시 이벤트 대상 회원임을 알리고 본인 명의 대상 카드로 현장 결제,2026-06-06 17:16:22
SPM_E0001,SPM,현대,Summit,UUI988,국내 제휴 호텔 6~7월 이벤트 혜택 안내,https://www.hyundaicard.com/cpb/ev/CPBEV0101_06.hc?bnftWebEvntCd=UUI988,2026-06-05,2026-07-23,할인,확인사항,"확인해 주세요
위 혜택은 본인 회원에 한해 기간 내 호텔별 1회 제공됩니다.
이용 전, 제휴 호텔로 이벤트 진행 및 혜택 적용 가능 여부를 확인해 주세요.
위 혜택은 일자별 한정 수량으로 인원 마감 시 조기 종료될 수 있습니다.
호텔 이용 금액은 부가가치세 포함가입니다.
실물 카드로 결제 시 혜택이 적용됩니다.(현대카드 법인 카드·Chameleon 제외)
간편결제 서비스(네이버페이 등) 이용 시 혜택을 받을 수 없습니다.
현대카드 및 제휴사의 다른 혜택(할인·적립, 바우처 사용 등), 이벤트와 중복 적용되지 않습니다.
예약 취소 및 환불은 호텔별 규정을 따르며, 관련 내용은 제휴 호텔로 문의해 주세요.
위 혜택은 현대카드 및 제휴사 사정에 따라 변경 또는 중단될 수 있습니다.",2026-06-06 17:16:22
TGE3_E0001,TGE3,현대,the Green Edition3,UUI988,국내 제휴 호텔 6~7월 이벤트 혜택 안내,https://www.hyundaicard.com/cpb/ev/CPBEV0101_06.hc?bnftWebEvntCd=UUI988,2026-06-05,2026-07-23,할인,혜택,대상 카드로 국내 제휴 호텔 이벤트 이용 시 할인 혜택 제공,2026-06-06 17:16:22
TGE3_E0001,TGE3,현대,the Green Edition3,UUI988,국내 제휴 호텔 6~7월 이벤트 혜택 안내,https://www.hyundaicard.com/cpb/ev/CPBEV0101_06.hc?bnftWebEvntCd=UUI988,2026-06-05,2026-07-23,할인,대상,"[마감]더 플라자(주소 : 서울시 중구 소공로 119 / 문의 : 02-310-7777)
'세븐스퀘어' 성인 주중 런치 및 주중 디너 뷔페 50% 할인
가격(1인 기준 / 세금 포함)
주중(월~금요일) 런치 : 정상가 160,000원 > 할인가 80,000원
주중(월~금요일) 디너 : 정상가 170,000원 > 할인가 85,000원
예약 기간 : 2026. 6. 5 ~ 6. 26
이용 기간 : 2026. 6. 8 ~ 6. 26
운영 시간
주중(월~금요일) 런치 : 오전 11시 30분 ~ 오후 2시 30분
주중(월~금요일) 디너 : 오후 6시 ~ 9시
유의사항
본인 회원 포함 성인 최대 4인까지 이용 가능
음료·주류, 이벤트 메뉴 할인 제외
온라인 예약 바로가기
파라다이스 호텔 부산(주소 : 부산시 해운대구 해운대해변로 296 / 문의 : 051-749-2111~3)
조식 패키지(객실 1박, 온 더 플레이트 조식 2인) 할인
7월 한정 라운지 패키지(객실 1박 및 신관 업그레이드, 라운지 파라다이스 올데이 서비스(티 타임, 해피 아워, 조식) 2인, 실내 사우나 2인 무료 이용) 할인
추가 공통 혜택
바이레도 트래블 4종 KIT 1세트 제공
오션스파 씨메르·야외 오션스파 풀(수영장) 1박당 1회 무료 이용
키즈 빌리지(플레이 랩, BMW 키즈 드라이빙존, 하바 키즈 라운지, 웅진 북클럽) 1박당 1회 무료 이용
피트니스 클럽(1박당 성인 2인 1회), 실내 사우나 50% 할인
가격(2인 기준 / 세금 포함)
조식 패키지 본관 디럭스 시티 : 월~목요일 260,000원
금요일, 6. 9, 6. 10, 7. 15, 7. 16, 7. 19, 7. 20, 7. 21, 7. 22, 7. 23 350,000원
토요일, 7. 17 490,000원
일요일 310,000원
조식 패키지 본관 오션 테라스 : 월~목요일 330,000원
금요일, 6. 9, 6. 10, 7. 15, 7. 16, 7. 19, 7. 20, 7. 21, 7. 22, 7. 23 420,000원
토요일, 7. 17 560,000원
일요일 380,000원
라운지 패키지 신관 디럭스 시티 : 월~목요일 300,000원
금요일, 7. 15, 7. 16, 7. 19, 7. 20, 7. 21, 7. 22, 7. 23 390,000원
토요일, 7. 17 530,000원
일요일 350,000원
라운지 패키지 신관 오션 테라스 : 월~목요일 370,000원
금요일, 7. 15, 7. 16, 7.19, 7. 20, 7. 21, 7. 22, 7. 23 460,000원
토요일, 7. 17 600,000원
일요일 420,000원
예약 및 이용 기간 : 2026. 6. 5 ~ 7. 23
* 제외일자 : 2026. 6. 11 ~ 6. 13
유의사항
본인 회원 예약 시 최대 2박 또는 1박 2객실 이용 가능(택1)
라운지 패키지의 경우 7월 한정으로만 운영
1객실 기준 성인 2인 + 어린이(49개월~초등학생) 2인까지 투숙 가능(단, 성인 3인 투숙 시 어린이는 1인만 투숙 가능)
인원 추가 및 업그레이드에 대해 아래와 같이 추가 요금 부과
* 성인 : 1인 기준 72,600원(씨메르·오션풀 이용 포함, 최대 성인 1인까지 추가 가능)
* 추가 베드(본관 : 보조침대, 신관 : 소파베드) 요청 시 사전 예약 필수
* 라운지 파라다이스 올데이 서비스 이용 인원 추가 시 성인 145,200원, 어린이 72,600원
* 신관 업그레이드 시 24,200원
라운지 파라다이스의 경우 49개월 이상 입장 가능, 실내 사우나의 경우 14세 이상 출입 가능
체크인 기준, 5일 이내 위약금 없이 예약 변경 및 취소 가능
매달 네 번째 수요일 스파 부대시설(씨메르, 오션풀, 피트니스 클럽, 실내 사우나) 휴관
* 단, 호텔 사정에 따라 변경 가능하며 자세한 내용은 호텔 홈페이지 참고
대상 카드 기소지 회원",2026-06-06 17:16:22
TGE3_E0001,TGE3,현대,the Green Edition3,UUI988,국내 제휴 호텔 6~7월 이벤트 혜택 안내,https://www.hyundaicard.com/cpb/ev/CPBEV0101_06.hc?bnftWebEvntCd=UUI988,2026-06-05,2026-07-23,할인,기간,2026. 6. 5 ~ 7. 23(호텔별 다름),2026-06-06 17:16:22
TGE3_E0001,TGE3,현대,the Green Edition3,UUI988,국내 제휴 호텔 6~7월 이벤트 혜택 안내,https://www.hyundaicard.com/cpb/ev/CPBEV0101_06.hc?bnftWebEvntCd=UUI988,2026-06-05,2026-07-23,할인,이용 방법,예약 및 결제 시 이벤트 대상 회원임을 알리고 본인 명의 대상 카드로 현장 결제,2026-06-06 17:16:22
TGE3_E0001,TGE3,현대,the Green Edition3,UUI988,국내 제휴 호텔 6~7월 이벤트 혜택 안내,https://www.hyundaicard.com/cpb/ev/CPBEV0101_06.hc?bnftWebEvntCd=UUI988,2026-06-05,2026-07-23,할인,확인사항,"확인해 주세요
위 혜택은 본인 회원에 한해 기간 내 호텔별 1회 제공됩니다.
이용 전, 제휴 호텔로 이벤트 진행 및 혜택 적용 가능 여부를 확인해 주세요.
위 혜택은 일자별 한정 수량으로 인원 마감 시 조기 종료될 수 있습니다.
호텔 이용 금액은 부가가치세 포함가입니다.
실물 카드로 결제 시 혜택이 적용됩니다.(현대카드 법인 카드·Chameleon 제외)
간편결제 서비스(네이버페이 등) 이용 시 혜택을 받을 수 없습니다.
현대카드 및 제휴사의 다른 혜택(할인·적립, 바우처 사용 등), 이벤트와 중복 적용되지 않습니다.
예약 취소 및 환불은 호텔별 규정을 따르며, 관련 내용은 제휴 호텔로 문의해 주세요.
위 혜택은 현대카드 및 제휴사 사정에 따라 변경 또는 중단될 수 있습니다.",2026-06-06 17:16:22
TPIE2_E0001,TPIE2,현대,the Pink Edition2,UUI988,국내 제휴 호텔 6~7월 이벤트 혜택 안내,https://www.hyundaicard.com/cpb/ev/CPBEV0101_06.hc?bnftWebEvntCd=UUI988,2026-06-05,2026-07-23,할인,혜택,대상 카드로 국내 제휴 호텔 이벤트 이용 시 할인 혜택 제공,2026-06-06 17:16:22
TPIE2_E0001,TPIE2,현대,the Pink Edition2,UUI988,국내 제휴 호텔 6~7월 이벤트 혜택 안내,https://www.hyundaicard.com/cpb/ev/CPBEV0101_06.hc?bnftWebEvntCd=UUI988,2026-06-05,2026-07-23,할인,대상,"[마감]더 플라자(주소 : 서울시 중구 소공로 119 / 문의 : 02-310-7777)
'세븐스퀘어' 성인 주중 런치 및 주중 디너 뷔페 50% 할인
가격(1인 기준 / 세금 포함)
주중(월~금요일) 런치 : 정상가 160,000원 > 할인가 80,000원
주중(월~금요일) 디너 : 정상가 170,000원 > 할인가 85,000원
예약 기간 : 2026. 6. 5 ~ 6. 26
이용 기간 : 2026. 6. 8 ~ 6. 26
운영 시간
주중(월~금요일) 런치 : 오전 11시 30분 ~ 오후 2시 30분
주중(월~금요일) 디너 : 오후 6시 ~ 9시
유의사항
본인 회원 포함 성인 최대 4인까지 이용 가능
음료·주류, 이벤트 메뉴 할인 제외
온라인 예약 바로가기
파라다이스 호텔 부산(주소 : 부산시 해운대구 해운대해변로 296 / 문의 : 051-749-2111~3)
조식 패키지(객실 1박, 온 더 플레이트 조식 2인) 할인
7월 한정 라운지 패키지(객실 1박 및 신관 업그레이드, 라운지 파라다이스 올데이 서비스(티 타임, 해피 아워, 조식) 2인, 실내 사우나 2인 무료 이용) 할인
추가 공통 혜택
바이레도 트래블 4종 KIT 1세트 제공
오션스파 씨메르·야외 오션스파 풀(수영장) 1박당 1회 무료 이용
키즈 빌리지(플레이 랩, BMW 키즈 드라이빙존, 하바 키즈 라운지, 웅진 북클럽) 1박당 1회 무료 이용
피트니스 클럽(1박당 성인 2인 1회), 실내 사우나 50% 할인
가격(2인 기준 / 세금 포함)
조식 패키지 본관 디럭스 시티 : 월~목요일 260,000원
금요일, 6. 9, 6. 10, 7. 15, 7. 16, 7. 19, 7. 20, 7. 21, 7. 22, 7. 23 350,000원
토요일, 7. 17 490,000원
일요일 310,000원
조식 패키지 본관 오션 테라스 : 월~목요일 330,000원
금요일, 6. 9, 6. 10, 7. 15, 7. 16, 7. 19, 7. 20, 7. 21, 7. 22, 7. 23 420,000원
토요일, 7. 17 560,000원
일요일 380,000원
라운지 패키지 신관 디럭스 시티 : 월~목요일 300,000원
금요일, 7. 15, 7. 16, 7. 19, 7. 20, 7. 21, 7. 22, 7. 23 390,000원
토요일, 7. 17 530,000원
일요일 350,000원
라운지 패키지 신관 오션 테라스 : 월~목요일 370,000원
금요일, 7. 15, 7. 16, 7.19, 7. 20, 7. 21, 7. 22, 7. 23 460,000원
토요일, 7. 17 600,000원
일요일 420,000원
예약 및 이용 기간 : 2026. 6. 5 ~ 7. 23
* 제외일자 : 2026. 6. 11 ~ 6. 13
유의사항
본인 회원 예약 시 최대 2박 또는 1박 2객실 이용 가능(택1)
라운지 패키지의 경우 7월 한정으로만 운영
1객실 기준 성인 2인 + 어린이(49개월~초등학생) 2인까지 투숙 가능(단, 성인 3인 투숙 시 어린이는 1인만 투숙 가능)
인원 추가 및 업그레이드에 대해 아래와 같이 추가 요금 부과
* 성인 : 1인 기준 72,600원(씨메르·오션풀 이용 포함, 최대 성인 1인까지 추가 가능)
* 추가 베드(본관 : 보조침대, 신관 : 소파베드) 요청 시 사전 예약 필수
* 라운지 파라다이스 올데이 서비스 이용 인원 추가 시 성인 145,200원, 어린이 72,600원
* 신관 업그레이드 시 24,200원
라운지 파라다이스의 경우 49개월 이상 입장 가능, 실내 사우나의 경우 14세 이상 출입 가능
체크인 기준, 5일 이내 위약금 없이 예약 변경 및 취소 가능
매달 네 번째 수요일 스파 부대시설(씨메르, 오션풀, 피트니스 클럽, 실내 사우나) 휴관
* 단, 호텔 사정에 따라 변경 가능하며 자세한 내용은 호텔 홈페이지 참고
대상 카드 기소지 회원",2026-06-06 17:16:22
TPIE2_E0001,TPIE2,현대,the Pink Edition2,UUI988,국내 제휴 호텔 6~7월 이벤트 혜택 안내,https://www.hyundaicard.com/cpb/ev/CPBEV0101_06.hc?bnftWebEvntCd=UUI988,2026-06-05,2026-07-23,할인,기간,2026. 6. 5 ~ 7. 23(호텔별 다름),2026-06-06 17:16:22
TPIE2_E0001,TPIE2,현대,the Pink Edition2,UUI988,국내 제휴 호텔 6~7월 이벤트 혜택 안내,https://www.hyundaicard.com/cpb/ev/CPBEV0101_06.hc?bnftWebEvntCd=UUI988,2026-06-05,2026-07-23,할인,이용 방법,예약 및 결제 시 이벤트 대상 회원임을 알리고 본인 명의 대상 카드로 현장 결제,2026-06-06 17:16:22
TPIE2_E0001,TPIE2,현대,the Pink Edition2,UUI988,국내 제휴 호텔 6~7월 이벤트 혜택 안내,https://www.hyundaicard.com/cpb/ev/CPBEV0101_06.hc?bnftWebEvntCd=UUI988,2026-06-05,2026-07-23,할인,확인사항,"확인해 주세요
위 혜택은 본인 회원에 한해 기간 내 호텔별 1회 제공됩니다.
이용 전, 제휴 호텔로 이벤트 진행 및 혜택 적용 가능 여부를 확인해 주세요.
위 혜택은 일자별 한정 수량으로 인원 마감 시 조기 종료될 수 있습니다.
호텔 이용 금액은 부가가치세 포함가입니다.
실물 카드로 결제 시 혜택이 적용됩니다.(현대카드 법인 카드·Chameleon 제외)
간편결제 서비스(네이버페이 등) 이용 시 혜택을 받을 수 없습니다.
현대카드 및 제휴사의 다른 혜택(할인·적립, 바우처 사용 등), 이벤트와 중복 적용되지 않습니다.
예약 취소 및 환불은 호텔별 규정을 따르며, 관련 내용은 제휴 호텔로 문의해 주세요.
위 혜택은 현대카드 및 제휴사 사정에 따라 변경 또는 중단될 수 있습니다.",2026-06-06 17:16:22
MXBE2_E0001,MXBE2,현대,MX Black Edition2,UUI988,국내 제휴 호텔 6~7월 이벤트 혜택 안내,https://www.hyundaicard.com/cpb/ev/CPBEV0101_06.hc?bnftWebEvntCd=UUI988,2026-06-05,2026-07-23,할인,혜택,대상 카드로 국내 제휴 호텔 이벤트 이용 시 할인 혜택 제공,2026-06-06 17:16:22
MXBE2_E0001,MXBE2,현대,MX Black Edition2,UUI988,국내 제휴 호텔 6~7월 이벤트 혜택 안내,https://www.hyundaicard.com/cpb/ev/CPBEV0101_06.hc?bnftWebEvntCd=UUI988,2026-06-05,2026-07-23,할인,대상,"[마감]더 플라자(주소 : 서울시 중구 소공로 119 / 문의 : 02-310-7777)
'세븐스퀘어' 성인 주중 런치 및 주중 디너 뷔페 50% 할인
가격(1인 기준 / 세금 포함)
주중(월~금요일) 런치 : 정상가 160,000원 > 할인가 80,000원
주중(월~금요일) 디너 : 정상가 170,000원 > 할인가 85,000원
예약 기간 : 2026. 6. 5 ~ 6. 26
이용 기간 : 2026. 6. 8 ~ 6. 26
운영 시간
주중(월~금요일) 런치 : 오전 11시 30분 ~ 오후 2시 30분
주중(월~금요일) 디너 : 오후 6시 ~ 9시
유의사항
본인 회원 포함 성인 최대 4인까지 이용 가능
음료·주류, 이벤트 메뉴 할인 제외
온라인 예약 바로가기
파라다이스 호텔 부산(주소 : 부산시 해운대구 해운대해변로 296 / 문의 : 051-749-2111~3)
조식 패키지(객실 1박, 온 더 플레이트 조식 2인) 할인
7월 한정 라운지 패키지(객실 1박 및 신관 업그레이드, 라운지 파라다이스 올데이 서비스(티 타임, 해피 아워, 조식) 2인, 실내 사우나 2인 무료 이용) 할인
추가 공통 혜택
바이레도 트래블 4종 KIT 1세트 제공
오션스파 씨메르·야외 오션스파 풀(수영장) 1박당 1회 무료 이용
키즈 빌리지(플레이 랩, BMW 키즈 드라이빙존, 하바 키즈 라운지, 웅진 북클럽) 1박당 1회 무료 이용
피트니스 클럽(1박당 성인 2인 1회), 실내 사우나 50% 할인
가격(2인 기준 / 세금 포함)
조식 패키지 본관 디럭스 시티 : 월~목요일 260,000원
금요일, 6. 9, 6. 10, 7. 15, 7. 16, 7. 19, 7. 20, 7. 21, 7. 22, 7. 23 350,000원
토요일, 7. 17 490,000원
일요일 310,000원
조식 패키지 본관 오션 테라스 : 월~목요일 330,000원
금요일, 6. 9, 6. 10, 7. 15, 7. 16, 7. 19, 7. 20, 7. 21, 7. 22, 7. 23 420,000원
토요일, 7. 17 560,000원
일요일 380,000원
라운지 패키지 신관 디럭스 시티 : 월~목요일 300,000원
금요일, 7. 15, 7. 16, 7. 19, 7. 20, 7. 21, 7. 22, 7. 23 390,000원
토요일, 7. 17 530,000원
일요일 350,000원
라운지 패키지 신관 오션 테라스 : 월~목요일 370,000원
금요일, 7. 15, 7. 16, 7.19, 7. 20, 7. 21, 7. 22, 7. 23 460,000원
토요일, 7. 17 600,000원
일요일 420,000원
예약 및 이용 기간 : 2026. 6. 5 ~ 7. 23
* 제외일자 : 2026. 6. 11 ~ 6. 13
유의사항
본인 회원 예약 시 최대 2박 또는 1박 2객실 이용 가능(택1)
라운지 패키지의 경우 7월 한정으로만 운영
1객실 기준 성인 2인 + 어린이(49개월~초등학생) 2인까지 투숙 가능(단, 성인 3인 투숙 시 어린이는 1인만 투숙 가능)
인원 추가 및 업그레이드에 대해 아래와 같이 추가 요금 부과
* 성인 : 1인 기준 72,600원(씨메르·오션풀 이용 포함, 최대 성인 1인까지 추가 가능)
* 추가 베드(본관 : 보조침대, 신관 : 소파베드) 요청 시 사전 예약 필수
* 라운지 파라다이스 올데이 서비스 이용 인원 추가 시 성인 145,200원, 어린이 72,600원
* 신관 업그레이드 시 24,200원
라운지 파라다이스의 경우 49개월 이상 입장 가능, 실내 사우나의 경우 14세 이상 출입 가능
체크인 기준, 5일 이내 위약금 없이 예약 변경 및 취소 가능
매달 네 번째 수요일 스파 부대시설(씨메르, 오션풀, 피트니스 클럽, 실내 사우나) 휴관
* 단, 호텔 사정에 따라 변경 가능하며 자세한 내용은 호텔 홈페이지 참고
대상 카드 기소지 회원",2026-06-06 17:16:22
MXBE2_E0001,MXBE2,현대,MX Black Edition2,UUI988,국내 제휴 호텔 6~7월 이벤트 혜택 안내,https://www.hyundaicard.com/cpb/ev/CPBEV0101_06.hc?bnftWebEvntCd=UUI988,2026-06-05,2026-07-23,할인,기간,2026. 6. 5 ~ 7. 23(호텔별 다름),2026-06-06 17:16:22
MXBE2_E0001,MXBE2,현대,MX Black Edition2,UUI988,국내 제휴 호텔 6~7월 이벤트 혜택 안내,https://www.hyundaicard.com/cpb/ev/CPBEV0101_06.hc?bnftWebEvntCd=UUI988,2026-06-05,2026-07-23,할인,이용 방법,예약 및 결제 시 이벤트 대상 회원임을 알리고 본인 명의 대상 카드로 현장 결제,2026-06-06 17:16:22
MXBE2_E0001,MXBE2,현대,MX Black Edition2,UUI988,국내 제휴 호텔 6~7월 이벤트 혜택 안내,https://www.hyundaicard.com/cpb/ev/CPBEV0101_06.hc?bnftWebEvntCd=UUI988,2026-06-05,2026-07-23,할인,확인사항,"확인해 주세요
위 혜택은 본인 회원에 한해 기간 내 호텔별 1회 제공됩니다.
이용 전, 제휴 호텔로 이벤트 진행 및 혜택 적용 가능 여부를 확인해 주세요.
위 혜택은 일자별 한정 수량으로 인원 마감 시 조기 종료될 수 있습니다.
호텔 이용 금액은 부가가치세 포함가입니다.
실물 카드로 결제 시 혜택이 적용됩니다.(현대카드 법인 카드·Chameleon 제외)
간편결제 서비스(네이버페이 등) 이용 시 혜택을 받을 수 없습니다.
현대카드 및 제휴사의 다른 혜택(할인·적립, 바우처 사용 등), 이벤트와 중복 적용되지 않습니다.
예약 취소 및 환불은 호텔별 규정을 따르며, 관련 내용은 제휴 호텔로 문의해 주세요.
위 혜택은 현대카드 및 제휴사 사정에 따라 변경 또는 중단될 수 있습니다.",2026-06-06 17:16:22
TPE4_E0001,TPE4,현대,the Purple,UUI988,국내 제휴 호텔 6~7월 이벤트 혜택 안내,https://www.hyundaicard.com/cpb/ev/CPBEV0101_06.hc?bnftWebEvntCd=UUI988,2026-06-05,2026-07-23,할인,혜택,대상 카드로 국내 제휴 호텔 이벤트 이용 시 할인 혜택 제공,2026-06-06 17:16:22
TPE4_E0001,TPE4,현대,the Purple,UUI988,국내 제휴 호텔 6~7월 이벤트 혜택 안내,https://www.hyundaicard.com/cpb/ev/CPBEV0101_06.hc?bnftWebEvntCd=UUI988,2026-06-05,2026-07-23,할인,대상,"[마감]더 플라자(주소 : 서울시 중구 소공로 119 / 문의 : 02-310-7777)
'세븐스퀘어' 성인 주중 런치 및 주중 디너 뷔페 50% 할인
가격(1인 기준 / 세금 포함)
주중(월~금요일) 런치 : 정상가 160,000원 > 할인가 80,000원
주중(월~금요일) 디너 : 정상가 170,000원 > 할인가 85,000원
예약 기간 : 2026. 6. 5 ~ 6. 26
이용 기간 : 2026. 6. 8 ~ 6. 26
운영 시간
주중(월~금요일) 런치 : 오전 11시 30분 ~ 오후 2시 30분
주중(월~금요일) 디너 : 오후 6시 ~ 9시
유의사항
본인 회원 포함 성인 최대 4인까지 이용 가능
음료·주류, 이벤트 메뉴 할인 제외
온라인 예약 바로가기
파라다이스 호텔 부산(주소 : 부산시 해운대구 해운대해변로 296 / 문의 : 051-749-2111~3)
조식 패키지(객실 1박, 온 더 플레이트 조식 2인) 할인
7월 한정 라운지 패키지(객실 1박 및 신관 업그레이드, 라운지 파라다이스 올데이 서비스(티 타임, 해피 아워, 조식) 2인, 실내 사우나 2인 무료 이용) 할인
추가 공통 혜택
바이레도 트래블 4종 KIT 1세트 제공
오션스파 씨메르·야외 오션스파 풀(수영장) 1박당 1회 무료 이용
키즈 빌리지(플레이 랩, BMW 키즈 드라이빙존, 하바 키즈 라운지, 웅진 북클럽) 1박당 1회 무료 이용
피트니스 클럽(1박당 성인 2인 1회), 실내 사우나 50% 할인
가격(2인 기준 / 세금 포함)
조식 패키지 본관 디럭스 시티 : 월~목요일 260,000원
금요일, 6. 9, 6. 10, 7. 15, 7. 16, 7. 19, 7. 20, 7. 21, 7. 22, 7. 23 350,000원
토요일, 7. 17 490,000원
일요일 310,000원
조식 패키지 본관 오션 테라스 : 월~목요일 330,000원
금요일, 6. 9, 6. 10, 7. 15, 7. 16, 7. 19, 7. 20, 7. 21, 7. 22, 7. 23 420,000원
토요일, 7. 17 560,000원
일요일 380,000원
라운지 패키지 신관 디럭스 시티 : 월~목요일 300,000원
금요일, 7. 15, 7. 16, 7. 19, 7. 20, 7. 21, 7. 22, 7. 23 390,000원
토요일, 7. 17 530,000원
일요일 350,000원
라운지 패키지 신관 오션 테라스 : 월~목요일 370,000원
금요일, 7. 15, 7. 16, 7.19, 7. 20, 7. 21, 7. 22, 7. 23 460,000원
토요일, 7. 17 600,000원
일요일 420,000원
예약 및 이용 기간 : 2026. 6. 5 ~ 7. 23
* 제외일자 : 2026. 6. 11 ~ 6. 13
유의사항
본인 회원 예약 시 최대 2박 또는 1박 2객실 이용 가능(택1)
라운지 패키지의 경우 7월 한정으로만 운영
1객실 기준 성인 2인 + 어린이(49개월~초등학생) 2인까지 투숙 가능(단, 성인 3인 투숙 시 어린이는 1인만 투숙 가능)
인원 추가 및 업그레이드에 대해 아래와 같이 추가 요금 부과
* 성인 : 1인 기준 72,600원(씨메르·오션풀 이용 포함, 최대 성인 1인까지 추가 가능)
* 추가 베드(본관 : 보조침대, 신관 : 소파베드) 요청 시 사전 예약 필수
* 라운지 파라다이스 올데이 서비스 이용 인원 추가 시 성인 145,200원, 어린이 72,600원
* 신관 업그레이드 시 24,200원
라운지 파라다이스의 경우 49개월 이상 입장 가능, 실내 사우나의 경우 14세 이상 출입 가능
체크인 기준, 5일 이내 위약금 없이 예약 변경 및 취소 가능
매달 네 번째 수요일 스파 부대시설(씨메르, 오션풀, 피트니스 클럽, 실내 사우나) 휴관
* 단, 호텔 사정에 따라 변경 가능하며 자세한 내용은 호텔 홈페이지 참고
대상 카드 기소지 회원",2026-06-06 17:16:22
TPE4_E0001,TPE4,현대,the Purple,UUI988,국내 제휴 호텔 6~7월 이벤트 혜택 안내,https://www.hyundaicard.com/cpb/ev/CPBEV0101_06.hc?bnftWebEvntCd=UUI988,2026-06-05,2026-07-23,할인,기간,2026. 6. 5 ~ 7. 23(호텔별 다름),2026-06-06 17:16:22
TPE4_E0001,TPE4,현대,the Purple,UUI988,국내 제휴 호텔 6~7월 이벤트 혜택 안내,https://www.hyundaicard.com/cpb/ev/CPBEV0101_06.hc?bnftWebEvntCd=UUI988,2026-06-05,2026-07-23,할인,이용 방법,예약 및 결제 시 이벤트 대상 회원임을 알리고 본인 명의 대상 카드로 현장 결제,2026-06-06 17:16:22
TPE4_E0001,TPE4,현대,the Purple,UUI988,국내 제휴 호텔 6~7월 이벤트 혜택 안내,https://www.hyundaicard.com/cpb/ev/CPBEV0101_06.hc?bnftWebEvntCd=UUI988,2026-06-05,2026-07-23,할인,확인사항,"확인해 주세요
위 혜택은 본인 회원에 한해 기간 내 호텔별 1회 제공됩니다.
이용 전, 제휴 호텔로 이벤트 진행 및 혜택 적용 가능 여부를 확인해 주세요.
위 혜택은 일자별 한정 수량으로 인원 마감 시 조기 종료될 수 있습니다.
호텔 이용 금액은 부가가치세 포함가입니다.
실물 카드로 결제 시 혜택이 적용됩니다.(현대카드 법인 카드·Chameleon 제외)
간편결제 서비스(네이버페이 등) 이용 시 혜택을 받을 수 없습니다.
현대카드 및 제휴사의 다른 혜택(할인·적립, 바우처 사용 등), 이벤트와 중복 적용되지 않습니다.
예약 취소 및 환불은 호텔별 규정을 따르며, 관련 내용은 제휴 호텔로 문의해 주세요.
위 혜택은 현대카드 및 제휴사 사정에 따라 변경 또는 중단될 수 있습니다.",2026-06-06 17:16:22
TBE4_E0001,TBE4,현대,the Black,UUI988,국내 제휴 호텔 6~7월 이벤트 혜택 안내,https://www.hyundaicard.com/cpb/ev/CPBEV0101_06.hc?bnftWebEvntCd=UUI988,2026-06-05,2026-07-23,할인,혜택,대상 카드로 국내 제휴 호텔 이벤트 이용 시 할인 혜택 제공,2026-06-06 17:16:22
TBE4_E0001,TBE4,현대,the Black,UUI988,국내 제휴 호텔 6~7월 이벤트 혜택 안내,https://www.hyundaicard.com/cpb/ev/CPBEV0101_06.hc?bnftWebEvntCd=UUI988,2026-06-05,2026-07-23,할인,대상,"[마감]더 플라자(주소 : 서울시 중구 소공로 119 / 문의 : 02-310-7777)
'세븐스퀘어' 성인 주중 런치 및 주중 디너 뷔페 50% 할인
가격(1인 기준 / 세금 포함)
주중(월~금요일) 런치 : 정상가 160,000원 > 할인가 80,000원
주중(월~금요일) 디너 : 정상가 170,000원 > 할인가 85,000원
예약 기간 : 2026. 6. 5 ~ 6. 26
이용 기간 : 2026. 6. 8 ~ 6. 26
운영 시간
주중(월~금요일) 런치 : 오전 11시 30분 ~ 오후 2시 30분
주중(월~금요일) 디너 : 오후 6시 ~ 9시
유의사항
본인 회원 포함 성인 최대 4인까지 이용 가능
음료·주류, 이벤트 메뉴 할인 제외
온라인 예약 바로가기
파라다이스 호텔 부산(주소 : 부산시 해운대구 해운대해변로 296 / 문의 : 051-749-2111~3)
조식 패키지(객실 1박, 온 더 플레이트 조식 2인) 할인
7월 한정 라운지 패키지(객실 1박 및 신관 업그레이드, 라운지 파라다이스 올데이 서비스(티 타임, 해피 아워, 조식) 2인, 실내 사우나 2인 무료 이용) 할인
추가 공통 혜택
바이레도 트래블 4종 KIT 1세트 제공
오션스파 씨메르·야외 오션스파 풀(수영장) 1박당 1회 무료 이용
키즈 빌리지(플레이 랩, BMW 키즈 드라이빙존, 하바 키즈 라운지, 웅진 북클럽) 1박당 1회 무료 이용
피트니스 클럽(1박당 성인 2인 1회), 실내 사우나 50% 할인
가격(2인 기준 / 세금 포함)
조식 패키지 본관 디럭스 시티 : 월~목요일 260,000원
금요일, 6. 9, 6. 10, 7. 15, 7. 16, 7. 19, 7. 20, 7. 21, 7. 22, 7. 23 350,000원
토요일, 7. 17 490,000원
일요일 310,000원
조식 패키지 본관 오션 테라스 : 월~목요일 330,000원
금요일, 6. 9, 6. 10, 7. 15, 7. 16, 7. 19, 7. 20, 7. 21, 7. 22, 7. 23 420,000원
토요일, 7. 17 560,000원
일요일 380,000원
라운지 패키지 신관 디럭스 시티 : 월~목요일 300,000원
금요일, 7. 15, 7. 16, 7. 19, 7. 20, 7. 21, 7. 22, 7. 23 390,000원
토요일, 7. 17 530,000원
일요일 350,000원
라운지 패키지 신관 오션 테라스 : 월~목요일 370,000원
금요일, 7. 15, 7. 16, 7.19, 7. 20, 7. 21, 7. 22, 7. 23 460,000원
토요일, 7. 17 600,000원
일요일 420,000원
예약 및 이용 기간 : 2026. 6. 5 ~ 7. 23
* 제외일자 : 2026. 6. 11 ~ 6. 13
유의사항
본인 회원 예약 시 최대 2박 또는 1박 2객실 이용 가능(택1)
라운지 패키지의 경우 7월 한정으로만 운영
1객실 기준 성인 2인 + 어린이(49개월~초등학생) 2인까지 투숙 가능(단, 성인 3인 투숙 시 어린이는 1인만 투숙 가능)
인원 추가 및 업그레이드에 대해 아래와 같이 추가 요금 부과
* 성인 : 1인 기준 72,600원(씨메르·오션풀 이용 포함, 최대 성인 1인까지 추가 가능)
* 추가 베드(본관 : 보조침대, 신관 : 소파베드) 요청 시 사전 예약 필수
* 라운지 파라다이스 올데이 서비스 이용 인원 추가 시 성인 145,200원, 어린이 72,600원
* 신관 업그레이드 시 24,200원
라운지 파라다이스의 경우 49개월 이상 입장 가능, 실내 사우나의 경우 14세 이상 출입 가능
체크인 기준, 5일 이내 위약금 없이 예약 변경 및 취소 가능
매달 네 번째 수요일 스파 부대시설(씨메르, 오션풀, 피트니스 클럽, 실내 사우나) 휴관
* 단, 호텔 사정에 따라 변경 가능하며 자세한 내용은 호텔 홈페이지 참고
대상 카드 기소지 회원",2026-06-06 17:16:22
TBE4_E0001,TBE4,현대,the Black,UUI988,국내 제휴 호텔 6~7월 이벤트 혜택 안내,https://www.hyundaicard.com/cpb/ev/CPBEV0101_06.hc?bnftWebEvntCd=UUI988,2026-06-05,2026-07-23,할인,기간,2026. 6. 5 ~ 7. 23(호텔별 다름),2026-06-06 17:16:22
TBE4_E0001,TBE4,현대,the Black,UUI988,국내 제휴 호텔 6~7월 이벤트 혜택 안내,https://www.hyundaicard.com/cpb/ev/CPBEV0101_06.hc?bnftWebEvntCd=UUI988,2026-06-05,2026-07-23,할인,이용 방법,예약 및 결제 시 이벤트 대상 회원임을 알리고 본인 명의 대상 카드로 현장 결제,2026-06-06 17:16:22
TBE4_E0001,TBE4,현대,the Black,UUI988,국내 제휴 호텔 6~7월 이벤트 혜택 안내,https://www.hyundaicard.com/cpb/ev/CPBEV0101_06.hc?bnftWebEvntCd=UUI988,2026-06-05,2026-07-23,할인,확인사항,"확인해 주세요
위 혜택은 본인 회원에 한해 기간 내 호텔별 1회 제공됩니다.
이용 전, 제휴 호텔로 이벤트 진행 및 혜택 적용 가능 여부를 확인해 주세요.
위 혜택은 일자별 한정 수량으로 인원 마감 시 조기 종료될 수 있습니다.
호텔 이용 금액은 부가가치세 포함가입니다.
실물 카드로 결제 시 혜택이 적용됩니다.(현대카드 법인 카드·Chameleon 제외)
간편결제 서비스(네이버페이 등) 이용 시 혜택을 받을 수 없습니다.
현대카드 및 제휴사의 다른 혜택(할인·적립, 바우처 사용 등), 이벤트와 중복 적용되지 않습니다.
예약 취소 및 환불은 호텔별 규정을 따르며, 관련 내용은 제휴 호텔로 문의해 주세요.
위 혜택은 현대카드 및 제휴사 사정에 따라 변경 또는 중단될 수 있습니다.",2026-06-06 17:16:22
TRE6_E0001,TRE6,현대,the Red,UUI988,국내 제휴 호텔 6~7월 이벤트 혜택 안내,https://www.hyundaicard.com/cpb/ev/CPBEV0101_06.hc?bnftWebEvntCd=UUI988,2026-06-05,2026-07-23,할인,혜택,대상 카드로 국내 제휴 호텔 이벤트 이용 시 할인 혜택 제공,2026-06-06 17:16:22
TRE6_E0001,TRE6,현대,the Red,UUI988,국내 제휴 호텔 6~7월 이벤트 혜택 안내,https://www.hyundaicard.com/cpb/ev/CPBEV0101_06.hc?bnftWebEvntCd=UUI988,2026-06-05,2026-07-23,할인,대상,"[마감]더 플라자(주소 : 서울시 중구 소공로 119 / 문의 : 02-310-7777)
'세븐스퀘어' 성인 주중 런치 및 주중 디너 뷔페 50% 할인
가격(1인 기준 / 세금 포함)
주중(월~금요일) 런치 : 정상가 160,000원 > 할인가 80,000원
주중(월~금요일) 디너 : 정상가 170,000원 > 할인가 85,000원
예약 기간 : 2026. 6. 5 ~ 6. 26
이용 기간 : 2026. 6. 8 ~ 6. 26
운영 시간
주중(월~금요일) 런치 : 오전 11시 30분 ~ 오후 2시 30분
주중(월~금요일) 디너 : 오후 6시 ~ 9시
유의사항
본인 회원 포함 성인 최대 4인까지 이용 가능
음료·주류, 이벤트 메뉴 할인 제외
온라인 예약 바로가기
파라다이스 호텔 부산(주소 : 부산시 해운대구 해운대해변로 296 / 문의 : 051-749-2111~3)
조식 패키지(객실 1박, 온 더 플레이트 조식 2인) 할인
7월 한정 라운지 패키지(객실 1박 및 신관 업그레이드, 라운지 파라다이스 올데이 서비스(티 타임, 해피 아워, 조식) 2인, 실내 사우나 2인 무료 이용) 할인
추가 공통 혜택
바이레도 트래블 4종 KIT 1세트 제공
오션스파 씨메르·야외 오션스파 풀(수영장) 1박당 1회 무료 이용
키즈 빌리지(플레이 랩, BMW 키즈 드라이빙존, 하바 키즈 라운지, 웅진 북클럽) 1박당 1회 무료 이용
피트니스 클럽(1박당 성인 2인 1회), 실내 사우나 50% 할인
가격(2인 기준 / 세금 포함)
조식 패키지 본관 디럭스 시티 : 월~목요일 260,000원
금요일, 6. 9, 6. 10, 7. 15, 7. 16, 7. 19, 7. 20, 7. 21, 7. 22, 7. 23 350,000원
토요일, 7. 17 490,000원
일요일 310,000원
조식 패키지 본관 오션 테라스 : 월~목요일 330,000원
금요일, 6. 9, 6. 10, 7. 15, 7. 16, 7. 19, 7. 20, 7. 21, 7. 22, 7. 23 420,000원
토요일, 7. 17 560,000원
일요일 380,000원
라운지 패키지 신관 디럭스 시티 : 월~목요일 300,000원
금요일, 7. 15, 7. 16, 7. 19, 7. 20, 7. 21, 7. 22, 7. 23 390,000원
토요일, 7. 17 530,000원
일요일 350,000원
라운지 패키지 신관 오션 테라스 : 월~목요일 370,000원
금요일, 7. 15, 7. 16, 7.19, 7. 20, 7. 21, 7. 22, 7. 23 460,000원
토요일, 7. 17 600,000원
일요일 420,000원
예약 및 이용 기간 : 2026. 6. 5 ~ 7. 23
* 제외일자 : 2026. 6. 11 ~ 6. 13
유의사항
본인 회원 예약 시 최대 2박 또는 1박 2객실 이용 가능(택1)
라운지 패키지의 경우 7월 한정으로만 운영
1객실 기준 성인 2인 + 어린이(49개월~초등학생) 2인까지 투숙 가능(단, 성인 3인 투숙 시 어린이는 1인만 투숙 가능)
인원 추가 및 업그레이드에 대해 아래와 같이 추가 요금 부과
* 성인 : 1인 기준 72,600원(씨메르·오션풀 이용 포함, 최대 성인 1인까지 추가 가능)
* 추가 베드(본관 : 보조침대, 신관 : 소파베드) 요청 시 사전 예약 필수
* 라운지 파라다이스 올데이 서비스 이용 인원 추가 시 성인 145,200원, 어린이 72,600원
* 신관 업그레이드 시 24,200원
라운지 파라다이스의 경우 49개월 이상 입장 가능, 실내 사우나의 경우 14세 이상 출입 가능
체크인 기준, 5일 이내 위약금 없이 예약 변경 및 취소 가능
매달 네 번째 수요일 스파 부대시설(씨메르, 오션풀, 피트니스 클럽, 실내 사우나) 휴관
* 단, 호텔 사정에 따라 변경 가능하며 자세한 내용은 호텔 홈페이지 참고
대상 카드 기소지 회원",2026-06-06 17:16:22
TRE6_E0001,TRE6,현대,the Red,UUI988,국내 제휴 호텔 6~7월 이벤트 혜택 안내,https://www.hyundaicard.com/cpb/ev/CPBEV0101_06.hc?bnftWebEvntCd=UUI988,2026-06-05,2026-07-23,할인,기간,2026. 6. 5 ~ 7. 23(호텔별 다름),2026-06-06 17:16:22
TRE6_E0001,TRE6,현대,the Red,UUI988,국내 제휴 호텔 6~7월 이벤트 혜택 안내,https://www.hyundaicard.com/cpb/ev/CPBEV0101_06.hc?bnftWebEvntCd=UUI988,2026-06-05,2026-07-23,할인,이용 방법,예약 및 결제 시 이벤트 대상 회원임을 알리고 본인 명의 대상 카드로 현장 결제,2026-06-06 17:16:22
TRE6_E0001,TRE6,현대,the Red,UUI988,국내 제휴 호텔 6~7월 이벤트 혜택 안내,https://www.hyundaicard.com/cpb/ev/CPBEV0101_06.hc?bnftWebEvntCd=UUI988,2026-06-05,2026-07-23,할인,확인사항,"확인해 주세요
위 혜택은 본인 회원에 한해 기간 내 호텔별 1회 제공됩니다.
이용 전, 제휴 호텔로 이벤트 진행 및 혜택 적용 가능 여부를 확인해 주세요.
위 혜택은 일자별 한정 수량으로 인원 마감 시 조기 종료될 수 있습니다.
호텔 이용 금액은 부가가치세 포함가입니다.
실물 카드로 결제 시 혜택이 적용됩니다.(현대카드 법인 카드·Chameleon 제외)
간편결제 서비스(네이버페이 등) 이용 시 혜택을 받을 수 없습니다.
현대카드 및 제휴사의 다른 혜택(할인·적립, 바우처 사용 등), 이벤트와 중복 적용되지 않습니다.
예약 취소 및 환불은 호텔별 규정을 따르며, 관련 내용은 제휴 호텔로 문의해 주세요.
위 혜택은 현대카드 및 제휴사 사정에 따라 변경 또는 중단될 수 있습니다.",2026-06-06 17:16:22
NXNX_E0001,NXNX,현대,넥슨,UUI988,국내 제휴 호텔 6~7월 이벤트 혜택 안내,https://www.hyundaicard.com/cpb/ev/CPBEV0101_06.hc?bnftWebEvntCd=UUI988,2026-06-05,2026-07-23,할인,혜택,대상 카드로 국내 제휴 호텔 이벤트 이용 시 할인 혜택 제공,2026-06-06 17:16:22
NXNX_E0001,NXNX,현대,넥슨,UUI988,국내 제휴 호텔 6~7월 이벤트 혜택 안내,https://www.hyundaicard.com/cpb/ev/CPBEV0101_06.hc?bnftWebEvntCd=UUI988,2026-06-05,2026-07-23,할인,대상,"[마감]더 플라자(주소 : 서울시 중구 소공로 119 / 문의 : 02-310-7777)
'세븐스퀘어' 성인 주중 런치 및 주중 디너 뷔페 50% 할인
가격(1인 기준 / 세금 포함)
주중(월~금요일) 런치 : 정상가 160,000원 > 할인가 80,000원
주중(월~금요일) 디너 : 정상가 170,000원 > 할인가 85,000원
예약 기간 : 2026. 6. 5 ~ 6. 26
이용 기간 : 2026. 6. 8 ~ 6. 26
운영 시간
주중(월~금요일) 런치 : 오전 11시 30분 ~ 오후 2시 30분
주중(월~금요일) 디너 : 오후 6시 ~ 9시
유의사항
본인 회원 포함 성인 최대 4인까지 이용 가능
음료·주류, 이벤트 메뉴 할인 제외
온라인 예약 바로가기
파라다이스 호텔 부산(주소 : 부산시 해운대구 해운대해변로 296 / 문의 : 051-749-2111~3)
조식 패키지(객실 1박, 온 더 플레이트 조식 2인) 할인
7월 한정 라운지 패키지(객실 1박 및 신관 업그레이드, 라운지 파라다이스 올데이 서비스(티 타임, 해피 아워, 조식) 2인, 실내 사우나 2인 무료 이용) 할인
추가 공통 혜택
바이레도 트래블 4종 KIT 1세트 제공
오션스파 씨메르·야외 오션스파 풀(수영장) 1박당 1회 무료 이용
키즈 빌리지(플레이 랩, BMW 키즈 드라이빙존, 하바 키즈 라운지, 웅진 북클럽) 1박당 1회 무료 이용
피트니스 클럽(1박당 성인 2인 1회), 실내 사우나 50% 할인
가격(2인 기준 / 세금 포함)
조식 패키지 본관 디럭스 시티 : 월~목요일 260,000원
금요일, 6. 9, 6. 10, 7. 15, 7. 16, 7. 19, 7. 20, 7. 21, 7. 22, 7. 23 350,000원
토요일, 7. 17 490,000원
일요일 310,000원
조식 패키지 본관 오션 테라스 : 월~목요일 330,000원
금요일, 6. 9, 6. 10, 7. 15, 7. 16, 7. 19, 7. 20, 7. 21, 7. 22, 7. 23 420,000원
토요일, 7. 17 560,000원
일요일 380,000원
라운지 패키지 신관 디럭스 시티 : 월~목요일 300,000원
금요일, 7. 15, 7. 16, 7. 19, 7. 20, 7. 21, 7. 22, 7. 23 390,000원
토요일, 7. 17 530,000원
일요일 350,000원
라운지 패키지 신관 오션 테라스 : 월~목요일 370,000원
금요일, 7. 15, 7. 16, 7.19, 7. 20, 7. 21, 7. 22, 7. 23 460,000원
토요일, 7. 17 600,000원
일요일 420,000원
예약 및 이용 기간 : 2026. 6. 5 ~ 7. 23
* 제외일자 : 2026. 6. 11 ~ 6. 13
유의사항
본인 회원 예약 시 최대 2박 또는 1박 2객실 이용 가능(택1)
라운지 패키지의 경우 7월 한정으로만 운영
1객실 기준 성인 2인 + 어린이(49개월~초등학생) 2인까지 투숙 가능(단, 성인 3인 투숙 시 어린이는 1인만 투숙 가능)
인원 추가 및 업그레이드에 대해 아래와 같이 추가 요금 부과
* 성인 : 1인 기준 72,600원(씨메르·오션풀 이용 포함, 최대 성인 1인까지 추가 가능)
* 추가 베드(본관 : 보조침대, 신관 : 소파베드) 요청 시 사전 예약 필수
* 라운지 파라다이스 올데이 서비스 이용 인원 추가 시 성인 145,200원, 어린이 72,600원
* 신관 업그레이드 시 24,200원
라운지 파라다이스의 경우 49개월 이상 입장 가능, 실내 사우나의 경우 14세 이상 출입 가능
체크인 기준, 5일 이내 위약금 없이 예약 변경 및 취소 가능
매달 네 번째 수요일 스파 부대시설(씨메르, 오션풀, 피트니스 클럽, 실내 사우나) 휴관
* 단, 호텔 사정에 따라 변경 가능하며 자세한 내용은 호텔 홈페이지 참고
대상 카드 기소지 회원",2026-06-06 17:16:22
NXNX_E0001,NXNX,현대,넥슨,UUI988,국내 제휴 호텔 6~7월 이벤트 혜택 안내,https://www.hyundaicard.com/cpb/ev/CPBEV0101_06.hc?bnftWebEvntCd=UUI988,2026-06-05,2026-07-23,할인,기간,2026. 6. 5 ~ 7. 23(호텔별 다름),2026-06-06 17:16:22
NXNX_E0001,NXNX,현대,넥슨,UUI988,국내 제휴 호텔 6~7월 이벤트 혜택 안내,https://www.hyundaicard.com/cpb/ev/CPBEV0101_06.hc?bnftWebEvntCd=UUI988,2026-06-05,2026-07-23,할인,이용 방법,예약 및 결제 시 이벤트 대상 회원임을 알리고 본인 명의 대상 카드로 현장 결제,2026-06-06 17:16:22
NXNX_E0001,NXNX,현대,넥슨,UUI988,국내 제휴 호텔 6~7월 이벤트 혜택 안내,https://www.hyundaicard.com/cpb/ev/CPBEV0101_06.hc?bnftWebEvntCd=UUI988,2026-06-05,2026-07-23,할인,확인사항,"확인해 주세요
위 혜택은 본인 회원에 한해 기간 내 호텔별 1회 제공됩니다.
이용 전, 제휴 호텔로 이벤트 진행 및 혜택 적용 가능 여부를 확인해 주세요.
위 혜택은 일자별 한정 수량으로 인원 마감 시 조기 종료될 수 있습니다.
호텔 이용 금액은 부가가치세 포함가입니다.
실물 카드로 결제 시 혜택이 적용됩니다.(현대카드 법인 카드·Chameleon 제외)
간편결제 서비스(네이버페이 등) 이용 시 혜택을 받을 수 없습니다.
현대카드 및 제휴사의 다른 혜택(할인·적립, 바우처 사용 등), 이벤트와 중복 적용되지 않습니다.
예약 취소 및 환불은 호텔별 규정을 따르며, 관련 내용은 제휴 호텔로 문의해 주세요.
위 혜택은 현대카드 및 제휴사 사정에 따라 변경 또는 중단될 수 있습니다.",2026-06-06 17:16:22
NVE2_E0001,NVE2,현대,네이버,B3V985,네이버 현대카드 Edition2 6월 특별 이벤트,https://www.hyundaicard.com/cpb/ev/CPBEV0101_06.hc?bnftWebEvntCd=B3V985,2026-06-01,2026-06-30,기타,혜택,"15만 네이버페이 포인트 적립 + 네이버플러스 멤버십 연간이용권 제공(46,800원 상당)
기간 내 네이버플러스 멤버십 적립 대상 가맹점에서 대상 카드로 누적 20만원 이상 결제 시
이벤트 시작일 직전 6개월간(2025. 12. 1 ~ 2026. 5. 31) 모든 현대카드 결제 이력이 없는 회원
네이버페이 포인트 : 2026년 7월 중 본인 명의 네이버페이 계정으로 적립
네이버플러스 멤버십 연간이용권  : 2026년 7월 15일 멤버십 계정의 네이버 알림으로 연간 이용권 바우처 코드 안내",2026-06-06 17:16:37
NVE2_E0001,NVE2,현대,네이버,B3V985,네이버 현대카드 Edition2 6월 특별 이벤트,https://www.hyundaicard.com/cpb/ev/CPBEV0101_06.hc?bnftWebEvntCd=B3V985,2026-06-01,2026-06-30,기타,기간,2026. 6. 1 ~ 6. 30,2026-06-06 17:16:37
NVE2_E0001,NVE2,현대,네이버,B3V985,네이버 현대카드 Edition2 6월 특별 이벤트,https://www.hyundaicard.com/cpb/ev/CPBEV0101_06.hc?bnftWebEvntCd=B3V985,2026-06-01,2026-06-30,기타,대상,대상 카드 기소지 회원,2026-06-06 17:16:37
NVE2_E0001,NVE2,현대,네이버,B3V985,네이버 현대카드 Edition2 6월 특별 이벤트,https://www.hyundaicard.com/cpb/ev/CPBEV0101_06.hc?bnftWebEvntCd=B3V985,2026-06-01,2026-06-30,기타,확인사항,"확인해 주세요
혜택 제공 시점에 대상 카드 해지, 교체(재발급 등), 정지(연체 등), 탈회 등의 경우 혜택이 제공되지 않습니다.(카드 상태가 정상인 경우에 한해 제공)
위 혜택은 현대카드 및 네이버 사정에 따라 변경 또는 중단될 수 있습니다.
자세한 내용은 현대카드 고객센터(1577-6000)로 문의해 주세요.
이벤트 시작일 직전 6개월 동안의 결제 이력은 본인 명의 현대카드(대상 카드, 가족·체크·후불하이패스카드, 정기결제, 수수료 결제 등 포함)의 모든 결제 건입니다.
혜택 제공월 포함 12개월 내 이벤트 채널에 관계없이 현대카드의 다른 이벤트 혜택(캐시백, 포인트, 할인 쿠폰 등)을 받은 이력이 있는 경우, 조건을 충족하더라도 혜택에서 제외됩니다.
혜택은 본인 회원에 한해 1회 제공됩니다.
혜택은 본인 명의 네이버 현대카드 Edition2로 결제 시 제공됩니다.
혜택을 받기 위한 최소 결제 금액은 기간 내 승인 건에 한하며, 본인 명의 대상 카드의 누적 이용 금액(일시불 및 할부 합산) 기준입니다.
네이버플러스 멤버십 적립 대상이란, 네이버를 통해 네이버페이로 결제한 상품·서비스 중 결제하기 페이지에 네이버플러스 멤버십 적립 대상 아이콘이 있는 주문 건을 말합니다.
네이버플러스 멤버십 추가 적립이 되는 모든 상품·서비스 결제 건(컬리N마트 전 상품은 네이버플러스 멤버십 추가 적립 제외 대상으로 네이버플러스 멤버십 적립 대상이 아님)
네이버플러스 멤버십 적립 대상 아이콘이 있는 네이버 쇼핑·예약 결제 건에 한함(단, 네이버를 통하지 않고 직접 쇼핑몰에 접속한 경우 제외)
네이버플러스 멤버십 적립 대상 아이콘이 있어도 도서정가제 대상 상품, 디지털 콘텐츠, e쿠폰 및 환금성 카테고리 상품은 이용 금액 합산에서 제외
부분 취소, 환불, 대상 카드 외 모든 현대카드 이용 금액 제외
혜택 제공일 전에 결제 취소·환불 등으로 최소 결제 금액 미충족 시 혜택이 제공되지 않습니다.(기간 내 재결제 및 조건 충족 시 제공)
네이버플러스 멤버십 연간이용권은 네이버 알림으로 발송되는 안내에 따라 등록 완료 시, 이용 중인 멤버십 기간이 끝나는 시점에 자동 적용됩니다.
제공된 연간이용권 바우처 유효 기간은 제공일로부터 1년으로 유효 기간 내 연간이용권 등록 및 사용 개시되어야 함
네이버플러스 멤버십 연간이용권 제공을 위해 혜택 제공 시점에 멤버십 가입 유지 필수
혜택을 제공받은 달부터 13개월 내 대상 카드 해지 또는 탈회 시 받은 혜택은 현금으로 청구되거나, 등록된 본인 명의 결제 계좌에서 자동 출금될 수 있습니다.(1 포인트=1원으로 환산)
예시 : 2026년 7월에 혜택을 제공받은 후, 2027년 7월 31일 이전에 대상 카드 해지 또는 탈회 시 제공받은 혜택 금액만큼 청구",2026-06-06 17:16:37
TO_E0002,TO,현대,"나를 빛내는 컬러, the Orange",5VL936,현대카드MY BUSINESS the Orange 신규 회원 연회비 캐시백 이벤트,https://www.hyundaicard.com/cpb/ev/CPBEV0101_06.hc?bnftWebEvntCd=5VL936,2026-06-01,2026-06-30,캐시백,혜택,"기간 내 현대카드 홈페이지 및 앱에서 현대카드MY BUSINESS the Orange 신규 발급 후
조건 충족 시 발급 첫해 연회비 캐시백
현대카드 최초 발급 및 재가입(탈회 후 1년 초과하여 발급) 회원
발급월 포함 2개월간 100만원 이상 이용
앱카드 등록* 또는 Apple Pay에 카드 추가
*안드로이드/iOS 기종 모두 등록 가능
마케팅 수신 동의
Online/1_홈페이지&인터넷
STEP1
현대카드 홈페이지 및
앱에서 카드 신청
ServiceDetail/23_일부결제금액이월약정&상환스케줄조정서비스
STEP2
발급 다음 달까지 100만원 이상 이용
앱카드 등록 또는 Apple Pay에 카드 추가
마케팅 수신 동의
Cashback/5_캐시백
STEP3
발급 다음 달부터 3개월 이내
캐시백 제공(결제 계좌로 입금)
앱카드 바로가기
조건 충족 시 발급 다음 달 기준 3개월 이내 본인 명의 결제 계좌로 입금
예시) 2026년 6월 발급 후 7월 31일까지 조건 충족 시 9월 30일경 입금",2026-06-06 17:17:01
TO_E0002,TO,현대,"나를 빛내는 컬러, the Orange",5VL936,현대카드MY BUSINESS the Orange 신규 회원 연회비 캐시백 이벤트,https://www.hyundaicard.com/cpb/ev/CPBEV0101_06.hc?bnftWebEvntCd=5VL936,2026-06-01,2026-06-30,캐시백,기간,2026. 6. 1 ~ 6. 30(카드 신청일 기준),2026-06-06 17:17:01
TO_E0002,TO,현대,"나를 빛내는 컬러, the Orange",5VL936,현대카드MY BUSINESS the Orange 신규 회원 연회비 캐시백 이벤트,https://www.hyundaicard.com/cpb/ev/CPBEV0101_06.hc?bnftWebEvntCd=5VL936,2026-06-01,2026-06-30,캐시백,이용 방법,"홈페이지 > 카드 > 카드 신청
앱 > 메뉴(좌측 상단) > 카드 신청",2026-06-06 17:17:01
TO_E0003,TO,현대,"나를 빛내는 컬러, the Orange",EI3938,the Orange 신규 회원 연회비 캐시백 이벤트,https://www.hyundaicard.com/cpb/ev/CPBEV0101_06.hc?bnftWebEvntCd=EI3938,2026-06-01,2026-06-30,캐시백,혜택,"기간 내 현대카드 홈페이지 및 앱에서 the Orange 신규 발급 후 조건 충족 시 발급 첫해 연회비 캐시백
현대카드 최초 발급 및 재가입(탈회 후 1년 초과하여 발급) 회원
마케팅 수신 동의
Online/1_홈페이지&인터넷
STEP1
현대카드 홈페이지 및
앱에서 카드 신청
Online/12_신청완료
STEP2
마케팅 수신 동의
Cashback/5_캐시백
STEP3
발급 다음 달부터 3개월 이내
캐시백 제공(결제 계좌로 입금)
앱카드 바로가기
조건 충족 시 발급 다음 달 기준 3개월 이내 본인 명의 결제 계좌로 입금
예시) 2026년 6월 발급 후 7월 31일까지 조건 충족 시 9월 30일경 입금",2026-06-06 17:17:06
TO_E0003,TO,현대,"나를 빛내는 컬러, the Orange",EI3938,the Orange 신규 회원 연회비 캐시백 이벤트,https://www.hyundaicard.com/cpb/ev/CPBEV0101_06.hc?bnftWebEvntCd=EI3938,2026-06-01,2026-06-30,캐시백,기간,2026. 6. 1 ~ 6. 30(카드 신청일 기준),2026-06-06 17:17:06
TO_E0003,TO,현대,"나를 빛내는 컬러, the Orange",EI3938,the Orange 신규 회원 연회비 캐시백 이벤트,https://www.hyundaicard.com/cpb/ev/CPBEV0101_06.hc?bnftWebEvntCd=EI3938,2026-06-01,2026-06-30,캐시백,이용 방법,"홈페이지 > 카드 > 카드 신청
앱 > 메뉴(좌측 상단) > 카드 신청",2026-06-06 17:17:06
HDSHE2_E0001,HDSHE2,현대,현대홈쇼핑 할인에 적립금을 더한 현대홈쇼핑 현대카드 Edition2,NXA924,현대홈쇼핑 현대카드 Edition2 최대 4만원 혜택 + VIP 멤버십 제공,https://www.hyundaicard.com/cpb/ev/CPBEV0101_06.hc?bnftWebEvntCd=NXA924,2026-06-01,2026-06-30,할인,혜택,"4만 1천원 이상 첫 결제 시 4만원 할인 쿠폰
2만 1천원 이상 첫 결제 시 2만원 할인 쿠폰
기간 내 현대홈쇼핑 현대카드 Edition2 이용 고객 대상, 현대홈쇼핑 첫 이용 당일 다이아몬드 등급으로 승급(최초 1회 제공)
* 다이아몬드 등급 혜택
5천원 쿠폰 1매(5만원 이상 결제 시)
3천원 쿠폰 2매(3만원 이상 결제 시)
5% 할인 쿠폰 1매(1원 이상 결제 시, 최대 2만원 할인)
2천 H.Point 적립(월 2회)
※ VIP 멤버십은 현대홈쇼핑이 제공하는 서비스로, 현대홈쇼핑 사정에 따라 변경 또는 중단될 수 있으니 자세한 내용은 [혜택 자세히 보기]를 통해 확인해 주세요.
다이아몬드 등급 제공 기간 : 2026. 6. 1 ~ 9. 30
쿠폰 발급 방법 : 현대홈쇼핑 홈페이지 및 앱 내 '마이페이지'에서 다운로드",2026-06-06 17:17:11
HDSHE2_E0001,HDSHE2,현대,현대홈쇼핑 할인에 적립금을 더한 현대홈쇼핑 현대카드 Edition2,NXA924,현대홈쇼핑 현대카드 Edition2 최대 4만원 혜택 + VIP 멤버십 제공,https://www.hyundaicard.com/cpb/ev/CPBEV0101_06.hc?bnftWebEvntCd=NXA924,2026-06-01,2026-06-30,할인,대상,"4만원 할인 쿠폰 : 이벤트 시작월 직전 6개월간(2025. 12. 1 ~ 2026. 5. 31) 현대홈쇼핑에서 모든 현대카드 결제 이력이 없는 대상 카드 기소지 회원
2만원 할인 쿠폰 : 이벤트 시작월 직전 6개월간(2025. 12. 1 ~ 2026. 5. 31) 현대홈쇼핑에서 모든 현대카드 결제 이력이 있는 대상 카드 기소지 회원
현재 현대홈쇼핑 멤버십 등급이 실버/골드/플래티넘인 대상 카드 기소지 회원
현대홈쇼핑 Hmall 홈페이지 및 앱",2026-06-06 17:17:11
HDSHE2_E0001,HDSHE2,현대,현대홈쇼핑 할인에 적립금을 더한 현대홈쇼핑 현대카드 Edition2,NXA924,현대홈쇼핑 현대카드 Edition2 최대 4만원 혜택 + VIP 멤버십 제공,https://www.hyundaicard.com/cpb/ev/CPBEV0101_06.hc?bnftWebEvntCd=NXA924,2026-06-01,2026-06-30,할인,기간,2026. 6. 1 ~ 6. 30,2026-06-06 17:17:11
HDSHE2_E0001,HDSHE2,현대,현대홈쇼핑 할인에 적립금을 더한 현대홈쇼핑 현대카드 Edition2,NXA924,현대홈쇼핑 현대카드 Edition2 최대 4만원 혜택 + VIP 멤버십 제공,https://www.hyundaicard.com/cpb/ev/CPBEV0101_06.hc?bnftWebEvntCd=NXA924,2026-06-01,2026-06-30,할인,확인사항,"확인해 주세요
혜택 1, 2는 조건 충족 시 중복 제공됩니다.
이벤트 시작월 직전 6개월간(2025. 12. 1 ~ 2026. 5. 31) 결제 이력은 본인 명의 현대카드(현대홈쇼핑 현대카드 Edition2, 가족·체크·후불하이패스카드, 정기결제, 수수료 결제 등 포함)의 모든 결제 건입니다.
이벤트 기간 및 시작월 직전 12개월간(2025. 6. 1 ~ 2026. 5. 31) 이벤트 채널에 관계없이 현대카드의 다른 이용 유도 이벤트에 참여했거나 혜택(캐시백, 포인트, 할인 쿠폰 등)을 받은 경우, 조건을 충족하더라도 혜택이 중복 제공되지 않습니다.
카드 플레이트에 표기된 명의와 현대홈쇼핑 Hamll 아이디 명의가 일치한 본인 회원에 한해 혜택별 1회 제공됩니다.
네이버, 다나와 등 경유 사이트 이용 또는 일부 상품끼리의 장바구니 합결제, 현금성 상품(상품권 등), 일부 브랜드 상품 등은 쿠폰 사용 불가합니다.
아래의 경우 혜택이 제공되지 않습니다.
현대홈쇼핑 현대카드 관련 다른 이벤트 혜택을 받은 이력이 있는 회원
명의 불일치, 휴면 고객, 간편가입 로그인 회원
발급된 쿠폰은 발급일부터 30일간, 현대홈쇼핑 Hmall에서 결제 시 사용 가능합니다.(유효 기간 연장 불가)
혜택 1을 사용한 달부터 13개월 내 대상 카드 해지 및 탈회 시 받은 혜택은 현금으로 청구되거나, 등록된 본인 명의 결제 계좌에서 자동 출금될 수 있습니다.
예시 : 2026년 6월에 혜택 사용 후, 2027년 6월 30일 이전에 대상 카드 해지 또는 탈회 시 사용한 혜택 금액만큼 청구(자세한 내용은 현대카드로 문의)
다이아몬드 등급 제공 기간 종료 후에는 현대홈쇼핑 내부 정책 및 실적 기준에 따라 등급이 재조정될 수 있습니다.
멤버십, 쿠폰 사용 방법 및 유효 기간 등 자세한 내용은 현대홈쇼핑 홈페이지 및 앱에서 확인해 주세요.
혜택 제공 시점에 대상 카드 해지, 교체(재발급 등), 정지(연체 등) 등의 경우 혜택이 제공되지 않습니다.(카드 상태가 정상인 경우에 한해 제공)
혜택 제공 일정은 현대카드 및 회원 사정에 따라 변경될 수 있습니다.
혜택 1은 현대카드 및 현대홈쇼핑 사정에 따라 변경 또는 중단될 수 있으며, 자세한 내용은 [혜택 자세히 보기]를 통해 확인해 주세요.
자세한 내용은 현대카드 고객센터(1577-6000)로 문의해 주세요.",2026-06-06 17:17:11
MDBI_E0001,MDBI,현대,DB손해보험 현대카드,QNL858,DB손해보험 현대카드 신규 회원 연회비 캐시백 이벤트,https://www.hyundaicard.com/cpb/ev/CPBEV0101_06.hc?bnftWebEvntCd=QNL858,2026-06-01,2026-06-30,캐시백,혜택,"기간 내 현대카드 홈페이지 및 앱에서
대상 카드 신규 발급 후
조건 충족 시
발급 첫해
연회비 캐시백
현대카드 최초 발급 및 재가입(탈회 후 1년 초과하여 발급) 회원
마케팅 수신 동의 및 앱카드 등록* 또는 Apple Pay에 카드 추가
*안드로이드/iOS 기종 모두 등록 가능
Online/1_홈페이지&인터넷
STEP1
현대카드 홈페이지 및
앱에서 카드 신청
ServiceDetail/23_일부결제금액이월약정&상환스케줄조정서비스
STEP2
마케팅 수신 동의 + 앱카드 등록 또는
Apple Pay에 카드 추가
Cashback/5_캐시백
STEP3
발급 다음 달부터 3개월 이내
캐시백 제공(결제 계좌 입금)
앱카드 바로가기
조건 충족 시 발급 다음 달 기준 3개월 이내 본인 명의 결제 계좌로 입금
예시) 2026년 6월 발급 후 6월 30일까지 조건 충족 시 2026년 8월 31일경 입금",2026-06-06 17:17:21
MDBI_E0001,MDBI,현대,DB손해보험 현대카드,QNL858,DB손해보험 현대카드 신규 회원 연회비 캐시백 이벤트,https://www.hyundaicard.com/cpb/ev/CPBEV0101_06.hc?bnftWebEvntCd=QNL858,2026-06-01,2026-06-30,캐시백,기간,2026.6. 1 ~ 6. 30(카드 신청일 기준),2026-06-06 17:17:21
MDBI_E0001,MDBI,현대,DB손해보험 현대카드,QNL858,DB손해보험 현대카드 신규 회원 연회비 캐시백 이벤트,https://www.hyundaicard.com/cpb/ev/CPBEV0101_06.hc?bnftWebEvntCd=QNL858,2026-06-01,2026-06-30,캐시백,이용 방법,"홈페이지 > 카드 > 카드 신청
앱 > 메뉴(좌측 상단) > 카드 신청",2026-06-06 17:17:21
MDBI_E0001,MDBI,현대,DB손해보험 현대카드,QNL858,DB손해보험 현대카드 신규 회원 연회비 캐시백 이벤트,https://www.hyundaicard.com/cpb/ev/CPBEV0101_06.hc?bnftWebEvntCd=QNL858,2026-06-01,2026-06-30,캐시백,확인사항,"확인해 주세요
위 혜택은 현대카드 홈페이지 및 앱에서 발급한 회원에 한해 1회 제공됩니다.(오프라인 발급 시 혜택 제외)
다음의 경우 혜택을 받을 수 없습니다.
본인 명의 카드 신규 발급 외 본인 카드 추가ㆍ교체 발급, 가족 카드 발급 회원
대상 카드 발급월부터 1년 내 탈회 또는 본인ㆍ가족 카드 해지 이력이 있는 회원
예시) 6월 발급 시 2025년 7월 ~ 2026년 6월
혜택 제공 일정은 현대카드 또는 회원 사정에 따라 변경될 수 있습니다.
카드 이용 대금 결제일과 캐시백 제공일이 동일한 경우 캐시백 금액이 이용 대금으로 납부될 수 있습니다.
혜택 제공 시점에 대상 카드 해지, 교체(재발급 등), 정지(연체 등) 탈회 등의 경우 혜택이 제공되지 않습니다.(카드 상태가 정상인 경우에 한해 제공)
현대카드에서 진행하는 다른 이벤트(연회비 캐시백, 발급ㆍ이용 유도 등) 혜택과 중복 적용 불가합니다.
카드 발급 여부는 현대카드의 발급 및 심사 기준에 따릅니다.
신청 과정 중 회원님께 확인 전화를 드릴 수 있습니다.
자세한 내용은 현대카드 고객센터(1577-6000)로 문의해 주세요.
위 혜택은 현대카드 사정에 따라 변경 또는 중단될 수 있습니다.
Apple Pay 결제 대상 현대카드 및 이용 가능 브랜드는 현대카드 앱 및 홈페이지에서 확인해 주세요.",2026-06-06 17:17:21
MHMFI_E0001,MHMFI,현대,현대해상 현대카드,GAC848,현대해상 현대카드 신규 회원 연회비 캐시백 이벤트,https://www.hyundaicard.com/cpb/ev/CPBEV0101_06.hc?bnftWebEvntCd=GAC848,2026-06-01,2026-06-30,캐시백,혜택,"기간 내 현대카드 홈페이지 및 앱에서
대상 카드 신규 발급 후
조건 총족 시
발급 첫해
연회비 캐시백
현대카드 최초 발급 및 재가입(탈회 후 1년 초과하여 발급) 회원
마케팅 수신 동의 및 앱카드 등록* 또는 Apple Pay에 카드 추가
*안드로이드/iOS 기종 모두 등록 가능
Online/1_홈페이지&인터넷
STEP1
현대카드 홈페이지 및
앱에서 카드 신청
ServiceDetail/23_일부결제금액이월약정&상환스케줄조정서비스
STEP2
마케팅 수신 동의 + 앱카드 등록 또는
Apple Pay에 카드 추가
Cashback/5_캐시백
STEP3
발급 다음 달부터 3개월 이내
캐시백 제공(결제 계좌 입금)
앱카드 바로가기
조건 충족 시 발급 다음 달 기준 3개월 이내 본인 명의 결제 계좌로 입금
예시) 2026년 6월 발급 후 6월 30일까지 조건 충족 시 2026년 8월 31일경 입금",2026-06-06 17:17:26
MHMFI_E0001,MHMFI,현대,현대해상 현대카드,GAC848,현대해상 현대카드 신규 회원 연회비 캐시백 이벤트,https://www.hyundaicard.com/cpb/ev/CPBEV0101_06.hc?bnftWebEvntCd=GAC848,2026-06-01,2026-06-30,캐시백,기간,2026. 6. 1 ~ 6. 30(카드 신청일 기준),2026-06-06 17:17:26
MHMFI_E0001,MHMFI,현대,현대해상 현대카드,GAC848,현대해상 현대카드 신규 회원 연회비 캐시백 이벤트,https://www.hyundaicard.com/cpb/ev/CPBEV0101_06.hc?bnftWebEvntCd=GAC848,2026-06-01,2026-06-30,캐시백,이용 방법,"홈페이지 > 카드 > 카드 신청
앱 > 메뉴(좌측 상단) > 카드 신청",2026-06-06 17:17:26
MHMFI_E0001,MHMFI,현대,현대해상 현대카드,GAC848,현대해상 현대카드 신규 회원 연회비 캐시백 이벤트,https://www.hyundaicard.com/cpb/ev/CPBEV0101_06.hc?bnftWebEvntCd=GAC848,2026-06-01,2026-06-30,캐시백,확인사항,"확인해 주세요
위 혜택은 현대카드 홈페이지 및 앱에서 발급한 회원에 한해 1회 제공됩니다.(오프라인 발급 시 혜택 제외)
다음의 경우 혜택을 받을 수 없습니다.
본인 명의 카드 신규 발급 외 본인 카드 추가ㆍ교체 발급, 가족 카드 발급 회원
대상 카드 발급월부터 1년 내 탈회 또는 본인ㆍ가족 카드 해지 이력이 있는 회원
예시) 6월 발급 시 2025년 7월 ~ 2026년 6월
혜택 제공 일정은 현대카드 또는 회원 사정에 따라 변경될 수 있습니다.
카드 이용 대금 결제일과 캐시백 제공일이 동일한 경우 캐시백 금액이 이용 대금으로 납부될 수 있습니다.
혜택 제공 시점에 대상 카드 해지, 교체(재발급 등), 정지(연체 등) 탈회 등의 경우 혜택이 제공되지 않습니다.(카드 상태가 정상인 경우에 한해 제공)
현대카드에서 진행하는 다른 이벤트(연회비 캐시백, 발급ㆍ이용 유도 등) 혜택과 중복 적용 불가합니다.
카드 발급 여부는 현대카드의 발급 및 심사 기준에 따릅니다.
신청 과정 중 회원님께 확인 전화를 드릴 수 있습니다.
자세한 내용은 현대카드 고객센터(1577-6000)로 문의해 주세요.
위 혜택은 현대카드 사정에 따라 변경 또는 중단될 수 있습니다.
Apple Pay 결제 대상 현대카드 및 이용 가능 브랜드는 현대카드 앱 및 홈페이지에서 확인해 주세요.",2026-06-06 17:17:26
HCD_E0001,HCD,현대,D,YCK811,"현대카드D, H, O, S, T 신규 회원 연회비 캐시백 이벤트",https://www.hyundaicard.com/cpb/ev/CPBEV0101_06.hc?bnftWebEvntCd=YCK811,2026-06-01,2026-06-30,캐시백,혜택,"기간 내 현대카드 홈페이지 및 앱에서
대상 카드 신규 발급 후
조건 충족 시
발급 첫해
연회비 캐시백
현대카드 최초 발급 및 재가입(탈회 후 1년 초과하여 발급) 회원
마케팅 수신 동의
Online/1_홈페이지&인터넷
STEP1
현대카드 홈페이지 및
앱에서 카드 신청
Online/12_신청완료
STEP2
마케팅 수신 동의
Cashback/5_캐시백
STEP3
발급 다음 달부터 3개월 이내
캐시백 제공(결제 계좌 입금)
앱카드 바로가기
조건 충족 시 발급 다음 달 기준 3개월 이내 본인 명의 결제 계좌로 입금
예시) 2026년 6월 발급 후 7월 31일까지 조건 충족 시 9월 30일경 입금",2026-06-06 17:17:30
HCD_E0001,HCD,현대,D,YCK811,"현대카드D, H, O, S, T 신규 회원 연회비 캐시백 이벤트",https://www.hyundaicard.com/cpb/ev/CPBEV0101_06.hc?bnftWebEvntCd=YCK811,2026-06-01,2026-06-30,캐시백,기간,2026. 6. 1 ~ 6. 30(카드 신청일 기준),2026-06-06 17:17:30
HCD_E0001,HCD,현대,D,YCK811,"현대카드D, H, O, S, T 신규 회원 연회비 캐시백 이벤트",https://www.hyundaicard.com/cpb/ev/CPBEV0101_06.hc?bnftWebEvntCd=YCK811,2026-06-01,2026-06-30,캐시백,이용 방법,"홈페이지 > 카드 > 카드 신청
앱 > 메뉴(좌측 상단) > 카드 신청",2026-06-06 17:17:30
HCH_E0001,HCH,현대,H,YCK811,"현대카드D, H, O, S, T 신규 회원 연회비 캐시백 이벤트",https://www.hyundaicard.com/cpb/ev/CPBEV0101_06.hc?bnftWebEvntCd=YCK811,2026-06-01,2026-06-30,캐시백,혜택,"기간 내 현대카드 홈페이지 및 앱에서
대상 카드 신규 발급 후
조건 충족 시
발급 첫해
연회비 캐시백
현대카드 최초 발급 및 재가입(탈회 후 1년 초과하여 발급) 회원
마케팅 수신 동의
Online/1_홈페이지&인터넷
STEP1
현대카드 홈페이지 및
앱에서 카드 신청
Online/12_신청완료
STEP2
마케팅 수신 동의
Cashback/5_캐시백
STEP3
발급 다음 달부터 3개월 이내
캐시백 제공(결제 계좌 입금)
앱카드 바로가기
조건 충족 시 발급 다음 달 기준 3개월 이내 본인 명의 결제 계좌로 입금
예시) 2026년 6월 발급 후 7월 31일까지 조건 충족 시 9월 30일경 입금",2026-06-06 17:17:30
HCH_E0001,HCH,현대,H,YCK811,"현대카드D, H, O, S, T 신규 회원 연회비 캐시백 이벤트",https://www.hyundaicard.com/cpb/ev/CPBEV0101_06.hc?bnftWebEvntCd=YCK811,2026-06-01,2026-06-30,캐시백,기간,2026. 6. 1 ~ 6. 30(카드 신청일 기준),2026-06-06 17:17:30
HCH_E0001,HCH,현대,H,YCK811,"현대카드D, H, O, S, T 신규 회원 연회비 캐시백 이벤트",https://www.hyundaicard.com/cpb/ev/CPBEV0101_06.hc?bnftWebEvntCd=YCK811,2026-06-01,2026-06-30,캐시백,이용 방법,"홈페이지 > 카드 > 카드 신청
앱 > 메뉴(좌측 상단) > 카드 신청",2026-06-06 17:17:30
HCO_E0001,HCO,현대,O,YCK811,"현대카드D, H, O, S, T 신규 회원 연회비 캐시백 이벤트",https://www.hyundaicard.com/cpb/ev/CPBEV0101_06.hc?bnftWebEvntCd=YCK811,2026-06-01,2026-06-30,캐시백,혜택,"기간 내 현대카드 홈페이지 및 앱에서
대상 카드 신규 발급 후
조건 충족 시
발급 첫해
연회비 캐시백
현대카드 최초 발급 및 재가입(탈회 후 1년 초과하여 발급) 회원
마케팅 수신 동의
Online/1_홈페이지&인터넷
STEP1
현대카드 홈페이지 및
앱에서 카드 신청
Online/12_신청완료
STEP2
마케팅 수신 동의
Cashback/5_캐시백
STEP3
발급 다음 달부터 3개월 이내
캐시백 제공(결제 계좌 입금)
앱카드 바로가기
조건 충족 시 발급 다음 달 기준 3개월 이내 본인 명의 결제 계좌로 입금
예시) 2026년 6월 발급 후 7월 31일까지 조건 충족 시 9월 30일경 입금",2026-06-06 17:17:30
HCO_E0001,HCO,현대,O,YCK811,"현대카드D, H, O, S, T 신규 회원 연회비 캐시백 이벤트",https://www.hyundaicard.com/cpb/ev/CPBEV0101_06.hc?bnftWebEvntCd=YCK811,2026-06-01,2026-06-30,캐시백,기간,2026. 6. 1 ~ 6. 30(카드 신청일 기준),2026-06-06 17:17:30
HCO_E0001,HCO,현대,O,YCK811,"현대카드D, H, O, S, T 신규 회원 연회비 캐시백 이벤트",https://www.hyundaicard.com/cpb/ev/CPBEV0101_06.hc?bnftWebEvntCd=YCK811,2026-06-01,2026-06-30,캐시백,이용 방법,"홈페이지 > 카드 > 카드 신청
앱 > 메뉴(좌측 상단) > 카드 신청",2026-06-06 17:17:30
HCS_E0001,HCS,현대,S,YCK811,"현대카드D, H, O, S, T 신규 회원 연회비 캐시백 이벤트",https://www.hyundaicard.com/cpb/ev/CPBEV0101_06.hc?bnftWebEvntCd=YCK811,2026-06-01,2026-06-30,캐시백,혜택,"기간 내 현대카드 홈페이지 및 앱에서
대상 카드 신규 발급 후
조건 충족 시
발급 첫해
연회비 캐시백
현대카드 최초 발급 및 재가입(탈회 후 1년 초과하여 발급) 회원
마케팅 수신 동의
Online/1_홈페이지&인터넷
STEP1
현대카드 홈페이지 및
앱에서 카드 신청
Online/12_신청완료
STEP2
마케팅 수신 동의
Cashback/5_캐시백
STEP3
발급 다음 달부터 3개월 이내
캐시백 제공(결제 계좌 입금)
앱카드 바로가기
조건 충족 시 발급 다음 달 기준 3개월 이내 본인 명의 결제 계좌로 입금
예시) 2026년 6월 발급 후 7월 31일까지 조건 충족 시 9월 30일경 입금",2026-06-06 17:17:30
HCS_E0001,HCS,현대,S,YCK811,"현대카드D, H, O, S, T 신규 회원 연회비 캐시백 이벤트",https://www.hyundaicard.com/cpb/ev/CPBEV0101_06.hc?bnftWebEvntCd=YCK811,2026-06-01,2026-06-30,캐시백,기간,2026. 6. 1 ~ 6. 30(카드 신청일 기준),2026-06-06 17:17:30
HCS_E0001,HCS,현대,S,YCK811,"현대카드D, H, O, S, T 신규 회원 연회비 캐시백 이벤트",https://www.hyundaicard.com/cpb/ev/CPBEV0101_06.hc?bnftWebEvntCd=YCK811,2026-06-01,2026-06-30,캐시백,이용 방법,"홈페이지 > 카드 > 카드 신청
앱 > 메뉴(좌측 상단) > 카드 신청",2026-06-06 17:17:30
HCT_E0001,HCT,현대,T,YCK811,"현대카드D, H, O, S, T 신규 회원 연회비 캐시백 이벤트",https://www.hyundaicard.com/cpb/ev/CPBEV0101_06.hc?bnftWebEvntCd=YCK811,2026-06-01,2026-06-30,캐시백,혜택,"기간 내 현대카드 홈페이지 및 앱에서
대상 카드 신규 발급 후
조건 충족 시
발급 첫해
연회비 캐시백
현대카드 최초 발급 및 재가입(탈회 후 1년 초과하여 발급) 회원
마케팅 수신 동의
Online/1_홈페이지&인터넷
STEP1
현대카드 홈페이지 및
앱에서 카드 신청
Online/12_신청완료
STEP2
마케팅 수신 동의
Cashback/5_캐시백
STEP3
발급 다음 달부터 3개월 이내
캐시백 제공(결제 계좌 입금)
앱카드 바로가기
조건 충족 시 발급 다음 달 기준 3개월 이내 본인 명의 결제 계좌로 입금
예시) 2026년 6월 발급 후 7월 31일까지 조건 충족 시 9월 30일경 입금",2026-06-06 17:17:30
HCT_E0001,HCT,현대,T,YCK811,"현대카드D, H, O, S, T 신규 회원 연회비 캐시백 이벤트",https://www.hyundaicard.com/cpb/ev/CPBEV0101_06.hc?bnftWebEvntCd=YCK811,2026-06-01,2026-06-30,캐시백,기간,2026. 6. 1 ~ 6. 30(카드 신청일 기준),2026-06-06 17:17:30
HCT_E0001,HCT,현대,T,YCK811,"현대카드D, H, O, S, T 신규 회원 연회비 캐시백 이벤트",https://www.hyundaicard.com/cpb/ev/CPBEV0101_06.hc?bnftWebEvntCd=YCK811,2026-06-01,2026-06-30,캐시백,이용 방법,"홈페이지 > 카드 > 카드 신청
앱 > 메뉴(좌측 상단) > 카드 신청",2026-06-06 17:17:30
ZRUP_E0001,ZRUP,현대,ZERO Up,BKY768,현대카드 ZERO Up 신규 회원 연회비 캐시백 이벤트,https://www.hyundaicard.com/cpb/ev/CPBEV0101_06.hc?bnftWebEvntCd=BKY768,2026-06-01,2026-06-30,캐시백,혜택,"기간 내 현대카드 홈페이지 및 앱에서
대상 카드 신규 발급 후
조건 충족 시
발급 첫해
연회비 캐시백
현대카드 최초 발급 및 재가입(탈회 후 1년 초과하여 발급) 회원
마케팅 수신 동의
Online/1_홈페이지&인터넷
STEP1
현대카드 홈페이지 및
앱에서 카드 신청
Online/12_신청완료
STEP2
마케팅 수신 동의
Cashback/5_캐시백
STEP3
발급 다음 달부터 3개월 이내
캐시백 제공(결제 계좌 입금)
앱카드 바로가기
조건 충족 시 발급 다음 달 기준 3개월 이내 본인 명의 결제 계좌로 입금
예시) 2026년 6월 발급 후 7월 31일까지 조건 충족 시 9월 30일경 입금",2026-06-06 17:17:35
ZRUP_E0001,ZRUP,현대,ZERO Up,BKY768,현대카드 ZERO Up 신규 회원 연회비 캐시백 이벤트,https://www.hyundaicard.com/cpb/ev/CPBEV0101_06.hc?bnftWebEvntCd=BKY768,2026-06-01,2026-06-30,캐시백,기간,2026. 6. 1 ~ 6. 30(카드 신청일 기준),2026-06-06 17:17:35
ZRUP_E0001,ZRUP,현대,ZERO Up,BKY768,현대카드 ZERO Up 신규 회원 연회비 캐시백 이벤트,https://www.hyundaicard.com/cpb/ev/CPBEV0101_06.hc?bnftWebEvntCd=BKY768,2026-06-01,2026-06-30,캐시백,이용 방법,"홈페이지 > 카드 > 카드 신청
앱 > 메뉴(좌측 상단) > 카드 신청",2026-06-06 17:17:35
XCUT_E0001,XCUT,현대,X Cut,5CB769,"현대카드 X Cut, X Save 신규 회원 연회비 캐시백 이벤트",https://www.hyundaicard.com/cpb/ev/CPBEV0101_06.hc?bnftWebEvntCd=5CB769,2026-06-01,2026-06-30,캐시백,혜택,"기간 내 현대카드 홈페이지 및 앱에서
대상 카드 신규 발급 후
조건 총족 시
발급 첫해
연회비 캐시백
현대카드 최초 발급 및 재가입(탈회 후 1년 초과하여 발급) 회원
마케팅 수신 동의
Online/1_홈페이지&인터넷
STEP1
현대카드 홈페이지 및
앱에서 카드 신청
Online/12_신청완료
STEP2
마케팅 수신 동의
Cashback/5_캐시백
STEP3
발급 다음 달부터 3개월 이내
캐시백 제공(결제 계좌 입금)
앱카드 바로가기
조건 충족 시 발급 다음 달 기준 3개월 이내 본인 명의 결제 계좌로 입금
예시) 2026년 6월 발급 후 7월 31일까지 조건 충족 시 9월 30일경 입금",2026-06-06 17:17:40
XCUT_E0001,XCUT,현대,X Cut,5CB769,"현대카드 X Cut, X Save 신규 회원 연회비 캐시백 이벤트",https://www.hyundaicard.com/cpb/ev/CPBEV0101_06.hc?bnftWebEvntCd=5CB769,2026-06-01,2026-06-30,캐시백,기간,2026. 6. 1 ~ 6. 30(카드 신청일 기준),2026-06-06 17:17:40
XCUT_E0001,XCUT,현대,X Cut,5CB769,"현대카드 X Cut, X Save 신규 회원 연회비 캐시백 이벤트",https://www.hyundaicard.com/cpb/ev/CPBEV0101_06.hc?bnftWebEvntCd=5CB769,2026-06-01,2026-06-30,캐시백,이용 방법,"홈페이지 > 카드 > 카드 신청
앱 > 메뉴(좌측 상단) > 카드 신청",2026-06-06 17:17:40
XSAV_E0001,XSAV,현대,X Save,5CB769,"현대카드 X Cut, X Save 신규 회원 연회비 캐시백 이벤트",https://www.hyundaicard.com/cpb/ev/CPBEV0101_06.hc?bnftWebEvntCd=5CB769,2026-06-01,2026-06-30,캐시백,혜택,"기간 내 현대카드 홈페이지 및 앱에서
대상 카드 신규 발급 후
조건 총족 시
발급 첫해
연회비 캐시백
현대카드 최초 발급 및 재가입(탈회 후 1년 초과하여 발급) 회원
마케팅 수신 동의
Online/1_홈페이지&인터넷
STEP1
현대카드 홈페이지 및
앱에서 카드 신청
Online/12_신청완료
STEP2
마케팅 수신 동의
Cashback/5_캐시백
STEP3
발급 다음 달부터 3개월 이내
캐시백 제공(결제 계좌 입금)
앱카드 바로가기
조건 충족 시 발급 다음 달 기준 3개월 이내 본인 명의 결제 계좌로 입금
예시) 2026년 6월 발급 후 7월 31일까지 조건 충족 시 9월 30일경 입금",2026-06-06 17:17:40
XSAV_E0001,XSAV,현대,X Save,5CB769,"현대카드 X Cut, X Save 신규 회원 연회비 캐시백 이벤트",https://www.hyundaicard.com/cpb/ev/CPBEV0101_06.hc?bnftWebEvntCd=5CB769,2026-06-01,2026-06-30,캐시백,기간,2026. 6. 1 ~ 6. 30(카드 신청일 기준),2026-06-06 17:17:40
XSAV_E0001,XSAV,현대,X Save,5CB769,"현대카드 X Cut, X Save 신규 회원 연회비 캐시백 이벤트",https://www.hyundaicard.com/cpb/ev/CPBEV0101_06.hc?bnftWebEvntCd=5CB769,2026-06-01,2026-06-30,캐시백,이용 방법,"홈페이지 > 카드 > 카드 신청
앱 > 메뉴(좌측 상단) > 카드 신청",2026-06-06 17:17:40
SPM_E0002,SPM,현대,Summit,Z0V730,현대카드MY BUSINESS Summit 신규 회원 연회비 캐시백 이벤트,https://www.hyundaicard.com/cpb/ev/CPBEV0101_06.hc?bnftWebEvntCd=Z0V730,2026-06-01,2026-06-30,캐시백,혜택,"기간 내 현대카드 홈페이지 및 앱에서 대상 카드 신규 발급 후 조건 총족 시 발급 첫해 연회비 캐시백
현대카드 최초 발급 및 재가입(탈회 후 1년 초과하여 발급) 회원
발급월 포함 2개월간 100만원 이상 이용
앱카드 등록* 또는 Apple Pay에 카드 추가
*안드로이드/iOS 기종 모두 등록 가능
마케팅 수신 동의
Online/1_홈페이지&인터넷
STEP1
현대카드 홈페이지 및
앱에서 카드 신청
ServiceDetail/23_일부결제금액이월약정&상환스케줄조정서비스
STEP2
발급 다음 달까지 100만원 이용
앱카드 등록* 또는
Apple Pay에 카드 추가
마케팅 수신 동의
Cashback/5_캐시백
STEP3
발급 다음 달부터 3개월 이내
캐시백 제공(결제 계좌로 입금)
앱카드 바로가기
조건 충족 시 발급 다음 달 기준 3개월 이내 본인 명의 결제 계좌로 입금
예시) 2026년 6월 발급 후 7월 31일까지 조건 충족 시 9월 30일경 입금",2026-06-06 17:17:50
SPM_E0002,SPM,현대,Summit,Z0V730,현대카드MY BUSINESS Summit 신규 회원 연회비 캐시백 이벤트,https://www.hyundaicard.com/cpb/ev/CPBEV0101_06.hc?bnftWebEvntCd=Z0V730,2026-06-01,2026-06-30,캐시백,기간,2026. 6. 1 ~ 6. 30(카드 신청일 기준),2026-06-06 17:17:50
SPM_E0002,SPM,현대,Summit,Z0V730,현대카드MY BUSINESS Summit 신규 회원 연회비 캐시백 이벤트,https://www.hyundaicard.com/cpb/ev/CPBEV0101_06.hc?bnftWebEvntCd=Z0V730,2026-06-01,2026-06-30,캐시백,이용 방법,"홈페이지 > 카드 > 카드 신청
앱 > 메뉴(좌측 상단) > 카드 신청",2026-06-06 17:17:50
SPM_E0002,SPM,현대,Summit,Z0V730,현대카드MY BUSINESS Summit 신규 회원 연회비 캐시백 이벤트,https://www.hyundaicard.com/cpb/ev/CPBEV0101_06.hc?bnftWebEvntCd=Z0V730,2026-06-01,2026-06-30,캐시백,확인사항,"확인해 주세요
위 혜택은 현대카드 홈페이지 및 앱에서 발급한 회원에 한해 1회 제공됩니다.(오프라인 발급 시 혜택 제외)
다음의 경우 혜택을 받을 수 없습니다.
본인 명의 카드 신규 발급 외 본인 카드 추가ㆍ교체 발급, 가족 카드 발급 회원
대상 카드 발급월부터 1년(2025년 7월 ~ 2026년 6월) 내 탈회 또는 본인ㆍ가족 카드 해지 이력이 있는 회원
혜택을 받기 위한 최소 결제 금액은 기간 내 승인 건에 한하며, 본인 명의 현대카드MY BUSINESS Summit의 누적 이용 금액(일시불 및 할부 합산) 기준입니다.
장기카드대출(카드론), 단기카드대출(현금서비스), 연회비, 제수수료, 이자 제외
혜택 제공 일정은 현대카드 또는 회원 사정에 따라 변경될 수 있습니다.
카드 이용 대금 결제일과 캐시백 제공일이 동일한 경우 캐시백 금액이 이용 대금으로 납부될 수 있습니다.
혜택 제공 시점에 대상 카드 해지, 교체(재발급 등), 정지(연체 등), 탈회 등의 경우 혜택이 제공되지 않습니다.(카드 상태가 정상인 경우에 한해 제공)
현대카드에서 진행하는 다른 이벤트(연회비 캐시백, 발급ㆍ이용 유도 등) 혜택과 중복 적용 불가합니다.
카드 발급 여부는 현대카드의 발급 및 심사 기준에 따릅니다.
신청 과정 중 회원님께 확인 전화를 드릴 수 있습니다.
자세한 내용은 현대카드 고객센터(1577-6000)로 문의해 주세요.
위 혜택은 현대카드 사정에 따라 변경 또는 중단될 수 있습니다.
Apple Pay 결제 대상 현대카드 및 이용 가능 브랜드는 현대카드 앱 및 홈페이지에서 확인해 주세요.",2026-06-06 17:17:50
TGE3_E0002,TGE3,현대,the Green Edition3,FNE631,the Green Edition3 신규 회원 연회비 캐시백 이벤트,https://www.hyundaicard.com/cpb/ev/CPBEV0101_06.hc?bnftWebEvntCd=FNE631,2026-06-01,2026-06-30,캐시백,혜택,"기간 내 현대카드 홈페이지 및 앱에서 the Green Edition3 신규 발급 후 조건 총족 시 발급 첫해 연회비 캐시백
현대카드 최초 발급 및 재가입(탈회 후 1년 초과하여 발급) 회원
마케팅 수신 동의
Online/1_홈페이지&인터넷
STEP1
현대카드 홈페이지 및
앱에서 카드 신청
Online/12_신청완료
STEP2
마케팅 수신 동의
Cashback/5_캐시백
STEP3
발급 다음 달부터 3개월 이내
캐시백 제공(결제 계좌 입금)
앱카드 바로가기
조건 충족 시 발급 다음 달 기준 3개월 이내 본인 명의 결제 계좌로 입금
예시) 2026년 6월 발급 후 7월 31일까지 조건 충족 시 9월 30일경 입금",2026-06-06 17:18:00
TGE3_E0002,TGE3,현대,the Green Edition3,FNE631,the Green Edition3 신규 회원 연회비 캐시백 이벤트,https://www.hyundaicard.com/cpb/ev/CPBEV0101_06.hc?bnftWebEvntCd=FNE631,2026-06-01,2026-06-30,캐시백,기간,2026. 6. 1 ~ 6. 30(카드 신청일 기준),2026-06-06 17:18:00
TGE3_E0002,TGE3,현대,the Green Edition3,FNE631,the Green Edition3 신규 회원 연회비 캐시백 이벤트,https://www.hyundaicard.com/cpb/ev/CPBEV0101_06.hc?bnftWebEvntCd=FNE631,2026-06-01,2026-06-30,캐시백,이용 방법,"홈페이지 > 카드 > 카드 신청
앱 > 메뉴(좌측 상단) > 카드 신청",2026-06-06 17:18:00
TGE3_E0002,TGE3,현대,the Green Edition3,FNE631,the Green Edition3 신규 회원 연회비 캐시백 이벤트,https://www.hyundaicard.com/cpb/ev/CPBEV0101_06.hc?bnftWebEvntCd=FNE631,2026-06-01,2026-06-30,캐시백,확인사항,"확인해 주세요
위 혜택은 현대카드 홈페이지 및 앱에서 발급한 회원에 한해 1회 제공됩니다.(오프라인 발급 시 혜택 제외)
다음의 경우 혜택을 받을 수 없습니다.
본인 명의 카드 신규 발급 외 본인 카드 추가ㆍ교체 발급, 가족 카드 발급 회원
대상 카드 발급월부터 1년(2025년 7월 ~ 2026년 6월) 내 탈회 또는 본인ㆍ가족 카드 해지 이력이 있는 회원
혜택을 받기 위한 최소 금액은 기간 내 승인 건에 한하며, 본인 명의 the Green Edition3의 누적 이용 금액(일시불 및 할부 합산) 기준입니다.
장기카드대출(카드론), 단기카드대출(현금서비스), 연회비, 제수수료, 이자 제외
상품권 등 현금성 유가증권 구매 및 선불카드 충전 금액은 이용금액 합산 제외
혜택 제공 일정은 현대카드 또는 회원 사정에 따라 변경될 수 있습니다.
카드 이용 대금 결제일과 캐시백 제공일이 동일한 경우 캐시백 금액이 이용 대금으로 납부될 수 있습니다.
혜택 제공 시점에 대상 카드 해지, 교체(재발급 등), 정지(연체 등), 탈회 등의 경우 혜택이 제공되지 않습니다.(카드 상태가 정상인 경우에 한해 제공)
현대카드에서 진행하는 다른 이벤트(연회비 캐시백, 발급ㆍ이용 유도 등) 혜택과 중복 적용할 수 없습니다.
카드 발급 여부는 현대카드의 발급 및 심사 기준에 따릅니다.
신청 과정 중 회원님께 확인 전화를 드릴 수 있습니다.
자세한 내용은 현대카드 고객센터(1577-6000)로 문의해 주세요.
위 혜택은 현대카드 사정에 따라 변경 또는 중단될 수 있습니다.
Apple Pay 결제 대상 현대카드 및 이용 가능 브랜드는 현대카드 앱 및 홈페이지에서 확인해 주세요.",2026-06-06 17:18:00
TPIE2_E0002,TPIE2,현대,the Pink Edition2,AWH630,the Pink Edition2 신규 회원 연회비 캐시백 이벤트,https://www.hyundaicard.com/cpb/ev/CPBEV0101_06.hc?bnftWebEvntCd=AWH630,2026-06-01,2026-06-30,캐시백,혜택,"기간 내 현대카드 홈페이지 및 앱에서 the Pink Edition2 신규 발급 후 조건 총족 시 발급 첫해 연회비 캐시백
현대카드 최초 발급 및 재가입(탈회 후 1년 초과하여 발급) 회원
마케팅 수신 동의
Online/1_홈페이지&인터넷
STEP1
현대카드 홈페이지 및
앱에서 카드 신청
Online/12_신청완료
STEP2
마케팅 수신 동의
Cashback/5_캐시백
STEP3
발급 다음 달부터 3개월 이내
캐시백 제공(결제 계좌로 입금)
앱카드 바로가기
조건 충족 시 발급 다음 달 기준 3개월 이내 본인 명의 결제 계좌로 입금
예시) 2026년 6월 발급 후 7월 31일까지 조건 충족 시 9월 30일경 입금",2026-06-06 17:18:05
TPIE2_E0002,TPIE2,현대,the Pink Edition2,AWH630,the Pink Edition2 신규 회원 연회비 캐시백 이벤트,https://www.hyundaicard.com/cpb/ev/CPBEV0101_06.hc?bnftWebEvntCd=AWH630,2026-06-01,2026-06-30,캐시백,기간,2026. 6. 1 ~ 6. 30(카드 신청일 기준),2026-06-06 17:18:05
TPIE2_E0002,TPIE2,현대,the Pink Edition2,AWH630,the Pink Edition2 신규 회원 연회비 캐시백 이벤트,https://www.hyundaicard.com/cpb/ev/CPBEV0101_06.hc?bnftWebEvntCd=AWH630,2026-06-01,2026-06-30,캐시백,이용 방법,"홈페이지 > 카드 > 카드 신청
앱 > 메뉴(좌측 상단) > 카드 신청",2026-06-06 17:18:05
TPIE2_E0002,TPIE2,현대,the Pink Edition2,AWH630,the Pink Edition2 신규 회원 연회비 캐시백 이벤트,https://www.hyundaicard.com/cpb/ev/CPBEV0101_06.hc?bnftWebEvntCd=AWH630,2026-06-01,2026-06-30,캐시백,확인사항,"확인해 주세요
위 혜택은 현대카드 홈페이지 및 앱에서 발급한 회원에 한해 1회 제공됩니다.(오프라인 발급 시 혜택 제외)
다음의 경우 혜택을 받을 수 없습니다.
본인 명의 카드 신규 발급 외 본인 카드 추가ㆍ교체 발급, 가족 카드 발급 회원
대상 카드 발급월부터 1년(2025년 7월 ~ 2026년 6월 ) 내 탈회 또는 본인ㆍ가족 카드 해지 이력이 있는 회원
혜택을 받기 위한 최소 금액은 기간 내 승인 건에 한하며, 본인 명의 the Pink Edition2의 누적 이용 금액(일시불 및 할부 합산) 기준입니다.
장기카드대출(카드론), 단기카드대출(현금서비스), 연회비, 제수수료, 이자 제외
상품권 등 현금성 유가증권 구매 및 선불카드 충전 금액은 이용금액 합산 제외
혜택 제공 일정은 현대카드 또는 회원 사정에 따라 변경될 수 있습니다.
카드 이용 대금 결제일과 캐시백 제공일이 동일한 경우 캐시백 금액이 이용 대금으로 납부될 수 있습니다.
캐시백 제공 시점에 대상 카드 해지, 교체(재발급 등), 정지(연체 등) 탈회 등의 경우 혜택이 제공되지 않습니다.(카드 상태가 정상인 경우에 한해 제공)
현대카드에서 진행하는 다른 이벤트(연회비 캐시백, 발급ㆍ이용 유도 등) 혜택과 중복 적용할 수 없습니다.
카드 발급 여부는 현대카드의 발급 및 심사 기준에 따릅니다.
신청 과정 중 회원님께 확인 전화를 드릴 수 있습니다.
자세한 내용은 현대카드 고객센터(1577-6000)로 문의해 주세요.
위 혜택은 현대카드 사정에 따라 변경 또는 중단될 수 있습니다.
Apple Pay 결제 대상 현대카드 및 이용 가능 브랜드는 현대카드 앱 및 홈페이지에서 확인해 주세요.",2026-06-06 17:18:05
MXBE2_E0002,MXBE2,현대,MX Black Edition2,JM0572,현대카드 MX Black Edition2 신규 회원 연회비 캐시백 이벤트,https://www.hyundaicard.com/cpb/ev/CPBEV0101_06.hc?bnftWebEvntCd=JM0572,2026-06-01,2026-06-30,캐시백,혜택,"기간 내 현대카드 홈페이지 및 앱에서 현대카드 MX Black Edition2 신규 발급 후 조건 총족 시 발급 첫해 연회비 캐시백
현대카드 최초 발급 및 재가입(탈회 후 1년 초과하여 발급) 회원
마케팅 수신 동의
Online/1_홈페이지&인터넷
STEP1
현대카드 홈페이지 및
앱에서 카드 신청
Online/12_신청완료
STEP2
마케팅 수신 동의
Cashback/5_캐시백
STEP3
발급 다음 달부터 3개월 이내
캐시백 제공(결제 계좌로 입금)
앱카드 바로가기
조건 충족 시 발급 다음 달 기준 3개월 이내 본인 명의 결제 계좌로 입금
예시) 2026년 6월 발급 후 7월 31일까지 조건 충족 시 9월 30일경 입금",2026-06-06 17:18:10
MXBE2_E0002,MXBE2,현대,MX Black Edition2,JM0572,현대카드 MX Black Edition2 신규 회원 연회비 캐시백 이벤트,https://www.hyundaicard.com/cpb/ev/CPBEV0101_06.hc?bnftWebEvntCd=JM0572,2026-06-01,2026-06-30,캐시백,기간,2026. 6. 1 ~ 6. 30(카드 신청일 기준),2026-06-06 17:18:10
MXBE2_E0002,MXBE2,현대,MX Black Edition2,JM0572,현대카드 MX Black Edition2 신규 회원 연회비 캐시백 이벤트,https://www.hyundaicard.com/cpb/ev/CPBEV0101_06.hc?bnftWebEvntCd=JM0572,2026-06-01,2026-06-30,캐시백,이용 방법,"홈페이지 > 카드 > 카드 신청
앱 > 메뉴(좌측 상단) > 카드 신청",2026-06-06 17:18:10
MXBE2_E0002,MXBE2,현대,MX Black Edition2,JM0572,현대카드 MX Black Edition2 신규 회원 연회비 캐시백 이벤트,https://www.hyundaicard.com/cpb/ev/CPBEV0101_06.hc?bnftWebEvntCd=JM0572,2026-06-01,2026-06-30,캐시백,확인사항,"확인해 주세요
위 혜택은 현대카드 홈페이지 및 앱에서 발급한 회원에 한해 1회 제공됩니다.(오프라인 발급 시 혜택 제외)
다음의 경우 혜택을 받을 수 없습니다.
본인 명의 카드 신규 발급 외 본인 카드 추가ㆍ교체 발급, 가족 카드 발급 회원
대상 카드 발급월부터 1년(2025년 7월 ~ 2026년 6월) 내 탈회 또는 본인ㆍ가족 카드 해지 이력이 있는 회원
혜택을 받기 위한 최소 결제 금액은 기간 내 승인 건에 한하며, 본인 명의 현대카드 MX Black Edition2의 누적 이용 금액(일시불 및 할부 합산) 기준입니다.
장기카드대출(카드론), 단기카드대출(현금서비스), 연회비, 제수수료, 이자 제외
상품권 등 현금성 유가증권 구매 및 선불카드 충전금액은 이용 금액 합산 제외
혜택 제공 일정은 현대카드 또는 회원 사정에 따라 변경될 수 있습니다.
카드 이용 대금 결제일과 캐시백 제공일이 동일한 경우 캐시백 금액이 이용 대금으로 납부될 수 있습니다.
캐시백 제공 시점에 대상 카드 해지, 교체(재발급 등), 정지(연체 등), 탈회 등의 경우 혜택이 제공되지 않습니다.(카드 상태가 정상인 경우에 한해 제공)
현대카드에서 진행하는 다른 이벤트(연회비 캐시백, 발급ㆍ이용 유도 등) 혜택과 중복 적용할 수 없습니다.
카드 발급 여부는 현대카드의 발급 및 심사 기준에 따릅니다.
신청 과정 중 회원님께 확인 전화를 드릴 수 있습니다.
자세한 내용은 현대카드 고객센터(1577-6000)로 문의해 주세요.
위 혜택은 현대카드 사정에 따라 변경 또는 중단될 수 있습니다.
Apple Pay 결제 대상 현대카드 및 이용 가능 브랜드는 현대카드 앱 및 홈페이지에서 확인해 주세요.",2026-06-06 17:18:10
SPM_E0003,SPM,현대,Summit,5PP556,현대카드 Summit 신규 회원 연회비 캐시백 이벤트,https://www.hyundaicard.com/cpb/ev/CPBEV0101_06.hc?bnftWebEvntCd=5PP556,2026-06-01,2026-06-30,캐시백,혜택,"기간 내 현대카드 홈페이지 및 앱에서 현대카드 Summit 신규 발급 후 조건 총족 시 발급 첫해 연회비 캐시백
현대카드 최초 발급 및 재가입(탈회 후 1년 초과하여 발급) 회원
마케팅 수신 동의
Online/1_홈페이지&인터넷
STEP1
현대카드 홈페이지 및
앱에서 카드 신청
Online/12_신청완료
STEP2
마케팅 수신 동의
Cashback/5_캐시백
STEP3
발급 다음 달부터 3개월 이내
캐시백 제공(결제 계좌로 입금)
앱카드 바로가기
조건 충족 시 발급 다음 달 기준 3개월 이내 본인 명의 결제 계좌로 입금
예시) 2026년 6월 발급 후 7월 31일까지 조건 충족 시 9월 30일경 입금",2026-06-06 17:18:20
SPM_E0003,SPM,현대,Summit,5PP556,현대카드 Summit 신규 회원 연회비 캐시백 이벤트,https://www.hyundaicard.com/cpb/ev/CPBEV0101_06.hc?bnftWebEvntCd=5PP556,2026-06-01,2026-06-30,캐시백,기간,2026. 6. 1 ~ 6. 30(카드 신청일 기준),2026-06-06 17:18:20
SPM_E0003,SPM,현대,Summit,5PP556,현대카드 Summit 신규 회원 연회비 캐시백 이벤트,https://www.hyundaicard.com/cpb/ev/CPBEV0101_06.hc?bnftWebEvntCd=5PP556,2026-06-01,2026-06-30,캐시백,이용 방법,"홈페이지 > 카드 > 카드 신청
앱 > 메뉴(좌측 상단) > 카드 신청",2026-06-06 17:18:20
SPM_E0003,SPM,현대,Summit,5PP556,현대카드 Summit 신규 회원 연회비 캐시백 이벤트,https://www.hyundaicard.com/cpb/ev/CPBEV0101_06.hc?bnftWebEvntCd=5PP556,2026-06-01,2026-06-30,캐시백,확인사항,"확인해 주세요
위 혜택은 현대카드 홈페이지 및 앱에서 발급한 회원에 한해 1회 제공됩니다.(오프라인 발급 시 혜택 제외)
아래 회원은 위 혜택을 받을 수 없습니다.
본인 명의 카드 신규 발급 외 본인 카드 추가ㆍ교체 발급, 가족 카드 발급 회원
대상 카드 발급월부터 1년(2025년 7월 ~ 2026년 6월) 내 탈회 또는 본인ㆍ가족 카드 해지 이력이 있는 회원
혜택을 받기 위한 최소 결제 금액은 기간 내 승인 건에 한하며, 본인 명의 현대카드 Summit의 누적 이용 금액(일시불 및 할부 합산) 기준입니다.
장기카드대출(카드론), 단기카드대출(현금서비스), 연회비, 제수수료, 이자 제외
상품권 등 현금성 유가증권 구매 및 선불카드 충전금액은 이용 금액 합산 제외
혜택 제공 일정은 현대카드 또는 회원 사정에 따라 변경될 수 있습니다.
카드 이용 대금 결제일과 캐시백 제공일이 동일한 경우 캐시백 금액이 이용 대금으로 납부될 수 있습니다.
혜택 제공 시점에 대상 카드 해지, 교체(재발급 등), 정지(연체 등), 탈회 등의 경우 혜택이 제공되지 않습니다.(카드 상태가 정상인 경우에 한해 제공)
현대카드에서 진행하는 다른 이벤트(연회비 캐시백, 발급ㆍ이용 유도 등) 혜택과 중복 적용할 수 없습니다.
카드 발급 여부는 현대카드의 발급 및 심사 기준에 따릅니다.
신청 과정 중 회원님께 확인 전화를 드릴 수 있습니다.
자세한 내용은 현대카드 고객센터(1577-6000)로 문의해 주세요.
위 혜택은 현대카드 사정에 따라 변경 또는 중단될 수 있습니다.
Apple Pay 결제 대상 현대카드 및 이용 가능 브랜드는 현대카드 앱 및 홈페이지에서 확인해 주세요.",2026-06-06 17:18:20
ME4_E0001,ME4,현대,M,EA7539,현대카드M 신규 회원 연회비 캐시백 이벤트,https://www.hyundaicard.com/cpb/ev/CPBEV0101_06.hc?bnftWebEvntCd=EA7539,2026-06-01,2026-06-30,캐시백,혜택,"기간 내 현대카드 홈페이지 및 앱에서
대상 카드 신규 발급 후
조건 충족 시
발급 첫해
연회비 캐시백
현대카드 최초 발급 및 재가입(탈회 후 1년 초과하여 발급) 회원
마케팅 수신 동의
Online/1_홈페이지&인터넷
STEP1
현대카드 홈페이지 및
앱에서 카드 신청
Online/12_신청완료
STEP2
마케팅 수신 동의
Cashback/5_캐시백
STEP3
발급 다음 달부터 3개월 이내
캐시백 제공(결제 계좌 입금)
앱카드 바로가기
조건 충족 시 발급 다음 달 기준 3개월 이내 본인 명의 결제 계좌로 입금
예시) 2026년 6월 발급 후 7월 31일까지 조건 충족 시 9월 30일경 입금",2026-06-06 17:18:25
ME4_E0001,ME4,현대,M,EA7539,현대카드M 신규 회원 연회비 캐시백 이벤트,https://www.hyundaicard.com/cpb/ev/CPBEV0101_06.hc?bnftWebEvntCd=EA7539,2026-06-01,2026-06-30,캐시백,기간,2026. 6. 1 ~ 6. 30(카드 신청일 기준),2026-06-06 17:18:25
ME4_E0001,ME4,현대,M,EA7539,현대카드M 신규 회원 연회비 캐시백 이벤트,https://www.hyundaicard.com/cpb/ev/CPBEV0101_06.hc?bnftWebEvntCd=EA7539,2026-06-01,2026-06-30,캐시백,이용 방법,"홈페이지 > 카드 > 카드 신청
앱 > 메뉴(좌측 상단) > 카드 신청",2026-06-06 17:18:25
ME4_E0001,ME4,현대,M,EA7539,현대카드M 신규 회원 연회비 캐시백 이벤트,https://www.hyundaicard.com/cpb/ev/CPBEV0101_06.hc?bnftWebEvntCd=EA7539,2026-06-01,2026-06-30,캐시백,확인사항,"확인해 주세요
위 혜택은 현대카드 홈페이지 및 앱에서 발급한 회원에 한해 1회 제공됩니다.(오프라인 발급 시 혜택 제외)
아래 회원은 위 혜택을 받을 수 없습니다.
본인 명의 카드 신규 발급 외 본인 카드 추가ㆍ교체 발급, 가족 카드 발급 회원
대상 카드 발급월부터 1년(2025년 7월 ~ 2026년 6월) 내 탈회 또는 본인ㆍ가족 카드 해지 이력이 있는 회원
혜택 제공 일정은 현대카드 또는 회원 사정에 따라 변경될 수 있습니다.
카드 이용 대금 결제일과 캐시백 제공일이 동일한 경우 캐시백 금액이 이용 대금으로 납부될 수 있습니다.
혜택 제공 시점에 대상 카드 해지, 교체(재발급 등), 정지(연체 등) 탈회 등의 경우 혜택이 제공되지 않습니다.(카드 상태가 정상인 경우에 한해 제공)
현대카드에서 진행하는 다른 이벤트(연회비 캐시백, 발급ㆍ이용 유도 등) 혜택과 중복 적용할 수 없습니다.
카드 발급 여부는 현대카드의 발급 및 심사 기준에 따릅니다.
신청 과정 중 회원님께 확인 전화를 드릴 수 있습니다.
자세한 내용은 현대카드 고객센터(1577-6000)로 문의해 주세요.
위 혜택은 현대카드 사정에 따라 변경 또는 중단될 수 있습니다.
Apple Pay 결제 대상 현대카드 및 이용 가능 브랜드는 현대카드 앱 및 홈페이지에서 확인해 주세요.",2026-06-06 17:18:25
MZROE3_E0001,MZROE3,현대,ZERO Edition3 (포인트형),4G3519,현대카드ZERO Edition3 신규 회원 연회비 캐시백 이벤트,https://www.hyundaicard.com/cpb/ev/CPBEV0101_06.hc?bnftWebEvntCd=4G3519,2026-06-01,2026-06-30,캐시백,혜택,"기간 내 현대카드 홈페이지 및 앱에서
대상 카드 신규 발급 후
조건 충족 시
발급 첫해
연회비 캐시백
현대카드 최초 발급 및 재가입(탈회 후 1년 초과하여 발급) 회원
마케팅 수신 동의
Online/1_홈페이지&인터넷
STEP1
현대카드 홈페이지 및
앱에서 카드 신청
Online/12_신청완료
STEP2
마케팅 수신 동의
Cashback/5_캐시백
STEP3
발급 다음 달부터 3개월 이내
캐시백 제공(결제 계좌 입금)
앱카드 바로가기
조건 충족 시 발급 다음 달 기준 3개월 이내 본인 명의 결제 계좌로 입금
예시) 2026년 6월 발급 후 7월 31일까지 조건 충족 시 9월 30일경 입금",2026-06-06 17:18:34
MZROE3_E0001,MZROE3,현대,ZERO Edition3 (포인트형),4G3519,현대카드ZERO Edition3 신규 회원 연회비 캐시백 이벤트,https://www.hyundaicard.com/cpb/ev/CPBEV0101_06.hc?bnftWebEvntCd=4G3519,2026-06-01,2026-06-30,캐시백,기간,2026. 6. 1 ~ 6. 30(카드 신청일 기준),2026-06-06 17:18:34
MZROE3_E0001,MZROE3,현대,ZERO Edition3 (포인트형),4G3519,현대카드ZERO Edition3 신규 회원 연회비 캐시백 이벤트,https://www.hyundaicard.com/cpb/ev/CPBEV0101_06.hc?bnftWebEvntCd=4G3519,2026-06-01,2026-06-30,캐시백,이용 방법,"홈페이지 > 카드 > 카드 신청
앱 > 메뉴(좌측 상단) > 카드 신청",2026-06-06 17:18:34
MZROE3_E0001,MZROE3,현대,ZERO Edition3 (포인트형),4G3519,현대카드ZERO Edition3 신규 회원 연회비 캐시백 이벤트,https://www.hyundaicard.com/cpb/ev/CPBEV0101_06.hc?bnftWebEvntCd=4G3519,2026-06-01,2026-06-30,캐시백,확인사항,"확인해 주세요
위 혜택은 현대카드 홈페이지 및 앱에서 발급한 회원에 한해 1회 제공됩니다.(오프라인 발급 시 혜택 제외)
아래 회원은 위 혜택을 받을 수 없습니다.
본인 명의 카드 신규 발급 외 본인 카드 추가ㆍ교체 발급, 가족 카드 발급 회원
대상 카드 발급월부터 1년(2025년 7월 ~ 2026년 6월) 내 탈회 또는 본인ㆍ가족 카드 해지 이력이 있는 회원
캐시백 제공 일정은 현대카드 또는 회원 사정에 따라 변경될 수 있습니다.
카드 이용 대금 결제일과 캐시백 제공일이 동일한 경우 캐시백 금액이 이용 대금으로 납부될 수 있습니다.
혜택 제공 시점에 대상 카드 해지, 교체(재발급 등), 정지(연체 등) 탈회 등의 경우 혜택이 제공되지 않습니다.(카드 상태가 정상인 경우에 한해 제공)
현대카드에서 진행하는 다른 이벤트(연회비 캐시백, 발급ㆍ이용 유도 등) 혜택과 중복 적용할 수 없습니다.
카드 발급 여부는 현대카드의 발급 및 심사 기준에 따릅니다.
신청 과정 중 회원님께 확인 전화를 드릴 수 있습니다.
자세한 내용은 현대카드 고객센터(1577-6000)로 문의해 주세요.
위 혜택은 현대카드 사정에 따라 변경 또는 중단될 수 있습니다.
Apple Pay 결제 대상 현대카드 및 이용 가능 브랜드는 현대카드 앱 및 홈페이지에서 확인해 주세요.",2026-06-06 17:18:34
ZROE3_E0001,ZROE3,현대,ZERO Edition3 (할인형),4G3519,현대카드ZERO Edition3 신규 회원 연회비 캐시백 이벤트,https://www.hyundaicard.com/cpb/ev/CPBEV0101_06.hc?bnftWebEvntCd=4G3519,2026-06-01,2026-06-30,캐시백,혜택,"기간 내 현대카드 홈페이지 및 앱에서
대상 카드 신규 발급 후
조건 충족 시
발급 첫해
연회비 캐시백
현대카드 최초 발급 및 재가입(탈회 후 1년 초과하여 발급) 회원
마케팅 수신 동의
Online/1_홈페이지&인터넷
STEP1
현대카드 홈페이지 및
앱에서 카드 신청
Online/12_신청완료
STEP2
마케팅 수신 동의
Cashback/5_캐시백
STEP3
발급 다음 달부터 3개월 이내
캐시백 제공(결제 계좌 입금)
앱카드 바로가기
조건 충족 시 발급 다음 달 기준 3개월 이내 본인 명의 결제 계좌로 입금
예시) 2026년 6월 발급 후 7월 31일까지 조건 충족 시 9월 30일경 입금",2026-06-06 17:18:34
ZROE3_E0001,ZROE3,현대,ZERO Edition3 (할인형),4G3519,현대카드ZERO Edition3 신규 회원 연회비 캐시백 이벤트,https://www.hyundaicard.com/cpb/ev/CPBEV0101_06.hc?bnftWebEvntCd=4G3519,2026-06-01,2026-06-30,캐시백,기간,2026. 6. 1 ~ 6. 30(카드 신청일 기준),2026-06-06 17:18:34
ZROE3_E0001,ZROE3,현대,ZERO Edition3 (할인형),4G3519,현대카드ZERO Edition3 신규 회원 연회비 캐시백 이벤트,https://www.hyundaicard.com/cpb/ev/CPBEV0101_06.hc?bnftWebEvntCd=4G3519,2026-06-01,2026-06-30,캐시백,이용 방법,"홈페이지 > 카드 > 카드 신청
앱 > 메뉴(좌측 상단) > 카드 신청",2026-06-06 17:18:34
ZROE3_E0001,ZROE3,현대,ZERO Edition3 (할인형),4G3519,현대카드ZERO Edition3 신규 회원 연회비 캐시백 이벤트,https://www.hyundaicard.com/cpb/ev/CPBEV0101_06.hc?bnftWebEvntCd=4G3519,2026-06-01,2026-06-30,캐시백,확인사항,"확인해 주세요
위 혜택은 현대카드 홈페이지 및 앱에서 발급한 회원에 한해 1회 제공됩니다.(오프라인 발급 시 혜택 제외)
아래 회원은 위 혜택을 받을 수 없습니다.
본인 명의 카드 신규 발급 외 본인 카드 추가ㆍ교체 발급, 가족 카드 발급 회원
대상 카드 발급월부터 1년(2025년 7월 ~ 2026년 6월) 내 탈회 또는 본인ㆍ가족 카드 해지 이력이 있는 회원
캐시백 제공 일정은 현대카드 또는 회원 사정에 따라 변경될 수 있습니다.
카드 이용 대금 결제일과 캐시백 제공일이 동일한 경우 캐시백 금액이 이용 대금으로 납부될 수 있습니다.
혜택 제공 시점에 대상 카드 해지, 교체(재발급 등), 정지(연체 등) 탈회 등의 경우 혜택이 제공되지 않습니다.(카드 상태가 정상인 경우에 한해 제공)
현대카드에서 진행하는 다른 이벤트(연회비 캐시백, 발급ㆍ이용 유도 등) 혜택과 중복 적용할 수 없습니다.
카드 발급 여부는 현대카드의 발급 및 심사 기준에 따릅니다.
신청 과정 중 회원님께 확인 전화를 드릴 수 있습니다.
자세한 내용은 현대카드 고객센터(1577-6000)로 문의해 주세요.
위 혜택은 현대카드 사정에 따라 변경 또는 중단될 수 있습니다.
Apple Pay 결제 대상 현대카드 및 이용 가능 브랜드는 현대카드 앱 및 홈페이지에서 확인해 주세요.",2026-06-06 17:18:34
ZFE2_E0001,ZFE2,현대,Z family Edition2,533021,현대카드Z 시리즈 신규 회원 연회비 캐시백 이벤트,https://www.hyundaicard.com/cpb/ev/CPBEV0101_06.hc?bnftWebEvntCd=533021,2026-06-01,2026-06-30,캐시백,혜택,"기간 내 현대카드 홈페이지 및 앱에서
대상 카드 신규 발급 후
조건 충족 시
발급 첫해
연회비 캐시백
현대카드 최초 발급 및 재가입(탈회 후 1년 초과하여 발급) 회원
마케팅 수신 동의
Online/1_홈페이지&인터넷
STEP1
현대카드 홈페이지 및
앱에서 카드 신청
Online/12_신청완료
STEP2
마케팅 수신 동의
Cashback/5_캐시백
STEP3
발급 다음 달부터 3개월 이내
캐시백 제공(결제 계좌 입금)
앱카드 바로가기
조건 충족 시 발급 다음 달 기준 3개월 이내 본인 명의 결제 계좌로 입금
예시) 2026년 6월 발급 후 7월 31일까지 조건 충족 시 9월 30일경 입금",2026-06-06 17:18:59
ZFE2_E0001,ZFE2,현대,Z family Edition2,533021,현대카드Z 시리즈 신규 회원 연회비 캐시백 이벤트,https://www.hyundaicard.com/cpb/ev/CPBEV0101_06.hc?bnftWebEvntCd=533021,2026-06-01,2026-06-30,캐시백,기간,2026. 6. 1 ~ 6. 30(카드 신청일 기준),2026-06-06 17:18:59
ZFE2_E0001,ZFE2,현대,Z family Edition2,533021,현대카드Z 시리즈 신규 회원 연회비 캐시백 이벤트,https://www.hyundaicard.com/cpb/ev/CPBEV0101_06.hc?bnftWebEvntCd=533021,2026-06-01,2026-06-30,캐시백,이용 방법,"홈페이지 > 카드 > 카드 신청
앱 > 메뉴(좌측 상단) > 카드 신청",2026-06-06 17:18:59
ZFE2_E0001,ZFE2,현대,Z family Edition2,533021,현대카드Z 시리즈 신규 회원 연회비 캐시백 이벤트,https://www.hyundaicard.com/cpb/ev/CPBEV0101_06.hc?bnftWebEvntCd=533021,2026-06-01,2026-06-30,캐시백,확인사항,"확인해 주세요
위 혜택은 현대카드 홈페이지 및 앱에서 발급한 회원에 한해 1회 제공됩니다.(오프라인 발급 시 혜택 제외)
아래 회원은 위 혜택을 받을 수 없습니다.
본인 명의 카드 신규 발급 외 본인 카드 추가ㆍ교체 발급, 가족 카드 발급 회원
대상 카드 발급월부터 1년(2025년 7월 ~ 2026년 6월) 내 탈회 또는 본인ㆍ가족 카드 해지 이력이 있는 회원
캐시백 제공 일정은 현대카드 또는 회원 사정에 따라 변경될 수 있습니다.
카드 이용 대금 결제일과 캐시백 제공일이 동일한 경우 캐시백 금액이 이용 대금으로 납부될 수 있습니다.
혜택 제공 시점에 대상 카드 해지, 교체(재발급 등), 정지(연체 등) 탈회 등의 경우 혜택이 제공되지 않습니다.(카드 상태가 정상인 경우에 한해 제공)
현대카드에서 진행하는 다른 이벤트(연회비 캐시백, 발급ㆍ이용 유도 등) 혜택과 중복 적용할 수 없습니다.
카드 발급 여부는 현대카드의 발급 및 심사 기준에 따릅니다.
신청 과정 중 회원님께 확인 전화를 드릴 수 있습니다.
자세한 내용은 현대카드 고객센터(1577-6000)로 문의해 주세요.
위 혜택은 현대카드 사정에 따라 변경 또는 중단될 수 있습니다.
Apple Pay 결제 대상 현대카드 및 이용 가능 브랜드는 현대카드 앱 및 홈페이지에서 확인해 주세요.",2026-06-06 17:18:59
ZOE2_E0001,ZOE2,현대,Z play,533021,현대카드Z 시리즈 신규 회원 연회비 캐시백 이벤트,https://www.hyundaicard.com/cpb/ev/CPBEV0101_06.hc?bnftWebEvntCd=533021,2026-06-01,2026-06-30,캐시백,혜택,"기간 내 현대카드 홈페이지 및 앱에서
대상 카드 신규 발급 후
조건 충족 시
발급 첫해
연회비 캐시백
현대카드 최초 발급 및 재가입(탈회 후 1년 초과하여 발급) 회원
마케팅 수신 동의
Online/1_홈페이지&인터넷
STEP1
현대카드 홈페이지 및
앱에서 카드 신청
Online/12_신청완료
STEP2
마케팅 수신 동의
Cashback/5_캐시백
STEP3
발급 다음 달부터 3개월 이내
캐시백 제공(결제 계좌 입금)
앱카드 바로가기
조건 충족 시 발급 다음 달 기준 3개월 이내 본인 명의 결제 계좌로 입금
예시) 2026년 6월 발급 후 7월 31일까지 조건 충족 시 9월 30일경 입금",2026-06-06 17:18:59
ZOE2_E0001,ZOE2,현대,Z play,533021,현대카드Z 시리즈 신규 회원 연회비 캐시백 이벤트,https://www.hyundaicard.com/cpb/ev/CPBEV0101_06.hc?bnftWebEvntCd=533021,2026-06-01,2026-06-30,캐시백,기간,2026. 6. 1 ~ 6. 30(카드 신청일 기준),2026-06-06 17:18:59
ZOE2_E0001,ZOE2,현대,Z play,533021,현대카드Z 시리즈 신규 회원 연회비 캐시백 이벤트,https://www.hyundaicard.com/cpb/ev/CPBEV0101_06.hc?bnftWebEvntCd=533021,2026-06-01,2026-06-30,캐시백,이용 방법,"홈페이지 > 카드 > 카드 신청
앱 > 메뉴(좌측 상단) > 카드 신청",2026-06-06 17:18:59
ZOE2_E0001,ZOE2,현대,Z play,533021,현대카드Z 시리즈 신규 회원 연회비 캐시백 이벤트,https://www.hyundaicard.com/cpb/ev/CPBEV0101_06.hc?bnftWebEvntCd=533021,2026-06-01,2026-06-30,캐시백,확인사항,"확인해 주세요
위 혜택은 현대카드 홈페이지 및 앱에서 발급한 회원에 한해 1회 제공됩니다.(오프라인 발급 시 혜택 제외)
아래 회원은 위 혜택을 받을 수 없습니다.
본인 명의 카드 신규 발급 외 본인 카드 추가ㆍ교체 발급, 가족 카드 발급 회원
대상 카드 발급월부터 1년(2025년 7월 ~ 2026년 6월) 내 탈회 또는 본인ㆍ가족 카드 해지 이력이 있는 회원
캐시백 제공 일정은 현대카드 또는 회원 사정에 따라 변경될 수 있습니다.
카드 이용 대금 결제일과 캐시백 제공일이 동일한 경우 캐시백 금액이 이용 대금으로 납부될 수 있습니다.
혜택 제공 시점에 대상 카드 해지, 교체(재발급 등), 정지(연체 등) 탈회 등의 경우 혜택이 제공되지 않습니다.(카드 상태가 정상인 경우에 한해 제공)
현대카드에서 진행하는 다른 이벤트(연회비 캐시백, 발급ㆍ이용 유도 등) 혜택과 중복 적용할 수 없습니다.
카드 발급 여부는 현대카드의 발급 및 심사 기준에 따릅니다.
신청 과정 중 회원님께 확인 전화를 드릴 수 있습니다.
자세한 내용은 현대카드 고객센터(1577-6000)로 문의해 주세요.
위 혜택은 현대카드 사정에 따라 변경 또는 중단될 수 있습니다.
Apple Pay 결제 대상 현대카드 및 이용 가능 브랜드는 현대카드 앱 및 홈페이지에서 확인해 주세요.",2026-06-06 17:18:59
ZWE2_E0001,ZWE2,현대,Z work Edition2,533021,현대카드Z 시리즈 신규 회원 연회비 캐시백 이벤트,https://www.hyundaicard.com/cpb/ev/CPBEV0101_06.hc?bnftWebEvntCd=533021,2026-06-01,2026-06-30,캐시백,혜택,"기간 내 현대카드 홈페이지 및 앱에서
대상 카드 신규 발급 후
조건 충족 시
발급 첫해
연회비 캐시백
현대카드 최초 발급 및 재가입(탈회 후 1년 초과하여 발급) 회원
마케팅 수신 동의
Online/1_홈페이지&인터넷
STEP1
현대카드 홈페이지 및
앱에서 카드 신청
Online/12_신청완료
STEP2
마케팅 수신 동의
Cashback/5_캐시백
STEP3
발급 다음 달부터 3개월 이내
캐시백 제공(결제 계좌 입금)
앱카드 바로가기
조건 충족 시 발급 다음 달 기준 3개월 이내 본인 명의 결제 계좌로 입금
예시) 2026년 6월 발급 후 7월 31일까지 조건 충족 시 9월 30일경 입금",2026-06-06 17:18:59
ZWE2_E0001,ZWE2,현대,Z work Edition2,533021,현대카드Z 시리즈 신규 회원 연회비 캐시백 이벤트,https://www.hyundaicard.com/cpb/ev/CPBEV0101_06.hc?bnftWebEvntCd=533021,2026-06-01,2026-06-30,캐시백,기간,2026. 6. 1 ~ 6. 30(카드 신청일 기준),2026-06-06 17:18:59
ZWE2_E0001,ZWE2,현대,Z work Edition2,533021,현대카드Z 시리즈 신규 회원 연회비 캐시백 이벤트,https://www.hyundaicard.com/cpb/ev/CPBEV0101_06.hc?bnftWebEvntCd=533021,2026-06-01,2026-06-30,캐시백,이용 방법,"홈페이지 > 카드 > 카드 신청
앱 > 메뉴(좌측 상단) > 카드 신청",2026-06-06 17:18:59
ZWE2_E0001,ZWE2,현대,Z work Edition2,533021,현대카드Z 시리즈 신규 회원 연회비 캐시백 이벤트,https://www.hyundaicard.com/cpb/ev/CPBEV0101_06.hc?bnftWebEvntCd=533021,2026-06-01,2026-06-30,캐시백,확인사항,"확인해 주세요
위 혜택은 현대카드 홈페이지 및 앱에서 발급한 회원에 한해 1회 제공됩니다.(오프라인 발급 시 혜택 제외)
아래 회원은 위 혜택을 받을 수 없습니다.
본인 명의 카드 신규 발급 외 본인 카드 추가ㆍ교체 발급, 가족 카드 발급 회원
대상 카드 발급월부터 1년(2025년 7월 ~ 2026년 6월) 내 탈회 또는 본인ㆍ가족 카드 해지 이력이 있는 회원
캐시백 제공 일정은 현대카드 또는 회원 사정에 따라 변경될 수 있습니다.
카드 이용 대금 결제일과 캐시백 제공일이 동일한 경우 캐시백 금액이 이용 대금으로 납부될 수 있습니다.
혜택 제공 시점에 대상 카드 해지, 교체(재발급 등), 정지(연체 등) 탈회 등의 경우 혜택이 제공되지 않습니다.(카드 상태가 정상인 경우에 한해 제공)
현대카드에서 진행하는 다른 이벤트(연회비 캐시백, 발급ㆍ이용 유도 등) 혜택과 중복 적용할 수 없습니다.
카드 발급 여부는 현대카드의 발급 및 심사 기준에 따릅니다.
신청 과정 중 회원님께 확인 전화를 드릴 수 있습니다.
자세한 내용은 현대카드 고객센터(1577-6000)로 문의해 주세요.
위 혜택은 현대카드 사정에 따라 변경 또는 중단될 수 있습니다.
Apple Pay 결제 대상 현대카드 및 이용 가능 브랜드는 현대카드 앱 및 홈페이지에서 확인해 주세요.",2026-06-06 17:18:59
ZWK_E0001,ZWK,현대,Z everyday,533021,현대카드Z 시리즈 신규 회원 연회비 캐시백 이벤트,https://www.hyundaicard.com/cpb/ev/CPBEV0101_06.hc?bnftWebEvntCd=533021,2026-06-01,2026-06-30,캐시백,혜택,"기간 내 현대카드 홈페이지 및 앱에서
대상 카드 신규 발급 후
조건 충족 시
발급 첫해
연회비 캐시백
현대카드 최초 발급 및 재가입(탈회 후 1년 초과하여 발급) 회원
마케팅 수신 동의
Online/1_홈페이지&인터넷
STEP1
현대카드 홈페이지 및
앱에서 카드 신청
Online/12_신청완료
STEP2
마케팅 수신 동의
Cashback/5_캐시백
STEP3
발급 다음 달부터 3개월 이내
캐시백 제공(결제 계좌 입금)
앱카드 바로가기
조건 충족 시 발급 다음 달 기준 3개월 이내 본인 명의 결제 계좌로 입금
예시) 2026년 6월 발급 후 7월 31일까지 조건 충족 시 9월 30일경 입금",2026-06-06 17:18:59
ZWK_E0001,ZWK,현대,Z everyday,533021,현대카드Z 시리즈 신규 회원 연회비 캐시백 이벤트,https://www.hyundaicard.com/cpb/ev/CPBEV0101_06.hc?bnftWebEvntCd=533021,2026-06-01,2026-06-30,캐시백,기간,2026. 6. 1 ~ 6. 30(카드 신청일 기준),2026-06-06 17:18:59
ZWK_E0001,ZWK,현대,Z everyday,533021,현대카드Z 시리즈 신규 회원 연회비 캐시백 이벤트,https://www.hyundaicard.com/cpb/ev/CPBEV0101_06.hc?bnftWebEvntCd=533021,2026-06-01,2026-06-30,캐시백,이용 방법,"홈페이지 > 카드 > 카드 신청
앱 > 메뉴(좌측 상단) > 카드 신청",2026-06-06 17:18:59
ZWK_E0001,ZWK,현대,Z everyday,533021,현대카드Z 시리즈 신규 회원 연회비 캐시백 이벤트,https://www.hyundaicard.com/cpb/ev/CPBEV0101_06.hc?bnftWebEvntCd=533021,2026-06-01,2026-06-30,캐시백,확인사항,"확인해 주세요
위 혜택은 현대카드 홈페이지 및 앱에서 발급한 회원에 한해 1회 제공됩니다.(오프라인 발급 시 혜택 제외)
아래 회원은 위 혜택을 받을 수 없습니다.
본인 명의 카드 신규 발급 외 본인 카드 추가ㆍ교체 발급, 가족 카드 발급 회원
대상 카드 발급월부터 1년(2025년 7월 ~ 2026년 6월) 내 탈회 또는 본인ㆍ가족 카드 해지 이력이 있는 회원
캐시백 제공 일정은 현대카드 또는 회원 사정에 따라 변경될 수 있습니다.
카드 이용 대금 결제일과 캐시백 제공일이 동일한 경우 캐시백 금액이 이용 대금으로 납부될 수 있습니다.
혜택 제공 시점에 대상 카드 해지, 교체(재발급 등), 정지(연체 등) 탈회 등의 경우 혜택이 제공되지 않습니다.(카드 상태가 정상인 경우에 한해 제공)
현대카드에서 진행하는 다른 이벤트(연회비 캐시백, 발급ㆍ이용 유도 등) 혜택과 중복 적용할 수 없습니다.
카드 발급 여부는 현대카드의 발급 및 심사 기준에 따릅니다.
신청 과정 중 회원님께 확인 전화를 드릴 수 있습니다.
자세한 내용은 현대카드 고객센터(1577-6000)로 문의해 주세요.
위 혜택은 현대카드 사정에 따라 변경 또는 중단될 수 있습니다.
Apple Pay 결제 대상 현대카드 및 이용 가능 브랜드는 현대카드 앱 및 홈페이지에서 확인해 주세요.",2026-06-06 17:18:59
TRSTE2_E0002,TRSTE2,현대,the Red Stripe Edition2,T1X982,국내 제휴 호텔 5~7월 이벤트 혜택 안내,https://www.hyundaicard.com/cpb/ev/CPBEV0101_06.hc?bnftWebEvntCd=T1X982,2026-05-21,2026-07-16,할인,혜택,"대상 카드로 국내 제휴 호텔인 그랜드 조선 제주 이벤트 이용 시 혜택 제공
객실당 기준 인원 초과하는 투숙 인원 추가 무료(객실 타입별 최대 인원 수까지)
연박 시, 르 페르소나 LP01 미스틱 로즈 오 드 퍼퓸 50ml 제공",2026-06-06 17:19:04
TRSTE2_E0002,TRSTE2,현대,the Red Stripe Edition2,T1X982,국내 제휴 호텔 5~7월 이벤트 혜택 안내,https://www.hyundaicard.com/cpb/ev/CPBEV0101_06.hc?bnftWebEvntCd=T1X982,2026-05-21,2026-07-16,할인,대상,"그랜드 조선 제주(주소 : 제주도 서귀포시 중문관광로 72번길 60 / 문의 : 1811 - 0511)
디럭스 룸 패키지(객실 1박, 아리아 뷔페 조식 2인)
스위트 룸 패키지(객실 1박, 아리아 뷔페 조식 2인, 그랑제이 프라이빗 라운지(커피&티타임))
가격(2인 기준 / 세금 포함)
디럭스 가든뷰 : 주중(일~목요일) 319,000원, 성수기(금·토요일, 2026. 6. 2) 374,000원
힐 스위트 가든뷰 / 힐 스튜디오 스위트 가든뷰 : 주중(일~목요일) 528,000원, 성수기(금·토요일, 2026. 6. 2) 583,000원
예약 기간 : 2026. 5. 21 ~ 7. 16
투숙 기간 : 2026. 6. 1 ~ 7. 16
제외 : 2026. 6. 4 ~ 6. 6
유의사항
본인 회원 예약 시 최대 2박 이용 가능
대상 카드 기소지 회원",2026-06-06 17:19:04
TRSTE2_E0002,TRSTE2,현대,the Red Stripe Edition2,T1X982,국내 제휴 호텔 5~7월 이벤트 혜택 안내,https://www.hyundaicard.com/cpb/ev/CPBEV0101_06.hc?bnftWebEvntCd=T1X982,2026-05-21,2026-07-16,할인,기간,2026. 5. 21 ~ 7. 16,2026-06-06 17:19:04
TRSTE2_E0002,TRSTE2,현대,the Red Stripe Edition2,T1X982,국내 제휴 호텔 5~7월 이벤트 혜택 안내,https://www.hyundaicard.com/cpb/ev/CPBEV0101_06.hc?bnftWebEvntCd=T1X982,2026-05-21,2026-07-16,할인,이용 방법,예약 및 결제 시 이벤트 대상 회원임을 알리고 본인 명의 대상 카드로 현장 결제,2026-06-06 17:19:04
TRSTE2_E0002,TRSTE2,현대,the Red Stripe Edition2,T1X982,국내 제휴 호텔 5~7월 이벤트 혜택 안내,https://www.hyundaicard.com/cpb/ev/CPBEV0101_06.hc?bnftWebEvntCd=T1X982,2026-05-21,2026-07-16,할인,확인사항,"확인해 주세요
위 혜택은 본인 회원에 한해 기간 내 호텔별 1회 제공됩니다.
이용 전, 제휴 호텔로 이벤트 진행 및 혜택 적용 가능 여부를 확인해 주세요.
위 혜택은 일자별 한정 수량으로 인원 마감 시 조기 종료될 수 있습니다.
호텔 이용 금액은 부가가치세 포함가입니다.
실물 카드로 결제 시 혜택이 적용됩니다.(현대카드 법인·Chameleon 제외)
간편결제 서비스(네이버페이 등) 이용 시 혜택을 받을 수 없습니다.
현대카드 및 제휴사의 다른 혜택(할인·적립, 바우처 사용 등) 및 이벤트와 중복 적용되지 않습니다.
예약 취소 및 환불은 호텔별 규정을 따르며, 관련 내용은 제휴 호텔로 문의해 주세요.
위 혜택은 현대카드 및 제휴사 사정에 따라 변경 또는 중단될 수 있습니다.",2026-06-06 17:19:04
TO_E0004,TO,현대,"나를 빛내는 컬러, the Orange",T1X982,국내 제휴 호텔 5~7월 이벤트 혜택 안내,https://www.hyundaicard.com/cpb/ev/CPBEV0101_06.hc?bnftWebEvntCd=T1X982,2026-05-21,2026-07-16,할인,혜택,"대상 카드로 국내 제휴 호텔인 그랜드 조선 제주 이벤트 이용 시 혜택 제공
객실당 기준 인원 초과하는 투숙 인원 추가 무료(객실 타입별 최대 인원 수까지)
연박 시, 르 페르소나 LP01 미스틱 로즈 오 드 퍼퓸 50ml 제공",2026-06-06 17:19:04
TO_E0004,TO,현대,"나를 빛내는 컬러, the Orange",T1X982,국내 제휴 호텔 5~7월 이벤트 혜택 안내,https://www.hyundaicard.com/cpb/ev/CPBEV0101_06.hc?bnftWebEvntCd=T1X982,2026-05-21,2026-07-16,할인,대상,"그랜드 조선 제주(주소 : 제주도 서귀포시 중문관광로 72번길 60 / 문의 : 1811 - 0511)
디럭스 룸 패키지(객실 1박, 아리아 뷔페 조식 2인)
스위트 룸 패키지(객실 1박, 아리아 뷔페 조식 2인, 그랑제이 프라이빗 라운지(커피&티타임))
가격(2인 기준 / 세금 포함)
디럭스 가든뷰 : 주중(일~목요일) 319,000원, 성수기(금·토요일, 2026. 6. 2) 374,000원
힐 스위트 가든뷰 / 힐 스튜디오 스위트 가든뷰 : 주중(일~목요일) 528,000원, 성수기(금·토요일, 2026. 6. 2) 583,000원
예약 기간 : 2026. 5. 21 ~ 7. 16
투숙 기간 : 2026. 6. 1 ~ 7. 16
제외 : 2026. 6. 4 ~ 6. 6
유의사항
본인 회원 예약 시 최대 2박 이용 가능
대상 카드 기소지 회원",2026-06-06 17:19:04
TO_E0004,TO,현대,"나를 빛내는 컬러, the Orange",T1X982,국내 제휴 호텔 5~7월 이벤트 혜택 안내,https://www.hyundaicard.com/cpb/ev/CPBEV0101_06.hc?bnftWebEvntCd=T1X982,2026-05-21,2026-07-16,할인,기간,2026. 5. 21 ~ 7. 16,2026-06-06 17:19:04
TO_E0004,TO,현대,"나를 빛내는 컬러, the Orange",T1X982,국내 제휴 호텔 5~7월 이벤트 혜택 안내,https://www.hyundaicard.com/cpb/ev/CPBEV0101_06.hc?bnftWebEvntCd=T1X982,2026-05-21,2026-07-16,할인,이용 방법,예약 및 결제 시 이벤트 대상 회원임을 알리고 본인 명의 대상 카드로 현장 결제,2026-06-06 17:19:04
TO_E0004,TO,현대,"나를 빛내는 컬러, the Orange",T1X982,국내 제휴 호텔 5~7월 이벤트 혜택 안내,https://www.hyundaicard.com/cpb/ev/CPBEV0101_06.hc?bnftWebEvntCd=T1X982,2026-05-21,2026-07-16,할인,확인사항,"확인해 주세요
위 혜택은 본인 회원에 한해 기간 내 호텔별 1회 제공됩니다.
이용 전, 제휴 호텔로 이벤트 진행 및 혜택 적용 가능 여부를 확인해 주세요.
위 혜택은 일자별 한정 수량으로 인원 마감 시 조기 종료될 수 있습니다.
호텔 이용 금액은 부가가치세 포함가입니다.
실물 카드로 결제 시 혜택이 적용됩니다.(현대카드 법인·Chameleon 제외)
간편결제 서비스(네이버페이 등) 이용 시 혜택을 받을 수 없습니다.
현대카드 및 제휴사의 다른 혜택(할인·적립, 바우처 사용 등) 및 이벤트와 중복 적용되지 않습니다.
예약 취소 및 환불은 호텔별 규정을 따르며, 관련 내용은 제휴 호텔로 문의해 주세요.
위 혜택은 현대카드 및 제휴사 사정에 따라 변경 또는 중단될 수 있습니다.",2026-06-06 17:19:04
SPM_E0004,SPM,현대,Summit,T1X982,국내 제휴 호텔 5~7월 이벤트 혜택 안내,https://www.hyundaicard.com/cpb/ev/CPBEV0101_06.hc?bnftWebEvntCd=T1X982,2026-05-21,2026-07-16,할인,혜택,"대상 카드로 국내 제휴 호텔인 그랜드 조선 제주 이벤트 이용 시 혜택 제공
객실당 기준 인원 초과하는 투숙 인원 추가 무료(객실 타입별 최대 인원 수까지)
연박 시, 르 페르소나 LP01 미스틱 로즈 오 드 퍼퓸 50ml 제공",2026-06-06 17:19:04
SPM_E0004,SPM,현대,Summit,T1X982,국내 제휴 호텔 5~7월 이벤트 혜택 안내,https://www.hyundaicard.com/cpb/ev/CPBEV0101_06.hc?bnftWebEvntCd=T1X982,2026-05-21,2026-07-16,할인,대상,"그랜드 조선 제주(주소 : 제주도 서귀포시 중문관광로 72번길 60 / 문의 : 1811 - 0511)
디럭스 룸 패키지(객실 1박, 아리아 뷔페 조식 2인)
스위트 룸 패키지(객실 1박, 아리아 뷔페 조식 2인, 그랑제이 프라이빗 라운지(커피&티타임))
가격(2인 기준 / 세금 포함)
디럭스 가든뷰 : 주중(일~목요일) 319,000원, 성수기(금·토요일, 2026. 6. 2) 374,000원
힐 스위트 가든뷰 / 힐 스튜디오 스위트 가든뷰 : 주중(일~목요일) 528,000원, 성수기(금·토요일, 2026. 6. 2) 583,000원
예약 기간 : 2026. 5. 21 ~ 7. 16
투숙 기간 : 2026. 6. 1 ~ 7. 16
제외 : 2026. 6. 4 ~ 6. 6
유의사항
본인 회원 예약 시 최대 2박 이용 가능
대상 카드 기소지 회원",2026-06-06 17:19:04
SPM_E0004,SPM,현대,Summit,T1X982,국내 제휴 호텔 5~7월 이벤트 혜택 안내,https://www.hyundaicard.com/cpb/ev/CPBEV0101_06.hc?bnftWebEvntCd=T1X982,2026-05-21,2026-07-16,할인,기간,2026. 5. 21 ~ 7. 16,2026-06-06 17:19:04
SPM_E0004,SPM,현대,Summit,T1X982,국내 제휴 호텔 5~7월 이벤트 혜택 안내,https://www.hyundaicard.com/cpb/ev/CPBEV0101_06.hc?bnftWebEvntCd=T1X982,2026-05-21,2026-07-16,할인,이용 방법,예약 및 결제 시 이벤트 대상 회원임을 알리고 본인 명의 대상 카드로 현장 결제,2026-06-06 17:19:04
SPM_E0004,SPM,현대,Summit,T1X982,국내 제휴 호텔 5~7월 이벤트 혜택 안내,https://www.hyundaicard.com/cpb/ev/CPBEV0101_06.hc?bnftWebEvntCd=T1X982,2026-05-21,2026-07-16,할인,확인사항,"확인해 주세요
위 혜택은 본인 회원에 한해 기간 내 호텔별 1회 제공됩니다.
이용 전, 제휴 호텔로 이벤트 진행 및 혜택 적용 가능 여부를 확인해 주세요.
위 혜택은 일자별 한정 수량으로 인원 마감 시 조기 종료될 수 있습니다.
호텔 이용 금액은 부가가치세 포함가입니다.
실물 카드로 결제 시 혜택이 적용됩니다.(현대카드 법인·Chameleon 제외)
간편결제 서비스(네이버페이 등) 이용 시 혜택을 받을 수 없습니다.
현대카드 및 제휴사의 다른 혜택(할인·적립, 바우처 사용 등) 및 이벤트와 중복 적용되지 않습니다.
예약 취소 및 환불은 호텔별 규정을 따르며, 관련 내용은 제휴 호텔로 문의해 주세요.
위 혜택은 현대카드 및 제휴사 사정에 따라 변경 또는 중단될 수 있습니다.",2026-06-06 17:19:04
TGE3_E0003,TGE3,현대,the Green Edition3,T1X982,국내 제휴 호텔 5~7월 이벤트 혜택 안내,https://www.hyundaicard.com/cpb/ev/CPBEV0101_06.hc?bnftWebEvntCd=T1X982,2026-05-21,2026-07-16,할인,혜택,"대상 카드로 국내 제휴 호텔인 그랜드 조선 제주 이벤트 이용 시 혜택 제공
객실당 기준 인원 초과하는 투숙 인원 추가 무료(객실 타입별 최대 인원 수까지)
연박 시, 르 페르소나 LP01 미스틱 로즈 오 드 퍼퓸 50ml 제공",2026-06-06 17:19:04
TGE3_E0003,TGE3,현대,the Green Edition3,T1X982,국내 제휴 호텔 5~7월 이벤트 혜택 안내,https://www.hyundaicard.com/cpb/ev/CPBEV0101_06.hc?bnftWebEvntCd=T1X982,2026-05-21,2026-07-16,할인,대상,"그랜드 조선 제주(주소 : 제주도 서귀포시 중문관광로 72번길 60 / 문의 : 1811 - 0511)
디럭스 룸 패키지(객실 1박, 아리아 뷔페 조식 2인)
스위트 룸 패키지(객실 1박, 아리아 뷔페 조식 2인, 그랑제이 프라이빗 라운지(커피&티타임))
가격(2인 기준 / 세금 포함)
디럭스 가든뷰 : 주중(일~목요일) 319,000원, 성수기(금·토요일, 2026. 6. 2) 374,000원
힐 스위트 가든뷰 / 힐 스튜디오 스위트 가든뷰 : 주중(일~목요일) 528,000원, 성수기(금·토요일, 2026. 6. 2) 583,000원
예약 기간 : 2026. 5. 21 ~ 7. 16
투숙 기간 : 2026. 6. 1 ~ 7. 16
제외 : 2026. 6. 4 ~ 6. 6
유의사항
본인 회원 예약 시 최대 2박 이용 가능
대상 카드 기소지 회원",2026-06-06 17:19:04
TGE3_E0003,TGE3,현대,the Green Edition3,T1X982,국내 제휴 호텔 5~7월 이벤트 혜택 안내,https://www.hyundaicard.com/cpb/ev/CPBEV0101_06.hc?bnftWebEvntCd=T1X982,2026-05-21,2026-07-16,할인,기간,2026. 5. 21 ~ 7. 16,2026-06-06 17:19:04
TGE3_E0003,TGE3,현대,the Green Edition3,T1X982,국내 제휴 호텔 5~7월 이벤트 혜택 안내,https://www.hyundaicard.com/cpb/ev/CPBEV0101_06.hc?bnftWebEvntCd=T1X982,2026-05-21,2026-07-16,할인,이용 방법,예약 및 결제 시 이벤트 대상 회원임을 알리고 본인 명의 대상 카드로 현장 결제,2026-06-06 17:19:04
TGE3_E0003,TGE3,현대,the Green Edition3,T1X982,국내 제휴 호텔 5~7월 이벤트 혜택 안내,https://www.hyundaicard.com/cpb/ev/CPBEV0101_06.hc?bnftWebEvntCd=T1X982,2026-05-21,2026-07-16,할인,확인사항,"확인해 주세요
위 혜택은 본인 회원에 한해 기간 내 호텔별 1회 제공됩니다.
이용 전, 제휴 호텔로 이벤트 진행 및 혜택 적용 가능 여부를 확인해 주세요.
위 혜택은 일자별 한정 수량으로 인원 마감 시 조기 종료될 수 있습니다.
호텔 이용 금액은 부가가치세 포함가입니다.
실물 카드로 결제 시 혜택이 적용됩니다.(현대카드 법인·Chameleon 제외)
간편결제 서비스(네이버페이 등) 이용 시 혜택을 받을 수 없습니다.
현대카드 및 제휴사의 다른 혜택(할인·적립, 바우처 사용 등) 및 이벤트와 중복 적용되지 않습니다.
예약 취소 및 환불은 호텔별 규정을 따르며, 관련 내용은 제휴 호텔로 문의해 주세요.
위 혜택은 현대카드 및 제휴사 사정에 따라 변경 또는 중단될 수 있습니다.",2026-06-06 17:19:04
TPIE2_E0003,TPIE2,현대,the Pink Edition2,T1X982,국내 제휴 호텔 5~7월 이벤트 혜택 안내,https://www.hyundaicard.com/cpb/ev/CPBEV0101_06.hc?bnftWebEvntCd=T1X982,2026-05-21,2026-07-16,할인,혜택,"대상 카드로 국내 제휴 호텔인 그랜드 조선 제주 이벤트 이용 시 혜택 제공
객실당 기준 인원 초과하는 투숙 인원 추가 무료(객실 타입별 최대 인원 수까지)
연박 시, 르 페르소나 LP01 미스틱 로즈 오 드 퍼퓸 50ml 제공",2026-06-06 17:19:04
TPIE2_E0003,TPIE2,현대,the Pink Edition2,T1X982,국내 제휴 호텔 5~7월 이벤트 혜택 안내,https://www.hyundaicard.com/cpb/ev/CPBEV0101_06.hc?bnftWebEvntCd=T1X982,2026-05-21,2026-07-16,할인,대상,"그랜드 조선 제주(주소 : 제주도 서귀포시 중문관광로 72번길 60 / 문의 : 1811 - 0511)
디럭스 룸 패키지(객실 1박, 아리아 뷔페 조식 2인)
스위트 룸 패키지(객실 1박, 아리아 뷔페 조식 2인, 그랑제이 프라이빗 라운지(커피&티타임))
가격(2인 기준 / 세금 포함)
디럭스 가든뷰 : 주중(일~목요일) 319,000원, 성수기(금·토요일, 2026. 6. 2) 374,000원
힐 스위트 가든뷰 / 힐 스튜디오 스위트 가든뷰 : 주중(일~목요일) 528,000원, 성수기(금·토요일, 2026. 6. 2) 583,000원
예약 기간 : 2026. 5. 21 ~ 7. 16
투숙 기간 : 2026. 6. 1 ~ 7. 16
제외 : 2026. 6. 4 ~ 6. 6
유의사항
본인 회원 예약 시 최대 2박 이용 가능
대상 카드 기소지 회원",2026-06-06 17:19:04
TPIE2_E0003,TPIE2,현대,the Pink Edition2,T1X982,국내 제휴 호텔 5~7월 이벤트 혜택 안내,https://www.hyundaicard.com/cpb/ev/CPBEV0101_06.hc?bnftWebEvntCd=T1X982,2026-05-21,2026-07-16,할인,기간,2026. 5. 21 ~ 7. 16,2026-06-06 17:19:04
TPIE2_E0003,TPIE2,현대,the Pink Edition2,T1X982,국내 제휴 호텔 5~7월 이벤트 혜택 안내,https://www.hyundaicard.com/cpb/ev/CPBEV0101_06.hc?bnftWebEvntCd=T1X982,2026-05-21,2026-07-16,할인,이용 방법,예약 및 결제 시 이벤트 대상 회원임을 알리고 본인 명의 대상 카드로 현장 결제,2026-06-06 17:19:04
TPIE2_E0003,TPIE2,현대,the Pink Edition2,T1X982,국내 제휴 호텔 5~7월 이벤트 혜택 안내,https://www.hyundaicard.com/cpb/ev/CPBEV0101_06.hc?bnftWebEvntCd=T1X982,2026-05-21,2026-07-16,할인,확인사항,"확인해 주세요
위 혜택은 본인 회원에 한해 기간 내 호텔별 1회 제공됩니다.
이용 전, 제휴 호텔로 이벤트 진행 및 혜택 적용 가능 여부를 확인해 주세요.
위 혜택은 일자별 한정 수량으로 인원 마감 시 조기 종료될 수 있습니다.
호텔 이용 금액은 부가가치세 포함가입니다.
실물 카드로 결제 시 혜택이 적용됩니다.(현대카드 법인·Chameleon 제외)
간편결제 서비스(네이버페이 등) 이용 시 혜택을 받을 수 없습니다.
현대카드 및 제휴사의 다른 혜택(할인·적립, 바우처 사용 등) 및 이벤트와 중복 적용되지 않습니다.
예약 취소 및 환불은 호텔별 규정을 따르며, 관련 내용은 제휴 호텔로 문의해 주세요.
위 혜택은 현대카드 및 제휴사 사정에 따라 변경 또는 중단될 수 있습니다.",2026-06-06 17:19:04
MXBE2_E0003,MXBE2,현대,MX Black Edition2,T1X982,국내 제휴 호텔 5~7월 이벤트 혜택 안내,https://www.hyundaicard.com/cpb/ev/CPBEV0101_06.hc?bnftWebEvntCd=T1X982,2026-05-21,2026-07-16,할인,혜택,"대상 카드로 국내 제휴 호텔인 그랜드 조선 제주 이벤트 이용 시 혜택 제공
객실당 기준 인원 초과하는 투숙 인원 추가 무료(객실 타입별 최대 인원 수까지)
연박 시, 르 페르소나 LP01 미스틱 로즈 오 드 퍼퓸 50ml 제공",2026-06-06 17:19:04
MXBE2_E0003,MXBE2,현대,MX Black Edition2,T1X982,국내 제휴 호텔 5~7월 이벤트 혜택 안내,https://www.hyundaicard.com/cpb/ev/CPBEV0101_06.hc?bnftWebEvntCd=T1X982,2026-05-21,2026-07-16,할인,대상,"그랜드 조선 제주(주소 : 제주도 서귀포시 중문관광로 72번길 60 / 문의 : 1811 - 0511)
디럭스 룸 패키지(객실 1박, 아리아 뷔페 조식 2인)
스위트 룸 패키지(객실 1박, 아리아 뷔페 조식 2인, 그랑제이 프라이빗 라운지(커피&티타임))
가격(2인 기준 / 세금 포함)
디럭스 가든뷰 : 주중(일~목요일) 319,000원, 성수기(금·토요일, 2026. 6. 2) 374,000원
힐 스위트 가든뷰 / 힐 스튜디오 스위트 가든뷰 : 주중(일~목요일) 528,000원, 성수기(금·토요일, 2026. 6. 2) 583,000원
예약 기간 : 2026. 5. 21 ~ 7. 16
투숙 기간 : 2026. 6. 1 ~ 7. 16
제외 : 2026. 6. 4 ~ 6. 6
유의사항
본인 회원 예약 시 최대 2박 이용 가능
대상 카드 기소지 회원",2026-06-06 17:19:04
MXBE2_E0003,MXBE2,현대,MX Black Edition2,T1X982,국내 제휴 호텔 5~7월 이벤트 혜택 안내,https://www.hyundaicard.com/cpb/ev/CPBEV0101_06.hc?bnftWebEvntCd=T1X982,2026-05-21,2026-07-16,할인,기간,2026. 5. 21 ~ 7. 16,2026-06-06 17:19:04
MXBE2_E0003,MXBE2,현대,MX Black Edition2,T1X982,국내 제휴 호텔 5~7월 이벤트 혜택 안내,https://www.hyundaicard.com/cpb/ev/CPBEV0101_06.hc?bnftWebEvntCd=T1X982,2026-05-21,2026-07-16,할인,이용 방법,예약 및 결제 시 이벤트 대상 회원임을 알리고 본인 명의 대상 카드로 현장 결제,2026-06-06 17:19:04
MXBE2_E0003,MXBE2,현대,MX Black Edition2,T1X982,국내 제휴 호텔 5~7월 이벤트 혜택 안내,https://www.hyundaicard.com/cpb/ev/CPBEV0101_06.hc?bnftWebEvntCd=T1X982,2026-05-21,2026-07-16,할인,확인사항,"확인해 주세요
위 혜택은 본인 회원에 한해 기간 내 호텔별 1회 제공됩니다.
이용 전, 제휴 호텔로 이벤트 진행 및 혜택 적용 가능 여부를 확인해 주세요.
위 혜택은 일자별 한정 수량으로 인원 마감 시 조기 종료될 수 있습니다.
호텔 이용 금액은 부가가치세 포함가입니다.
실물 카드로 결제 시 혜택이 적용됩니다.(현대카드 법인·Chameleon 제외)
간편결제 서비스(네이버페이 등) 이용 시 혜택을 받을 수 없습니다.
현대카드 및 제휴사의 다른 혜택(할인·적립, 바우처 사용 등) 및 이벤트와 중복 적용되지 않습니다.
예약 취소 및 환불은 호텔별 규정을 따르며, 관련 내용은 제휴 호텔로 문의해 주세요.
위 혜택은 현대카드 및 제휴사 사정에 따라 변경 또는 중단될 수 있습니다.",2026-06-06 17:19:04
TPE4_E0002,TPE4,현대,the Purple,T1X982,국내 제휴 호텔 5~7월 이벤트 혜택 안내,https://www.hyundaicard.com/cpb/ev/CPBEV0101_06.hc?bnftWebEvntCd=T1X982,2026-05-21,2026-07-16,할인,혜택,"대상 카드로 국내 제휴 호텔인 그랜드 조선 제주 이벤트 이용 시 혜택 제공
객실당 기준 인원 초과하는 투숙 인원 추가 무료(객실 타입별 최대 인원 수까지)
연박 시, 르 페르소나 LP01 미스틱 로즈 오 드 퍼퓸 50ml 제공",2026-06-06 17:19:04
TPE4_E0002,TPE4,현대,the Purple,T1X982,국내 제휴 호텔 5~7월 이벤트 혜택 안내,https://www.hyundaicard.com/cpb/ev/CPBEV0101_06.hc?bnftWebEvntCd=T1X982,2026-05-21,2026-07-16,할인,대상,"그랜드 조선 제주(주소 : 제주도 서귀포시 중문관광로 72번길 60 / 문의 : 1811 - 0511)
디럭스 룸 패키지(객실 1박, 아리아 뷔페 조식 2인)
스위트 룸 패키지(객실 1박, 아리아 뷔페 조식 2인, 그랑제이 프라이빗 라운지(커피&티타임))
가격(2인 기준 / 세금 포함)
디럭스 가든뷰 : 주중(일~목요일) 319,000원, 성수기(금·토요일, 2026. 6. 2) 374,000원
힐 스위트 가든뷰 / 힐 스튜디오 스위트 가든뷰 : 주중(일~목요일) 528,000원, 성수기(금·토요일, 2026. 6. 2) 583,000원
예약 기간 : 2026. 5. 21 ~ 7. 16
투숙 기간 : 2026. 6. 1 ~ 7. 16
제외 : 2026. 6. 4 ~ 6. 6
유의사항
본인 회원 예약 시 최대 2박 이용 가능
대상 카드 기소지 회원",2026-06-06 17:19:04
TPE4_E0002,TPE4,현대,the Purple,T1X982,국내 제휴 호텔 5~7월 이벤트 혜택 안내,https://www.hyundaicard.com/cpb/ev/CPBEV0101_06.hc?bnftWebEvntCd=T1X982,2026-05-21,2026-07-16,할인,기간,2026. 5. 21 ~ 7. 16,2026-06-06 17:19:04
TPE4_E0002,TPE4,현대,the Purple,T1X982,국내 제휴 호텔 5~7월 이벤트 혜택 안내,https://www.hyundaicard.com/cpb/ev/CPBEV0101_06.hc?bnftWebEvntCd=T1X982,2026-05-21,2026-07-16,할인,이용 방법,예약 및 결제 시 이벤트 대상 회원임을 알리고 본인 명의 대상 카드로 현장 결제,2026-06-06 17:19:04
TPE4_E0002,TPE4,현대,the Purple,T1X982,국내 제휴 호텔 5~7월 이벤트 혜택 안내,https://www.hyundaicard.com/cpb/ev/CPBEV0101_06.hc?bnftWebEvntCd=T1X982,2026-05-21,2026-07-16,할인,확인사항,"확인해 주세요
위 혜택은 본인 회원에 한해 기간 내 호텔별 1회 제공됩니다.
이용 전, 제휴 호텔로 이벤트 진행 및 혜택 적용 가능 여부를 확인해 주세요.
위 혜택은 일자별 한정 수량으로 인원 마감 시 조기 종료될 수 있습니다.
호텔 이용 금액은 부가가치세 포함가입니다.
실물 카드로 결제 시 혜택이 적용됩니다.(현대카드 법인·Chameleon 제외)
간편결제 서비스(네이버페이 등) 이용 시 혜택을 받을 수 없습니다.
현대카드 및 제휴사의 다른 혜택(할인·적립, 바우처 사용 등) 및 이벤트와 중복 적용되지 않습니다.
예약 취소 및 환불은 호텔별 규정을 따르며, 관련 내용은 제휴 호텔로 문의해 주세요.
위 혜택은 현대카드 및 제휴사 사정에 따라 변경 또는 중단될 수 있습니다.",2026-06-06 17:19:04
TBE4_E0002,TBE4,현대,the Black,T1X982,국내 제휴 호텔 5~7월 이벤트 혜택 안내,https://www.hyundaicard.com/cpb/ev/CPBEV0101_06.hc?bnftWebEvntCd=T1X982,2026-05-21,2026-07-16,할인,혜택,"대상 카드로 국내 제휴 호텔인 그랜드 조선 제주 이벤트 이용 시 혜택 제공
객실당 기준 인원 초과하는 투숙 인원 추가 무료(객실 타입별 최대 인원 수까지)
연박 시, 르 페르소나 LP01 미스틱 로즈 오 드 퍼퓸 50ml 제공",2026-06-06 17:19:04
TBE4_E0002,TBE4,현대,the Black,T1X982,국내 제휴 호텔 5~7월 이벤트 혜택 안내,https://www.hyundaicard.com/cpb/ev/CPBEV0101_06.hc?bnftWebEvntCd=T1X982,2026-05-21,2026-07-16,할인,대상,"그랜드 조선 제주(주소 : 제주도 서귀포시 중문관광로 72번길 60 / 문의 : 1811 - 0511)
디럭스 룸 패키지(객실 1박, 아리아 뷔페 조식 2인)
스위트 룸 패키지(객실 1박, 아리아 뷔페 조식 2인, 그랑제이 프라이빗 라운지(커피&티타임))
가격(2인 기준 / 세금 포함)
디럭스 가든뷰 : 주중(일~목요일) 319,000원, 성수기(금·토요일, 2026. 6. 2) 374,000원
힐 스위트 가든뷰 / 힐 스튜디오 스위트 가든뷰 : 주중(일~목요일) 528,000원, 성수기(금·토요일, 2026. 6. 2) 583,000원
예약 기간 : 2026. 5. 21 ~ 7. 16
투숙 기간 : 2026. 6. 1 ~ 7. 16
제외 : 2026. 6. 4 ~ 6. 6
유의사항
본인 회원 예약 시 최대 2박 이용 가능
대상 카드 기소지 회원",2026-06-06 17:19:04
TBE4_E0002,TBE4,현대,the Black,T1X982,국내 제휴 호텔 5~7월 이벤트 혜택 안내,https://www.hyundaicard.com/cpb/ev/CPBEV0101_06.hc?bnftWebEvntCd=T1X982,2026-05-21,2026-07-16,할인,기간,2026. 5. 21 ~ 7. 16,2026-06-06 17:19:04
TBE4_E0002,TBE4,현대,the Black,T1X982,국내 제휴 호텔 5~7월 이벤트 혜택 안내,https://www.hyundaicard.com/cpb/ev/CPBEV0101_06.hc?bnftWebEvntCd=T1X982,2026-05-21,2026-07-16,할인,이용 방법,예약 및 결제 시 이벤트 대상 회원임을 알리고 본인 명의 대상 카드로 현장 결제,2026-06-06 17:19:04
TBE4_E0002,TBE4,현대,the Black,T1X982,국내 제휴 호텔 5~7월 이벤트 혜택 안내,https://www.hyundaicard.com/cpb/ev/CPBEV0101_06.hc?bnftWebEvntCd=T1X982,2026-05-21,2026-07-16,할인,확인사항,"확인해 주세요
위 혜택은 본인 회원에 한해 기간 내 호텔별 1회 제공됩니다.
이용 전, 제휴 호텔로 이벤트 진행 및 혜택 적용 가능 여부를 확인해 주세요.
위 혜택은 일자별 한정 수량으로 인원 마감 시 조기 종료될 수 있습니다.
호텔 이용 금액은 부가가치세 포함가입니다.
실물 카드로 결제 시 혜택이 적용됩니다.(현대카드 법인·Chameleon 제외)
간편결제 서비스(네이버페이 등) 이용 시 혜택을 받을 수 없습니다.
현대카드 및 제휴사의 다른 혜택(할인·적립, 바우처 사용 등) 및 이벤트와 중복 적용되지 않습니다.
예약 취소 및 환불은 호텔별 규정을 따르며, 관련 내용은 제휴 호텔로 문의해 주세요.
위 혜택은 현대카드 및 제휴사 사정에 따라 변경 또는 중단될 수 있습니다.",2026-06-06 17:19:04
TRE6_E0002,TRE6,현대,the Red,T1X982,국내 제휴 호텔 5~7월 이벤트 혜택 안내,https://www.hyundaicard.com/cpb/ev/CPBEV0101_06.hc?bnftWebEvntCd=T1X982,2026-05-21,2026-07-16,할인,혜택,"대상 카드로 국내 제휴 호텔인 그랜드 조선 제주 이벤트 이용 시 혜택 제공
객실당 기준 인원 초과하는 투숙 인원 추가 무료(객실 타입별 최대 인원 수까지)
연박 시, 르 페르소나 LP01 미스틱 로즈 오 드 퍼퓸 50ml 제공",2026-06-06 17:19:04
TRE6_E0002,TRE6,현대,the Red,T1X982,국내 제휴 호텔 5~7월 이벤트 혜택 안내,https://www.hyundaicard.com/cpb/ev/CPBEV0101_06.hc?bnftWebEvntCd=T1X982,2026-05-21,2026-07-16,할인,대상,"그랜드 조선 제주(주소 : 제주도 서귀포시 중문관광로 72번길 60 / 문의 : 1811 - 0511)
디럭스 룸 패키지(객실 1박, 아리아 뷔페 조식 2인)
스위트 룸 패키지(객실 1박, 아리아 뷔페 조식 2인, 그랑제이 프라이빗 라운지(커피&티타임))
가격(2인 기준 / 세금 포함)
디럭스 가든뷰 : 주중(일~목요일) 319,000원, 성수기(금·토요일, 2026. 6. 2) 374,000원
힐 스위트 가든뷰 / 힐 스튜디오 스위트 가든뷰 : 주중(일~목요일) 528,000원, 성수기(금·토요일, 2026. 6. 2) 583,000원
예약 기간 : 2026. 5. 21 ~ 7. 16
투숙 기간 : 2026. 6. 1 ~ 7. 16
제외 : 2026. 6. 4 ~ 6. 6
유의사항
본인 회원 예약 시 최대 2박 이용 가능
대상 카드 기소지 회원",2026-06-06 17:19:04
TRE6_E0002,TRE6,현대,the Red,T1X982,국내 제휴 호텔 5~7월 이벤트 혜택 안내,https://www.hyundaicard.com/cpb/ev/CPBEV0101_06.hc?bnftWebEvntCd=T1X982,2026-05-21,2026-07-16,할인,기간,2026. 5. 21 ~ 7. 16,2026-06-06 17:19:04
TRE6_E0002,TRE6,현대,the Red,T1X982,국내 제휴 호텔 5~7월 이벤트 혜택 안내,https://www.hyundaicard.com/cpb/ev/CPBEV0101_06.hc?bnftWebEvntCd=T1X982,2026-05-21,2026-07-16,할인,이용 방법,예약 및 결제 시 이벤트 대상 회원임을 알리고 본인 명의 대상 카드로 현장 결제,2026-06-06 17:19:04
TRE6_E0002,TRE6,현대,the Red,T1X982,국내 제휴 호텔 5~7월 이벤트 혜택 안내,https://www.hyundaicard.com/cpb/ev/CPBEV0101_06.hc?bnftWebEvntCd=T1X982,2026-05-21,2026-07-16,할인,확인사항,"확인해 주세요
위 혜택은 본인 회원에 한해 기간 내 호텔별 1회 제공됩니다.
이용 전, 제휴 호텔로 이벤트 진행 및 혜택 적용 가능 여부를 확인해 주세요.
위 혜택은 일자별 한정 수량으로 인원 마감 시 조기 종료될 수 있습니다.
호텔 이용 금액은 부가가치세 포함가입니다.
실물 카드로 결제 시 혜택이 적용됩니다.(현대카드 법인·Chameleon 제외)
간편결제 서비스(네이버페이 등) 이용 시 혜택을 받을 수 없습니다.
현대카드 및 제휴사의 다른 혜택(할인·적립, 바우처 사용 등) 및 이벤트와 중복 적용되지 않습니다.
예약 취소 및 환불은 호텔별 규정을 따르며, 관련 내용은 제휴 호텔로 문의해 주세요.
위 혜택은 현대카드 및 제휴사 사정에 따라 변경 또는 중단될 수 있습니다.",2026-06-06 17:19:04
NXNX_E0002,NXNX,현대,넥슨,T1X982,국내 제휴 호텔 5~7월 이벤트 혜택 안내,https://www.hyundaicard.com/cpb/ev/CPBEV0101_06.hc?bnftWebEvntCd=T1X982,2026-05-21,2026-07-16,할인,혜택,"대상 카드로 국내 제휴 호텔인 그랜드 조선 제주 이벤트 이용 시 혜택 제공
객실당 기준 인원 초과하는 투숙 인원 추가 무료(객실 타입별 최대 인원 수까지)
연박 시, 르 페르소나 LP01 미스틱 로즈 오 드 퍼퓸 50ml 제공",2026-06-06 17:19:04
NXNX_E0002,NXNX,현대,넥슨,T1X982,국내 제휴 호텔 5~7월 이벤트 혜택 안내,https://www.hyundaicard.com/cpb/ev/CPBEV0101_06.hc?bnftWebEvntCd=T1X982,2026-05-21,2026-07-16,할인,대상,"그랜드 조선 제주(주소 : 제주도 서귀포시 중문관광로 72번길 60 / 문의 : 1811 - 0511)
디럭스 룸 패키지(객실 1박, 아리아 뷔페 조식 2인)
스위트 룸 패키지(객실 1박, 아리아 뷔페 조식 2인, 그랑제이 프라이빗 라운지(커피&티타임))
가격(2인 기준 / 세금 포함)
디럭스 가든뷰 : 주중(일~목요일) 319,000원, 성수기(금·토요일, 2026. 6. 2) 374,000원
힐 스위트 가든뷰 / 힐 스튜디오 스위트 가든뷰 : 주중(일~목요일) 528,000원, 성수기(금·토요일, 2026. 6. 2) 583,000원
예약 기간 : 2026. 5. 21 ~ 7. 16
투숙 기간 : 2026. 6. 1 ~ 7. 16
제외 : 2026. 6. 4 ~ 6. 6
유의사항
본인 회원 예약 시 최대 2박 이용 가능
대상 카드 기소지 회원",2026-06-06 17:19:04
NXNX_E0002,NXNX,현대,넥슨,T1X982,국내 제휴 호텔 5~7월 이벤트 혜택 안내,https://www.hyundaicard.com/cpb/ev/CPBEV0101_06.hc?bnftWebEvntCd=T1X982,2026-05-21,2026-07-16,할인,기간,2026. 5. 21 ~ 7. 16,2026-06-06 17:19:04
NXNX_E0002,NXNX,현대,넥슨,T1X982,국내 제휴 호텔 5~7월 이벤트 혜택 안내,https://www.hyundaicard.com/cpb/ev/CPBEV0101_06.hc?bnftWebEvntCd=T1X982,2026-05-21,2026-07-16,할인,이용 방법,예약 및 결제 시 이벤트 대상 회원임을 알리고 본인 명의 대상 카드로 현장 결제,2026-06-06 17:19:04
NXNX_E0002,NXNX,현대,넥슨,T1X982,국내 제휴 호텔 5~7월 이벤트 혜택 안내,https://www.hyundaicard.com/cpb/ev/CPBEV0101_06.hc?bnftWebEvntCd=T1X982,2026-05-21,2026-07-16,할인,확인사항,"확인해 주세요
위 혜택은 본인 회원에 한해 기간 내 호텔별 1회 제공됩니다.
이용 전, 제휴 호텔로 이벤트 진행 및 혜택 적용 가능 여부를 확인해 주세요.
위 혜택은 일자별 한정 수량으로 인원 마감 시 조기 종료될 수 있습니다.
호텔 이용 금액은 부가가치세 포함가입니다.
실물 카드로 결제 시 혜택이 적용됩니다.(현대카드 법인·Chameleon 제외)
간편결제 서비스(네이버페이 등) 이용 시 혜택을 받을 수 없습니다.
현대카드 및 제휴사의 다른 혜택(할인·적립, 바우처 사용 등) 및 이벤트와 중복 적용되지 않습니다.
예약 취소 및 환불은 호텔별 규정을 따르며, 관련 내용은 제휴 호텔로 문의해 주세요.
위 혜택은 현대카드 및 제휴사 사정에 따라 변경 또는 중단될 수 있습니다.",2026-06-06 17:19:04
ZWE2_E0002,ZWE2,현대,Z work Edition2,C6V959,모두의카드 대중교통비 초과분 환급,https://www.hyundaicard.com/cpb/ev/CPBEV0101_06.hc?bnftWebEvntCd=C6V959,2026-04-13,2027-04-12,기타,혜택,"한 달 동안 15회 이상 대중교통 이용하고, 환급 기준 금액을 초과하여 대중교통비를 지출한 경우
초과분에 대해 환급
월 이용 내역 기준, 환급 혜택이 가장 큰 방식으로 자동 적용
※ 모두의카드는 국토교통부 및 해당 지역이 제공하는 서비스로, 국토교통부 사정에 따라 변경 또는 중단될 수
있으니, 자세한 내용은 모두의카드 홈페이지에서 확인해 주세요.",2026-06-06 17:19:23
ZWE2_E0002,ZWE2,현대,Z work Edition2,C6V959,모두의카드 대중교통비 초과분 환급,https://www.hyundaicard.com/cpb/ev/CPBEV0101_06.hc?bnftWebEvntCd=C6V959,2026-04-13,2027-04-12,기타,대상,대상 카드 기소지 회원,2026-06-06 17:19:23
ZWE2_E0002,ZWE2,현대,Z work Edition2,C6V959,모두의카드 대중교통비 초과분 환급,https://www.hyundaicard.com/cpb/ev/CPBEV0101_06.hc?bnftWebEvntCd=C6V959,2026-04-13,2027-04-12,기타,이용 방법,"주요 카드사에서 모두의카드 이용 가능한 신용·선불·체크카드 보유
모두의카드 홈페이지 및 앱에서 회원 가입 후 본인 인증, 보유 카드 등록
모두의카드 서비스 동의 체크",2026-06-06 17:19:23
ZWE2_E0002,ZWE2,현대,Z work Edition2,C6V959,모두의카드 대중교통비 초과분 환급,https://www.hyundaicard.com/cpb/ev/CPBEV0101_06.hc?bnftWebEvntCd=C6V959,2026-04-13,2027-04-12,기타,확인사항,"확인해 주세요
모두의카드는 K-패스의 새로운 명칭입니다.
기존 K-패스 이용자는 카드 별도의 모두의카드 신청 또는 재발급 없이 이용 가능합니다.
환급 기준 금액은 지역/유형별로 다르며, 적립금은 기본형/일반형/플러스형 중 유리한 방식으로
자동 적용됩니다.
환급 방식, 환급 기준 금액 등 자세한 내용은 현대카드 홈페이지에서 확인해 주세요.
홈페이지 > 혜택 > 정부 지원 사업 안내 > K-패스
모두의카드 회원 가입 전 이용한 대중교통비에 대해서는 환급금이 제공되지 않습니다.
모두의카드 환급금 적립률 및 운영 기준, 조건 등은 모두의카드 홈페이지 또는 앱에서 확인
모두의카드 대중교통비 초과분 환급은 매월 7영업일 지급되며, 환급금 적립 금액만큼 카드 이용대금에서 차감됩니다.
자세한 내용은 모두의카드 고객센터(031-427-4415) 또는 현대카드 고객센터(1577-6000)로 문의해 주세요.",2026-06-06 17:19:23
NXNX_E0003,NXNX,현대,넥슨,47C947,넥슨 현대카드 Edition2 넥슨팩 혜택 페스타 최대 28만원 상당 혜택,https://www.hyundaicard.com/cpb/ev/CPBEV0101_06.hc?bnftWebEvntCd=47C947,2026-03-26,2026-07-09,기타,혜택,"10만 넥슨 현대카드 포인트2
기간 내 이벤트 참여 후 대상 카드로 일상에서 누적 30만원 이상 결제 시 10만 넥슨 현대카드 포인트2 적립
(1 넥슨 현대카드 포인트2=1원으로 환산)
최대 15만 넥슨 현대카드 포인트2
기간 내 이벤트 참여 후 대상 카드로 누적 30만원 결제 금액에 넥슨 게임 누적 1만/5만원 결제 포함 시 5만/10만 넥슨 현대카드 포인트2 적립
(1 넥슨 현대카드 포인트2=1원으로 환산)
최대 3만원 청구 할인
정기결제 신청 후 이용 시 최대 1만 5천원(항목당 3천원)
간편결제 등록 후 서비스별 누적 10만원 이상 이용 시 최대 1만 5천원(서비스당 3천원)
혜택 참여일 직전 1년간 모든 현대카드 정기결제/간편결제 등록 및 결제 이력 있는 항목 및 서비스는 혜택 제외
대상 서비스 : Apple Pay, 삼성페이, 카카오페이, 토스페이, 네이버페이, 스마일페이, 쿠페이, SSG PAY
넥슨 현대카드 포인트2 : 대상 카드와 연동된 계정의 마이페이지로 실시간 제공",2026-06-06 17:19:43
NXNX_E0003,NXNX,현대,넥슨,47C947,넥슨 현대카드 Edition2 넥슨팩 혜택 페스타 최대 28만원 상당 혜택,https://www.hyundaicard.com/cpb/ev/CPBEV0101_06.hc?bnftWebEvntCd=47C947,2026-03-26,2026-07-09,기타,기간,"이벤트 참여 기간 : 2026. 3. 26 ~ 7. 9
미션 달성 기간 : 2026. 3. 26 ~ 7. 16
혜택 수령 기간 : 2026. 3. 26 ~ 7. 30",2026-06-06 17:19:43
NXNX_E0003,NXNX,현대,넥슨,47C947,넥슨 현대카드 Edition2 넥슨팩 혜택 페스타 최대 28만원 상당 혜택,https://www.hyundaicard.com/cpb/ev/CPBEV0101_06.hc?bnftWebEvntCd=47C947,2026-03-26,2026-07-09,기타,대상,"아래 조건을 모두 충족한 회원
대상 카드 기소지 회원
'개인(신용)정보 선택 제공에 관한 사항(마케팅 활용 등 제휴서비스 제공)'에 동의한 회원
* 동의 문의 : 현대카드 고객센터(1577-6000)
넥슨 현대카드 이벤트* 혜택을 받은 이력이 없는 회원
* 아래 '이벤트 중복 참여 유의사항' 참고",2026-06-06 17:19:43
NXNX_E0003,NXNX,현대,넥슨,47C947,넥슨 현대카드 Edition2 넥슨팩 혜택 페스타 최대 28만원 상당 혜택,https://www.hyundaicard.com/cpb/ev/CPBEV0101_06.hc?bnftWebEvntCd=47C947,2026-03-26,2026-07-09,기타,이용 방법,"이벤트 참여 기간 내 [이벤트 자세히 보기] 내 [혜택 페스타 참여하기] 누르기
미션 달성 기간 내 미션 달성하기
기본 미션 : 일상에서 누적 30만원 이상 결제
게임 미션1 : 넥슨 게임에서 누적 1만원 이상 결제
게임 미션2 : 넥슨 게임에서 누적 5만원 이상 결제
'나의 미션 진행 현황' 내 '혜택받기' 중 활성화된 버튼을 눌러 혜택받기
* 혜택 제공 조건 충족 후 혜택명이 적힌 버튼을 눌러야 혜택을 받을 수 있음",2026-06-06 17:19:43
NXNX_E0003,NXNX,현대,넥슨,47C947,넥슨 현대카드 Edition2 넥슨팩 혜택 페스타 최대 28만원 상당 혜택,https://www.hyundaicard.com/cpb/ev/CPBEV0101_06.hc?bnftWebEvntCd=47C947,2026-03-26,2026-07-09,기타,확인사항,"확인해 주세요
[혜택 페스타 1 유의사항]
이벤트 공통 유의사항
넥슨 현대카드, 넥슨 현대카드 UNLIMITED, 넥슨 현대카드 CHECK, 넥슨 현대카드 Edition2 마비노기 모바일팩 회원은 이벤트 대상에서 제외됩니다.
본 이벤트에 참여하기 위해서는 넥슨 현대카드 Edition2 넥슨팩을 소지한 상태에서 '이벤트 기간' 내 반드시 [혜택 페스타 참여하기] 버튼을 통해 참여가 완료되어야 합니다.
혜택 제공 조건 충족 후 '혜택 수령 기간' 내 혜택명이 적힌 버튼을 눌러야 혜택을 받을 수 있습니다.
혜택으로 지급되는 넥슨 현대카드 포인트2는 넥슨 현대카드 Edition2 넥슨팩과 연동된 계정에 적립되며, 다른 넥슨 아이디로 이동 및 적립 불가합니다.
혜택은 각 1회만 제공됩니다.
넥슨 현대카드 Edition2 마비노기 모바일팩 혜택 페스타 이벤트와는 중복 참여가 불가능합니다.
혜택 제공 시점에 '개인(신용)정보 선택 제공에 관한 사항(마케팅 활용 등 제휴서비스 제공)'에 미동의 상태인 경우 혜택이 제공되지 않습니다.
혜택 제공 시점에 넥슨 현대카드 Edition2 넥슨팩 해지, 분실, 교체(재발급 등), 정지(연체 등), 탈회 등의 경우 혜택이 제공되지 않습니다.(카드 상태가 정상인 경우에 한함)
개인(신용)정보 선택 제공에 관한 동의 및 이용 금액 관련 자세한 내용은 현대카드 고객센터(1577-6000)로 문의해 주세요.
혜택을 부정하게 취득하려는 시도나 비정상적인 참여로 판단되는 경우, 혜택이 취소되며 향후 이벤트 참여가 제한될 수 있습니다.
[운영정책]을 위반하거나 사회적 통념에 맞지 않는 행위가 발생할 경우, 관련 규정에 따라 서비스 이용이 제한될 수 있습니다.
본 이벤트는 넥슨 및 현대카드 사정에 따라 변경 또는 중단될 수 있습니다.
이벤트 중복 참여 유의사항
아래 이벤트에 참여한 경우 이벤트 대상에서 제외됩니다.
혜택버닝 이벤트(2022. 10. 27 ~ 12. 31, 2023. 4. 27 ~ 7. 19)
던전앤파이터&던전앤파이터 모바일 혜택버닝 이벤트(2022. 11. 17 ~ 12. 31)
블루 아카이브 이벤트(2023. 7. 20 ~ 8. 31)
데이브 더 다이버 이벤트(2023. 9. 14 ~ 10. 26)
1주년 대축제 이벤트(2023. 11. 23 ~ 12. 31)
혜택이 꽃피나봄 이벤트(2024. 3. 28 ~ 5. 9)
30주년 이벤트(2024. 5. 16 ~ 8. 1)
10만 캐시백 이벤트(2025. 1. 9 ~ 2. 28)
10만 포인트 이벤트(2025. 3. 1 ~ 5. 8)
혜택 퀘스트(2025. 5. 22 ~ 8. 28)
15만 포인트 이벤트(2025. 12. 1 ~ 12. 31)
넥슨 현대카드 Ed.2 마비노기 모바일팩 웰컴 이벤트(2026. 1. 27 ~ 3. 19)
이벤트 기간 및 직전 12개월간(2025. 3. 26 ~ 2026. 3. 25) 현대카드의 다른 이용 유도 이벤트에 참여했거나 혜택(캐시백, 포인트, 할인 쿠폰 등)을 받은 경우, 조건을 충족하더라도 혜택이 중복 제공되지 않습니다.
이벤트 혜택(포인트, 캐시백, 쿠폰 등)을 제공받은 달부터 13개월 내 넥슨 현대카드 Edition2 넥슨팩 해지 또는 탈회 시 받은 혜택은 현금으로 청구되거나 등록된 본인 명의 결제 계좌에서 자동 출금될 수 있습니다. (1 넥슨 현대카드 포인트2=1원으로 환산)
예시 : 2026년 5월 1일에 혜택을 제공받은 후, 2027년 4월 30일 이전에 대상 카드 해지 또는 탈회 시 제공받은 혜택 금액만큼 청구
이용 금액 유의사항
누적 이용 금액은 '미션 달성 기간'인 2026. 3. 26(목) ~ 7. 16(목) 기간 내 결제한 금액만 합산됩니다.(넥슨 결제 건 포함)
누적 이용 금액은 참여자 명의 넥슨 현대카드 Edition2 넥슨팩(본인+가족 카드)의 일시불 및 할부 합산 기준입니다.
누적 이용 금액은 카드사 매출전표 접수일 기준으로 최소 7일 이후 이용 금액에 포함
넥슨 내 이용 금액, 무이자 할부, 보험료 결제 건도 이용 금액에 포함(단, 연회비, 금융서비스, 세금, 이자, 수수료, 관리비, 월세, 상품권 구매, 선불 카드 구매·충전 등은 제외)
넥슨 현대카드 포인트 및 넥슨 현대카드 포인트2를 사용하여 결제 시, 카드 승인 금액 기준으로 합산
넥슨 현대카드 Edition2 넥슨팩 가족 회원의 기간 내 카드 이용 금액은 이벤트 참여 대상자인 본인 회원의 누적 이용 금액에 포함됩니다.(가족 회원은 이벤트 참여 대상 제외)
넥슨 게임 이용 금액 유의사항(게임 미션1~2)
넥슨 게임(PC, 모바일)의 경우 넥슨이 서비스하는 PC 및 모바일 게임 이용 금액에 한합니다.
넥슨 게임 외(넥슨 쇼핑, 넥슨 에센셜, 넥슨 관련 오프라인 행사 및 장소, 콘솔 게임 및 스팀, 에픽 게임즈 등 넥슨 외 게임 플랫폼) 이용 금액은 제외됩니다.
본인 인증된 본인 명의 계정으로 결제한 금액에 한하여 이용 금액으로 인정됩니다.(타 계정 결제 금액 제외)
넥슨 현대카드 Edition2 넥슨팩과 계정의 명의가 동일한 경우에 한해 혜택이 제공됩니다.
넥슨 및 외부 계정(구글, 애플 등)의 본인 인증 방법은 넥슨 홈페이지를 참고해 주세요.
결제 승인된 가맹점명이 '넥슨코리아'가 아닌 PG결제(결제대행) 또는 간편결제 가맹점명으로 확인되는 경우, 해당 가맹점으로 분류되어 이용 금액에서 제외됩니다.
예시 : 메이플 스토리에서 토스페이로 결제하여 승인된 가맹점명이 ‘토스페이’로 표기된 경우, 넥슨이 아닌 '간편결제’ 가맹점으로 분류되어 이용 금액에서 제외
넥슨 현대카드 포인트2 정보
넥슨 현대카드 포인트2는 넥슨 현대카드 Edition2 넥슨팩과 연동된 계정에 한하여 넥슨 현대카드샵2에서 사용 가능합니다. (타인 명의 계정 양도 불가)
넥슨 현대카드 포인트2는 적립월 기준 60개월 내 사용 가능하며, 유효 기간 이후 소멸된 포인트는 특정 기부처에 기부됩니다.
넥슨 현대카드 포인트2에 관한 자세한 내용은 [넥슨 현대카드 Edition2 포인트 약관]을 참고해 주세요.
[혜택 페스타 2 유의사항]
이벤트 직전 6개월간 모든 현대카드 결제 이력은 본인 명의 모든 현대카드(법인·체크·하이브리드·Gift 카드 제외)의 결제 건입니다.
정기결제 혜택은 혜택 금액보다 이용 금액이 적을 경우, 이용 금액만큼만 혜택이 제공됩니다.
이벤트 직전 1년간 모든 현대카드 기준 정기결제 신청 및 간편결제 등록, 이용 이력이 있는 항목 및 서비스는 혜택 제외됩니다.
결제 후 회원별 카드 이용 대금 결제일(이벤트 기간 기준 다음 달 또는 다다음 달)에 할인 적용된 금액으로 청구되며, 결제일에 청구 금액이 없는 경우 청구 금액 발생 시점에 혜택이 적용됩니다.
혜택 제공 시점에 넥슨 현대카드 Edition2 넥슨팩 해지, 분실, 교체(재발급 등), 정지(연체 등), 탈회 등의 경우 혜택이 제공되지 않습니다.(카드 상태가 정상인 경우에 한해 제공)
Apple Pay 결제 대상 현대카드 및 이용 가능 브랜드는 현대카드 앱 및 홈페이지에서 확인해 주세요.",2026-06-06 17:19:43
NXNX_E0004,NXNX,현대,넥슨,S5W946,넥슨 현대카드 Edition2 마비노기 모바일팩 혜택 페스타 최대 33만원 상당 혜택,https://www.hyundaicard.com/cpb/ev/CPBEV0101_06.hc?bnftWebEvntCd=S5W946,2026-03-26,2026-07-09,기타,혜택,"최대 10만원 상당 혜택과 5만원 상당 굿즈
기간 내 이벤트 참여 후 대상 카드로 일상에서 누적 30만원 이상 결제 시 1만 넥슨 현대카드 M캐시 및 굿즈(5만원 상당, 선착순) 제공(1 넥슨 현대카드 M캐시=10원으로 환산)
최대 15만원 상당 혜택
기간 내 이벤트 참여 후 대상 카드로 누적 30만원 결제 금액에 마비노기 모바일 누적 1만/5만원 결제 포함 시  5천/1만 넥슨 현대카드 M캐시 적립(1 넥슨 현대카드 M캐시=10원으로 환산)
최대 3만원 청구 할인
정기결제 신청 후 이용 시 최대 1만 5천원(항목당 3천원)
간편결제 등록 후 서비스별 누적 10만원 이상 이용 시 최대 1만 5천원(서비스당 3천원)
혜택 참여일 직전 1년간 모든 현대카드 정기결제/간편결제 등록 및 결제 이력 있는 항목 및 서비스는 혜택 제외
넥슨 현대카드 M캐시 : 대상 카드와 연동된 계정의 마이페이지로 실시간 제공
굿즈 : 이벤트 종료 후 입력된 배송지로 2026년 7월 중 일괄 배송 예정
자세한 일정은 추후 넥슨 홈페이지 내 공지사항에 안내 예정",2026-06-06 17:19:48
NXNX_E0004,NXNX,현대,넥슨,S5W946,넥슨 현대카드 Edition2 마비노기 모바일팩 혜택 페스타 최대 33만원 상당 혜택,https://www.hyundaicard.com/cpb/ev/CPBEV0101_06.hc?bnftWebEvntCd=S5W946,2026-03-26,2026-07-09,기타,기간,"이벤트 참여 기간 : 2026. 3. 26 ~ 7. 9
미션 달성 기간  2026. 3. 26 ~ 7. 16
혜택 수령 기간 : 2026. 3. 26 ~ 7. 30
* 굿즈는 선착순으로 제공되며, 대상자에 한해 혜택 수령 기간 내 배송지 입력 진행",2026-06-06 17:19:48
NXNX_E0004,NXNX,현대,넥슨,S5W946,넥슨 현대카드 Edition2 마비노기 모바일팩 혜택 페스타 최대 33만원 상당 혜택,https://www.hyundaicard.com/cpb/ev/CPBEV0101_06.hc?bnftWebEvntCd=S5W946,2026-03-26,2026-07-09,기타,대상,"아래 조건을 모두 충족한 회원
대상 카드 기소지 회원
'개인(신용)정보 선택 제공에 관한 사항(마케팅 활용 등 제휴서비스 제공)'에 동의한 회원
* 동의 문의 : 현대카드 고객센터(1577-6000)
넥슨 현대카드 이벤트* 혜택을 받은 이력이 없는 회원
* 아래 '이벤트 중복 참여 유의사항' 참고",2026-06-06 17:19:48
NXNX_E0004,NXNX,현대,넥슨,S5W946,넥슨 현대카드 Edition2 마비노기 모바일팩 혜택 페스타 최대 33만원 상당 혜택,https://www.hyundaicard.com/cpb/ev/CPBEV0101_06.hc?bnftWebEvntCd=S5W946,2026-03-26,2026-07-09,기타,이용 방법,"이벤트 참여 기간 내  [이벤트 자세히 보기] 내 [혜택 페스타 참여하기] 누르기
미션 달성 기간 내 미션 달성하기
기본 미션 : 일상에서 누적 30만원 이상 결제
게임 미션1 : 마비노기 모바일에서 누적 1만원 이상 결제
게임 미션2 : 마비노기 모바일에서 누적 5만원 이상 결제
'나의 미션 진행 현황' 내 '혜택받기' 중 활성화된 버튼을 눌러 혜택받기
* 혜택 제공 조건 충족 후 혜택명이 적힌 버튼을 눌러야 혜택을 받을 수 있음",2026-06-06 17:19:48
NXNX_E0004,NXNX,현대,넥슨,S5W946,넥슨 현대카드 Edition2 마비노기 모바일팩 혜택 페스타 최대 33만원 상당 혜택,https://www.hyundaicard.com/cpb/ev/CPBEV0101_06.hc?bnftWebEvntCd=S5W946,2026-03-26,2026-07-09,기타,확인사항,"확인해 주세요
[혜택 페스타 1 유의사항]
이벤트 공통 유의사항
넥슨 현대카드, 넥슨 현대카드 UNLIMITED, 넥슨 현대카드 CHECK, 넥슨 현대카드 Edition2 넥슨팩 회원은 이벤트 대상에서 제외됩니다.
본 이벤트에 참여하기 위해서는 넥슨 현대카드 Edition2 마비노기 모바일팩을 소지한 상태에서 '이벤트 기간' 내 반드시 [이벤트 자세히 보기] 내  [혜택 페스타 참여하기] 버튼을 통해 참여가 완료되어야 합니다.
혜택으로 지급되는 넥슨 현대카드 M캐시는 넥슨 현대카드 Edition2 마비노기 모바일팩과 연동된 계정에 적립되며, 다른 넥슨 아이디로 이동 및 적립 불가합니다.
혜택은 각 1회만 제공됩니다.
넥슨 현대카드 Edition2 넥슨팩 혜택 페스타 이벤트와는 중복 참여가 불가능합니다.
혜택 제공 시점에 '개인(신용)정보 선택 제공에 관한 사항(마케팅 활용 등 제휴서비스 제공)'에 미동의 상태인 경우 혜택이 제공되지 않습니다.
혜택 제공 시점에 넥슨 현대카드 Edition2 마비노기 모바일팩 해지, 분실, 교체(재발급 등), 정지(연체 등), 탈회 등의 경우 혜택이 제공되지 않습니다.(카드 상태가 정상인 경우에 한함)
'개인(신용)정보 선택 제공에 관한 사항' 동의 및 이용 금액 관련 자세한 내용은 현대카드 고객센터(1577-6000)로 문의해 주세요.
혜택을 부정하게 취득하려는 시도나 비정상적인 참여로 판단되는 경우, 혜택이 취소되며 향후 이벤트 참여가 제한될 수 있습니다.
[운영정책]을 위반하거나 사회적 통념에 맞지 않는 행위가 발생할 경우, 관련 규정에 따라 서비스 이용이 제한될 수 있습니다.
모든 가맹점은 현대카드 가맹점 등록 및 업종 분류 기준입니다.
본 이벤트는 넥슨 및 현대카드 사정에 따라 변경 또는 중단될 수 있습니다.
이벤트 중복 참여 유의사항
아래 이벤트에 참여한 경우 이벤트 대상에서 제외됩니다.
혜택버닝 이벤트(2022. 10. 27 ~ 12. 31, 2023. 4. 27 ~ 7. 19)
던전앤파이터&던전앤파이터 모바일 혜택버닝 이벤트(2022. 11. 17 ~ 12. 31)
블루 아카이브 이벤트(2023. 7. 20 ~ 8. 31)
데이브 더 다이버 이벤트(2023. 9. 14 ~ 10. 26)
1주년 대축제 이벤트(2023. 11. 23 ~ 12. 31)
혜택이 꽃피나봄 이벤트(2024. 3. 28 ~ 5. 9)
30주년 이벤트(2024. 5. 16 ~ 8. 1)
10만 캐시백 이벤트(2025. 1. 9 ~ 2. 28)
10만 포인트 이벤트(2025. 3. 1 ~ 5. 8)
혜택 퀘스트(2025. 5. 22 ~ 8. 28)
15만 포인트 이벤트(2025. 12. 1 ~ 12. 31)
넥슨 현대카드 Ed2 넥슨팩 웰컴 이벤트(2026. 1. 27 ~ 3. 19)
이벤트 기간 및 직전 12개월간(2025. 3. 26 ~ 2026. 3. 25) 현대카드의 다른 이용 유도 이벤트에 참여했거나 혜택(캐시백, 포인트, 할인 쿠폰 등)을 받은 경우, 조건을 충족하더라도 혜택이 중복 제공되지 않습니다.
이벤트 혜택(포인트, 캐시백, 쿠폰 등)을 제공받은 달부터 13개월 내 넥슨 현대카드 Edition2 마비노기 모바일팩 해지 또는 탈회 시 받은 혜택은 현금으로 청구되거나 등록된 본인 명의 결제 계좌에서 자동 출금될 수 있습니다.(1 넥슨 현대카드 M캐시=10원으로 환산)
예시 : 2026년 5월 1일에 혜택을 제공받은 후, 2027년 4월 30일 이전에 대상 카드 해지 또는 탈회 시 제공받은 혜택 금액만큼 청구
이용 금액 유의사항
누적 이용 금액은 '미션 달성 기간'인 2026. 3. 26(목) ~ 7. 16(목) 기간 내 결제한 금액만 합산됩니다.(넥슨 결제 건 포함)
누적 이용 금액은 참여자 명의 넥슨 현대카드 Edition2 마비노기 모바일팩(본인+가족 카드)의 일시불 및 할부 합산 기준입니다.
누적 이용 금액은 카드사 매출전표 접수일 기준으로 최소 7일 이후 이용 금액에 포함
넥슨 내 이용 금액, 무이자 할부, 보험료 결제 건도 이용 금액에 포함(단, 연회비, 금융서비스, 세금, 이자, 수수료, 관리비, 월세, 상품권 구매, 선불 카드 구매·충전 등은 제외)
넥슨 현대카드 Edition2 마비노기 모바일팩 가족 회원의 기간 내 카드 이용 금액은 이벤트 참여 대상자인 본인 회원의 누적 이용 금액에 포함됩니다.(가족 회원은 이벤트 참여 대상 제외)
마비노기 모바일 이용 금액 유의사항(게임 미션1~2)
본인 인증된 본인 명의 계정으로 결제한 금액에 한하여 이용 금액으로 인정됩니다.(타 계정 결제 금액 제외)
넥슨 현대카드 Edition2 마비노기 모바일팩과 계정의 명의가 동일한 경우에 한해 혜택이 제공됩니다.
넥슨 및 외부 계정(구글, 애플 등)의 본인 인증 방법은 넥슨 홈페이지를 참고해 주세요.
넥슨 캐시 충전 금액도 이용 금액에 포함됩니다.
결제 승인된 가맹점명이 '넥슨코리아'가 아닌 PG결제(결제대행) 또는 간편결제 가맹점명으로 확인되는 경우, 해당 가맹점으로 분류되어 이용 금액에서 제외됩니다.
예시 : 마비노기 모바일에서 토스페이로 결제하여 승인된 가맹점명이 ‘토스페이’로 표기된 경우, 넥슨이 아닌 '간편결제’ 가맹점으로 분류되어 이용 금액에서 제외
굿즈 유의사항
굿즈는 '미션 달성 기간' 내 미션 달성 및 '혜택 수령 기간' 내 배송지 입력한 회원을 기준으로 선착순 1,000명에게 제공됩니다.
굿즈는 입력된 배송지로 2026년 7월 말 일괄 발송 예정이며, 변동 사항이 있을 경우 [공지사항]을 통해 안내 드리겠습니다.
굿즈는 모두 소진 시 조기 종료될 수 있으며, 수령 후 교환이나 환불이 불가합니다.
굿즈 배송이 시작된 경우 배송지 변경이 불가합니다.
배송지 정보 변경을 희망하실 경우, '이벤트 참여 기간'인 2026. 7. 9(목)까지 [마비노기 모바일 고객센터]로 문의해 주세요.
넥슨 현대카드 M캐시 정보
넥슨 현대카드 M캐시는 넥슨 현대카드 Edition2 마비노기 모바일팩과 연동된 계정에 한하여 마비노기 모바일에서 사용 가능한 M캐시로 전환 가능합니다. (타인 명의 계정 양도 불가)
적립된 넥슨 현대카드 M캐시는 ‘넥슨 현대카드 Edition2 마비노기 모바일팩 > 마이페이지’ 메뉴를 통해 확인할 수 있습니다. [마이페이지 바로가기]
넥슨 현대카드 M캐시는 적립월 기준 60개월 내 사용 가능하며, 유효 기간 이후 소멸된 포인트는 특정 기부처에 기부됩니다.
넥슨 현대카드 M캐시에 관한 자세한 내용은 [넥슨 현대카드 Edition2 포인트 약관]을 참고해 주세요.
[혜택 페스타 2 유의사항]
이벤트 직전 6개월간 모든 현대카드 결제 이력은 본인 명의 모든 현대카드(법인·체크·하이브리드·Gift 카드 제외)의 결제 건입니다.
정기결제 혜택은 혜택 금액보다 이용 금액이 적을 경우, 이용 금액만큼만 혜택이 제공됩니다.
이벤트 직전 1년간 모든 현대카드 기준 정기결제 신청 및 간편결제 등록, 이용 이력이 있는 항목 및 서비스는 혜택 제외됩니다.
결제 후 회원별 카드 이용 대금 결제일(이벤트 기간 기준 다음 달 또는 다다음 달)에 할인 적용된 금액으로 청구되며, 결제일에 청구 금액이 없는 경우 청구 금액 발생 시점에 혜택이 적용됩니다.
혜택 제공 시점에 넥슨 현대카드 Edition2 마비노기 모바일팩 해지, 분실, 교체(재발급 등), 정지(연체 등), 탈회 등의 경우 혜택이 제공되지 않습니다.(카드 상태가 정상인 경우에 한해 제공)
Apple Pay 결제 대상 현대카드 및 이용 가능 브랜드는 현대카드 앱 및 홈페이지에서 확인해 주세요.",2026-06-06 17:19:48
TRSTE2_E0003,TRSTE2,현대,the Red Stripe Edition2,DA7926,국내 제휴 호텔 3~6월 이벤트 혜택 안내,https://www.hyundaicard.com/cpb/ev/CPBEV0101_06.hc?bnftWebEvntCd=DA7926,2026-03-03,2026-06-30,할인,혜택,대상 카드로 국내 제휴 호텔 이벤트 이용 시 할인 혜택 제공,2026-06-06 17:20:02
TRSTE2_E0003,TRSTE2,현대,the Red Stripe Edition2,DA7926,국내 제휴 호텔 3~6월 이벤트 혜택 안내,https://www.hyundaicard.com/cpb/ev/CPBEV0101_06.hc?bnftWebEvntCd=DA7926,2026-03-03,2026-06-30,할인,대상,"[마감]JW 메리어트 호텔 서울(주소 : 서울시 서초구 신반포로 176 / 문의 : 02-6282-6268~70)
'플레이버즈' 성인 런치 및 디너 뷔페 30% 할인
가격(1인 기준 / 세금 포함)
주중(월~금요일) 런치 : 정상가 179,000원 > 할인가 125,300원
주중(월~금요일) 디너 : 정상가 209,000원 > 할인가 146,300원
주말(토·일요일) 및 공휴일 런치·디너 : 정상가 209,000원 > 할인가 146,300원
예약 및 이용 기간 : 2026. 3. 3 ~ 4. 30
운영 시간
주중(월~금요일) 런치 : 낮 12시 ~ 오후 2시 30분
주중(월~금요일) 및 일요일 디너 : 오후 6시 ~ 9시
주말(토·일요일) 및 공휴일 런치 : 오전 11시 30분 ~ 오후 1시 30분(1부), 오후 2시 ~ 4시(2부)
주말(토·일요일) 및 공휴일 디너 : 오후 5시 30분 ~ 7시 30분(1부), 오후 8시 ~ 10시(2부)
유의사항
본인 회원 포함 성인 최대 4인까지 이용 가능
메리어트 본보이 혜택 및 각종 할인, 적립, 바우처, 다른 이벤트 등 중복 적용 불가
음료·주류, 이벤트 메뉴 할인 제외
반얀트리 클럽 앤 스파 서울(주소 : 서울시 중구 장충단로 60 / 문의 : 02-2250-8000)
주중 스트로베리 애프터눈 티 패키지(객실 1박 및 룸 업그레이드(가능 시), 조식 2인, 스트로베리 애프터눈 티 세트 2인) 할인
주말 스트로베리 뷔페 패키지(객실 1박, 조식 2인, 스트로베리 디저트 뷔페 2인) 할인
가격(2인 기준 / 세금 포함)
주중(월~목요일) 스트로베리 애프터눈 티 패키지 : 반얀 풀 디럭스 룸 550,000원
디럭스 풀 룸 660,000원
주말(금~일요일) 스트로베리 뷔페 패키지 : 반얀 풀 디럭스 룸 790,000원
디럭스 풀 룸 890,000원
예약 및 이용 기간 : 2026. 3. 3 ~ 3. 29
유의사항
애프터눈 티 패키지의 경우 '반얀 풀 디럭스'는 '프리미어 풀'로, '디럭스 풀'은 '프리미어 풀 스위트'로 업그레이드
* 단, 호텔 사정에 따라 불가할 수 있음
투숙일 기준, 5일 전까지 예약 변경 및 취소 가능(이후 변경, 취소 및 환불 불가)
웨스틴 조선 서울(주소 : 서울시 중구 소공로 106 / 문의 : 02-317-0404)
이그제큐티브 룸 패키지(객실 1박, 클럽 라운지(조식 및 칵테일아워) 2인 및 수영장·피트니스센터·사우나 무료 이용) 할인
주니어 스위트 룸 패키지(객실 1박, 3인 무료 투숙, 클럽라운지(조식 및 칵테일아워) 3인 및 수영장·피트니스센터·사우나 무료 이용) 할인
이그제큐티브 스위트 룸 패키지(객실 1박, 3인 무료 투숙, 클럽라운지(조식 및 칵테일아워) 3인 및 수영장·피트니스센터·사우나 무료 이용) 할인
추가 공통 혜택
한정판 조선 호텔 수건세트 1개 제공
* 단, 회원 본인 1인당 혜택 1회 제공
가격(2인 기준 / 세금 포함)
이그제큐티브 룸 : 3~4월 일~금요일 480,800원, 토요일 662,300원 / 5~6월 일~금요일 384,000원, 토요일, 5. 1, 5. 3, 5. 24 565,500원
가격(3인 기준 / 세금 포함)
주니어 스위트 룸 : 3~4월 일~금요일 571,800원, 토요일 753,300원 / 5~6월 일~금요일 475,000원, 토요일, 5. 1, 5. 3, 5. 24 656,500원
이그제큐티브 스위트 룸 : 3~4월 일~금요일 692,800원, 토요일 874,300원 / 5~6월 일~금요일 596,000원, 토요일, 5. 1, 5. 3, 5. 24 777,500원
예약 및 이용 기간 : 2026. 3. 3 ~ 6. 30
* 제외 일자 : 2026. 3. 20 ~ 3. 21, 4. 25, 5. 2
유의사항
본인 회원 예약 시 최대 2박 또는 1박 2객실 투숙 가능(택1)
메리어트 본보이 혜택 및 각종 할인, 적립, 바우처, 다른 이벤트 등 중복 적용 불가
이그제큐티브 스위트 룸 및 주니어 스위트 룸 투숙 시, 엑스트라 베드 1개 무료 제공(예약 시 사전 요청 필수)
* 단, 재고가 없을 시 혜택 제공 불가
온라인 예약 바로가기
[마감]파라다이스 호텔 부산(주소 : 부산시 해운대구 해운대해변로 296 / 문의 : 051-749-2111~3)
아쿠아바 패키지(객실 1박, 씨메르 아쿠아바 치킨&생맥주 2잔 세트) 할인
4월 한정 라운지 패키지(객실 1박 및 신관 업그레이드, 라운지 파라다이스 올데이 서비스(티 타임, 해피 아워, 조식) 2인, 실내사우나 2인 무료 이용) 할인
추가 공통 혜택
파라다이스 호텔&리조트 핸드크림 1개 제공
오션스파 씨메르·야외 오션스파 풀 무제한 이용, 피트니스 클럽 1박당 성인 2인 1회 무료 이용
키즈 빌리지(플레이 랩, BMW 키즈 드라이빙존, 하바 키즈 라운지, 웅진 북클럽) 1박당 1회 무료 이용
가격(2인 기준 / 세금 포함)
아쿠아바 패키지 본관 디럭스 시티 : 월~목요일 200,000원
금요일 270,000원
토요일 440,000원
일요일 220,000원
아쿠아바 패키지 본관 오션 테라스 : 월~목요일 280,000원
금요일 350,000원
토요일 540,000원
일요일 300,000원
라운지 패키지 신관 디럭스 시티 : 월~목요일 300,000원
금요일 370,000원
토요일 540,000원
일요일 320,000원
라운지 패키지 신관 오션 테라스 : 월~목요일 380,000원
금요일 450,000원
토요일 640,000원
일요일 400,000원
예약 및 이용 기간 : 2026. 3. 3 ~ 4. 30
유의사항
본인 회원 예약 시 최대 2박 또는 1박 2객실 이용 가능(택1)
라운지 패키지의 경우 4월 한정으로만 운영
1객실 기준 성인 2인 + 어린이(49개월~초등학생) 2인까지 투숙 가능(단, 성인 3인 투숙 시 어린이는 1인만 투숙 가능)
인원 추가 및 업그레이드에 대해 아래와 같이 추가 요금 부과
* 성인 : 1인 기준 72,600원(씨메르·오션풀 이용 포함, 최대 성인 1인까지 추가 가능)
* 추가 베드(본관 : 보조침대, 신관 : 쇼파베드) 요청 시 사전 예약 필수
* 라운지 파라다이스 올데이 서비스 이용 인원 추가 시 성인 145,200원, 어린이 72,600원
* 신관 업그레이드 시 24,200원
라운지 파라다이스의 경우 49개월 이상 입장 가능, 실내 사우나의 경우 14세 이상 출입 가능
체크인 기준, 5일 이내 위약금 없이 예약 변경 및 취소 가능
매달 네 번째 수요일 스파 부대시설(씨메르, 오션풀, 피트니스 클럽, 실내사우나) 휴관
* 단, 호텔 사정에 따라 변경 가능하며 자세한 사항은 호텔 홈페이지 참고
대상 카드 기소지 회원",2026-06-06 17:20:02
TRSTE2_E0003,TRSTE2,현대,the Red Stripe Edition2,DA7926,국내 제휴 호텔 3~6월 이벤트 혜택 안내,https://www.hyundaicard.com/cpb/ev/CPBEV0101_06.hc?bnftWebEvntCd=DA7926,2026-03-03,2026-06-30,할인,기간,2026. 3. 3 ~ 6. 30(호텔별 다름),2026-06-06 17:20:02
TRSTE2_E0003,TRSTE2,현대,the Red Stripe Edition2,DA7926,국내 제휴 호텔 3~6월 이벤트 혜택 안내,https://www.hyundaicard.com/cpb/ev/CPBEV0101_06.hc?bnftWebEvntCd=DA7926,2026-03-03,2026-06-30,할인,이용 방법,예약 및 결제 시 이벤트 대상 회원임을 알리고 본인 명의 대상 카드로 현장 결제,2026-06-06 17:20:02
TRSTE2_E0003,TRSTE2,현대,the Red Stripe Edition2,DA7926,국내 제휴 호텔 3~6월 이벤트 혜택 안내,https://www.hyundaicard.com/cpb/ev/CPBEV0101_06.hc?bnftWebEvntCd=DA7926,2026-03-03,2026-06-30,할인,확인사항,"확인해 주세요
위 혜택은 본인 회원에 한해 기간 내 1회 제공됩니다.
이용 전, 제휴 호텔로 이벤트 진행 및 혜택 적용 가능 여부를 확인해 주세요.
위 혜택은 일자별 한정 수량으로 인원 마감 시 조기 종료될 수 있습니다.
호텔 이용 금액은 부가가치세 포함가입니다.
실물 카드로 결제 시 혜택이 적용됩니다.(현대카드 법인·Chameleon 제외)
간편결제 서비스(네이버페이 등) 이용 시 혜택을 받을 수 없습니다.
현대카드 및 제휴사의 다른 혜택(할인·적립, 바우처 사용 등) 및 이벤트와 중복 적용되지 않습니다.
예약 취소 및 환불은 호텔별 규정을 따르며, 관련 내용은 제휴 호텔로 문의해 주세요.
위 혜택은 현대카드 및 제휴사 사정에 따라 변경 또는 중단될 수 있습니다.",2026-06-06 17:20:02
SPM_E0005,SPM,현대,Summit,DA7926,국내 제휴 호텔 3~6월 이벤트 혜택 안내,https://www.hyundaicard.com/cpb/ev/CPBEV0101_06.hc?bnftWebEvntCd=DA7926,2026-03-03,2026-06-30,할인,혜택,대상 카드로 국내 제휴 호텔 이벤트 이용 시 할인 혜택 제공,2026-06-06 17:20:02
SPM_E0005,SPM,현대,Summit,DA7926,국내 제휴 호텔 3~6월 이벤트 혜택 안내,https://www.hyundaicard.com/cpb/ev/CPBEV0101_06.hc?bnftWebEvntCd=DA7926,2026-03-03,2026-06-30,할인,대상,"[마감]JW 메리어트 호텔 서울(주소 : 서울시 서초구 신반포로 176 / 문의 : 02-6282-6268~70)
'플레이버즈' 성인 런치 및 디너 뷔페 30% 할인
가격(1인 기준 / 세금 포함)
주중(월~금요일) 런치 : 정상가 179,000원 > 할인가 125,300원
주중(월~금요일) 디너 : 정상가 209,000원 > 할인가 146,300원
주말(토·일요일) 및 공휴일 런치·디너 : 정상가 209,000원 > 할인가 146,300원
예약 및 이용 기간 : 2026. 3. 3 ~ 4. 30
운영 시간
주중(월~금요일) 런치 : 낮 12시 ~ 오후 2시 30분
주중(월~금요일) 및 일요일 디너 : 오후 6시 ~ 9시
주말(토·일요일) 및 공휴일 런치 : 오전 11시 30분 ~ 오후 1시 30분(1부), 오후 2시 ~ 4시(2부)
주말(토·일요일) 및 공휴일 디너 : 오후 5시 30분 ~ 7시 30분(1부), 오후 8시 ~ 10시(2부)
유의사항
본인 회원 포함 성인 최대 4인까지 이용 가능
메리어트 본보이 혜택 및 각종 할인, 적립, 바우처, 다른 이벤트 등 중복 적용 불가
음료·주류, 이벤트 메뉴 할인 제외
반얀트리 클럽 앤 스파 서울(주소 : 서울시 중구 장충단로 60 / 문의 : 02-2250-8000)
주중 스트로베리 애프터눈 티 패키지(객실 1박 및 룸 업그레이드(가능 시), 조식 2인, 스트로베리 애프터눈 티 세트 2인) 할인
주말 스트로베리 뷔페 패키지(객실 1박, 조식 2인, 스트로베리 디저트 뷔페 2인) 할인
가격(2인 기준 / 세금 포함)
주중(월~목요일) 스트로베리 애프터눈 티 패키지 : 반얀 풀 디럭스 룸 550,000원
디럭스 풀 룸 660,000원
주말(금~일요일) 스트로베리 뷔페 패키지 : 반얀 풀 디럭스 룸 790,000원
디럭스 풀 룸 890,000원
예약 및 이용 기간 : 2026. 3. 3 ~ 3. 29
유의사항
애프터눈 티 패키지의 경우 '반얀 풀 디럭스'는 '프리미어 풀'로, '디럭스 풀'은 '프리미어 풀 스위트'로 업그레이드
* 단, 호텔 사정에 따라 불가할 수 있음
투숙일 기준, 5일 전까지 예약 변경 및 취소 가능(이후 변경, 취소 및 환불 불가)
웨스틴 조선 서울(주소 : 서울시 중구 소공로 106 / 문의 : 02-317-0404)
이그제큐티브 룸 패키지(객실 1박, 클럽 라운지(조식 및 칵테일아워) 2인 및 수영장·피트니스센터·사우나 무료 이용) 할인
주니어 스위트 룸 패키지(객실 1박, 3인 무료 투숙, 클럽라운지(조식 및 칵테일아워) 3인 및 수영장·피트니스센터·사우나 무료 이용) 할인
이그제큐티브 스위트 룸 패키지(객실 1박, 3인 무료 투숙, 클럽라운지(조식 및 칵테일아워) 3인 및 수영장·피트니스센터·사우나 무료 이용) 할인
추가 공통 혜택
한정판 조선 호텔 수건세트 1개 제공
* 단, 회원 본인 1인당 혜택 1회 제공
가격(2인 기준 / 세금 포함)
이그제큐티브 룸 : 3~4월 일~금요일 480,800원, 토요일 662,300원 / 5~6월 일~금요일 384,000원, 토요일, 5. 1, 5. 3, 5. 24 565,500원
가격(3인 기준 / 세금 포함)
주니어 스위트 룸 : 3~4월 일~금요일 571,800원, 토요일 753,300원 / 5~6월 일~금요일 475,000원, 토요일, 5. 1, 5. 3, 5. 24 656,500원
이그제큐티브 스위트 룸 : 3~4월 일~금요일 692,800원, 토요일 874,300원 / 5~6월 일~금요일 596,000원, 토요일, 5. 1, 5. 3, 5. 24 777,500원
예약 및 이용 기간 : 2026. 3. 3 ~ 6. 30
* 제외 일자 : 2026. 3. 20 ~ 3. 21, 4. 25, 5. 2
유의사항
본인 회원 예약 시 최대 2박 또는 1박 2객실 투숙 가능(택1)
메리어트 본보이 혜택 및 각종 할인, 적립, 바우처, 다른 이벤트 등 중복 적용 불가
이그제큐티브 스위트 룸 및 주니어 스위트 룸 투숙 시, 엑스트라 베드 1개 무료 제공(예약 시 사전 요청 필수)
* 단, 재고가 없을 시 혜택 제공 불가
온라인 예약 바로가기
[마감]파라다이스 호텔 부산(주소 : 부산시 해운대구 해운대해변로 296 / 문의 : 051-749-2111~3)
아쿠아바 패키지(객실 1박, 씨메르 아쿠아바 치킨&생맥주 2잔 세트) 할인
4월 한정 라운지 패키지(객실 1박 및 신관 업그레이드, 라운지 파라다이스 올데이 서비스(티 타임, 해피 아워, 조식) 2인, 실내사우나 2인 무료 이용) 할인
추가 공통 혜택
파라다이스 호텔&리조트 핸드크림 1개 제공
오션스파 씨메르·야외 오션스파 풀 무제한 이용, 피트니스 클럽 1박당 성인 2인 1회 무료 이용
키즈 빌리지(플레이 랩, BMW 키즈 드라이빙존, 하바 키즈 라운지, 웅진 북클럽) 1박당 1회 무료 이용
가격(2인 기준 / 세금 포함)
아쿠아바 패키지 본관 디럭스 시티 : 월~목요일 200,000원
금요일 270,000원
토요일 440,000원
일요일 220,000원
아쿠아바 패키지 본관 오션 테라스 : 월~목요일 280,000원
금요일 350,000원
토요일 540,000원
일요일 300,000원
라운지 패키지 신관 디럭스 시티 : 월~목요일 300,000원
금요일 370,000원
토요일 540,000원
일요일 320,000원
라운지 패키지 신관 오션 테라스 : 월~목요일 380,000원
금요일 450,000원
토요일 640,000원
일요일 400,000원
예약 및 이용 기간 : 2026. 3. 3 ~ 4. 30
유의사항
본인 회원 예약 시 최대 2박 또는 1박 2객실 이용 가능(택1)
라운지 패키지의 경우 4월 한정으로만 운영
1객실 기준 성인 2인 + 어린이(49개월~초등학생) 2인까지 투숙 가능(단, 성인 3인 투숙 시 어린이는 1인만 투숙 가능)
인원 추가 및 업그레이드에 대해 아래와 같이 추가 요금 부과
* 성인 : 1인 기준 72,600원(씨메르·오션풀 이용 포함, 최대 성인 1인까지 추가 가능)
* 추가 베드(본관 : 보조침대, 신관 : 쇼파베드) 요청 시 사전 예약 필수
* 라운지 파라다이스 올데이 서비스 이용 인원 추가 시 성인 145,200원, 어린이 72,600원
* 신관 업그레이드 시 24,200원
라운지 파라다이스의 경우 49개월 이상 입장 가능, 실내 사우나의 경우 14세 이상 출입 가능
체크인 기준, 5일 이내 위약금 없이 예약 변경 및 취소 가능
매달 네 번째 수요일 스파 부대시설(씨메르, 오션풀, 피트니스 클럽, 실내사우나) 휴관
* 단, 호텔 사정에 따라 변경 가능하며 자세한 사항은 호텔 홈페이지 참고
대상 카드 기소지 회원",2026-06-06 17:20:02
SPM_E0005,SPM,현대,Summit,DA7926,국내 제휴 호텔 3~6월 이벤트 혜택 안내,https://www.hyundaicard.com/cpb/ev/CPBEV0101_06.hc?bnftWebEvntCd=DA7926,2026-03-03,2026-06-30,할인,기간,2026. 3. 3 ~ 6. 30(호텔별 다름),2026-06-06 17:20:02
SPM_E0005,SPM,현대,Summit,DA7926,국내 제휴 호텔 3~6월 이벤트 혜택 안내,https://www.hyundaicard.com/cpb/ev/CPBEV0101_06.hc?bnftWebEvntCd=DA7926,2026-03-03,2026-06-30,할인,이용 방법,예약 및 결제 시 이벤트 대상 회원임을 알리고 본인 명의 대상 카드로 현장 결제,2026-06-06 17:20:02
SPM_E0005,SPM,현대,Summit,DA7926,국내 제휴 호텔 3~6월 이벤트 혜택 안내,https://www.hyundaicard.com/cpb/ev/CPBEV0101_06.hc?bnftWebEvntCd=DA7926,2026-03-03,2026-06-30,할인,확인사항,"확인해 주세요
위 혜택은 본인 회원에 한해 기간 내 1회 제공됩니다.
이용 전, 제휴 호텔로 이벤트 진행 및 혜택 적용 가능 여부를 확인해 주세요.
위 혜택은 일자별 한정 수량으로 인원 마감 시 조기 종료될 수 있습니다.
호텔 이용 금액은 부가가치세 포함가입니다.
실물 카드로 결제 시 혜택이 적용됩니다.(현대카드 법인·Chameleon 제외)
간편결제 서비스(네이버페이 등) 이용 시 혜택을 받을 수 없습니다.
현대카드 및 제휴사의 다른 혜택(할인·적립, 바우처 사용 등) 및 이벤트와 중복 적용되지 않습니다.
예약 취소 및 환불은 호텔별 규정을 따르며, 관련 내용은 제휴 호텔로 문의해 주세요.
위 혜택은 현대카드 및 제휴사 사정에 따라 변경 또는 중단될 수 있습니다.",2026-06-06 17:20:02
TGE3_E0004,TGE3,현대,the Green Edition3,DA7926,국내 제휴 호텔 3~6월 이벤트 혜택 안내,https://www.hyundaicard.com/cpb/ev/CPBEV0101_06.hc?bnftWebEvntCd=DA7926,2026-03-03,2026-06-30,할인,혜택,대상 카드로 국내 제휴 호텔 이벤트 이용 시 할인 혜택 제공,2026-06-06 17:20:02
TGE3_E0004,TGE3,현대,the Green Edition3,DA7926,국내 제휴 호텔 3~6월 이벤트 혜택 안내,https://www.hyundaicard.com/cpb/ev/CPBEV0101_06.hc?bnftWebEvntCd=DA7926,2026-03-03,2026-06-30,할인,대상,"[마감]JW 메리어트 호텔 서울(주소 : 서울시 서초구 신반포로 176 / 문의 : 02-6282-6268~70)
'플레이버즈' 성인 런치 및 디너 뷔페 30% 할인
가격(1인 기준 / 세금 포함)
주중(월~금요일) 런치 : 정상가 179,000원 > 할인가 125,300원
주중(월~금요일) 디너 : 정상가 209,000원 > 할인가 146,300원
주말(토·일요일) 및 공휴일 런치·디너 : 정상가 209,000원 > 할인가 146,300원
예약 및 이용 기간 : 2026. 3. 3 ~ 4. 30
운영 시간
주중(월~금요일) 런치 : 낮 12시 ~ 오후 2시 30분
주중(월~금요일) 및 일요일 디너 : 오후 6시 ~ 9시
주말(토·일요일) 및 공휴일 런치 : 오전 11시 30분 ~ 오후 1시 30분(1부), 오후 2시 ~ 4시(2부)
주말(토·일요일) 및 공휴일 디너 : 오후 5시 30분 ~ 7시 30분(1부), 오후 8시 ~ 10시(2부)
유의사항
본인 회원 포함 성인 최대 4인까지 이용 가능
메리어트 본보이 혜택 및 각종 할인, 적립, 바우처, 다른 이벤트 등 중복 적용 불가
음료·주류, 이벤트 메뉴 할인 제외
반얀트리 클럽 앤 스파 서울(주소 : 서울시 중구 장충단로 60 / 문의 : 02-2250-8000)
주중 스트로베리 애프터눈 티 패키지(객실 1박 및 룸 업그레이드(가능 시), 조식 2인, 스트로베리 애프터눈 티 세트 2인) 할인
주말 스트로베리 뷔페 패키지(객실 1박, 조식 2인, 스트로베리 디저트 뷔페 2인) 할인
가격(2인 기준 / 세금 포함)
주중(월~목요일) 스트로베리 애프터눈 티 패키지 : 반얀 풀 디럭스 룸 550,000원
디럭스 풀 룸 660,000원
주말(금~일요일) 스트로베리 뷔페 패키지 : 반얀 풀 디럭스 룸 790,000원
디럭스 풀 룸 890,000원
예약 및 이용 기간 : 2026. 3. 3 ~ 3. 29
유의사항
애프터눈 티 패키지의 경우 '반얀 풀 디럭스'는 '프리미어 풀'로, '디럭스 풀'은 '프리미어 풀 스위트'로 업그레이드
* 단, 호텔 사정에 따라 불가할 수 있음
투숙일 기준, 5일 전까지 예약 변경 및 취소 가능(이후 변경, 취소 및 환불 불가)
웨스틴 조선 서울(주소 : 서울시 중구 소공로 106 / 문의 : 02-317-0404)
이그제큐티브 룸 패키지(객실 1박, 클럽 라운지(조식 및 칵테일아워) 2인 및 수영장·피트니스센터·사우나 무료 이용) 할인
주니어 스위트 룸 패키지(객실 1박, 3인 무료 투숙, 클럽라운지(조식 및 칵테일아워) 3인 및 수영장·피트니스센터·사우나 무료 이용) 할인
이그제큐티브 스위트 룸 패키지(객실 1박, 3인 무료 투숙, 클럽라운지(조식 및 칵테일아워) 3인 및 수영장·피트니스센터·사우나 무료 이용) 할인
추가 공통 혜택
한정판 조선 호텔 수건세트 1개 제공
* 단, 회원 본인 1인당 혜택 1회 제공
가격(2인 기준 / 세금 포함)
이그제큐티브 룸 : 3~4월 일~금요일 480,800원, 토요일 662,300원 / 5~6월 일~금요일 384,000원, 토요일, 5. 1, 5. 3, 5. 24 565,500원
가격(3인 기준 / 세금 포함)
주니어 스위트 룸 : 3~4월 일~금요일 571,800원, 토요일 753,300원 / 5~6월 일~금요일 475,000원, 토요일, 5. 1, 5. 3, 5. 24 656,500원
이그제큐티브 스위트 룸 : 3~4월 일~금요일 692,800원, 토요일 874,300원 / 5~6월 일~금요일 596,000원, 토요일, 5. 1, 5. 3, 5. 24 777,500원
예약 및 이용 기간 : 2026. 3. 3 ~ 6. 30
* 제외 일자 : 2026. 3. 20 ~ 3. 21, 4. 25, 5. 2
유의사항
본인 회원 예약 시 최대 2박 또는 1박 2객실 투숙 가능(택1)
메리어트 본보이 혜택 및 각종 할인, 적립, 바우처, 다른 이벤트 등 중복 적용 불가
이그제큐티브 스위트 룸 및 주니어 스위트 룸 투숙 시, 엑스트라 베드 1개 무료 제공(예약 시 사전 요청 필수)
* 단, 재고가 없을 시 혜택 제공 불가
온라인 예약 바로가기
[마감]파라다이스 호텔 부산(주소 : 부산시 해운대구 해운대해변로 296 / 문의 : 051-749-2111~3)
아쿠아바 패키지(객실 1박, 씨메르 아쿠아바 치킨&생맥주 2잔 세트) 할인
4월 한정 라운지 패키지(객실 1박 및 신관 업그레이드, 라운지 파라다이스 올데이 서비스(티 타임, 해피 아워, 조식) 2인, 실내사우나 2인 무료 이용) 할인
추가 공통 혜택
파라다이스 호텔&리조트 핸드크림 1개 제공
오션스파 씨메르·야외 오션스파 풀 무제한 이용, 피트니스 클럽 1박당 성인 2인 1회 무료 이용
키즈 빌리지(플레이 랩, BMW 키즈 드라이빙존, 하바 키즈 라운지, 웅진 북클럽) 1박당 1회 무료 이용
가격(2인 기준 / 세금 포함)
아쿠아바 패키지 본관 디럭스 시티 : 월~목요일 200,000원
금요일 270,000원
토요일 440,000원
일요일 220,000원
아쿠아바 패키지 본관 오션 테라스 : 월~목요일 280,000원
금요일 350,000원
토요일 540,000원
일요일 300,000원
라운지 패키지 신관 디럭스 시티 : 월~목요일 300,000원
금요일 370,000원
토요일 540,000원
일요일 320,000원
라운지 패키지 신관 오션 테라스 : 월~목요일 380,000원
금요일 450,000원
토요일 640,000원
일요일 400,000원
예약 및 이용 기간 : 2026. 3. 3 ~ 4. 30
유의사항
본인 회원 예약 시 최대 2박 또는 1박 2객실 이용 가능(택1)
라운지 패키지의 경우 4월 한정으로만 운영
1객실 기준 성인 2인 + 어린이(49개월~초등학생) 2인까지 투숙 가능(단, 성인 3인 투숙 시 어린이는 1인만 투숙 가능)
인원 추가 및 업그레이드에 대해 아래와 같이 추가 요금 부과
* 성인 : 1인 기준 72,600원(씨메르·오션풀 이용 포함, 최대 성인 1인까지 추가 가능)
* 추가 베드(본관 : 보조침대, 신관 : 쇼파베드) 요청 시 사전 예약 필수
* 라운지 파라다이스 올데이 서비스 이용 인원 추가 시 성인 145,200원, 어린이 72,600원
* 신관 업그레이드 시 24,200원
라운지 파라다이스의 경우 49개월 이상 입장 가능, 실내 사우나의 경우 14세 이상 출입 가능
체크인 기준, 5일 이내 위약금 없이 예약 변경 및 취소 가능
매달 네 번째 수요일 스파 부대시설(씨메르, 오션풀, 피트니스 클럽, 실내사우나) 휴관
* 단, 호텔 사정에 따라 변경 가능하며 자세한 사항은 호텔 홈페이지 참고
대상 카드 기소지 회원",2026-06-06 17:20:02
TGE3_E0004,TGE3,현대,the Green Edition3,DA7926,국내 제휴 호텔 3~6월 이벤트 혜택 안내,https://www.hyundaicard.com/cpb/ev/CPBEV0101_06.hc?bnftWebEvntCd=DA7926,2026-03-03,2026-06-30,할인,기간,2026. 3. 3 ~ 6. 30(호텔별 다름),2026-06-06 17:20:02
TGE3_E0004,TGE3,현대,the Green Edition3,DA7926,국내 제휴 호텔 3~6월 이벤트 혜택 안내,https://www.hyundaicard.com/cpb/ev/CPBEV0101_06.hc?bnftWebEvntCd=DA7926,2026-03-03,2026-06-30,할인,이용 방법,예약 및 결제 시 이벤트 대상 회원임을 알리고 본인 명의 대상 카드로 현장 결제,2026-06-06 17:20:02
TGE3_E0004,TGE3,현대,the Green Edition3,DA7926,국내 제휴 호텔 3~6월 이벤트 혜택 안내,https://www.hyundaicard.com/cpb/ev/CPBEV0101_06.hc?bnftWebEvntCd=DA7926,2026-03-03,2026-06-30,할인,확인사항,"확인해 주세요
위 혜택은 본인 회원에 한해 기간 내 1회 제공됩니다.
이용 전, 제휴 호텔로 이벤트 진행 및 혜택 적용 가능 여부를 확인해 주세요.
위 혜택은 일자별 한정 수량으로 인원 마감 시 조기 종료될 수 있습니다.
호텔 이용 금액은 부가가치세 포함가입니다.
실물 카드로 결제 시 혜택이 적용됩니다.(현대카드 법인·Chameleon 제외)
간편결제 서비스(네이버페이 등) 이용 시 혜택을 받을 수 없습니다.
현대카드 및 제휴사의 다른 혜택(할인·적립, 바우처 사용 등) 및 이벤트와 중복 적용되지 않습니다.
예약 취소 및 환불은 호텔별 규정을 따르며, 관련 내용은 제휴 호텔로 문의해 주세요.
위 혜택은 현대카드 및 제휴사 사정에 따라 변경 또는 중단될 수 있습니다.",2026-06-06 17:20:02
TPIE2_E0004,TPIE2,현대,the Pink Edition2,DA7926,국내 제휴 호텔 3~6월 이벤트 혜택 안내,https://www.hyundaicard.com/cpb/ev/CPBEV0101_06.hc?bnftWebEvntCd=DA7926,2026-03-03,2026-06-30,할인,혜택,대상 카드로 국내 제휴 호텔 이벤트 이용 시 할인 혜택 제공,2026-06-06 17:20:02
TPIE2_E0004,TPIE2,현대,the Pink Edition2,DA7926,국내 제휴 호텔 3~6월 이벤트 혜택 안내,https://www.hyundaicard.com/cpb/ev/CPBEV0101_06.hc?bnftWebEvntCd=DA7926,2026-03-03,2026-06-30,할인,대상,"[마감]JW 메리어트 호텔 서울(주소 : 서울시 서초구 신반포로 176 / 문의 : 02-6282-6268~70)
'플레이버즈' 성인 런치 및 디너 뷔페 30% 할인
가격(1인 기준 / 세금 포함)
주중(월~금요일) 런치 : 정상가 179,000원 > 할인가 125,300원
주중(월~금요일) 디너 : 정상가 209,000원 > 할인가 146,300원
주말(토·일요일) 및 공휴일 런치·디너 : 정상가 209,000원 > 할인가 146,300원
예약 및 이용 기간 : 2026. 3. 3 ~ 4. 30
운영 시간
주중(월~금요일) 런치 : 낮 12시 ~ 오후 2시 30분
주중(월~금요일) 및 일요일 디너 : 오후 6시 ~ 9시
주말(토·일요일) 및 공휴일 런치 : 오전 11시 30분 ~ 오후 1시 30분(1부), 오후 2시 ~ 4시(2부)
주말(토·일요일) 및 공휴일 디너 : 오후 5시 30분 ~ 7시 30분(1부), 오후 8시 ~ 10시(2부)
유의사항
본인 회원 포함 성인 최대 4인까지 이용 가능
메리어트 본보이 혜택 및 각종 할인, 적립, 바우처, 다른 이벤트 등 중복 적용 불가
음료·주류, 이벤트 메뉴 할인 제외
반얀트리 클럽 앤 스파 서울(주소 : 서울시 중구 장충단로 60 / 문의 : 02-2250-8000)
주중 스트로베리 애프터눈 티 패키지(객실 1박 및 룸 업그레이드(가능 시), 조식 2인, 스트로베리 애프터눈 티 세트 2인) 할인
주말 스트로베리 뷔페 패키지(객실 1박, 조식 2인, 스트로베리 디저트 뷔페 2인) 할인
가격(2인 기준 / 세금 포함)
주중(월~목요일) 스트로베리 애프터눈 티 패키지 : 반얀 풀 디럭스 룸 550,000원
디럭스 풀 룸 660,000원
주말(금~일요일) 스트로베리 뷔페 패키지 : 반얀 풀 디럭스 룸 790,000원
디럭스 풀 룸 890,000원
예약 및 이용 기간 : 2026. 3. 3 ~ 3. 29
유의사항
애프터눈 티 패키지의 경우 '반얀 풀 디럭스'는 '프리미어 풀'로, '디럭스 풀'은 '프리미어 풀 스위트'로 업그레이드
* 단, 호텔 사정에 따라 불가할 수 있음
투숙일 기준, 5일 전까지 예약 변경 및 취소 가능(이후 변경, 취소 및 환불 불가)
웨스틴 조선 서울(주소 : 서울시 중구 소공로 106 / 문의 : 02-317-0404)
이그제큐티브 룸 패키지(객실 1박, 클럽 라운지(조식 및 칵테일아워) 2인 및 수영장·피트니스센터·사우나 무료 이용) 할인
주니어 스위트 룸 패키지(객실 1박, 3인 무료 투숙, 클럽라운지(조식 및 칵테일아워) 3인 및 수영장·피트니스센터·사우나 무료 이용) 할인
이그제큐티브 스위트 룸 패키지(객실 1박, 3인 무료 투숙, 클럽라운지(조식 및 칵테일아워) 3인 및 수영장·피트니스센터·사우나 무료 이용) 할인
추가 공통 혜택
한정판 조선 호텔 수건세트 1개 제공
* 단, 회원 본인 1인당 혜택 1회 제공
가격(2인 기준 / 세금 포함)
이그제큐티브 룸 : 3~4월 일~금요일 480,800원, 토요일 662,300원 / 5~6월 일~금요일 384,000원, 토요일, 5. 1, 5. 3, 5. 24 565,500원
가격(3인 기준 / 세금 포함)
주니어 스위트 룸 : 3~4월 일~금요일 571,800원, 토요일 753,300원 / 5~6월 일~금요일 475,000원, 토요일, 5. 1, 5. 3, 5. 24 656,500원
이그제큐티브 스위트 룸 : 3~4월 일~금요일 692,800원, 토요일 874,300원 / 5~6월 일~금요일 596,000원, 토요일, 5. 1, 5. 3, 5. 24 777,500원
예약 및 이용 기간 : 2026. 3. 3 ~ 6. 30
* 제외 일자 : 2026. 3. 20 ~ 3. 21, 4. 25, 5. 2
유의사항
본인 회원 예약 시 최대 2박 또는 1박 2객실 투숙 가능(택1)
메리어트 본보이 혜택 및 각종 할인, 적립, 바우처, 다른 이벤트 등 중복 적용 불가
이그제큐티브 스위트 룸 및 주니어 스위트 룸 투숙 시, 엑스트라 베드 1개 무료 제공(예약 시 사전 요청 필수)
* 단, 재고가 없을 시 혜택 제공 불가
온라인 예약 바로가기
[마감]파라다이스 호텔 부산(주소 : 부산시 해운대구 해운대해변로 296 / 문의 : 051-749-2111~3)
아쿠아바 패키지(객실 1박, 씨메르 아쿠아바 치킨&생맥주 2잔 세트) 할인
4월 한정 라운지 패키지(객실 1박 및 신관 업그레이드, 라운지 파라다이스 올데이 서비스(티 타임, 해피 아워, 조식) 2인, 실내사우나 2인 무료 이용) 할인
추가 공통 혜택
파라다이스 호텔&리조트 핸드크림 1개 제공
오션스파 씨메르·야외 오션스파 풀 무제한 이용, 피트니스 클럽 1박당 성인 2인 1회 무료 이용
키즈 빌리지(플레이 랩, BMW 키즈 드라이빙존, 하바 키즈 라운지, 웅진 북클럽) 1박당 1회 무료 이용
가격(2인 기준 / 세금 포함)
아쿠아바 패키지 본관 디럭스 시티 : 월~목요일 200,000원
금요일 270,000원
토요일 440,000원
일요일 220,000원
아쿠아바 패키지 본관 오션 테라스 : 월~목요일 280,000원
금요일 350,000원
토요일 540,000원
일요일 300,000원
라운지 패키지 신관 디럭스 시티 : 월~목요일 300,000원
금요일 370,000원
토요일 540,000원
일요일 320,000원
라운지 패키지 신관 오션 테라스 : 월~목요일 380,000원
금요일 450,000원
토요일 640,000원
일요일 400,000원
예약 및 이용 기간 : 2026. 3. 3 ~ 4. 30
유의사항
본인 회원 예약 시 최대 2박 또는 1박 2객실 이용 가능(택1)
라운지 패키지의 경우 4월 한정으로만 운영
1객실 기준 성인 2인 + 어린이(49개월~초등학생) 2인까지 투숙 가능(단, 성인 3인 투숙 시 어린이는 1인만 투숙 가능)
인원 추가 및 업그레이드에 대해 아래와 같이 추가 요금 부과
* 성인 : 1인 기준 72,600원(씨메르·오션풀 이용 포함, 최대 성인 1인까지 추가 가능)
* 추가 베드(본관 : 보조침대, 신관 : 쇼파베드) 요청 시 사전 예약 필수
* 라운지 파라다이스 올데이 서비스 이용 인원 추가 시 성인 145,200원, 어린이 72,600원
* 신관 업그레이드 시 24,200원
라운지 파라다이스의 경우 49개월 이상 입장 가능, 실내 사우나의 경우 14세 이상 출입 가능
체크인 기준, 5일 이내 위약금 없이 예약 변경 및 취소 가능
매달 네 번째 수요일 스파 부대시설(씨메르, 오션풀, 피트니스 클럽, 실내사우나) 휴관
* 단, 호텔 사정에 따라 변경 가능하며 자세한 사항은 호텔 홈페이지 참고
대상 카드 기소지 회원",2026-06-06 17:20:02
TPIE2_E0004,TPIE2,현대,the Pink Edition2,DA7926,국내 제휴 호텔 3~6월 이벤트 혜택 안내,https://www.hyundaicard.com/cpb/ev/CPBEV0101_06.hc?bnftWebEvntCd=DA7926,2026-03-03,2026-06-30,할인,기간,2026. 3. 3 ~ 6. 30(호텔별 다름),2026-06-06 17:20:02
TPIE2_E0004,TPIE2,현대,the Pink Edition2,DA7926,국내 제휴 호텔 3~6월 이벤트 혜택 안내,https://www.hyundaicard.com/cpb/ev/CPBEV0101_06.hc?bnftWebEvntCd=DA7926,2026-03-03,2026-06-30,할인,이용 방법,예약 및 결제 시 이벤트 대상 회원임을 알리고 본인 명의 대상 카드로 현장 결제,2026-06-06 17:20:02
TPIE2_E0004,TPIE2,현대,the Pink Edition2,DA7926,국내 제휴 호텔 3~6월 이벤트 혜택 안내,https://www.hyundaicard.com/cpb/ev/CPBEV0101_06.hc?bnftWebEvntCd=DA7926,2026-03-03,2026-06-30,할인,확인사항,"확인해 주세요
위 혜택은 본인 회원에 한해 기간 내 1회 제공됩니다.
이용 전, 제휴 호텔로 이벤트 진행 및 혜택 적용 가능 여부를 확인해 주세요.
위 혜택은 일자별 한정 수량으로 인원 마감 시 조기 종료될 수 있습니다.
호텔 이용 금액은 부가가치세 포함가입니다.
실물 카드로 결제 시 혜택이 적용됩니다.(현대카드 법인·Chameleon 제외)
간편결제 서비스(네이버페이 등) 이용 시 혜택을 받을 수 없습니다.
현대카드 및 제휴사의 다른 혜택(할인·적립, 바우처 사용 등) 및 이벤트와 중복 적용되지 않습니다.
예약 취소 및 환불은 호텔별 규정을 따르며, 관련 내용은 제휴 호텔로 문의해 주세요.
위 혜택은 현대카드 및 제휴사 사정에 따라 변경 또는 중단될 수 있습니다.",2026-06-06 17:20:02
MXBE2_E0004,MXBE2,현대,MX Black Edition2,DA7926,국내 제휴 호텔 3~6월 이벤트 혜택 안내,https://www.hyundaicard.com/cpb/ev/CPBEV0101_06.hc?bnftWebEvntCd=DA7926,2026-03-03,2026-06-30,할인,혜택,대상 카드로 국내 제휴 호텔 이벤트 이용 시 할인 혜택 제공,2026-06-06 17:20:02
MXBE2_E0004,MXBE2,현대,MX Black Edition2,DA7926,국내 제휴 호텔 3~6월 이벤트 혜택 안내,https://www.hyundaicard.com/cpb/ev/CPBEV0101_06.hc?bnftWebEvntCd=DA7926,2026-03-03,2026-06-30,할인,대상,"[마감]JW 메리어트 호텔 서울(주소 : 서울시 서초구 신반포로 176 / 문의 : 02-6282-6268~70)
'플레이버즈' 성인 런치 및 디너 뷔페 30% 할인
가격(1인 기준 / 세금 포함)
주중(월~금요일) 런치 : 정상가 179,000원 > 할인가 125,300원
주중(월~금요일) 디너 : 정상가 209,000원 > 할인가 146,300원
주말(토·일요일) 및 공휴일 런치·디너 : 정상가 209,000원 > 할인가 146,300원
예약 및 이용 기간 : 2026. 3. 3 ~ 4. 30
운영 시간
주중(월~금요일) 런치 : 낮 12시 ~ 오후 2시 30분
주중(월~금요일) 및 일요일 디너 : 오후 6시 ~ 9시
주말(토·일요일) 및 공휴일 런치 : 오전 11시 30분 ~ 오후 1시 30분(1부), 오후 2시 ~ 4시(2부)
주말(토·일요일) 및 공휴일 디너 : 오후 5시 30분 ~ 7시 30분(1부), 오후 8시 ~ 10시(2부)
유의사항
본인 회원 포함 성인 최대 4인까지 이용 가능
메리어트 본보이 혜택 및 각종 할인, 적립, 바우처, 다른 이벤트 등 중복 적용 불가
음료·주류, 이벤트 메뉴 할인 제외
반얀트리 클럽 앤 스파 서울(주소 : 서울시 중구 장충단로 60 / 문의 : 02-2250-8000)
주중 스트로베리 애프터눈 티 패키지(객실 1박 및 룸 업그레이드(가능 시), 조식 2인, 스트로베리 애프터눈 티 세트 2인) 할인
주말 스트로베리 뷔페 패키지(객실 1박, 조식 2인, 스트로베리 디저트 뷔페 2인) 할인
가격(2인 기준 / 세금 포함)
주중(월~목요일) 스트로베리 애프터눈 티 패키지 : 반얀 풀 디럭스 룸 550,000원
디럭스 풀 룸 660,000원
주말(금~일요일) 스트로베리 뷔페 패키지 : 반얀 풀 디럭스 룸 790,000원
디럭스 풀 룸 890,000원
예약 및 이용 기간 : 2026. 3. 3 ~ 3. 29
유의사항
애프터눈 티 패키지의 경우 '반얀 풀 디럭스'는 '프리미어 풀'로, '디럭스 풀'은 '프리미어 풀 스위트'로 업그레이드
* 단, 호텔 사정에 따라 불가할 수 있음
투숙일 기준, 5일 전까지 예약 변경 및 취소 가능(이후 변경, 취소 및 환불 불가)
웨스틴 조선 서울(주소 : 서울시 중구 소공로 106 / 문의 : 02-317-0404)
이그제큐티브 룸 패키지(객실 1박, 클럽 라운지(조식 및 칵테일아워) 2인 및 수영장·피트니스센터·사우나 무료 이용) 할인
주니어 스위트 룸 패키지(객실 1박, 3인 무료 투숙, 클럽라운지(조식 및 칵테일아워) 3인 및 수영장·피트니스센터·사우나 무료 이용) 할인
이그제큐티브 스위트 룸 패키지(객실 1박, 3인 무료 투숙, 클럽라운지(조식 및 칵테일아워) 3인 및 수영장·피트니스센터·사우나 무료 이용) 할인
추가 공통 혜택
한정판 조선 호텔 수건세트 1개 제공
* 단, 회원 본인 1인당 혜택 1회 제공
가격(2인 기준 / 세금 포함)
이그제큐티브 룸 : 3~4월 일~금요일 480,800원, 토요일 662,300원 / 5~6월 일~금요일 384,000원, 토요일, 5. 1, 5. 3, 5. 24 565,500원
가격(3인 기준 / 세금 포함)
주니어 스위트 룸 : 3~4월 일~금요일 571,800원, 토요일 753,300원 / 5~6월 일~금요일 475,000원, 토요일, 5. 1, 5. 3, 5. 24 656,500원
이그제큐티브 스위트 룸 : 3~4월 일~금요일 692,800원, 토요일 874,300원 / 5~6월 일~금요일 596,000원, 토요일, 5. 1, 5. 3, 5. 24 777,500원
예약 및 이용 기간 : 2026. 3. 3 ~ 6. 30
* 제외 일자 : 2026. 3. 20 ~ 3. 21, 4. 25, 5. 2
유의사항
본인 회원 예약 시 최대 2박 또는 1박 2객실 투숙 가능(택1)
메리어트 본보이 혜택 및 각종 할인, 적립, 바우처, 다른 이벤트 등 중복 적용 불가
이그제큐티브 스위트 룸 및 주니어 스위트 룸 투숙 시, 엑스트라 베드 1개 무료 제공(예약 시 사전 요청 필수)
* 단, 재고가 없을 시 혜택 제공 불가
온라인 예약 바로가기
[마감]파라다이스 호텔 부산(주소 : 부산시 해운대구 해운대해변로 296 / 문의 : 051-749-2111~3)
아쿠아바 패키지(객실 1박, 씨메르 아쿠아바 치킨&생맥주 2잔 세트) 할인
4월 한정 라운지 패키지(객실 1박 및 신관 업그레이드, 라운지 파라다이스 올데이 서비스(티 타임, 해피 아워, 조식) 2인, 실내사우나 2인 무료 이용) 할인
추가 공통 혜택
파라다이스 호텔&리조트 핸드크림 1개 제공
오션스파 씨메르·야외 오션스파 풀 무제한 이용, 피트니스 클럽 1박당 성인 2인 1회 무료 이용
키즈 빌리지(플레이 랩, BMW 키즈 드라이빙존, 하바 키즈 라운지, 웅진 북클럽) 1박당 1회 무료 이용
가격(2인 기준 / 세금 포함)
아쿠아바 패키지 본관 디럭스 시티 : 월~목요일 200,000원
금요일 270,000원
토요일 440,000원
일요일 220,000원
아쿠아바 패키지 본관 오션 테라스 : 월~목요일 280,000원
금요일 350,000원
토요일 540,000원
일요일 300,000원
라운지 패키지 신관 디럭스 시티 : 월~목요일 300,000원
금요일 370,000원
토요일 540,000원
일요일 320,000원
라운지 패키지 신관 오션 테라스 : 월~목요일 380,000원
금요일 450,000원
토요일 640,000원
일요일 400,000원
예약 및 이용 기간 : 2026. 3. 3 ~ 4. 30
유의사항
본인 회원 예약 시 최대 2박 또는 1박 2객실 이용 가능(택1)
라운지 패키지의 경우 4월 한정으로만 운영
1객실 기준 성인 2인 + 어린이(49개월~초등학생) 2인까지 투숙 가능(단, 성인 3인 투숙 시 어린이는 1인만 투숙 가능)
인원 추가 및 업그레이드에 대해 아래와 같이 추가 요금 부과
* 성인 : 1인 기준 72,600원(씨메르·오션풀 이용 포함, 최대 성인 1인까지 추가 가능)
* 추가 베드(본관 : 보조침대, 신관 : 쇼파베드) 요청 시 사전 예약 필수
* 라운지 파라다이스 올데이 서비스 이용 인원 추가 시 성인 145,200원, 어린이 72,600원
* 신관 업그레이드 시 24,200원
라운지 파라다이스의 경우 49개월 이상 입장 가능, 실내 사우나의 경우 14세 이상 출입 가능
체크인 기준, 5일 이내 위약금 없이 예약 변경 및 취소 가능
매달 네 번째 수요일 스파 부대시설(씨메르, 오션풀, 피트니스 클럽, 실내사우나) 휴관
* 단, 호텔 사정에 따라 변경 가능하며 자세한 사항은 호텔 홈페이지 참고
대상 카드 기소지 회원",2026-06-06 17:20:02
MXBE2_E0004,MXBE2,현대,MX Black Edition2,DA7926,국내 제휴 호텔 3~6월 이벤트 혜택 안내,https://www.hyundaicard.com/cpb/ev/CPBEV0101_06.hc?bnftWebEvntCd=DA7926,2026-03-03,2026-06-30,할인,기간,2026. 3. 3 ~ 6. 30(호텔별 다름),2026-06-06 17:20:02
MXBE2_E0004,MXBE2,현대,MX Black Edition2,DA7926,국내 제휴 호텔 3~6월 이벤트 혜택 안내,https://www.hyundaicard.com/cpb/ev/CPBEV0101_06.hc?bnftWebEvntCd=DA7926,2026-03-03,2026-06-30,할인,이용 방법,예약 및 결제 시 이벤트 대상 회원임을 알리고 본인 명의 대상 카드로 현장 결제,2026-06-06 17:20:02
MXBE2_E0004,MXBE2,현대,MX Black Edition2,DA7926,국내 제휴 호텔 3~6월 이벤트 혜택 안내,https://www.hyundaicard.com/cpb/ev/CPBEV0101_06.hc?bnftWebEvntCd=DA7926,2026-03-03,2026-06-30,할인,확인사항,"확인해 주세요
위 혜택은 본인 회원에 한해 기간 내 1회 제공됩니다.
이용 전, 제휴 호텔로 이벤트 진행 및 혜택 적용 가능 여부를 확인해 주세요.
위 혜택은 일자별 한정 수량으로 인원 마감 시 조기 종료될 수 있습니다.
호텔 이용 금액은 부가가치세 포함가입니다.
실물 카드로 결제 시 혜택이 적용됩니다.(현대카드 법인·Chameleon 제외)
간편결제 서비스(네이버페이 등) 이용 시 혜택을 받을 수 없습니다.
현대카드 및 제휴사의 다른 혜택(할인·적립, 바우처 사용 등) 및 이벤트와 중복 적용되지 않습니다.
예약 취소 및 환불은 호텔별 규정을 따르며, 관련 내용은 제휴 호텔로 문의해 주세요.
위 혜택은 현대카드 및 제휴사 사정에 따라 변경 또는 중단될 수 있습니다.",2026-06-06 17:20:02
TPE4_E0003,TPE4,현대,the Purple,DA7926,국내 제휴 호텔 3~6월 이벤트 혜택 안내,https://www.hyundaicard.com/cpb/ev/CPBEV0101_06.hc?bnftWebEvntCd=DA7926,2026-03-03,2026-06-30,할인,혜택,대상 카드로 국내 제휴 호텔 이벤트 이용 시 할인 혜택 제공,2026-06-06 17:20:02
TPE4_E0003,TPE4,현대,the Purple,DA7926,국내 제휴 호텔 3~6월 이벤트 혜택 안내,https://www.hyundaicard.com/cpb/ev/CPBEV0101_06.hc?bnftWebEvntCd=DA7926,2026-03-03,2026-06-30,할인,대상,"[마감]JW 메리어트 호텔 서울(주소 : 서울시 서초구 신반포로 176 / 문의 : 02-6282-6268~70)
'플레이버즈' 성인 런치 및 디너 뷔페 30% 할인
가격(1인 기준 / 세금 포함)
주중(월~금요일) 런치 : 정상가 179,000원 > 할인가 125,300원
주중(월~금요일) 디너 : 정상가 209,000원 > 할인가 146,300원
주말(토·일요일) 및 공휴일 런치·디너 : 정상가 209,000원 > 할인가 146,300원
예약 및 이용 기간 : 2026. 3. 3 ~ 4. 30
운영 시간
주중(월~금요일) 런치 : 낮 12시 ~ 오후 2시 30분
주중(월~금요일) 및 일요일 디너 : 오후 6시 ~ 9시
주말(토·일요일) 및 공휴일 런치 : 오전 11시 30분 ~ 오후 1시 30분(1부), 오후 2시 ~ 4시(2부)
주말(토·일요일) 및 공휴일 디너 : 오후 5시 30분 ~ 7시 30분(1부), 오후 8시 ~ 10시(2부)
유의사항
본인 회원 포함 성인 최대 4인까지 이용 가능
메리어트 본보이 혜택 및 각종 할인, 적립, 바우처, 다른 이벤트 등 중복 적용 불가
음료·주류, 이벤트 메뉴 할인 제외
반얀트리 클럽 앤 스파 서울(주소 : 서울시 중구 장충단로 60 / 문의 : 02-2250-8000)
주중 스트로베리 애프터눈 티 패키지(객실 1박 및 룸 업그레이드(가능 시), 조식 2인, 스트로베리 애프터눈 티 세트 2인) 할인
주말 스트로베리 뷔페 패키지(객실 1박, 조식 2인, 스트로베리 디저트 뷔페 2인) 할인
가격(2인 기준 / 세금 포함)
주중(월~목요일) 스트로베리 애프터눈 티 패키지 : 반얀 풀 디럭스 룸 550,000원
디럭스 풀 룸 660,000원
주말(금~일요일) 스트로베리 뷔페 패키지 : 반얀 풀 디럭스 룸 790,000원
디럭스 풀 룸 890,000원
예약 및 이용 기간 : 2026. 3. 3 ~ 3. 29
유의사항
애프터눈 티 패키지의 경우 '반얀 풀 디럭스'는 '프리미어 풀'로, '디럭스 풀'은 '프리미어 풀 스위트'로 업그레이드
* 단, 호텔 사정에 따라 불가할 수 있음
투숙일 기준, 5일 전까지 예약 변경 및 취소 가능(이후 변경, 취소 및 환불 불가)
웨스틴 조선 서울(주소 : 서울시 중구 소공로 106 / 문의 : 02-317-0404)
이그제큐티브 룸 패키지(객실 1박, 클럽 라운지(조식 및 칵테일아워) 2인 및 수영장·피트니스센터·사우나 무료 이용) 할인
주니어 스위트 룸 패키지(객실 1박, 3인 무료 투숙, 클럽라운지(조식 및 칵테일아워) 3인 및 수영장·피트니스센터·사우나 무료 이용) 할인
이그제큐티브 스위트 룸 패키지(객실 1박, 3인 무료 투숙, 클럽라운지(조식 및 칵테일아워) 3인 및 수영장·피트니스센터·사우나 무료 이용) 할인
추가 공통 혜택
한정판 조선 호텔 수건세트 1개 제공
* 단, 회원 본인 1인당 혜택 1회 제공
가격(2인 기준 / 세금 포함)
이그제큐티브 룸 : 3~4월 일~금요일 480,800원, 토요일 662,300원 / 5~6월 일~금요일 384,000원, 토요일, 5. 1, 5. 3, 5. 24 565,500원
가격(3인 기준 / 세금 포함)
주니어 스위트 룸 : 3~4월 일~금요일 571,800원, 토요일 753,300원 / 5~6월 일~금요일 475,000원, 토요일, 5. 1, 5. 3, 5. 24 656,500원
이그제큐티브 스위트 룸 : 3~4월 일~금요일 692,800원, 토요일 874,300원 / 5~6월 일~금요일 596,000원, 토요일, 5. 1, 5. 3, 5. 24 777,500원
예약 및 이용 기간 : 2026. 3. 3 ~ 6. 30
* 제외 일자 : 2026. 3. 20 ~ 3. 21, 4. 25, 5. 2
유의사항
본인 회원 예약 시 최대 2박 또는 1박 2객실 투숙 가능(택1)
메리어트 본보이 혜택 및 각종 할인, 적립, 바우처, 다른 이벤트 등 중복 적용 불가
이그제큐티브 스위트 룸 및 주니어 스위트 룸 투숙 시, 엑스트라 베드 1개 무료 제공(예약 시 사전 요청 필수)
* 단, 재고가 없을 시 혜택 제공 불가
온라인 예약 바로가기
[마감]파라다이스 호텔 부산(주소 : 부산시 해운대구 해운대해변로 296 / 문의 : 051-749-2111~3)
아쿠아바 패키지(객실 1박, 씨메르 아쿠아바 치킨&생맥주 2잔 세트) 할인
4월 한정 라운지 패키지(객실 1박 및 신관 업그레이드, 라운지 파라다이스 올데이 서비스(티 타임, 해피 아워, 조식) 2인, 실내사우나 2인 무료 이용) 할인
추가 공통 혜택
파라다이스 호텔&리조트 핸드크림 1개 제공
오션스파 씨메르·야외 오션스파 풀 무제한 이용, 피트니스 클럽 1박당 성인 2인 1회 무료 이용
키즈 빌리지(플레이 랩, BMW 키즈 드라이빙존, 하바 키즈 라운지, 웅진 북클럽) 1박당 1회 무료 이용
가격(2인 기준 / 세금 포함)
아쿠아바 패키지 본관 디럭스 시티 : 월~목요일 200,000원
금요일 270,000원
토요일 440,000원
일요일 220,000원
아쿠아바 패키지 본관 오션 테라스 : 월~목요일 280,000원
금요일 350,000원
토요일 540,000원
일요일 300,000원
라운지 패키지 신관 디럭스 시티 : 월~목요일 300,000원
금요일 370,000원
토요일 540,000원
일요일 320,000원
라운지 패키지 신관 오션 테라스 : 월~목요일 380,000원
금요일 450,000원
토요일 640,000원
일요일 400,000원
예약 및 이용 기간 : 2026. 3. 3 ~ 4. 30
유의사항
본인 회원 예약 시 최대 2박 또는 1박 2객실 이용 가능(택1)
라운지 패키지의 경우 4월 한정으로만 운영
1객실 기준 성인 2인 + 어린이(49개월~초등학생) 2인까지 투숙 가능(단, 성인 3인 투숙 시 어린이는 1인만 투숙 가능)
인원 추가 및 업그레이드에 대해 아래와 같이 추가 요금 부과
* 성인 : 1인 기준 72,600원(씨메르·오션풀 이용 포함, 최대 성인 1인까지 추가 가능)
* 추가 베드(본관 : 보조침대, 신관 : 쇼파베드) 요청 시 사전 예약 필수
* 라운지 파라다이스 올데이 서비스 이용 인원 추가 시 성인 145,200원, 어린이 72,600원
* 신관 업그레이드 시 24,200원
라운지 파라다이스의 경우 49개월 이상 입장 가능, 실내 사우나의 경우 14세 이상 출입 가능
체크인 기준, 5일 이내 위약금 없이 예약 변경 및 취소 가능
매달 네 번째 수요일 스파 부대시설(씨메르, 오션풀, 피트니스 클럽, 실내사우나) 휴관
* 단, 호텔 사정에 따라 변경 가능하며 자세한 사항은 호텔 홈페이지 참고
대상 카드 기소지 회원",2026-06-06 17:20:02
TPE4_E0003,TPE4,현대,the Purple,DA7926,국내 제휴 호텔 3~6월 이벤트 혜택 안내,https://www.hyundaicard.com/cpb/ev/CPBEV0101_06.hc?bnftWebEvntCd=DA7926,2026-03-03,2026-06-30,할인,기간,2026. 3. 3 ~ 6. 30(호텔별 다름),2026-06-06 17:20:02
TPE4_E0003,TPE4,현대,the Purple,DA7926,국내 제휴 호텔 3~6월 이벤트 혜택 안내,https://www.hyundaicard.com/cpb/ev/CPBEV0101_06.hc?bnftWebEvntCd=DA7926,2026-03-03,2026-06-30,할인,이용 방법,예약 및 결제 시 이벤트 대상 회원임을 알리고 본인 명의 대상 카드로 현장 결제,2026-06-06 17:20:02
TPE4_E0003,TPE4,현대,the Purple,DA7926,국내 제휴 호텔 3~6월 이벤트 혜택 안내,https://www.hyundaicard.com/cpb/ev/CPBEV0101_06.hc?bnftWebEvntCd=DA7926,2026-03-03,2026-06-30,할인,확인사항,"확인해 주세요
위 혜택은 본인 회원에 한해 기간 내 1회 제공됩니다.
이용 전, 제휴 호텔로 이벤트 진행 및 혜택 적용 가능 여부를 확인해 주세요.
위 혜택은 일자별 한정 수량으로 인원 마감 시 조기 종료될 수 있습니다.
호텔 이용 금액은 부가가치세 포함가입니다.
실물 카드로 결제 시 혜택이 적용됩니다.(현대카드 법인·Chameleon 제외)
간편결제 서비스(네이버페이 등) 이용 시 혜택을 받을 수 없습니다.
현대카드 및 제휴사의 다른 혜택(할인·적립, 바우처 사용 등) 및 이벤트와 중복 적용되지 않습니다.
예약 취소 및 환불은 호텔별 규정을 따르며, 관련 내용은 제휴 호텔로 문의해 주세요.
위 혜택은 현대카드 및 제휴사 사정에 따라 변경 또는 중단될 수 있습니다.",2026-06-06 17:20:02
TBE4_E0003,TBE4,현대,the Black,DA7926,국내 제휴 호텔 3~6월 이벤트 혜택 안내,https://www.hyundaicard.com/cpb/ev/CPBEV0101_06.hc?bnftWebEvntCd=DA7926,2026-03-03,2026-06-30,할인,혜택,대상 카드로 국내 제휴 호텔 이벤트 이용 시 할인 혜택 제공,2026-06-06 17:20:02
TBE4_E0003,TBE4,현대,the Black,DA7926,국내 제휴 호텔 3~6월 이벤트 혜택 안내,https://www.hyundaicard.com/cpb/ev/CPBEV0101_06.hc?bnftWebEvntCd=DA7926,2026-03-03,2026-06-30,할인,대상,"[마감]JW 메리어트 호텔 서울(주소 : 서울시 서초구 신반포로 176 / 문의 : 02-6282-6268~70)
'플레이버즈' 성인 런치 및 디너 뷔페 30% 할인
가격(1인 기준 / 세금 포함)
주중(월~금요일) 런치 : 정상가 179,000원 > 할인가 125,300원
주중(월~금요일) 디너 : 정상가 209,000원 > 할인가 146,300원
주말(토·일요일) 및 공휴일 런치·디너 : 정상가 209,000원 > 할인가 146,300원
예약 및 이용 기간 : 2026. 3. 3 ~ 4. 30
운영 시간
주중(월~금요일) 런치 : 낮 12시 ~ 오후 2시 30분
주중(월~금요일) 및 일요일 디너 : 오후 6시 ~ 9시
주말(토·일요일) 및 공휴일 런치 : 오전 11시 30분 ~ 오후 1시 30분(1부), 오후 2시 ~ 4시(2부)
주말(토·일요일) 및 공휴일 디너 : 오후 5시 30분 ~ 7시 30분(1부), 오후 8시 ~ 10시(2부)
유의사항
본인 회원 포함 성인 최대 4인까지 이용 가능
메리어트 본보이 혜택 및 각종 할인, 적립, 바우처, 다른 이벤트 등 중복 적용 불가
음료·주류, 이벤트 메뉴 할인 제외
반얀트리 클럽 앤 스파 서울(주소 : 서울시 중구 장충단로 60 / 문의 : 02-2250-8000)
주중 스트로베리 애프터눈 티 패키지(객실 1박 및 룸 업그레이드(가능 시), 조식 2인, 스트로베리 애프터눈 티 세트 2인) 할인
주말 스트로베리 뷔페 패키지(객실 1박, 조식 2인, 스트로베리 디저트 뷔페 2인) 할인
가격(2인 기준 / 세금 포함)
주중(월~목요일) 스트로베리 애프터눈 티 패키지 : 반얀 풀 디럭스 룸 550,000원
디럭스 풀 룸 660,000원
주말(금~일요일) 스트로베리 뷔페 패키지 : 반얀 풀 디럭스 룸 790,000원
디럭스 풀 룸 890,000원
예약 및 이용 기간 : 2026. 3. 3 ~ 3. 29
유의사항
애프터눈 티 패키지의 경우 '반얀 풀 디럭스'는 '프리미어 풀'로, '디럭스 풀'은 '프리미어 풀 스위트'로 업그레이드
* 단, 호텔 사정에 따라 불가할 수 있음
투숙일 기준, 5일 전까지 예약 변경 및 취소 가능(이후 변경, 취소 및 환불 불가)
웨스틴 조선 서울(주소 : 서울시 중구 소공로 106 / 문의 : 02-317-0404)
이그제큐티브 룸 패키지(객실 1박, 클럽 라운지(조식 및 칵테일아워) 2인 및 수영장·피트니스센터·사우나 무료 이용) 할인
주니어 스위트 룸 패키지(객실 1박, 3인 무료 투숙, 클럽라운지(조식 및 칵테일아워) 3인 및 수영장·피트니스센터·사우나 무료 이용) 할인
이그제큐티브 스위트 룸 패키지(객실 1박, 3인 무료 투숙, 클럽라운지(조식 및 칵테일아워) 3인 및 수영장·피트니스센터·사우나 무료 이용) 할인
추가 공통 혜택
한정판 조선 호텔 수건세트 1개 제공
* 단, 회원 본인 1인당 혜택 1회 제공
가격(2인 기준 / 세금 포함)
이그제큐티브 룸 : 3~4월 일~금요일 480,800원, 토요일 662,300원 / 5~6월 일~금요일 384,000원, 토요일, 5. 1, 5. 3, 5. 24 565,500원
가격(3인 기준 / 세금 포함)
주니어 스위트 룸 : 3~4월 일~금요일 571,800원, 토요일 753,300원 / 5~6월 일~금요일 475,000원, 토요일, 5. 1, 5. 3, 5. 24 656,500원
이그제큐티브 스위트 룸 : 3~4월 일~금요일 692,800원, 토요일 874,300원 / 5~6월 일~금요일 596,000원, 토요일, 5. 1, 5. 3, 5. 24 777,500원
예약 및 이용 기간 : 2026. 3. 3 ~ 6. 30
* 제외 일자 : 2026. 3. 20 ~ 3. 21, 4. 25, 5. 2
유의사항
본인 회원 예약 시 최대 2박 또는 1박 2객실 투숙 가능(택1)
메리어트 본보이 혜택 및 각종 할인, 적립, 바우처, 다른 이벤트 등 중복 적용 불가
이그제큐티브 스위트 룸 및 주니어 스위트 룸 투숙 시, 엑스트라 베드 1개 무료 제공(예약 시 사전 요청 필수)
* 단, 재고가 없을 시 혜택 제공 불가
온라인 예약 바로가기
[마감]파라다이스 호텔 부산(주소 : 부산시 해운대구 해운대해변로 296 / 문의 : 051-749-2111~3)
아쿠아바 패키지(객실 1박, 씨메르 아쿠아바 치킨&생맥주 2잔 세트) 할인
4월 한정 라운지 패키지(객실 1박 및 신관 업그레이드, 라운지 파라다이스 올데이 서비스(티 타임, 해피 아워, 조식) 2인, 실내사우나 2인 무료 이용) 할인
추가 공통 혜택
파라다이스 호텔&리조트 핸드크림 1개 제공
오션스파 씨메르·야외 오션스파 풀 무제한 이용, 피트니스 클럽 1박당 성인 2인 1회 무료 이용
키즈 빌리지(플레이 랩, BMW 키즈 드라이빙존, 하바 키즈 라운지, 웅진 북클럽) 1박당 1회 무료 이용
가격(2인 기준 / 세금 포함)
아쿠아바 패키지 본관 디럭스 시티 : 월~목요일 200,000원
금요일 270,000원
토요일 440,000원
일요일 220,000원
아쿠아바 패키지 본관 오션 테라스 : 월~목요일 280,000원
금요일 350,000원
토요일 540,000원
일요일 300,000원
라운지 패키지 신관 디럭스 시티 : 월~목요일 300,000원
금요일 370,000원
토요일 540,000원
일요일 320,000원
라운지 패키지 신관 오션 테라스 : 월~목요일 380,000원
금요일 450,000원
토요일 640,000원
일요일 400,000원
예약 및 이용 기간 : 2026. 3. 3 ~ 4. 30
유의사항
본인 회원 예약 시 최대 2박 또는 1박 2객실 이용 가능(택1)
라운지 패키지의 경우 4월 한정으로만 운영
1객실 기준 성인 2인 + 어린이(49개월~초등학생) 2인까지 투숙 가능(단, 성인 3인 투숙 시 어린이는 1인만 투숙 가능)
인원 추가 및 업그레이드에 대해 아래와 같이 추가 요금 부과
* 성인 : 1인 기준 72,600원(씨메르·오션풀 이용 포함, 최대 성인 1인까지 추가 가능)
* 추가 베드(본관 : 보조침대, 신관 : 쇼파베드) 요청 시 사전 예약 필수
* 라운지 파라다이스 올데이 서비스 이용 인원 추가 시 성인 145,200원, 어린이 72,600원
* 신관 업그레이드 시 24,200원
라운지 파라다이스의 경우 49개월 이상 입장 가능, 실내 사우나의 경우 14세 이상 출입 가능
체크인 기준, 5일 이내 위약금 없이 예약 변경 및 취소 가능
매달 네 번째 수요일 스파 부대시설(씨메르, 오션풀, 피트니스 클럽, 실내사우나) 휴관
* 단, 호텔 사정에 따라 변경 가능하며 자세한 사항은 호텔 홈페이지 참고
대상 카드 기소지 회원",2026-06-06 17:20:02
TBE4_E0003,TBE4,현대,the Black,DA7926,국내 제휴 호텔 3~6월 이벤트 혜택 안내,https://www.hyundaicard.com/cpb/ev/CPBEV0101_06.hc?bnftWebEvntCd=DA7926,2026-03-03,2026-06-30,할인,기간,2026. 3. 3 ~ 6. 30(호텔별 다름),2026-06-06 17:20:02
TBE4_E0003,TBE4,현대,the Black,DA7926,국내 제휴 호텔 3~6월 이벤트 혜택 안내,https://www.hyundaicard.com/cpb/ev/CPBEV0101_06.hc?bnftWebEvntCd=DA7926,2026-03-03,2026-06-30,할인,이용 방법,예약 및 결제 시 이벤트 대상 회원임을 알리고 본인 명의 대상 카드로 현장 결제,2026-06-06 17:20:02
TBE4_E0003,TBE4,현대,the Black,DA7926,국내 제휴 호텔 3~6월 이벤트 혜택 안내,https://www.hyundaicard.com/cpb/ev/CPBEV0101_06.hc?bnftWebEvntCd=DA7926,2026-03-03,2026-06-30,할인,확인사항,"확인해 주세요
위 혜택은 본인 회원에 한해 기간 내 1회 제공됩니다.
이용 전, 제휴 호텔로 이벤트 진행 및 혜택 적용 가능 여부를 확인해 주세요.
위 혜택은 일자별 한정 수량으로 인원 마감 시 조기 종료될 수 있습니다.
호텔 이용 금액은 부가가치세 포함가입니다.
실물 카드로 결제 시 혜택이 적용됩니다.(현대카드 법인·Chameleon 제외)
간편결제 서비스(네이버페이 등) 이용 시 혜택을 받을 수 없습니다.
현대카드 및 제휴사의 다른 혜택(할인·적립, 바우처 사용 등) 및 이벤트와 중복 적용되지 않습니다.
예약 취소 및 환불은 호텔별 규정을 따르며, 관련 내용은 제휴 호텔로 문의해 주세요.
위 혜택은 현대카드 및 제휴사 사정에 따라 변경 또는 중단될 수 있습니다.",2026-06-06 17:20:02
TRE6_E0003,TRE6,현대,the Red,DA7926,국내 제휴 호텔 3~6월 이벤트 혜택 안내,https://www.hyundaicard.com/cpb/ev/CPBEV0101_06.hc?bnftWebEvntCd=DA7926,2026-03-03,2026-06-30,할인,혜택,대상 카드로 국내 제휴 호텔 이벤트 이용 시 할인 혜택 제공,2026-06-06 17:20:02
TRE6_E0003,TRE6,현대,the Red,DA7926,국내 제휴 호텔 3~6월 이벤트 혜택 안내,https://www.hyundaicard.com/cpb/ev/CPBEV0101_06.hc?bnftWebEvntCd=DA7926,2026-03-03,2026-06-30,할인,대상,"[마감]JW 메리어트 호텔 서울(주소 : 서울시 서초구 신반포로 176 / 문의 : 02-6282-6268~70)
'플레이버즈' 성인 런치 및 디너 뷔페 30% 할인
가격(1인 기준 / 세금 포함)
주중(월~금요일) 런치 : 정상가 179,000원 > 할인가 125,300원
주중(월~금요일) 디너 : 정상가 209,000원 > 할인가 146,300원
주말(토·일요일) 및 공휴일 런치·디너 : 정상가 209,000원 > 할인가 146,300원
예약 및 이용 기간 : 2026. 3. 3 ~ 4. 30
운영 시간
주중(월~금요일) 런치 : 낮 12시 ~ 오후 2시 30분
주중(월~금요일) 및 일요일 디너 : 오후 6시 ~ 9시
주말(토·일요일) 및 공휴일 런치 : 오전 11시 30분 ~ 오후 1시 30분(1부), 오후 2시 ~ 4시(2부)
주말(토·일요일) 및 공휴일 디너 : 오후 5시 30분 ~ 7시 30분(1부), 오후 8시 ~ 10시(2부)
유의사항
본인 회원 포함 성인 최대 4인까지 이용 가능
메리어트 본보이 혜택 및 각종 할인, 적립, 바우처, 다른 이벤트 등 중복 적용 불가
음료·주류, 이벤트 메뉴 할인 제외
반얀트리 클럽 앤 스파 서울(주소 : 서울시 중구 장충단로 60 / 문의 : 02-2250-8000)
주중 스트로베리 애프터눈 티 패키지(객실 1박 및 룸 업그레이드(가능 시), 조식 2인, 스트로베리 애프터눈 티 세트 2인) 할인
주말 스트로베리 뷔페 패키지(객실 1박, 조식 2인, 스트로베리 디저트 뷔페 2인) 할인
가격(2인 기준 / 세금 포함)
주중(월~목요일) 스트로베리 애프터눈 티 패키지 : 반얀 풀 디럭스 룸 550,000원
디럭스 풀 룸 660,000원
주말(금~일요일) 스트로베리 뷔페 패키지 : 반얀 풀 디럭스 룸 790,000원
디럭스 풀 룸 890,000원
예약 및 이용 기간 : 2026. 3. 3 ~ 3. 29
유의사항
애프터눈 티 패키지의 경우 '반얀 풀 디럭스'는 '프리미어 풀'로, '디럭스 풀'은 '프리미어 풀 스위트'로 업그레이드
* 단, 호텔 사정에 따라 불가할 수 있음
투숙일 기준, 5일 전까지 예약 변경 및 취소 가능(이후 변경, 취소 및 환불 불가)
웨스틴 조선 서울(주소 : 서울시 중구 소공로 106 / 문의 : 02-317-0404)
이그제큐티브 룸 패키지(객실 1박, 클럽 라운지(조식 및 칵테일아워) 2인 및 수영장·피트니스센터·사우나 무료 이용) 할인
주니어 스위트 룸 패키지(객실 1박, 3인 무료 투숙, 클럽라운지(조식 및 칵테일아워) 3인 및 수영장·피트니스센터·사우나 무료 이용) 할인
이그제큐티브 스위트 룸 패키지(객실 1박, 3인 무료 투숙, 클럽라운지(조식 및 칵테일아워) 3인 및 수영장·피트니스센터·사우나 무료 이용) 할인
추가 공통 혜택
한정판 조선 호텔 수건세트 1개 제공
* 단, 회원 본인 1인당 혜택 1회 제공
가격(2인 기준 / 세금 포함)
이그제큐티브 룸 : 3~4월 일~금요일 480,800원, 토요일 662,300원 / 5~6월 일~금요일 384,000원, 토요일, 5. 1, 5. 3, 5. 24 565,500원
가격(3인 기준 / 세금 포함)
주니어 스위트 룸 : 3~4월 일~금요일 571,800원, 토요일 753,300원 / 5~6월 일~금요일 475,000원, 토요일, 5. 1, 5. 3, 5. 24 656,500원
이그제큐티브 스위트 룸 : 3~4월 일~금요일 692,800원, 토요일 874,300원 / 5~6월 일~금요일 596,000원, 토요일, 5. 1, 5. 3, 5. 24 777,500원
예약 및 이용 기간 : 2026. 3. 3 ~ 6. 30
* 제외 일자 : 2026. 3. 20 ~ 3. 21, 4. 25, 5. 2
유의사항
본인 회원 예약 시 최대 2박 또는 1박 2객실 투숙 가능(택1)
메리어트 본보이 혜택 및 각종 할인, 적립, 바우처, 다른 이벤트 등 중복 적용 불가
이그제큐티브 스위트 룸 및 주니어 스위트 룸 투숙 시, 엑스트라 베드 1개 무료 제공(예약 시 사전 요청 필수)
* 단, 재고가 없을 시 혜택 제공 불가
온라인 예약 바로가기
[마감]파라다이스 호텔 부산(주소 : 부산시 해운대구 해운대해변로 296 / 문의 : 051-749-2111~3)
아쿠아바 패키지(객실 1박, 씨메르 아쿠아바 치킨&생맥주 2잔 세트) 할인
4월 한정 라운지 패키지(객실 1박 및 신관 업그레이드, 라운지 파라다이스 올데이 서비스(티 타임, 해피 아워, 조식) 2인, 실내사우나 2인 무료 이용) 할인
추가 공통 혜택
파라다이스 호텔&리조트 핸드크림 1개 제공
오션스파 씨메르·야외 오션스파 풀 무제한 이용, 피트니스 클럽 1박당 성인 2인 1회 무료 이용
키즈 빌리지(플레이 랩, BMW 키즈 드라이빙존, 하바 키즈 라운지, 웅진 북클럽) 1박당 1회 무료 이용
가격(2인 기준 / 세금 포함)
아쿠아바 패키지 본관 디럭스 시티 : 월~목요일 200,000원
금요일 270,000원
토요일 440,000원
일요일 220,000원
아쿠아바 패키지 본관 오션 테라스 : 월~목요일 280,000원
금요일 350,000원
토요일 540,000원
일요일 300,000원
라운지 패키지 신관 디럭스 시티 : 월~목요일 300,000원
금요일 370,000원
토요일 540,000원
일요일 320,000원
라운지 패키지 신관 오션 테라스 : 월~목요일 380,000원
금요일 450,000원
토요일 640,000원
일요일 400,000원
예약 및 이용 기간 : 2026. 3. 3 ~ 4. 30
유의사항
본인 회원 예약 시 최대 2박 또는 1박 2객실 이용 가능(택1)
라운지 패키지의 경우 4월 한정으로만 운영
1객실 기준 성인 2인 + 어린이(49개월~초등학생) 2인까지 투숙 가능(단, 성인 3인 투숙 시 어린이는 1인만 투숙 가능)
인원 추가 및 업그레이드에 대해 아래와 같이 추가 요금 부과
* 성인 : 1인 기준 72,600원(씨메르·오션풀 이용 포함, 최대 성인 1인까지 추가 가능)
* 추가 베드(본관 : 보조침대, 신관 : 쇼파베드) 요청 시 사전 예약 필수
* 라운지 파라다이스 올데이 서비스 이용 인원 추가 시 성인 145,200원, 어린이 72,600원
* 신관 업그레이드 시 24,200원
라운지 파라다이스의 경우 49개월 이상 입장 가능, 실내 사우나의 경우 14세 이상 출입 가능
체크인 기준, 5일 이내 위약금 없이 예약 변경 및 취소 가능
매달 네 번째 수요일 스파 부대시설(씨메르, 오션풀, 피트니스 클럽, 실내사우나) 휴관
* 단, 호텔 사정에 따라 변경 가능하며 자세한 사항은 호텔 홈페이지 참고
대상 카드 기소지 회원",2026-06-06 17:20:02
TRE6_E0003,TRE6,현대,the Red,DA7926,국내 제휴 호텔 3~6월 이벤트 혜택 안내,https://www.hyundaicard.com/cpb/ev/CPBEV0101_06.hc?bnftWebEvntCd=DA7926,2026-03-03,2026-06-30,할인,기간,2026. 3. 3 ~ 6. 30(호텔별 다름),2026-06-06 17:20:02
TRE6_E0003,TRE6,현대,the Red,DA7926,국내 제휴 호텔 3~6월 이벤트 혜택 안내,https://www.hyundaicard.com/cpb/ev/CPBEV0101_06.hc?bnftWebEvntCd=DA7926,2026-03-03,2026-06-30,할인,이용 방법,예약 및 결제 시 이벤트 대상 회원임을 알리고 본인 명의 대상 카드로 현장 결제,2026-06-06 17:20:02
TRE6_E0003,TRE6,현대,the Red,DA7926,국내 제휴 호텔 3~6월 이벤트 혜택 안내,https://www.hyundaicard.com/cpb/ev/CPBEV0101_06.hc?bnftWebEvntCd=DA7926,2026-03-03,2026-06-30,할인,확인사항,"확인해 주세요
위 혜택은 본인 회원에 한해 기간 내 1회 제공됩니다.
이용 전, 제휴 호텔로 이벤트 진행 및 혜택 적용 가능 여부를 확인해 주세요.
위 혜택은 일자별 한정 수량으로 인원 마감 시 조기 종료될 수 있습니다.
호텔 이용 금액은 부가가치세 포함가입니다.
실물 카드로 결제 시 혜택이 적용됩니다.(현대카드 법인·Chameleon 제외)
간편결제 서비스(네이버페이 등) 이용 시 혜택을 받을 수 없습니다.
현대카드 및 제휴사의 다른 혜택(할인·적립, 바우처 사용 등) 및 이벤트와 중복 적용되지 않습니다.
예약 취소 및 환불은 호텔별 규정을 따르며, 관련 내용은 제휴 호텔로 문의해 주세요.
위 혜택은 현대카드 및 제휴사 사정에 따라 변경 또는 중단될 수 있습니다.",2026-06-06 17:20:02
NXNX_E0005,NXNX,현대,넥슨,DA7926,국내 제휴 호텔 3~6월 이벤트 혜택 안내,https://www.hyundaicard.com/cpb/ev/CPBEV0101_06.hc?bnftWebEvntCd=DA7926,2026-03-03,2026-06-30,할인,혜택,대상 카드로 국내 제휴 호텔 이벤트 이용 시 할인 혜택 제공,2026-06-06 17:20:02
NXNX_E0005,NXNX,현대,넥슨,DA7926,국내 제휴 호텔 3~6월 이벤트 혜택 안내,https://www.hyundaicard.com/cpb/ev/CPBEV0101_06.hc?bnftWebEvntCd=DA7926,2026-03-03,2026-06-30,할인,대상,"[마감]JW 메리어트 호텔 서울(주소 : 서울시 서초구 신반포로 176 / 문의 : 02-6282-6268~70)
'플레이버즈' 성인 런치 및 디너 뷔페 30% 할인
가격(1인 기준 / 세금 포함)
주중(월~금요일) 런치 : 정상가 179,000원 > 할인가 125,300원
주중(월~금요일) 디너 : 정상가 209,000원 > 할인가 146,300원
주말(토·일요일) 및 공휴일 런치·디너 : 정상가 209,000원 > 할인가 146,300원
예약 및 이용 기간 : 2026. 3. 3 ~ 4. 30
운영 시간
주중(월~금요일) 런치 : 낮 12시 ~ 오후 2시 30분
주중(월~금요일) 및 일요일 디너 : 오후 6시 ~ 9시
주말(토·일요일) 및 공휴일 런치 : 오전 11시 30분 ~ 오후 1시 30분(1부), 오후 2시 ~ 4시(2부)
주말(토·일요일) 및 공휴일 디너 : 오후 5시 30분 ~ 7시 30분(1부), 오후 8시 ~ 10시(2부)
유의사항
본인 회원 포함 성인 최대 4인까지 이용 가능
메리어트 본보이 혜택 및 각종 할인, 적립, 바우처, 다른 이벤트 등 중복 적용 불가
음료·주류, 이벤트 메뉴 할인 제외
반얀트리 클럽 앤 스파 서울(주소 : 서울시 중구 장충단로 60 / 문의 : 02-2250-8000)
주중 스트로베리 애프터눈 티 패키지(객실 1박 및 룸 업그레이드(가능 시), 조식 2인, 스트로베리 애프터눈 티 세트 2인) 할인
주말 스트로베리 뷔페 패키지(객실 1박, 조식 2인, 스트로베리 디저트 뷔페 2인) 할인
가격(2인 기준 / 세금 포함)
주중(월~목요일) 스트로베리 애프터눈 티 패키지 : 반얀 풀 디럭스 룸 550,000원
디럭스 풀 룸 660,000원
주말(금~일요일) 스트로베리 뷔페 패키지 : 반얀 풀 디럭스 룸 790,000원
디럭스 풀 룸 890,000원
예약 및 이용 기간 : 2026. 3. 3 ~ 3. 29
유의사항
애프터눈 티 패키지의 경우 '반얀 풀 디럭스'는 '프리미어 풀'로, '디럭스 풀'은 '프리미어 풀 스위트'로 업그레이드
* 단, 호텔 사정에 따라 불가할 수 있음
투숙일 기준, 5일 전까지 예약 변경 및 취소 가능(이후 변경, 취소 및 환불 불가)
웨스틴 조선 서울(주소 : 서울시 중구 소공로 106 / 문의 : 02-317-0404)
이그제큐티브 룸 패키지(객실 1박, 클럽 라운지(조식 및 칵테일아워) 2인 및 수영장·피트니스센터·사우나 무료 이용) 할인
주니어 스위트 룸 패키지(객실 1박, 3인 무료 투숙, 클럽라운지(조식 및 칵테일아워) 3인 및 수영장·피트니스센터·사우나 무료 이용) 할인
이그제큐티브 스위트 룸 패키지(객실 1박, 3인 무료 투숙, 클럽라운지(조식 및 칵테일아워) 3인 및 수영장·피트니스센터·사우나 무료 이용) 할인
추가 공통 혜택
한정판 조선 호텔 수건세트 1개 제공
* 단, 회원 본인 1인당 혜택 1회 제공
가격(2인 기준 / 세금 포함)
이그제큐티브 룸 : 3~4월 일~금요일 480,800원, 토요일 662,300원 / 5~6월 일~금요일 384,000원, 토요일, 5. 1, 5. 3, 5. 24 565,500원
가격(3인 기준 / 세금 포함)
주니어 스위트 룸 : 3~4월 일~금요일 571,800원, 토요일 753,300원 / 5~6월 일~금요일 475,000원, 토요일, 5. 1, 5. 3, 5. 24 656,500원
이그제큐티브 스위트 룸 : 3~4월 일~금요일 692,800원, 토요일 874,300원 / 5~6월 일~금요일 596,000원, 토요일, 5. 1, 5. 3, 5. 24 777,500원
예약 및 이용 기간 : 2026. 3. 3 ~ 6. 30
* 제외 일자 : 2026. 3. 20 ~ 3. 21, 4. 25, 5. 2
유의사항
본인 회원 예약 시 최대 2박 또는 1박 2객실 투숙 가능(택1)
메리어트 본보이 혜택 및 각종 할인, 적립, 바우처, 다른 이벤트 등 중복 적용 불가
이그제큐티브 스위트 룸 및 주니어 스위트 룸 투숙 시, 엑스트라 베드 1개 무료 제공(예약 시 사전 요청 필수)
* 단, 재고가 없을 시 혜택 제공 불가
온라인 예약 바로가기
[마감]파라다이스 호텔 부산(주소 : 부산시 해운대구 해운대해변로 296 / 문의 : 051-749-2111~3)
아쿠아바 패키지(객실 1박, 씨메르 아쿠아바 치킨&생맥주 2잔 세트) 할인
4월 한정 라운지 패키지(객실 1박 및 신관 업그레이드, 라운지 파라다이스 올데이 서비스(티 타임, 해피 아워, 조식) 2인, 실내사우나 2인 무료 이용) 할인
추가 공통 혜택
파라다이스 호텔&리조트 핸드크림 1개 제공
오션스파 씨메르·야외 오션스파 풀 무제한 이용, 피트니스 클럽 1박당 성인 2인 1회 무료 이용
키즈 빌리지(플레이 랩, BMW 키즈 드라이빙존, 하바 키즈 라운지, 웅진 북클럽) 1박당 1회 무료 이용
가격(2인 기준 / 세금 포함)
아쿠아바 패키지 본관 디럭스 시티 : 월~목요일 200,000원
금요일 270,000원
토요일 440,000원
일요일 220,000원
아쿠아바 패키지 본관 오션 테라스 : 월~목요일 280,000원
금요일 350,000원
토요일 540,000원
일요일 300,000원
라운지 패키지 신관 디럭스 시티 : 월~목요일 300,000원
금요일 370,000원
토요일 540,000원
일요일 320,000원
라운지 패키지 신관 오션 테라스 : 월~목요일 380,000원
금요일 450,000원
토요일 640,000원
일요일 400,000원
예약 및 이용 기간 : 2026. 3. 3 ~ 4. 30
유의사항
본인 회원 예약 시 최대 2박 또는 1박 2객실 이용 가능(택1)
라운지 패키지의 경우 4월 한정으로만 운영
1객실 기준 성인 2인 + 어린이(49개월~초등학생) 2인까지 투숙 가능(단, 성인 3인 투숙 시 어린이는 1인만 투숙 가능)
인원 추가 및 업그레이드에 대해 아래와 같이 추가 요금 부과
* 성인 : 1인 기준 72,600원(씨메르·오션풀 이용 포함, 최대 성인 1인까지 추가 가능)
* 추가 베드(본관 : 보조침대, 신관 : 쇼파베드) 요청 시 사전 예약 필수
* 라운지 파라다이스 올데이 서비스 이용 인원 추가 시 성인 145,200원, 어린이 72,600원
* 신관 업그레이드 시 24,200원
라운지 파라다이스의 경우 49개월 이상 입장 가능, 실내 사우나의 경우 14세 이상 출입 가능
체크인 기준, 5일 이내 위약금 없이 예약 변경 및 취소 가능
매달 네 번째 수요일 스파 부대시설(씨메르, 오션풀, 피트니스 클럽, 실내사우나) 휴관
* 단, 호텔 사정에 따라 변경 가능하며 자세한 사항은 호텔 홈페이지 참고
대상 카드 기소지 회원",2026-06-06 17:20:02
NXNX_E0005,NXNX,현대,넥슨,DA7926,국내 제휴 호텔 3~6월 이벤트 혜택 안내,https://www.hyundaicard.com/cpb/ev/CPBEV0101_06.hc?bnftWebEvntCd=DA7926,2026-03-03,2026-06-30,할인,기간,2026. 3. 3 ~ 6. 30(호텔별 다름),2026-06-06 17:20:02
NXNX_E0005,NXNX,현대,넥슨,DA7926,국내 제휴 호텔 3~6월 이벤트 혜택 안내,https://www.hyundaicard.com/cpb/ev/CPBEV0101_06.hc?bnftWebEvntCd=DA7926,2026-03-03,2026-06-30,할인,이용 방법,예약 및 결제 시 이벤트 대상 회원임을 알리고 본인 명의 대상 카드로 현장 결제,2026-06-06 17:20:02
NXNX_E0005,NXNX,현대,넥슨,DA7926,국내 제휴 호텔 3~6월 이벤트 혜택 안내,https://www.hyundaicard.com/cpb/ev/CPBEV0101_06.hc?bnftWebEvntCd=DA7926,2026-03-03,2026-06-30,할인,확인사항,"확인해 주세요
위 혜택은 본인 회원에 한해 기간 내 1회 제공됩니다.
이용 전, 제휴 호텔로 이벤트 진행 및 혜택 적용 가능 여부를 확인해 주세요.
위 혜택은 일자별 한정 수량으로 인원 마감 시 조기 종료될 수 있습니다.
호텔 이용 금액은 부가가치세 포함가입니다.
실물 카드로 결제 시 혜택이 적용됩니다.(현대카드 법인·Chameleon 제외)
간편결제 서비스(네이버페이 등) 이용 시 혜택을 받을 수 없습니다.
현대카드 및 제휴사의 다른 혜택(할인·적립, 바우처 사용 등) 및 이벤트와 중복 적용되지 않습니다.
예약 취소 및 환불은 호텔별 규정을 따르며, 관련 내용은 제휴 호텔로 문의해 주세요.
위 혜택은 현대카드 및 제휴사 사정에 따라 변경 또는 중단될 수 있습니다.",2026-06-06 17:20:02
ME4_E0002,ME4,현대,M,CXF821,메탈 플레이트 발급 대상 카드 안내,https://www.hyundaicard.com/cpb/ev/CPBEV0101_06.hc?bnftWebEvntCd=CXF821,2026-01-01,2026-12-31,할인,혜택,"메탈 플레이트 발급
현대카드 앱/홈페이지에서 신청 가능",2026-06-06 17:20:36
ME4_E0002,ME4,현대,M,CXF821,메탈 플레이트 발급 대상 카드 안내,https://www.hyundaicard.com/cpb/ev/CPBEV0101_06.hc?bnftWebEvntCd=CXF821,2026-01-01,2026-12-31,할인,이용 방법,"대상 카드 기 보유 시 아래 경로를 통해 메탈 플레이트 신청
현대카드 앱
메탈 플레이트 추가 발급하러 가기
현대카드 홈페이지 : Account > 카드 관리 > 보유 카드 목록
홈페이지 해당 메뉴로 바로가기
대상 카드 신규 발급 시 신청
카드 발급  신청하러 가기",2026-06-06 17:20:36
ME4_E0002,ME4,현대,M,CXF821,메탈 플레이트 발급 대상 카드 안내,https://www.hyundaicard.com/cpb/ev/CPBEV0101_06.hc?bnftWebEvntCd=CXF821,2026-01-01,2026-12-31,할인,대상,대상 카드 신규 발급 및 기소지 회원,2026-06-06 17:20:36
ME4_E0002,ME4,현대,M,CXF821,메탈 플레이트 발급 대상 카드 안내,https://www.hyundaicard.com/cpb/ev/CPBEV0101_06.hc?bnftWebEvntCd=CXF821,2026-01-01,2026-12-31,할인,확인사항,"확인해 주세요
메탈 플레이트 발급 이벤트 기간에 한해 발급이 가능하며, 이벤트 종료 후에는 메탈 플레이트 재발급이 불가할 수 있음
대상 카드 신규 발급 또는 보유한 본인 회원에 한해 신청 가능
발급 수수료 10만원 별도 부과 또는 10만 M포인트 사용 가능(재발급 및 갱신 시 동일 적용)
단, 10만 M포인트 사용은 M포인트 적립 및 사용 가능한 카드에 한함
모든 가맹점은 현대카드 가맹점 등록 및 업종 분류 기준
실적 조건 및 적립/할인 한도, 혜택 제외 가맹점 기준 등 자세한 내용은 카드별 상품설명서를 통해 확인 가능",2026-06-06 17:20:36
MPE4_E0001,MPE4,현대,MM,CXF821,메탈 플레이트 발급 대상 카드 안내,https://www.hyundaicard.com/cpb/ev/CPBEV0101_06.hc?bnftWebEvntCd=CXF821,2026-01-01,2026-12-31,할인,혜택,"메탈 플레이트 발급
현대카드 앱/홈페이지에서 신청 가능",2026-06-06 17:20:36
MPE4_E0001,MPE4,현대,MM,CXF821,메탈 플레이트 발급 대상 카드 안내,https://www.hyundaicard.com/cpb/ev/CPBEV0101_06.hc?bnftWebEvntCd=CXF821,2026-01-01,2026-12-31,할인,이용 방법,"대상 카드 기 보유 시 아래 경로를 통해 메탈 플레이트 신청
현대카드 앱
메탈 플레이트 추가 발급하러 가기
현대카드 홈페이지 : Account > 카드 관리 > 보유 카드 목록
홈페이지 해당 메뉴로 바로가기
대상 카드 신규 발급 시 신청
카드 발급  신청하러 가기",2026-06-06 17:20:36
MPE4_E0001,MPE4,현대,MM,CXF821,메탈 플레이트 발급 대상 카드 안내,https://www.hyundaicard.com/cpb/ev/CPBEV0101_06.hc?bnftWebEvntCd=CXF821,2026-01-01,2026-12-31,할인,대상,대상 카드 신규 발급 및 기소지 회원,2026-06-06 17:20:36
MPE4_E0001,MPE4,현대,MM,CXF821,메탈 플레이트 발급 대상 카드 안내,https://www.hyundaicard.com/cpb/ev/CPBEV0101_06.hc?bnftWebEvntCd=CXF821,2026-01-01,2026-12-31,할인,확인사항,"확인해 주세요
메탈 플레이트 발급 이벤트 기간에 한해 발급이 가능하며, 이벤트 종료 후에는 메탈 플레이트 재발급이 불가할 수 있음
대상 카드 신규 발급 또는 보유한 본인 회원에 한해 신청 가능
발급 수수료 10만원 별도 부과 또는 10만 M포인트 사용 가능(재발급 및 갱신 시 동일 적용)
단, 10만 M포인트 사용은 M포인트 적립 및 사용 가능한 카드에 한함
모든 가맹점은 현대카드 가맹점 등록 및 업종 분류 기준
실적 조건 및 적립/할인 한도, 혜택 제외 가맹점 기준 등 자세한 내용은 카드별 상품설명서를 통해 확인 가능",2026-06-06 17:20:36
XPE4_E0001,XPE4,현대,X,CXF821,메탈 플레이트 발급 대상 카드 안내,https://www.hyundaicard.com/cpb/ev/CPBEV0101_06.hc?bnftWebEvntCd=CXF821,2026-01-01,2026-12-31,할인,혜택,"메탈 플레이트 발급
현대카드 앱/홈페이지에서 신청 가능",2026-06-06 17:20:36
XPE4_E0001,XPE4,현대,X,CXF821,메탈 플레이트 발급 대상 카드 안내,https://www.hyundaicard.com/cpb/ev/CPBEV0101_06.hc?bnftWebEvntCd=CXF821,2026-01-01,2026-12-31,할인,이용 방법,"대상 카드 기 보유 시 아래 경로를 통해 메탈 플레이트 신청
현대카드 앱
메탈 플레이트 추가 발급하러 가기
현대카드 홈페이지 : Account > 카드 관리 > 보유 카드 목록
홈페이지 해당 메뉴로 바로가기
대상 카드 신규 발급 시 신청
카드 발급  신청하러 가기",2026-06-06 17:20:36
XPE4_E0001,XPE4,현대,X,CXF821,메탈 플레이트 발급 대상 카드 안내,https://www.hyundaicard.com/cpb/ev/CPBEV0101_06.hc?bnftWebEvntCd=CXF821,2026-01-01,2026-12-31,할인,대상,대상 카드 신규 발급 및 기소지 회원,2026-06-06 17:20:36
XPE4_E0001,XPE4,현대,X,CXF821,메탈 플레이트 발급 대상 카드 안내,https://www.hyundaicard.com/cpb/ev/CPBEV0101_06.hc?bnftWebEvntCd=CXF821,2026-01-01,2026-12-31,할인,확인사항,"확인해 주세요
메탈 플레이트 발급 이벤트 기간에 한해 발급이 가능하며, 이벤트 종료 후에는 메탈 플레이트 재발급이 불가할 수 있음
대상 카드 신규 발급 또는 보유한 본인 회원에 한해 신청 가능
발급 수수료 10만원 별도 부과 또는 10만 M포인트 사용 가능(재발급 및 갱신 시 동일 적용)
단, 10만 M포인트 사용은 M포인트 적립 및 사용 가능한 카드에 한함
모든 가맹점은 현대카드 가맹점 등록 및 업종 분류 기준
실적 조건 및 적립/할인 한도, 혜택 제외 가맹점 기준 등 자세한 내용은 카드별 상품설명서를 통해 확인 가능",2026-06-06 17:20:36
ZFE2_E0002,ZFE2,현대,Z family Edition2,CXF821,메탈 플레이트 발급 대상 카드 안내,https://www.hyundaicard.com/cpb/ev/CPBEV0101_06.hc?bnftWebEvntCd=CXF821,2026-01-01,2026-12-31,할인,혜택,"메탈 플레이트 발급
현대카드 앱/홈페이지에서 신청 가능",2026-06-06 17:20:36
ZFE2_E0002,ZFE2,현대,Z family Edition2,CXF821,메탈 플레이트 발급 대상 카드 안내,https://www.hyundaicard.com/cpb/ev/CPBEV0101_06.hc?bnftWebEvntCd=CXF821,2026-01-01,2026-12-31,할인,이용 방법,"대상 카드 기 보유 시 아래 경로를 통해 메탈 플레이트 신청
현대카드 앱
메탈 플레이트 추가 발급하러 가기
현대카드 홈페이지 : Account > 카드 관리 > 보유 카드 목록
홈페이지 해당 메뉴로 바로가기
대상 카드 신규 발급 시 신청
카드 발급  신청하러 가기",2026-06-06 17:20:36
ZFE2_E0002,ZFE2,현대,Z family Edition2,CXF821,메탈 플레이트 발급 대상 카드 안내,https://www.hyundaicard.com/cpb/ev/CPBEV0101_06.hc?bnftWebEvntCd=CXF821,2026-01-01,2026-12-31,할인,대상,대상 카드 신규 발급 및 기소지 회원,2026-06-06 17:20:36
ZFE2_E0002,ZFE2,현대,Z family Edition2,CXF821,메탈 플레이트 발급 대상 카드 안내,https://www.hyundaicard.com/cpb/ev/CPBEV0101_06.hc?bnftWebEvntCd=CXF821,2026-01-01,2026-12-31,할인,확인사항,"확인해 주세요
메탈 플레이트 발급 이벤트 기간에 한해 발급이 가능하며, 이벤트 종료 후에는 메탈 플레이트 재발급이 불가할 수 있음
대상 카드 신규 발급 또는 보유한 본인 회원에 한해 신청 가능
발급 수수료 10만원 별도 부과 또는 10만 M포인트 사용 가능(재발급 및 갱신 시 동일 적용)
단, 10만 M포인트 사용은 M포인트 적립 및 사용 가능한 카드에 한함
모든 가맹점은 현대카드 가맹점 등록 및 업종 분류 기준
실적 조건 및 적립/할인 한도, 혜택 제외 가맹점 기준 등 자세한 내용은 카드별 상품설명서를 통해 확인 가능",2026-06-06 17:20:36
ZWE2_E0003,ZWE2,현대,Z work Edition2,CXF821,메탈 플레이트 발급 대상 카드 안내,https://www.hyundaicard.com/cpb/ev/CPBEV0101_06.hc?bnftWebEvntCd=CXF821,2026-01-01,2026-12-31,할인,혜택,"메탈 플레이트 발급
현대카드 앱/홈페이지에서 신청 가능",2026-06-06 17:20:36
ZWE2_E0003,ZWE2,현대,Z work Edition2,CXF821,메탈 플레이트 발급 대상 카드 안내,https://www.hyundaicard.com/cpb/ev/CPBEV0101_06.hc?bnftWebEvntCd=CXF821,2026-01-01,2026-12-31,할인,이용 방법,"대상 카드 기 보유 시 아래 경로를 통해 메탈 플레이트 신청
현대카드 앱
메탈 플레이트 추가 발급하러 가기
현대카드 홈페이지 : Account > 카드 관리 > 보유 카드 목록
홈페이지 해당 메뉴로 바로가기
대상 카드 신규 발급 시 신청
카드 발급  신청하러 가기",2026-06-06 17:20:36
ZWE2_E0003,ZWE2,현대,Z work Edition2,CXF821,메탈 플레이트 발급 대상 카드 안내,https://www.hyundaicard.com/cpb/ev/CPBEV0101_06.hc?bnftWebEvntCd=CXF821,2026-01-01,2026-12-31,할인,대상,대상 카드 신규 발급 및 기소지 회원,2026-06-06 17:20:36
ZWE2_E0003,ZWE2,현대,Z work Edition2,CXF821,메탈 플레이트 발급 대상 카드 안내,https://www.hyundaicard.com/cpb/ev/CPBEV0101_06.hc?bnftWebEvntCd=CXF821,2026-01-01,2026-12-31,할인,확인사항,"확인해 주세요
메탈 플레이트 발급 이벤트 기간에 한해 발급이 가능하며, 이벤트 종료 후에는 메탈 플레이트 재발급이 불가할 수 있음
대상 카드 신규 발급 또는 보유한 본인 회원에 한해 신청 가능
발급 수수료 10만원 별도 부과 또는 10만 M포인트 사용 가능(재발급 및 갱신 시 동일 적용)
단, 10만 M포인트 사용은 M포인트 적립 및 사용 가능한 카드에 한함
모든 가맹점은 현대카드 가맹점 등록 및 업종 분류 기준
실적 조건 및 적립/할인 한도, 혜택 제외 가맹점 기준 등 자세한 내용은 카드별 상품설명서를 통해 확인 가능",2026-06-06 17:20:36
ZOE2_E0002,ZOE2,현대,Z play,CXF821,메탈 플레이트 발급 대상 카드 안내,https://www.hyundaicard.com/cpb/ev/CPBEV0101_06.hc?bnftWebEvntCd=CXF821,2026-01-01,2026-12-31,할인,혜택,"메탈 플레이트 발급
현대카드 앱/홈페이지에서 신청 가능",2026-06-06 17:20:36
ZOE2_E0002,ZOE2,현대,Z play,CXF821,메탈 플레이트 발급 대상 카드 안내,https://www.hyundaicard.com/cpb/ev/CPBEV0101_06.hc?bnftWebEvntCd=CXF821,2026-01-01,2026-12-31,할인,이용 방법,"대상 카드 기 보유 시 아래 경로를 통해 메탈 플레이트 신청
현대카드 앱
메탈 플레이트 추가 발급하러 가기
현대카드 홈페이지 : Account > 카드 관리 > 보유 카드 목록
홈페이지 해당 메뉴로 바로가기
대상 카드 신규 발급 시 신청
카드 발급  신청하러 가기",2026-06-06 17:20:36
ZOE2_E0002,ZOE2,현대,Z play,CXF821,메탈 플레이트 발급 대상 카드 안내,https://www.hyundaicard.com/cpb/ev/CPBEV0101_06.hc?bnftWebEvntCd=CXF821,2026-01-01,2026-12-31,할인,대상,대상 카드 신규 발급 및 기소지 회원,2026-06-06 17:20:36
ZOE2_E0002,ZOE2,현대,Z play,CXF821,메탈 플레이트 발급 대상 카드 안내,https://www.hyundaicard.com/cpb/ev/CPBEV0101_06.hc?bnftWebEvntCd=CXF821,2026-01-01,2026-12-31,할인,확인사항,"확인해 주세요
메탈 플레이트 발급 이벤트 기간에 한해 발급이 가능하며, 이벤트 종료 후에는 메탈 플레이트 재발급이 불가할 수 있음
대상 카드 신규 발급 또는 보유한 본인 회원에 한해 신청 가능
발급 수수료 10만원 별도 부과 또는 10만 M포인트 사용 가능(재발급 및 갱신 시 동일 적용)
단, 10만 M포인트 사용은 M포인트 적립 및 사용 가능한 카드에 한함
모든 가맹점은 현대카드 가맹점 등록 및 업종 분류 기준
실적 조건 및 적립/할인 한도, 혜택 제외 가맹점 기준 등 자세한 내용은 카드별 상품설명서를 통해 확인 가능",2026-06-06 17:20:36
MZROE3_E0002,MZROE3,현대,ZERO Edition3 (포인트형),CXF821,메탈 플레이트 발급 대상 카드 안내,https://www.hyundaicard.com/cpb/ev/CPBEV0101_06.hc?bnftWebEvntCd=CXF821,2026-01-01,2026-12-31,할인,혜택,"메탈 플레이트 발급
현대카드 앱/홈페이지에서 신청 가능",2026-06-06 17:20:36
MZROE3_E0002,MZROE3,현대,ZERO Edition3 (포인트형),CXF821,메탈 플레이트 발급 대상 카드 안내,https://www.hyundaicard.com/cpb/ev/CPBEV0101_06.hc?bnftWebEvntCd=CXF821,2026-01-01,2026-12-31,할인,이용 방법,"대상 카드 기 보유 시 아래 경로를 통해 메탈 플레이트 신청
현대카드 앱
메탈 플레이트 추가 발급하러 가기
현대카드 홈페이지 : Account > 카드 관리 > 보유 카드 목록
홈페이지 해당 메뉴로 바로가기
대상 카드 신규 발급 시 신청
카드 발급  신청하러 가기",2026-06-06 17:20:36
MZROE3_E0002,MZROE3,현대,ZERO Edition3 (포인트형),CXF821,메탈 플레이트 발급 대상 카드 안내,https://www.hyundaicard.com/cpb/ev/CPBEV0101_06.hc?bnftWebEvntCd=CXF821,2026-01-01,2026-12-31,할인,대상,대상 카드 신규 발급 및 기소지 회원,2026-06-06 17:20:36
MZROE3_E0002,MZROE3,현대,ZERO Edition3 (포인트형),CXF821,메탈 플레이트 발급 대상 카드 안내,https://www.hyundaicard.com/cpb/ev/CPBEV0101_06.hc?bnftWebEvntCd=CXF821,2026-01-01,2026-12-31,할인,확인사항,"확인해 주세요
메탈 플레이트 발급 이벤트 기간에 한해 발급이 가능하며, 이벤트 종료 후에는 메탈 플레이트 재발급이 불가할 수 있음
대상 카드 신규 발급 또는 보유한 본인 회원에 한해 신청 가능
발급 수수료 10만원 별도 부과 또는 10만 M포인트 사용 가능(재발급 및 갱신 시 동일 적용)
단, 10만 M포인트 사용은 M포인트 적립 및 사용 가능한 카드에 한함
모든 가맹점은 현대카드 가맹점 등록 및 업종 분류 기준
실적 조건 및 적립/할인 한도, 혜택 제외 가맹점 기준 등 자세한 내용은 카드별 상품설명서를 통해 확인 가능",2026-06-06 17:20:36
ZROE3_E0002,ZROE3,현대,ZERO Edition3 (할인형),CXF821,메탈 플레이트 발급 대상 카드 안내,https://www.hyundaicard.com/cpb/ev/CPBEV0101_06.hc?bnftWebEvntCd=CXF821,2026-01-01,2026-12-31,할인,혜택,"메탈 플레이트 발급
현대카드 앱/홈페이지에서 신청 가능",2026-06-06 17:20:36
ZROE3_E0002,ZROE3,현대,ZERO Edition3 (할인형),CXF821,메탈 플레이트 발급 대상 카드 안내,https://www.hyundaicard.com/cpb/ev/CPBEV0101_06.hc?bnftWebEvntCd=CXF821,2026-01-01,2026-12-31,할인,이용 방법,"대상 카드 기 보유 시 아래 경로를 통해 메탈 플레이트 신청
현대카드 앱
메탈 플레이트 추가 발급하러 가기
현대카드 홈페이지 : Account > 카드 관리 > 보유 카드 목록
홈페이지 해당 메뉴로 바로가기
대상 카드 신규 발급 시 신청
카드 발급  신청하러 가기",2026-06-06 17:20:36
ZROE3_E0002,ZROE3,현대,ZERO Edition3 (할인형),CXF821,메탈 플레이트 발급 대상 카드 안내,https://www.hyundaicard.com/cpb/ev/CPBEV0101_06.hc?bnftWebEvntCd=CXF821,2026-01-01,2026-12-31,할인,대상,대상 카드 신규 발급 및 기소지 회원,2026-06-06 17:20:36
ZROE3_E0002,ZROE3,현대,ZERO Edition3 (할인형),CXF821,메탈 플레이트 발급 대상 카드 안내,https://www.hyundaicard.com/cpb/ev/CPBEV0101_06.hc?bnftWebEvntCd=CXF821,2026-01-01,2026-12-31,할인,확인사항,"확인해 주세요
메탈 플레이트 발급 이벤트 기간에 한해 발급이 가능하며, 이벤트 종료 후에는 메탈 플레이트 재발급이 불가할 수 있음
대상 카드 신규 발급 또는 보유한 본인 회원에 한해 신청 가능
발급 수수료 10만원 별도 부과 또는 10만 M포인트 사용 가능(재발급 및 갱신 시 동일 적용)
단, 10만 M포인트 사용은 M포인트 적립 및 사용 가능한 카드에 한함
모든 가맹점은 현대카드 가맹점 등록 및 업종 분류 기준
실적 조건 및 적립/할인 한도, 혜택 제외 가맹점 기준 등 자세한 내용은 카드별 상품설명서를 통해 확인 가능",2026-06-06 17:20:36
TRSTE2_E0004,TRSTE2,현대,the Red Stripe Edition2,FEX699,2026년 제휴 호텔 이벤트 혜택 안내,https://www.hyundaicard.com/cpb/ev/CPBEV0101_06.hc?bnftWebEvntCd=FEX699,2026-01-01,2026-12-31,할인,혜택,"기간 내 대상 호텔 이용 시 객실 및 F&B 등 5~40% 즉시 할인
호텔별 제공 혜택, 대상 카드, 할인율은 아래 '대상 호텔'에서 확인 가능",2026-06-06 17:21:11
TRSTE2_E0004,TRSTE2,현대,the Red Stripe Edition2,FEX699,2026년 제휴 호텔 이벤트 혜택 안내,https://www.hyundaicard.com/cpb/ev/CPBEV0101_06.hc?bnftWebEvntCd=FEX699,2026-01-01,2026-12-31,할인,기간,2026. 1. 1 ~ 12. 31,2026-06-06 17:21:11
TRSTE2_E0004,TRSTE2,현대,the Red Stripe Edition2,FEX699,2026년 제휴 호텔 이벤트 혜택 안내,https://www.hyundaicard.com/cpb/ev/CPBEV0101_06.hc?bnftWebEvntCd=FEX699,2026-01-01,2026-12-31,할인,대상,"대상 카드 기소지 회원
대상 호텔 리스트
호텔명
혜택
유의사항
그랜드 인터컨티넨탈 서울 파르나스
① 객실 : BFR(Best Flexible Rate, 당일 최저가) 요금 10% 할인
제외 기간 : 2026. 9. 12, 11. 21, 12. 24 ~ 12. 26, 12. 31
② F&B : 10% 할인
대상 업장 : 히노츠키, 웨이루, 그랜드 키친, 메르카토521
제외 기간 : 2026. 12. 24 ~ 12. 31
음료 및 주류 스시 카네사카, 연회 Private Dining, 메르카토521 식사 외 메뉴 제외
이벤트 상품 및 외부 아이템 중복 할인 제외
그랜드 하얏트 서울
① 객실 : 호텔 직판 패키지 예약 시 객실 업그레이드
제외 기간 : 공휴일(대체 공휴일 포함), 극성수기(7~8월), 2026. 12. 20 ~ 12. 31
② F&B : 10% 할인(델리 리테일 상품 제외)
대상 업장 : 테라스, 카우리, 스테이크하우스, 텐가이, 파리스바, 풀사이드 바베큐(시즌 운영), 델리
제외 기간 : 공휴일(대체 공휴일 포함), 2026. 12. 20 ~ 12. 31
스탠다드룸에서 한강 전망 객실로 업그레이드되며, 잔여 객실 상황에 따라 변경될 수 있음
그랜드 워커힐 서울
① 객실 : 패키지 5% 할인
제외 기간 : 2026. 12. 24, 12. 31
② F&B : 10% 할인
이벤트 메뉴, 런치박스, 리버파크, 룸서비스 및 연회 제외
더 플라자
① 객실 : 시즌 패키지 3만원 할인
일부 이벤트 패키지 제외
② F&B : 10% 할인
대상 업장 : 세븐 스퀘어, 블랑제리 더 플라자, 더라운지(음료 및 주류에 한함)
가족연(돌잔치, 장수연) 5% 할인(웨딩 제외)
③ 지스텀 더 플라자 10% 할인
더 플라자 P-Collection 상품 포함
가족연 할인은 the Black, the Purple, the Red 보유 회원에 한해 제공
세븐스퀘어, 블랑제리 더 플라자, 더라운지 : 2026년 9월 30일까지 영업 후 종료
레스케이프
① 객실 : 시즌 패키지 10% 할인
제외 기간 : 2026. 12. 24 ~ 12. 26, 12. 31
② F&B : 10% 할인
대상 업장 : 라망 시크레, 팔레드 신, 마크다모르, 티살롱, 리테일(PB상품)
룸서비스, 미바, 리테일 상품, 대관 행사, 갈라디너 제외(주류는 칵테일 등 제조 주류에 한함)
호텔 리테일 PB 상품 한정 10% 할인
③ 연회 : 돌잔치 및 웨딩 애프터파티 10% 할인
돌잔치 : 팔레드 신 돌잔치 전용 메뉴 8인 이상 이용 시 제공(1인, 20만원)
웨딩 애프터파티 : 마크 다모르 전용 메뉴 30인 이상 이용 시 제공(1인, 12만원)
④ 스파 : 스위스퍼펙션 10% 할인
일부 프로그램 및 ADD ON 상품 제외
제외 기간 : 2026. 12. 24 ~ 12. 26, 12. 31
호텔 리테일 PB 상품 한정 할인은 the Black, the Purple 보유 회원에 한해 제공
롯데호텔 월드
① 객실 : 호텔 직판 계절 패키지 5% 할인
제외 기간 : 2026. 2. 13 ~ 2. 17, 5. 1 ~ 5. 5, 7. 27 ~ 8. 2, 9. 24 ~ 9. 26, 12. 24 ~ 12. 26, 12. 30 ~ 12. 31
② F&B : 직영 업장 10% 할인
계절 패키지 할인은 the Black, the Purple, the Red, 대한항공카드 the First 보유 회원에 한해 제공되며 얼리버드, 특가 등 일부 패키지 제외
F&B 할인은 카드당 1테이블 기준으로 제공
롯데호텔 서울
① 객실 : 호텔 직판 계절 패키지 5%/10% 할인, 정상가 기준 30% 할인
제외 기간 : 2026. 5. 1 ~ 5. 5, 8. 15 ~ 8. 17, 12. 24 ~ 12. 31
② F&B : 직영 업장 10% 할인
계절 패키지 10% 할인은 the Black, 계절 패키지 5% 할인은 the Purple, the Red, 대한항공카드 the First  보유 회원에 한해 제공되며 얼리버드, 특가 등 일부 패키지 제외
F&B 할인은 카드당 1테이블 기준으로 제공
르메르디앙 & 목시 서울 명동
① 객실 : 객실 패키지 10% 할인
제외 기간 : 2026. 3. 1 ~ 3. 2, 5. 2 ~ 5. 4, 12. 24 ~ 12. 31
② F&B : 10% 할인
제외 기간 : 2026. 1. 1, 12. 24 ~ 12. 25, 12. 31
계절 패키지 할인은 연박 이용 시 제외
메리어트 이그제큐티브 아파트먼트 서울
① 객실 : 패키지 10% 할인
할인 패키지, 제휴사 패키지, 스테이 포 브렉퍼스트 등 일부 패키지 제외
② F&B : 10% 할인
이벤트 상품, 리테일 상품, 룸서비스, 주류 제외
③ 스파 : 트리트먼트 10% 할인
패키지, 리테일 상품, 일부 이벤트 상품 제외
④ 기타 : 명절 선물세트 5% 할인
명절선물세트 할인은 the Black, the Purple, the Red 보유 회원에 한해 제공
반얀트리 클럽 앤 스파 서울
① 객실 : BAR 기준 시즌 패키지 10% 할인
제외 기간 : 2026. 12. 24 ~ 12. 26, 12. 31
② F&B : 10% 할인
대상 업장 : 그라넘 다이닝 라운지, 페스타 바이 충후
제외 기간 : 2026. 12. 24 ~ 12. 26, 12. 31
③ 스파 : 10% 할인
스파 트리트먼트, 갤러지 제품 한정
비스타 워커힐 서울
① 객실 : 패키지 5% 할인
제외 기간 : 2026. 12. 24, 12. 31
② F&B : 10% 할인
이벤트 메뉴, 런치박스, 룸서비스 및 연회 제외
서울신라호텔
① 객실 : Best Available Rate 기준 5% 할인
제외 기간 : 2026. 12. 24, 12. 31 , 토요일
② F&B : 10% 할인
대상 업장 : 팔선, 아리아께, 콘티넨탈, 라연, 더 파크뷰,
더 라이브러리, 패스트리 부티크
1박당 2객실까지 혜택 제공(어번 아일랜드 제외)
서울신라호텔 공식 홈페이지 및 앱에서 예약 시 혜택 제외
소피텔 앰배서더 서울 호텔
① 객실 : 당일 판매가 기준 15% 할인 또는
객실 패키지 10% 할인
제외 기간 : 2026. 1. 1, 12. 24 ~ 12. 26, 12. 31
② F&B : 10% 할인
대상 업장 : 페메종, 미오, 쟈뎅 디베르, 레스파스, 라티튜드32
제외 기간 : 2026. 1. 1, 2. 14, 2. 17, 5. 5, 5. 8, 12. 24 ~ 12. 25, 12. 31
③ 스파 : 10% 할인
리테일 상품 제외
the Black, the Purple, the Red, 현대카드 Summit, 대한항공카드 150·the First, American Express The Platinum Card
Edition2, American Express
Gold Card Edition2, American Express
Green Card Edition2, American Express The Platinum Card
, American Express
Gold Card, American Express
Green Card, 카카오뱅크 BUSINESS 현대카드 PRIME 보유 회원에 한해 제공
쉐라톤 그랜드 인천 호텔
① 객실 : 공식  홈페이지 BAR(Best Available Rate) 기준 10% 할인
② 식음 업장 : 10% 할인
주류, 룸서비스, 미니바, 연회 제외
스위스 그랜드 호텔
① 객실 : 정상가 기준 30% 할인, Net Price 기준 패키지 5% 할인
② F&B : 10% 할인
연회장, 델리, 룸서비스, 미니바, 음료, 주류 제외
안다즈 서울 강남
① 객실 : 공식 홈페이지 BAR(Best Available Rate) 기준 10% 할인
제외 기간 : 2026. 2. 28, 3. 1, 5. 2, 5. 22 ~ 5. 24, 7. 25, 8. 1, 8. 8, 8. 14 ~ 8. 16, 10. 3 ~ 10. 4, 10. 9 ~ 10. 10, 12. 24 ~ 12. 26, 12. 31
② F&B : 10% 할인
대상 업장 : 조각보 미트앤코 스테이크 하우스, 조각보 키친, 바이츠 앤 와인
제외 기간 : 2026. 5. 5, 12. 24 ~ 25, 12. 31
앰배서더 서울 풀만 호텔
① 객실 정상가 및 BAR(Best Available Rate) 기준 15,000원 할인, 패키지 10,000원 할인
제외 기간 : 2026. 12. 24, 12. 25, 12. 31
② F&B : 10% 할인
대상 업장 : 더 킹스, 풀하우스 테라스, 더 라운지 앤 바, 1955 그로세리아(베이커리, 다이닝)
제외 기간 : 2026. 1. 1, 2. 14, 5. 5, 12. 24 ~ 12. 26, 12. 31
③ 웰니스 센터 : 필라테스 클래스 10% 할인
객실 할인은 호텔 홈페이지 또는 예약실을 통해 예약 시에 한해 제공
웨스틴 서울 파르나스
① 객실 : BFR(Best Flexible Rate, 당일 최저가) 요금 10% 할인
제외 기간 : 2026. 4. 30 ~ 5. 2, 9. 24 ~ 9. 27, 10. 3 ~ 10. 4, 10. 30 ~ 10. 31, 11. 20 ~ 11. 21, 12. 24 ~ 12. 26, 12. 31
② F&B : 10% 할인
대상 업장 : 온테이블, 아시안 라이브
이벤트 상품 및 외부 아이템 중복 할인 제외
제외 기간 : 2026. 12. 24 ~ 12. 31
음료 및 주류 스시 카네사카, 연회 Private Dining, 이벤트 상품 및 외부 아이템 중복 할인 제외
웨스틴 조선 서울
① 객실 : 정상가 기준 30% 할인 , 패키지 10% 할인
② F&B : 10% 할인
대상 업장 : 아리아, 루브리카, 홍연, 조선델리, 라운지&바, 나인스게이트, 스시조
제외 기간 : 2026. 5. 5, 12. 24 ~ 12. 25, 12. 31, 업장 이벤트 기간
③ 연회 : 웨딩 코스 메뉴 5% 할인, 케이크 50% 할인
기간(2026. 1. 1 ~ 12. 31) 내 예식 및 하객 인원 200명 이상 시 제공(토요일 점심 및 음료, 부대비용 제외)
객실 패키지 할인은 조선호텔앤리조트 공식 홈페이지 에서 판매되고 있는 상품에 한해 제공
연회 할인은 the Black, the Purple 보유 회원에 한해 제공(음료, 부대 비용 제외)
인스파이어 엔터테인먼트 리조트
① 객실 : 인스파이어 홈페이지를 통한 예약 또는 유선상 예약 시 10% 할인
② F&B : 10% 할인
대상 업장 : 셰프스 키친, 마이클 조던 스테이크 하우스, 브라세리 1783, 하이파이 코리안 소울 푸드, 가든 팜 카페, 홍반, 미나기, MJ23 스포츠 바 앤 그릴, 오로라 바, 호라이즌 라운지
③ 기타 : 스플래시 베이 이용권 20% 할인
객실 및 F&B 할인은 프리미엄 카드 회원에 한해 제공
홈페이지를 통한 객실 예약의 경우 프로모션 코드* 입력 필수
* 룸 온리 : 15HDRO / 룸+2인 조식 : 15HDBF / 룸+스플래시 베이 : 15HDSP
유선 예약 시 현대카드 전용 패키지로 예약해야 할인 가능
음료, 주류, 리테일 상품, 이벤트 상품은 할인 제외되며, 중복 할인 적용 불가
조선 팰리스 서울 강남
① 객실 : 정상가 기준 객실 정규 패키지 10% 할인(이벤트 패키지 제외)
제외 기간 : 2026. 12. 24 ~ 12. 26, 12. 31
② F&B : 10% 할인
대상 업장 : 콘스탄스, 이타닉 가든, 더 그레이트 홍연, 조선델리 더 부티크, 1914 라운지&바
주류, 음료, 이벤트 메뉴 및 인룸 다이닝, MD 및 리테일 상품 제외
제외 기간 : 2026. 1. 1, 5. 5, 12. 24, 12. 25, 12. 31, 레스토랑 이벤트, 갈라디너
객실 할인은 the Centurion® Card, the Black 보유 회원에 한해 제공
F&B 할인은 the Centurion, the Black, the Purple, American Express The Platinum Card
보유 회원에 한해 제공
콘래드 서울
① 객실 : 객실 5% 할인, 패키지 5% 할인(유선 예약 전용)
Advanced Purchase 및 일부 패키지 제외
제외 기간 : 서울세계불꽃축제 기간,
2026. 1. 1, 4. 15 ~ 4. 18, 12. 24 ~ 12. 25, 12. 31
② F&B : 10% 할인
대상 업장 : 아트리오, 제스트, 플레임즈, 숯 더 붓처스 엣지, 37바
제외 기간 : 서울세계불꽃축제 기간,
2026. 1. 1, 12. 20 ~ 12. 31
객실 및 패키지 할인은 호텔 예약실을 통한 유선 예약 시에 한해 제공
파라다이스시티/아트파라디소
① 객실 : 시즌 패키지 5% 할인
제외 기간 : 토요일, 2026. 1. 1, 2. 14 ~ 2. 18, 2. 28 ~ 3. 2, 5. 1 ~ 5. 5, 5. 23 ~ 5. 25, 6. 2 ~ 6. 3, 7. 19 ~ 8. 17, 9. 23 ~ 9. 27, 10. 2 ~ 10. 4, 10. 8 ~ 10. 11, 12. 19 ~ 12. 31
② F&B : 10% 할인
대상 업장 : 온더플레이트, 라스칼라, 가든카페, 라운지파라다이스, 라쿠, 루빅, 새라새, 라운지&바 새라새
제외 기간 : 2026. 5. 5, 12. 24 ~ 12. 25, 12. 31
③ 스파 : 10% 현장 할인
더 스칼프 컴포트 엣 파라다이스
더 스파 앳 파라다이스 스파 프로그램
④ 기타 : 씨메르 아쿠아스파 이용권 20% 할인(최대 4인), 원더박스 1일 자유이용권 20% 할인(최대 4인)
제외 기간 : 시설 정기 보수 기간
시즌 패키지 할인은 호텔 예약실을 통한 유선 예약 시에 한해 제공
파크 하얏트 서울
① 객실 : 정상가 기준 10% 할인(스탠다드 객실에 한함)
제외 기간 : 2026. 12 .24 ~ 12. 26, 12. 31
② F&B : 10% 할인
대상 업장 : 코너스톤, 더 라운지, 더 팀버 하우스
제외 기간 : 2026. 12. 24 ~ 12. 27, 12. 31 및 특별 이벤트 기간
페어몬트 앰배서더 서울
① 객실 : 공식 홈페이지 공시 가격(Published Rate) 기준 객실 패키지 10% 할인
제외 기간 : 2026. 12. 24 ~ 12. 26, 12. 31, 서울세계불꽃축제 기간
② F&B : 10% 할인
대상 업장 : 더 아트리움 라운지, 스펙트럼, 마리포사, M29
제외 기간 : 2026. 12. 24 ~ 12. 25, 12. 31, 서울세계불꽃축제 기간
호텔 예약실을 통한 유선 예약 시에 한해 제공
포시즌스 호텔 서울
① 객실 : 공식 홈페이지 공시 가격(Published Rate) 기준 주중 10% 할인
Room Only 상품에 한함
제외 기간 : 2026. 12. 24, 12. 31
② F&B : 10% 할인
대상 업장 : 보칼리노, 더 마켓 키친, 유유안, 오울
제외 기간 : 2026. 12. 20 ~ 12. 31
③ 스파 : 트리트먼트 10% 할인
리테일 상품 제외
제외 기간 : 2026. 1. 1, 2. 14 ~ 2. 18, 9. 24 ~ 9. 27, 12. 21 ~ 12. 31
the Black, the Purple, the Red, 현대카드 Summit, American Express The Platinum Card
Edition2, American Express
Gold Card Edition2, American Express Platinum Card
, American Express
Gold Card, 미래에셋 현대카드 Gold·Diamond 보유 회원에 한해 제공
하얏트 리젠시 인천 파라다이스시티
① 객실 : 하얏트 브랜드 닷컴 일일 기준 요금 5% 할인
제외 기간 : 토요일, 2026. 5. 1 ~ 5. 5, 5. 23 ~ 25, 6. 2 ~ 6. 3, 6. 5 ~ 6. 6, 7. 16 ~ 8. 17, 9. 23 ~ 9. 27, 10. 2 ~ 10. 4, 10. 8 ~ 10. 11, 12. 19 ~ 12. 31
② F&B : 10% 할인
대상 업장 : 마켓카페, 스웰라운지
마켓카페 조식 뷔페, 룸서비스, 풀하우스, 리젠시 클럽, 연회장, 음료 및 주류, 미니바, 계절 프로모션 메뉴 제외
제외 기간 : 2026. 5. 5, 12. 24 ~ 12. 25, 12. 31
객실 할인은 호텔 예약실을 통한 유선 예약 시에 한해 제공
JW메리어트 동대문 스퀘어 서울
① 객실 : 공식 홈페이지 BAR(Best Available Rate) 기준 5% 할인
제외 기간 : 2026. 5. 3 ~ 5. 4, 12. 24, 12. 31
② F&B : 10% 할인
Tavolo 24, BLT Steak 이용 시 제공(1회 최대 20명)
연회, 룸서비스, 미니바, SBC 리테일 상품 제외
③ 스파 : 10% 할인
리테일 상품 제외
JW 메리어트 호텔 서울
① 객실 : 공식 홈페이지 BAR(Best Available Rate) 기준 상시 10% 할인
제외 기간 : 2026. 5. 2 ~ 5. 4, 12. 24 ~ 12. 26
② F&B : 10% 할인
대상 업장 : 플레이버즈, 더 마고 그릴, 타마유라
제외 기간 : 2026. 5. 5, 12. 24 ~ 12. 25, 12. 31
그랜드 조선 부산
① 객실 : 정상가 기준 월~목요일 40% 할인, 금·일요일 30% 할인, 토요일 및 성수기 20% 할인
성수기 : 2026. 1. 1, 2. 13 ~ 2. 17, 2. 27 ~ 3. 1, 4. 10, 5, 1 ~ 5. 5, 5. 22 ~ 5. 24, 6. 5 ~ 6. 6, 7. 17 ~ 8. 16, 9. 24 ~ 9. 27, 10. 2 ~ 10. 5, 10. 9 ~ 10. 11, 12. 24, 12. 26
제외 기간 : 2026. 12. 25, 12. 31
② F&B : 10% 할인
대상 업장 : 아리아, 팔레드 신, 라운지앤바 테라스292, 조선 델리
음료, 주류, 연회, 인룸다이닝, 조선델리 MD, 리테일 상품 제외
제외 기간 : 2026. 1. 1, 5. 5, 12. 24 ~ 12. 26, 12. 31
③ 연회 : 웨딩 및 가족연 Food 5% 할인
주류, 음료, 부대 비용 제외 및 프로모션 행사와 중복 적용 불가
자녀 관련 연회 시 가족관계증명서 등 증빙 서류 제출 필수
연회 할인은 the Black, the Purple, the Red 보유 회원에 한해 제공
롯데호텔 부산
① 객실 : 정상가 기준 30% 할인, 객실 패키지 5% 할인
② F&B : 10% 할인(리테일 상품 및 연회성 행사 제외)
③ 기타 : 델리카한스(베이커리) 제빵, 케이크류 20% 할인
객실 패키지 할인은 the Black, the Purple, the Red, 대한항공카드 the First 보유 회원에 한해 제공
델리카한스(베이커리) 할인은 the Black, the Purple, the Red 보유 회원에 한해 제공
웨스틴 조선 부산
① 객실 : 정상가 기준 일~목요일 40% 할인, 금·토요일 및 공휴일 30% 할인, 성수기 20% 할인
30% 할인 적용 기간 : 2026. 1. 27 ~ 1. 30, 2. 28, 3. 2, 5. 1, 5. 4 ~ 5. 5, 6. 5 ~ 6. 6, 10. 2 ~ 10. 10, 12. 24
성수기 : 2026. 7. 18 ~ 8. 16
제외 기간 : 2026. 12. 31
② F&B : 10% 할인
대상 업장 : 셔블, 오스킴, 까밀리아, 파노라마라운지, 조선델리
제외 기간 : 2026. 1. 1, 5. 5, 12. 24 ~ 12. 25, 12. 31
파라다이스호텔 부산
① 객실 : 정상가 기준 일~목요일 40% 할인, 금·토요일 및 공휴일 30% 할인, 객실 패키지 5% 할인
제외 기간 : 2026. 7. 1 ~ 8. 31, 12. 24 ~ 12. 26, 12. 30 ~ 2027. 1. 2 및 부산불꽃축제 등 호텔이 지정한 국제 행사 기간
② F&B : 10% 할인
연회장, 룸서비스, 미니바, 가든행사, 레저 식음료, 라운지 파라다이스, 바닉스, 임대 업장(본앤브랜드), 부티크베이커리(일부 상품), 레스토랑 서비스 중 20인 이상의 예약 또는 연회성 행사 제외
객실 패키지 할인은 the Black, the Purple, the Red, the Green, the Pink 보유 회원에 한해 제공
파크 하얏트 부산
① 객실 : 하얏트 요금 기준 스탠다드 객실 10% 할인
제외 기간 : 부산불꽃축제 기간, 2026. 12. 24 ~ 12. 25, 12. 31
② F&B : 10% 할인
대상 업장 : 다이닝룸, 리빙룸
제외 기간 : 부산불꽃축제 기간, 2026. 12. 24 ~ 12. 27, 12. 31, 와인/갈라/사케디너 등 스페셜 이벤트 및 이벤트 기간
F&B 할인은 다른 할인 서비스 및 쿠폰, 이벤트, 제휴 카드 혜택과 중복 적용 불가
그랜드 조선 제주
① 객실 : 5% 할인
이벤트 상품 제외
②F&B : 10% 할인
대상 업장 : 아리아, 루브리카, 라운지앤바, 잇투오
제외 기간 : 2026. 5. 5, 12. 24 ~ 12. 25 및 갈라디너 등 업장 이벤트 기간
호텔 홈페이지를 통해 예약 시에 한해 제공
그랜드 하얏트 제주
① 객실 : 공식 홈페이지 요금 기준 10% 할인
② F&B : 10% 할인
대상 업장 : 갤러리 라운지, 99밸리, 차이나 하우스, 제주 핫팟, 녹나무, 그랜드 키친, 유메야마, 카페8
③ 스파 : 트리트먼트 10% 할인
이벤트 상품, 제품 구매, 찜질스파 제외
로즈베이 스파는 토요일 제외
제외 기간 : 2026. 2. 13 ~ 2. 22, 5. 1 ~ 5. 6, 7. 24 ~ 8. 23, 9. 24 ~ 9. 27, 10. 1 ~ 10. 7, 12. 24 ~ 12. 27, 12. 31 ~ 2027. 1. 3 및 모든 공휴일
롯데호텔 제주
① 객실 : 호텔 직판 상시 패키지 5%/10% 할인
얼리버드 및 특가 등 일부 패키지 제외
③ F&B : 10% 할인
호텔 직판 상시 패키지 10% 할인은 the Black, 5% 할인은 the Purple, the Red, 대한항공카드 the First 보유 회원에 한해 제공
다른 할인 서비스 및 쿠폰, 이벤트, 제휴 카드 혜택과 중복 적용 불가
F&B 할인은 카드당 1테이블 기준으로 제공
메종글래드제주
① 객실 : 정상가 기준 50% 할인, 성수기 30% 할인, 객실 패키지 10% 할인
성수기 : 2026. 7. 18 ~ 8. 24
② F&B : 20% 할인(삼다정)
제주신라호텔
① 객실 : BAR (Best Available Rate) 기준 5% 할인
이벤트 상품, 패키지 및 일부 상품 제외
② F&B : 10% 할인
대상 업장 : 히노데, 더 파크뷰, 바당, 올래 바, 패스트리 부티크
대한항공카드 이용 시 할인 제외
호텔 예약실을 통한 유선 예약 시에 한해 제공
파르나스 호텔 제주
① 객실 : BFR(Best Flexible Rate, 당일 최저가) 요금 10% 할인
제외 기간 : 2026. 2. 14 ~ 2. 18, 2. 28 ~ 3. 2, 5. 1 ~ 5. 5, 5. 23 ~ 5. 25, 7. 17 ~ 8. 17, 9. 24 ~ 9. 27
② F&B : 10% 할인
대상 업장 : 콘페티, 폰드메르 라운지&바, 바르
③ 스파 : 본에스티스 스파 10% 할인
음료 및 주류 스시 카네사카, 연회 Private Dining, 이벤트 상품 및 외부 아이템 중복 할인 제외
포도호텔
① 객실 : 정상가 기준 10~40% 할인 및 조식 제공
the Black, the Purple, the Red, the Green, 대한항공카드 the First, American Express The Platinum Card
Edition2, American Express
Gold Card Edition2, American Express
Green Card Edition2 보유 회원에 한해 제공
해비치호텔앤드리조트 제주
① 객실 : 정규 패키지 10% 할인
골프 패키지 제외
제외 기간 : 2026. 7. 16 ~ 8. 20
② F&B : 10% 할인
대상 업장 : 섬모라, 99바, 밀리우, 마고 및 해비치 C.C 클럽 하우스, 메르 & 테르
③ 스파 : 10% 할인
④ 골프 : 정상가 기준 해비치 CC 그린피 주중 20% 할인, 주말 10% 할인
넥슨 현대카드 UNLIMITED로 이용 시 할인 제외
스파 할인은 the Black, the Purple, the Red 보유 회원에 한해 제공
히든 클리프 호텔 & 네이쳐
① F&B : 10% 할인
시즌 이벤트 메뉴, 주류 및 룸서비스, 인피니티바 제외
② 스파 : 보떼에르 스파 바이 록시땅 10% 할인
이벤트 상품 제외
호텔 홈페이지를 통해 예약 시에 한해 제공
대구 메리어트 호텔
① 객실 : 패키지 상품 5% 할인
제외 기간 : 2026. 12. 24, 12. 31
② F&B : 10% 할인
대상 업장 : 어반 키친, 동문, 라운지&바
제외 기간 : 2026. 12. 24 ~ 12. 25, 12. 31
호텔 홈페이지에서 판매 중인 패키지에 한해 제공(단, 루프탑 패키지 제외)
라한셀렉트 경주
① 객실 : BAR(Best Available Rate) 기준 일~금요일 10% 할인, 토요일 및 성수기 5% 할인
② F&B : 더플레이트 10% 할인
롯데호텔 울산
① 객실 : 호텔 직판 상시 패키지 5% 할인
얼리버드 및 특가 등 일부 패키지 제외
제외 기간 : 2026. 5. 3 ~ 5. 5, 7. 26 ~ 8. 9, 8. 15~ 8. 16, 10. 3 ~ 10. 11, 12. 24, 12. 31
② F&B : 10% 할인
대상 업장 : 델리카한스, 페닌슐라
호텔 직판 상시 패키지 할인은 the Black, the Purple, the Red, 대한항공카드 the First 보유 회원에 한해 제공
F&B 할인은 카드당 1테이블 기준으로 제공
브리브 광주 바이 롯데호텔
① 객실 : 정상가 기준 일~목요일 40% 할인, 금·토요일 30% 할인
② F&B : 10% 할인
대상 업장 : 뷔페 레스토랑 파라뷰, 중식당 쉥카이
제외 기간 : 2026. 12. 20 ~ 12. 31
사우스케이프
① F&B : 업장에서 현장 결제 시 10% 할인
음료, 주류, 룸서비스, 이벤트 메뉴 제외
② 스파 : 10% 할인
이용일 1일 전까지 사전 예약 필수
the Black, the Purple, the Red, the Green, the Pink, American Express The Platinum Card
Edition2, American Express
Gold Card Edition2, American Express
Green Card Edition2, American Express The Platinum Card
, American Express
Gold Card, American Express
Green Card 보유 회원에 한해 제공
이용 전 호텔로 혜택 적용 가능 여부 확인 필수(미확인 시 혜택 적용 불가할 수 있음)
소노캄 고양
① 객실 : BAR(Best Available Rate) 기준 10% 할인
② F&B : 10% 할인
대상 업장 : 셰프스 키친, 죽림, 일라고
③ 기타 : 사우나 50% 할인
객실 할인은 예약 가능한 잔여 객실이 있는 경우에 한해 제공
사우나 할인은 본인 회원에 한해 제공
씨마크 호텔
① 객실 : BAR(Best Available Rate) 기준 프리미엄 디럭스 룸 10% 할인
② F&B : 더 레스토랑 10% 할인
the Black, the Purple, the Red, the Green 보유 회원에 한해 제공
알펜시아
① 객실 : BAR(Best Available Rate) 기준으로 25% 할인
② F&B : 음식 10% 할인
음료, 주류, 인룸다이닝, 미니바, 연회 제외
제외 기간 : 크리스마스 디너 뷔페, 추석 디너 뷔페 등 이벤트 기간
오노마 대전 오토그래프컬랙션
① 객실 : 객실 정규 패키지 10% 할인
② F&B : 5% 할인
대상 업장 : 타운하우스, 오노마 라운지
켄싱턴 스타호텔 설악
① 객실 : 정상가 기준 주중 일~목요일 30% 할인, 금·토요일 20%, 연휴 및 성수기 10% 할인
패키지 상품 제외
② F&B : 10% 할인
이벤트 및 음료, 주류, 미팅 시설 이용료 제외
호텔인터불고 엑스코
① 객실 : 정상가 기준 40% 할인
② F&B : 10% 할인
최대 5인 이용 가능(공휴일 제외)
임대 업장 및 주류 제외
호텔현대 바이 라한 울산
① 객실 : BAR(Best Available Rate) 기준 10% 상시 할인, 성수기 5% 할인
② F&B : 10% 할인
대상 업장 : 디오븐, 더플레이트, 더터번",2026-06-06 17:21:11
TRSTE2_E0004,TRSTE2,현대,the Red Stripe Edition2,FEX699,2026년 제휴 호텔 이벤트 혜택 안내,https://www.hyundaicard.com/cpb/ev/CPBEV0101_06.hc?bnftWebEvntCd=FEX699,2026-01-01,2026-12-31,할인,이용 방법,"예약 시 현대카드 이벤트 이용 예정임을 알리고, 이용 시 본인 명의 대상 카드로 결제",2026-06-06 17:21:11
TRSTE2_E0004,TRSTE2,현대,the Red Stripe Edition2,FEX699,2026년 제휴 호텔 이벤트 혜택 안내,https://www.hyundaicard.com/cpb/ev/CPBEV0101_06.hc?bnftWebEvntCd=FEX699,2026-01-01,2026-12-31,할인,확인사항,"확인해 주세요
위 혜택은 대상 카드로 결제 시 적용됩니다.
현대카드 Chameleon 및 앱카드, 간편결제 서비스(네이버페이 등) 이용 시 혜택 제외
호텔 사정에 따라 특정 날짜, 특정 상품은 혜택 제공이 불가할 수 있습니다.
F&B 혜택 대상에서 연회*, 인룸다이닝, 미니바, 임대 업장, 소매 상품, 음료 및 주류, 갈라 디너 등의 이벤트 메뉴는 제외됩니다.
*20인 이상의 예약 또는 연회성 행사(호텔별 적용 인원 기준이 다르니 이용 전 각 호텔로 문의)
다른 혜택(바우처, 쿠폰, 호텔 멤버십 적립, 할인 등) 및 이벤트와 중복 적용되지 않습니다.
예약 안내 및 유의사항 등 자세한 내용은 대상 호텔로 문의해 주세요.
위 혜택은 현대카드 및 제휴사 사정에 따라 변경 또는 중단될 수 있습니다.",2026-06-06 17:21:11
TO_E0005,TO,현대,"나를 빛내는 컬러, the Orange",FEX699,2026년 제휴 호텔 이벤트 혜택 안내,https://www.hyundaicard.com/cpb/ev/CPBEV0101_06.hc?bnftWebEvntCd=FEX699,2026-01-01,2026-12-31,할인,혜택,"기간 내 대상 호텔 이용 시 객실 및 F&B 등 5~40% 즉시 할인
호텔별 제공 혜택, 대상 카드, 할인율은 아래 '대상 호텔'에서 확인 가능",2026-06-06 17:21:11
TO_E0005,TO,현대,"나를 빛내는 컬러, the Orange",FEX699,2026년 제휴 호텔 이벤트 혜택 안내,https://www.hyundaicard.com/cpb/ev/CPBEV0101_06.hc?bnftWebEvntCd=FEX699,2026-01-01,2026-12-31,할인,기간,2026. 1. 1 ~ 12. 31,2026-06-06 17:21:11
TO_E0005,TO,현대,"나를 빛내는 컬러, the Orange",FEX699,2026년 제휴 호텔 이벤트 혜택 안내,https://www.hyundaicard.com/cpb/ev/CPBEV0101_06.hc?bnftWebEvntCd=FEX699,2026-01-01,2026-12-31,할인,대상,"대상 카드 기소지 회원
대상 호텔 리스트
호텔명
혜택
유의사항
그랜드 인터컨티넨탈 서울 파르나스
① 객실 : BFR(Best Flexible Rate, 당일 최저가) 요금 10% 할인
제외 기간 : 2026. 9. 12, 11. 21, 12. 24 ~ 12. 26, 12. 31
② F&B : 10% 할인
대상 업장 : 히노츠키, 웨이루, 그랜드 키친, 메르카토521
제외 기간 : 2026. 12. 24 ~ 12. 31
음료 및 주류 스시 카네사카, 연회 Private Dining, 메르카토521 식사 외 메뉴 제외
이벤트 상품 및 외부 아이템 중복 할인 제외
그랜드 하얏트 서울
① 객실 : 호텔 직판 패키지 예약 시 객실 업그레이드
제외 기간 : 공휴일(대체 공휴일 포함), 극성수기(7~8월), 2026. 12. 20 ~ 12. 31
② F&B : 10% 할인(델리 리테일 상품 제외)
대상 업장 : 테라스, 카우리, 스테이크하우스, 텐가이, 파리스바, 풀사이드 바베큐(시즌 운영), 델리
제외 기간 : 공휴일(대체 공휴일 포함), 2026. 12. 20 ~ 12. 31
스탠다드룸에서 한강 전망 객실로 업그레이드되며, 잔여 객실 상황에 따라 변경될 수 있음
그랜드 워커힐 서울
① 객실 : 패키지 5% 할인
제외 기간 : 2026. 12. 24, 12. 31
② F&B : 10% 할인
이벤트 메뉴, 런치박스, 리버파크, 룸서비스 및 연회 제외
더 플라자
① 객실 : 시즌 패키지 3만원 할인
일부 이벤트 패키지 제외
② F&B : 10% 할인
대상 업장 : 세븐 스퀘어, 블랑제리 더 플라자, 더라운지(음료 및 주류에 한함)
가족연(돌잔치, 장수연) 5% 할인(웨딩 제외)
③ 지스텀 더 플라자 10% 할인
더 플라자 P-Collection 상품 포함
가족연 할인은 the Black, the Purple, the Red 보유 회원에 한해 제공
세븐스퀘어, 블랑제리 더 플라자, 더라운지 : 2026년 9월 30일까지 영업 후 종료
레스케이프
① 객실 : 시즌 패키지 10% 할인
제외 기간 : 2026. 12. 24 ~ 12. 26, 12. 31
② F&B : 10% 할인
대상 업장 : 라망 시크레, 팔레드 신, 마크다모르, 티살롱, 리테일(PB상품)
룸서비스, 미바, 리테일 상품, 대관 행사, 갈라디너 제외(주류는 칵테일 등 제조 주류에 한함)
호텔 리테일 PB 상품 한정 10% 할인
③ 연회 : 돌잔치 및 웨딩 애프터파티 10% 할인
돌잔치 : 팔레드 신 돌잔치 전용 메뉴 8인 이상 이용 시 제공(1인, 20만원)
웨딩 애프터파티 : 마크 다모르 전용 메뉴 30인 이상 이용 시 제공(1인, 12만원)
④ 스파 : 스위스퍼펙션 10% 할인
일부 프로그램 및 ADD ON 상품 제외
제외 기간 : 2026. 12. 24 ~ 12. 26, 12. 31
호텔 리테일 PB 상품 한정 할인은 the Black, the Purple 보유 회원에 한해 제공
롯데호텔 월드
① 객실 : 호텔 직판 계절 패키지 5% 할인
제외 기간 : 2026. 2. 13 ~ 2. 17, 5. 1 ~ 5. 5, 7. 27 ~ 8. 2, 9. 24 ~ 9. 26, 12. 24 ~ 12. 26, 12. 30 ~ 12. 31
② F&B : 직영 업장 10% 할인
계절 패키지 할인은 the Black, the Purple, the Red, 대한항공카드 the First 보유 회원에 한해 제공되며 얼리버드, 특가 등 일부 패키지 제외
F&B 할인은 카드당 1테이블 기준으로 제공
롯데호텔 서울
① 객실 : 호텔 직판 계절 패키지 5%/10% 할인, 정상가 기준 30% 할인
제외 기간 : 2026. 5. 1 ~ 5. 5, 8. 15 ~ 8. 17, 12. 24 ~ 12. 31
② F&B : 직영 업장 10% 할인
계절 패키지 10% 할인은 the Black, 계절 패키지 5% 할인은 the Purple, the Red, 대한항공카드 the First  보유 회원에 한해 제공되며 얼리버드, 특가 등 일부 패키지 제외
F&B 할인은 카드당 1테이블 기준으로 제공
르메르디앙 & 목시 서울 명동
① 객실 : 객실 패키지 10% 할인
제외 기간 : 2026. 3. 1 ~ 3. 2, 5. 2 ~ 5. 4, 12. 24 ~ 12. 31
② F&B : 10% 할인
제외 기간 : 2026. 1. 1, 12. 24 ~ 12. 25, 12. 31
계절 패키지 할인은 연박 이용 시 제외
메리어트 이그제큐티브 아파트먼트 서울
① 객실 : 패키지 10% 할인
할인 패키지, 제휴사 패키지, 스테이 포 브렉퍼스트 등 일부 패키지 제외
② F&B : 10% 할인
이벤트 상품, 리테일 상품, 룸서비스, 주류 제외
③ 스파 : 트리트먼트 10% 할인
패키지, 리테일 상품, 일부 이벤트 상품 제외
④ 기타 : 명절 선물세트 5% 할인
명절선물세트 할인은 the Black, the Purple, the Red 보유 회원에 한해 제공
반얀트리 클럽 앤 스파 서울
① 객실 : BAR 기준 시즌 패키지 10% 할인
제외 기간 : 2026. 12. 24 ~ 12. 26, 12. 31
② F&B : 10% 할인
대상 업장 : 그라넘 다이닝 라운지, 페스타 바이 충후
제외 기간 : 2026. 12. 24 ~ 12. 26, 12. 31
③ 스파 : 10% 할인
스파 트리트먼트, 갤러지 제품 한정
비스타 워커힐 서울
① 객실 : 패키지 5% 할인
제외 기간 : 2026. 12. 24, 12. 31
② F&B : 10% 할인
이벤트 메뉴, 런치박스, 룸서비스 및 연회 제외
서울신라호텔
① 객실 : Best Available Rate 기준 5% 할인
제외 기간 : 2026. 12. 24, 12. 31 , 토요일
② F&B : 10% 할인
대상 업장 : 팔선, 아리아께, 콘티넨탈, 라연, 더 파크뷰,
더 라이브러리, 패스트리 부티크
1박당 2객실까지 혜택 제공(어번 아일랜드 제외)
서울신라호텔 공식 홈페이지 및 앱에서 예약 시 혜택 제외
소피텔 앰배서더 서울 호텔
① 객실 : 당일 판매가 기준 15% 할인 또는
객실 패키지 10% 할인
제외 기간 : 2026. 1. 1, 12. 24 ~ 12. 26, 12. 31
② F&B : 10% 할인
대상 업장 : 페메종, 미오, 쟈뎅 디베르, 레스파스, 라티튜드32
제외 기간 : 2026. 1. 1, 2. 14, 2. 17, 5. 5, 5. 8, 12. 24 ~ 12. 25, 12. 31
③ 스파 : 10% 할인
리테일 상품 제외
the Black, the Purple, the Red, 현대카드 Summit, 대한항공카드 150·the First, American Express The Platinum Card
Edition2, American Express
Gold Card Edition2, American Express
Green Card Edition2, American Express The Platinum Card
, American Express
Gold Card, American Express
Green Card, 카카오뱅크 BUSINESS 현대카드 PRIME 보유 회원에 한해 제공
쉐라톤 그랜드 인천 호텔
① 객실 : 공식  홈페이지 BAR(Best Available Rate) 기준 10% 할인
② 식음 업장 : 10% 할인
주류, 룸서비스, 미니바, 연회 제외
스위스 그랜드 호텔
① 객실 : 정상가 기준 30% 할인, Net Price 기준 패키지 5% 할인
② F&B : 10% 할인
연회장, 델리, 룸서비스, 미니바, 음료, 주류 제외
안다즈 서울 강남
① 객실 : 공식 홈페이지 BAR(Best Available Rate) 기준 10% 할인
제외 기간 : 2026. 2. 28, 3. 1, 5. 2, 5. 22 ~ 5. 24, 7. 25, 8. 1, 8. 8, 8. 14 ~ 8. 16, 10. 3 ~ 10. 4, 10. 9 ~ 10. 10, 12. 24 ~ 12. 26, 12. 31
② F&B : 10% 할인
대상 업장 : 조각보 미트앤코 스테이크 하우스, 조각보 키친, 바이츠 앤 와인
제외 기간 : 2026. 5. 5, 12. 24 ~ 25, 12. 31
앰배서더 서울 풀만 호텔
① 객실 정상가 및 BAR(Best Available Rate) 기준 15,000원 할인, 패키지 10,000원 할인
제외 기간 : 2026. 12. 24, 12. 25, 12. 31
② F&B : 10% 할인
대상 업장 : 더 킹스, 풀하우스 테라스, 더 라운지 앤 바, 1955 그로세리아(베이커리, 다이닝)
제외 기간 : 2026. 1. 1, 2. 14, 5. 5, 12. 24 ~ 12. 26, 12. 31
③ 웰니스 센터 : 필라테스 클래스 10% 할인
객실 할인은 호텔 홈페이지 또는 예약실을 통해 예약 시에 한해 제공
웨스틴 서울 파르나스
① 객실 : BFR(Best Flexible Rate, 당일 최저가) 요금 10% 할인
제외 기간 : 2026. 4. 30 ~ 5. 2, 9. 24 ~ 9. 27, 10. 3 ~ 10. 4, 10. 30 ~ 10. 31, 11. 20 ~ 11. 21, 12. 24 ~ 12. 26, 12. 31
② F&B : 10% 할인
대상 업장 : 온테이블, 아시안 라이브
이벤트 상품 및 외부 아이템 중복 할인 제외
제외 기간 : 2026. 12. 24 ~ 12. 31
음료 및 주류 스시 카네사카, 연회 Private Dining, 이벤트 상품 및 외부 아이템 중복 할인 제외
웨스틴 조선 서울
① 객실 : 정상가 기준 30% 할인 , 패키지 10% 할인
② F&B : 10% 할인
대상 업장 : 아리아, 루브리카, 홍연, 조선델리, 라운지&바, 나인스게이트, 스시조
제외 기간 : 2026. 5. 5, 12. 24 ~ 12. 25, 12. 31, 업장 이벤트 기간
③ 연회 : 웨딩 코스 메뉴 5% 할인, 케이크 50% 할인
기간(2026. 1. 1 ~ 12. 31) 내 예식 및 하객 인원 200명 이상 시 제공(토요일 점심 및 음료, 부대비용 제외)
객실 패키지 할인은 조선호텔앤리조트 공식 홈페이지 에서 판매되고 있는 상품에 한해 제공
연회 할인은 the Black, the Purple 보유 회원에 한해 제공(음료, 부대 비용 제외)
인스파이어 엔터테인먼트 리조트
① 객실 : 인스파이어 홈페이지를 통한 예약 또는 유선상 예약 시 10% 할인
② F&B : 10% 할인
대상 업장 : 셰프스 키친, 마이클 조던 스테이크 하우스, 브라세리 1783, 하이파이 코리안 소울 푸드, 가든 팜 카페, 홍반, 미나기, MJ23 스포츠 바 앤 그릴, 오로라 바, 호라이즌 라운지
③ 기타 : 스플래시 베이 이용권 20% 할인
객실 및 F&B 할인은 프리미엄 카드 회원에 한해 제공
홈페이지를 통한 객실 예약의 경우 프로모션 코드* 입력 필수
* 룸 온리 : 15HDRO / 룸+2인 조식 : 15HDBF / 룸+스플래시 베이 : 15HDSP
유선 예약 시 현대카드 전용 패키지로 예약해야 할인 가능
음료, 주류, 리테일 상품, 이벤트 상품은 할인 제외되며, 중복 할인 적용 불가
조선 팰리스 서울 강남
① 객실 : 정상가 기준 객실 정규 패키지 10% 할인(이벤트 패키지 제외)
제외 기간 : 2026. 12. 24 ~ 12. 26, 12. 31
② F&B : 10% 할인
대상 업장 : 콘스탄스, 이타닉 가든, 더 그레이트 홍연, 조선델리 더 부티크, 1914 라운지&바
주류, 음료, 이벤트 메뉴 및 인룸 다이닝, MD 및 리테일 상품 제외
제외 기간 : 2026. 1. 1, 5. 5, 12. 24, 12. 25, 12. 31, 레스토랑 이벤트, 갈라디너
객실 할인은 the Centurion® Card, the Black 보유 회원에 한해 제공
F&B 할인은 the Centurion, the Black, the Purple, American Express The Platinum Card
보유 회원에 한해 제공
콘래드 서울
① 객실 : 객실 5% 할인, 패키지 5% 할인(유선 예약 전용)
Advanced Purchase 및 일부 패키지 제외
제외 기간 : 서울세계불꽃축제 기간,
2026. 1. 1, 4. 15 ~ 4. 18, 12. 24 ~ 12. 25, 12. 31
② F&B : 10% 할인
대상 업장 : 아트리오, 제스트, 플레임즈, 숯 더 붓처스 엣지, 37바
제외 기간 : 서울세계불꽃축제 기간,
2026. 1. 1, 12. 20 ~ 12. 31
객실 및 패키지 할인은 호텔 예약실을 통한 유선 예약 시에 한해 제공
파라다이스시티/아트파라디소
① 객실 : 시즌 패키지 5% 할인
제외 기간 : 토요일, 2026. 1. 1, 2. 14 ~ 2. 18, 2. 28 ~ 3. 2, 5. 1 ~ 5. 5, 5. 23 ~ 5. 25, 6. 2 ~ 6. 3, 7. 19 ~ 8. 17, 9. 23 ~ 9. 27, 10. 2 ~ 10. 4, 10. 8 ~ 10. 11, 12. 19 ~ 12. 31
② F&B : 10% 할인
대상 업장 : 온더플레이트, 라스칼라, 가든카페, 라운지파라다이스, 라쿠, 루빅, 새라새, 라운지&바 새라새
제외 기간 : 2026. 5. 5, 12. 24 ~ 12. 25, 12. 31
③ 스파 : 10% 현장 할인
더 스칼프 컴포트 엣 파라다이스
더 스파 앳 파라다이스 스파 프로그램
④ 기타 : 씨메르 아쿠아스파 이용권 20% 할인(최대 4인), 원더박스 1일 자유이용권 20% 할인(최대 4인)
제외 기간 : 시설 정기 보수 기간
시즌 패키지 할인은 호텔 예약실을 통한 유선 예약 시에 한해 제공
파크 하얏트 서울
① 객실 : 정상가 기준 10% 할인(스탠다드 객실에 한함)
제외 기간 : 2026. 12 .24 ~ 12. 26, 12. 31
② F&B : 10% 할인
대상 업장 : 코너스톤, 더 라운지, 더 팀버 하우스
제외 기간 : 2026. 12. 24 ~ 12. 27, 12. 31 및 특별 이벤트 기간
페어몬트 앰배서더 서울
① 객실 : 공식 홈페이지 공시 가격(Published Rate) 기준 객실 패키지 10% 할인
제외 기간 : 2026. 12. 24 ~ 12. 26, 12. 31, 서울세계불꽃축제 기간
② F&B : 10% 할인
대상 업장 : 더 아트리움 라운지, 스펙트럼, 마리포사, M29
제외 기간 : 2026. 12. 24 ~ 12. 25, 12. 31, 서울세계불꽃축제 기간
호텔 예약실을 통한 유선 예약 시에 한해 제공
포시즌스 호텔 서울
① 객실 : 공식 홈페이지 공시 가격(Published Rate) 기준 주중 10% 할인
Room Only 상품에 한함
제외 기간 : 2026. 12. 24, 12. 31
② F&B : 10% 할인
대상 업장 : 보칼리노, 더 마켓 키친, 유유안, 오울
제외 기간 : 2026. 12. 20 ~ 12. 31
③ 스파 : 트리트먼트 10% 할인
리테일 상품 제외
제외 기간 : 2026. 1. 1, 2. 14 ~ 2. 18, 9. 24 ~ 9. 27, 12. 21 ~ 12. 31
the Black, the Purple, the Red, 현대카드 Summit, American Express The Platinum Card
Edition2, American Express
Gold Card Edition2, American Express Platinum Card
, American Express
Gold Card, 미래에셋 현대카드 Gold·Diamond 보유 회원에 한해 제공
하얏트 리젠시 인천 파라다이스시티
① 객실 : 하얏트 브랜드 닷컴 일일 기준 요금 5% 할인
제외 기간 : 토요일, 2026. 5. 1 ~ 5. 5, 5. 23 ~ 25, 6. 2 ~ 6. 3, 6. 5 ~ 6. 6, 7. 16 ~ 8. 17, 9. 23 ~ 9. 27, 10. 2 ~ 10. 4, 10. 8 ~ 10. 11, 12. 19 ~ 12. 31
② F&B : 10% 할인
대상 업장 : 마켓카페, 스웰라운지
마켓카페 조식 뷔페, 룸서비스, 풀하우스, 리젠시 클럽, 연회장, 음료 및 주류, 미니바, 계절 프로모션 메뉴 제외
제외 기간 : 2026. 5. 5, 12. 24 ~ 12. 25, 12. 31
객실 할인은 호텔 예약실을 통한 유선 예약 시에 한해 제공
JW메리어트 동대문 스퀘어 서울
① 객실 : 공식 홈페이지 BAR(Best Available Rate) 기준 5% 할인
제외 기간 : 2026. 5. 3 ~ 5. 4, 12. 24, 12. 31
② F&B : 10% 할인
Tavolo 24, BLT Steak 이용 시 제공(1회 최대 20명)
연회, 룸서비스, 미니바, SBC 리테일 상품 제외
③ 스파 : 10% 할인
리테일 상품 제외
JW 메리어트 호텔 서울
① 객실 : 공식 홈페이지 BAR(Best Available Rate) 기준 상시 10% 할인
제외 기간 : 2026. 5. 2 ~ 5. 4, 12. 24 ~ 12. 26
② F&B : 10% 할인
대상 업장 : 플레이버즈, 더 마고 그릴, 타마유라
제외 기간 : 2026. 5. 5, 12. 24 ~ 12. 25, 12. 31
그랜드 조선 부산
① 객실 : 정상가 기준 월~목요일 40% 할인, 금·일요일 30% 할인, 토요일 및 성수기 20% 할인
성수기 : 2026. 1. 1, 2. 13 ~ 2. 17, 2. 27 ~ 3. 1, 4. 10, 5, 1 ~ 5. 5, 5. 22 ~ 5. 24, 6. 5 ~ 6. 6, 7. 17 ~ 8. 16, 9. 24 ~ 9. 27, 10. 2 ~ 10. 5, 10. 9 ~ 10. 11, 12. 24, 12. 26
제외 기간 : 2026. 12. 25, 12. 31
② F&B : 10% 할인
대상 업장 : 아리아, 팔레드 신, 라운지앤바 테라스292, 조선 델리
음료, 주류, 연회, 인룸다이닝, 조선델리 MD, 리테일 상품 제외
제외 기간 : 2026. 1. 1, 5. 5, 12. 24 ~ 12. 26, 12. 31
③ 연회 : 웨딩 및 가족연 Food 5% 할인
주류, 음료, 부대 비용 제외 및 프로모션 행사와 중복 적용 불가
자녀 관련 연회 시 가족관계증명서 등 증빙 서류 제출 필수
연회 할인은 the Black, the Purple, the Red 보유 회원에 한해 제공
롯데호텔 부산
① 객실 : 정상가 기준 30% 할인, 객실 패키지 5% 할인
② F&B : 10% 할인(리테일 상품 및 연회성 행사 제외)
③ 기타 : 델리카한스(베이커리) 제빵, 케이크류 20% 할인
객실 패키지 할인은 the Black, the Purple, the Red, 대한항공카드 the First 보유 회원에 한해 제공
델리카한스(베이커리) 할인은 the Black, the Purple, the Red 보유 회원에 한해 제공
웨스틴 조선 부산
① 객실 : 정상가 기준 일~목요일 40% 할인, 금·토요일 및 공휴일 30% 할인, 성수기 20% 할인
30% 할인 적용 기간 : 2026. 1. 27 ~ 1. 30, 2. 28, 3. 2, 5. 1, 5. 4 ~ 5. 5, 6. 5 ~ 6. 6, 10. 2 ~ 10. 10, 12. 24
성수기 : 2026. 7. 18 ~ 8. 16
제외 기간 : 2026. 12. 31
② F&B : 10% 할인
대상 업장 : 셔블, 오스킴, 까밀리아, 파노라마라운지, 조선델리
제외 기간 : 2026. 1. 1, 5. 5, 12. 24 ~ 12. 25, 12. 31
파라다이스호텔 부산
① 객실 : 정상가 기준 일~목요일 40% 할인, 금·토요일 및 공휴일 30% 할인, 객실 패키지 5% 할인
제외 기간 : 2026. 7. 1 ~ 8. 31, 12. 24 ~ 12. 26, 12. 30 ~ 2027. 1. 2 및 부산불꽃축제 등 호텔이 지정한 국제 행사 기간
② F&B : 10% 할인
연회장, 룸서비스, 미니바, 가든행사, 레저 식음료, 라운지 파라다이스, 바닉스, 임대 업장(본앤브랜드), 부티크베이커리(일부 상품), 레스토랑 서비스 중 20인 이상의 예약 또는 연회성 행사 제외
객실 패키지 할인은 the Black, the Purple, the Red, the Green, the Pink 보유 회원에 한해 제공
파크 하얏트 부산
① 객실 : 하얏트 요금 기준 스탠다드 객실 10% 할인
제외 기간 : 부산불꽃축제 기간, 2026. 12. 24 ~ 12. 25, 12. 31
② F&B : 10% 할인
대상 업장 : 다이닝룸, 리빙룸
제외 기간 : 부산불꽃축제 기간, 2026. 12. 24 ~ 12. 27, 12. 31, 와인/갈라/사케디너 등 스페셜 이벤트 및 이벤트 기간
F&B 할인은 다른 할인 서비스 및 쿠폰, 이벤트, 제휴 카드 혜택과 중복 적용 불가
그랜드 조선 제주
① 객실 : 5% 할인
이벤트 상품 제외
②F&B : 10% 할인
대상 업장 : 아리아, 루브리카, 라운지앤바, 잇투오
제외 기간 : 2026. 5. 5, 12. 24 ~ 12. 25 및 갈라디너 등 업장 이벤트 기간
호텔 홈페이지를 통해 예약 시에 한해 제공
그랜드 하얏트 제주
① 객실 : 공식 홈페이지 요금 기준 10% 할인
② F&B : 10% 할인
대상 업장 : 갤러리 라운지, 99밸리, 차이나 하우스, 제주 핫팟, 녹나무, 그랜드 키친, 유메야마, 카페8
③ 스파 : 트리트먼트 10% 할인
이벤트 상품, 제품 구매, 찜질스파 제외
로즈베이 스파는 토요일 제외
제외 기간 : 2026. 2. 13 ~ 2. 22, 5. 1 ~ 5. 6, 7. 24 ~ 8. 23, 9. 24 ~ 9. 27, 10. 1 ~ 10. 7, 12. 24 ~ 12. 27, 12. 31 ~ 2027. 1. 3 및 모든 공휴일
롯데호텔 제주
① 객실 : 호텔 직판 상시 패키지 5%/10% 할인
얼리버드 및 특가 등 일부 패키지 제외
③ F&B : 10% 할인
호텔 직판 상시 패키지 10% 할인은 the Black, 5% 할인은 the Purple, the Red, 대한항공카드 the First 보유 회원에 한해 제공
다른 할인 서비스 및 쿠폰, 이벤트, 제휴 카드 혜택과 중복 적용 불가
F&B 할인은 카드당 1테이블 기준으로 제공
메종글래드제주
① 객실 : 정상가 기준 50% 할인, 성수기 30% 할인, 객실 패키지 10% 할인
성수기 : 2026. 7. 18 ~ 8. 24
② F&B : 20% 할인(삼다정)
제주신라호텔
① 객실 : BAR (Best Available Rate) 기준 5% 할인
이벤트 상품, 패키지 및 일부 상품 제외
② F&B : 10% 할인
대상 업장 : 히노데, 더 파크뷰, 바당, 올래 바, 패스트리 부티크
대한항공카드 이용 시 할인 제외
호텔 예약실을 통한 유선 예약 시에 한해 제공
파르나스 호텔 제주
① 객실 : BFR(Best Flexible Rate, 당일 최저가) 요금 10% 할인
제외 기간 : 2026. 2. 14 ~ 2. 18, 2. 28 ~ 3. 2, 5. 1 ~ 5. 5, 5. 23 ~ 5. 25, 7. 17 ~ 8. 17, 9. 24 ~ 9. 27
② F&B : 10% 할인
대상 업장 : 콘페티, 폰드메르 라운지&바, 바르
③ 스파 : 본에스티스 스파 10% 할인
음료 및 주류 스시 카네사카, 연회 Private Dining, 이벤트 상품 및 외부 아이템 중복 할인 제외
포도호텔
① 객실 : 정상가 기준 10~40% 할인 및 조식 제공
the Black, the Purple, the Red, the Green, 대한항공카드 the First, American Express The Platinum Card
Edition2, American Express
Gold Card Edition2, American Express
Green Card Edition2 보유 회원에 한해 제공
해비치호텔앤드리조트 제주
① 객실 : 정규 패키지 10% 할인
골프 패키지 제외
제외 기간 : 2026. 7. 16 ~ 8. 20
② F&B : 10% 할인
대상 업장 : 섬모라, 99바, 밀리우, 마고 및 해비치 C.C 클럽 하우스, 메르 & 테르
③ 스파 : 10% 할인
④ 골프 : 정상가 기준 해비치 CC 그린피 주중 20% 할인, 주말 10% 할인
넥슨 현대카드 UNLIMITED로 이용 시 할인 제외
스파 할인은 the Black, the Purple, the Red 보유 회원에 한해 제공
히든 클리프 호텔 & 네이쳐
① F&B : 10% 할인
시즌 이벤트 메뉴, 주류 및 룸서비스, 인피니티바 제외
② 스파 : 보떼에르 스파 바이 록시땅 10% 할인
이벤트 상품 제외
호텔 홈페이지를 통해 예약 시에 한해 제공
대구 메리어트 호텔
① 객실 : 패키지 상품 5% 할인
제외 기간 : 2026. 12. 24, 12. 31
② F&B : 10% 할인
대상 업장 : 어반 키친, 동문, 라운지&바
제외 기간 : 2026. 12. 24 ~ 12. 25, 12. 31
호텔 홈페이지에서 판매 중인 패키지에 한해 제공(단, 루프탑 패키지 제외)
라한셀렉트 경주
① 객실 : BAR(Best Available Rate) 기준 일~금요일 10% 할인, 토요일 및 성수기 5% 할인
② F&B : 더플레이트 10% 할인
롯데호텔 울산
① 객실 : 호텔 직판 상시 패키지 5% 할인
얼리버드 및 특가 등 일부 패키지 제외
제외 기간 : 2026. 5. 3 ~ 5. 5, 7. 26 ~ 8. 9, 8. 15~ 8. 16, 10. 3 ~ 10. 11, 12. 24, 12. 31
② F&B : 10% 할인
대상 업장 : 델리카한스, 페닌슐라
호텔 직판 상시 패키지 할인은 the Black, the Purple, the Red, 대한항공카드 the First 보유 회원에 한해 제공
F&B 할인은 카드당 1테이블 기준으로 제공
브리브 광주 바이 롯데호텔
① 객실 : 정상가 기준 일~목요일 40% 할인, 금·토요일 30% 할인
② F&B : 10% 할인
대상 업장 : 뷔페 레스토랑 파라뷰, 중식당 쉥카이
제외 기간 : 2026. 12. 20 ~ 12. 31
사우스케이프
① F&B : 업장에서 현장 결제 시 10% 할인
음료, 주류, 룸서비스, 이벤트 메뉴 제외
② 스파 : 10% 할인
이용일 1일 전까지 사전 예약 필수
the Black, the Purple, the Red, the Green, the Pink, American Express The Platinum Card
Edition2, American Express
Gold Card Edition2, American Express
Green Card Edition2, American Express The Platinum Card
, American Express
Gold Card, American Express
Green Card 보유 회원에 한해 제공
이용 전 호텔로 혜택 적용 가능 여부 확인 필수(미확인 시 혜택 적용 불가할 수 있음)
소노캄 고양
① 객실 : BAR(Best Available Rate) 기준 10% 할인
② F&B : 10% 할인
대상 업장 : 셰프스 키친, 죽림, 일라고
③ 기타 : 사우나 50% 할인
객실 할인은 예약 가능한 잔여 객실이 있는 경우에 한해 제공
사우나 할인은 본인 회원에 한해 제공
씨마크 호텔
① 객실 : BAR(Best Available Rate) 기준 프리미엄 디럭스 룸 10% 할인
② F&B : 더 레스토랑 10% 할인
the Black, the Purple, the Red, the Green 보유 회원에 한해 제공
알펜시아
① 객실 : BAR(Best Available Rate) 기준으로 25% 할인
② F&B : 음식 10% 할인
음료, 주류, 인룸다이닝, 미니바, 연회 제외
제외 기간 : 크리스마스 디너 뷔페, 추석 디너 뷔페 등 이벤트 기간
오노마 대전 오토그래프컬랙션
① 객실 : 객실 정규 패키지 10% 할인
② F&B : 5% 할인
대상 업장 : 타운하우스, 오노마 라운지
켄싱턴 스타호텔 설악
① 객실 : 정상가 기준 주중 일~목요일 30% 할인, 금·토요일 20%, 연휴 및 성수기 10% 할인
패키지 상품 제외
② F&B : 10% 할인
이벤트 및 음료, 주류, 미팅 시설 이용료 제외
호텔인터불고 엑스코
① 객실 : 정상가 기준 40% 할인
② F&B : 10% 할인
최대 5인 이용 가능(공휴일 제외)
임대 업장 및 주류 제외
호텔현대 바이 라한 울산
① 객실 : BAR(Best Available Rate) 기준 10% 상시 할인, 성수기 5% 할인
② F&B : 10% 할인
대상 업장 : 디오븐, 더플레이트, 더터번",2026-06-06 17:21:11
TO_E0005,TO,현대,"나를 빛내는 컬러, the Orange",FEX699,2026년 제휴 호텔 이벤트 혜택 안내,https://www.hyundaicard.com/cpb/ev/CPBEV0101_06.hc?bnftWebEvntCd=FEX699,2026-01-01,2026-12-31,할인,이용 방법,"예약 시 현대카드 이벤트 이용 예정임을 알리고, 이용 시 본인 명의 대상 카드로 결제",2026-06-06 17:21:11
TO_E0005,TO,현대,"나를 빛내는 컬러, the Orange",FEX699,2026년 제휴 호텔 이벤트 혜택 안내,https://www.hyundaicard.com/cpb/ev/CPBEV0101_06.hc?bnftWebEvntCd=FEX699,2026-01-01,2026-12-31,할인,확인사항,"확인해 주세요
위 혜택은 대상 카드로 결제 시 적용됩니다.
현대카드 Chameleon 및 앱카드, 간편결제 서비스(네이버페이 등) 이용 시 혜택 제외
호텔 사정에 따라 특정 날짜, 특정 상품은 혜택 제공이 불가할 수 있습니다.
F&B 혜택 대상에서 연회*, 인룸다이닝, 미니바, 임대 업장, 소매 상품, 음료 및 주류, 갈라 디너 등의 이벤트 메뉴는 제외됩니다.
*20인 이상의 예약 또는 연회성 행사(호텔별 적용 인원 기준이 다르니 이용 전 각 호텔로 문의)
다른 혜택(바우처, 쿠폰, 호텔 멤버십 적립, 할인 등) 및 이벤트와 중복 적용되지 않습니다.
예약 안내 및 유의사항 등 자세한 내용은 대상 호텔로 문의해 주세요.
위 혜택은 현대카드 및 제휴사 사정에 따라 변경 또는 중단될 수 있습니다.",2026-06-06 17:21:11
SPM_E0006,SPM,현대,Summit,FEX699,2026년 제휴 호텔 이벤트 혜택 안내,https://www.hyundaicard.com/cpb/ev/CPBEV0101_06.hc?bnftWebEvntCd=FEX699,2026-01-01,2026-12-31,할인,혜택,"기간 내 대상 호텔 이용 시 객실 및 F&B 등 5~40% 즉시 할인
호텔별 제공 혜택, 대상 카드, 할인율은 아래 '대상 호텔'에서 확인 가능",2026-06-06 17:21:11
SPM_E0006,SPM,현대,Summit,FEX699,2026년 제휴 호텔 이벤트 혜택 안내,https://www.hyundaicard.com/cpb/ev/CPBEV0101_06.hc?bnftWebEvntCd=FEX699,2026-01-01,2026-12-31,할인,기간,2026. 1. 1 ~ 12. 31,2026-06-06 17:21:11
SPM_E0006,SPM,현대,Summit,FEX699,2026년 제휴 호텔 이벤트 혜택 안내,https://www.hyundaicard.com/cpb/ev/CPBEV0101_06.hc?bnftWebEvntCd=FEX699,2026-01-01,2026-12-31,할인,대상,"대상 카드 기소지 회원
대상 호텔 리스트
호텔명
혜택
유의사항
그랜드 인터컨티넨탈 서울 파르나스
① 객실 : BFR(Best Flexible Rate, 당일 최저가) 요금 10% 할인
제외 기간 : 2026. 9. 12, 11. 21, 12. 24 ~ 12. 26, 12. 31
② F&B : 10% 할인
대상 업장 : 히노츠키, 웨이루, 그랜드 키친, 메르카토521
제외 기간 : 2026. 12. 24 ~ 12. 31
음료 및 주류 스시 카네사카, 연회 Private Dining, 메르카토521 식사 외 메뉴 제외
이벤트 상품 및 외부 아이템 중복 할인 제외
그랜드 하얏트 서울
① 객실 : 호텔 직판 패키지 예약 시 객실 업그레이드
제외 기간 : 공휴일(대체 공휴일 포함), 극성수기(7~8월), 2026. 12. 20 ~ 12. 31
② F&B : 10% 할인(델리 리테일 상품 제외)
대상 업장 : 테라스, 카우리, 스테이크하우스, 텐가이, 파리스바, 풀사이드 바베큐(시즌 운영), 델리
제외 기간 : 공휴일(대체 공휴일 포함), 2026. 12. 20 ~ 12. 31
스탠다드룸에서 한강 전망 객실로 업그레이드되며, 잔여 객실 상황에 따라 변경될 수 있음
그랜드 워커힐 서울
① 객실 : 패키지 5% 할인
제외 기간 : 2026. 12. 24, 12. 31
② F&B : 10% 할인
이벤트 메뉴, 런치박스, 리버파크, 룸서비스 및 연회 제외
더 플라자
① 객실 : 시즌 패키지 3만원 할인
일부 이벤트 패키지 제외
② F&B : 10% 할인
대상 업장 : 세븐 스퀘어, 블랑제리 더 플라자, 더라운지(음료 및 주류에 한함)
가족연(돌잔치, 장수연) 5% 할인(웨딩 제외)
③ 지스텀 더 플라자 10% 할인
더 플라자 P-Collection 상품 포함
가족연 할인은 the Black, the Purple, the Red 보유 회원에 한해 제공
세븐스퀘어, 블랑제리 더 플라자, 더라운지 : 2026년 9월 30일까지 영업 후 종료
레스케이프
① 객실 : 시즌 패키지 10% 할인
제외 기간 : 2026. 12. 24 ~ 12. 26, 12. 31
② F&B : 10% 할인
대상 업장 : 라망 시크레, 팔레드 신, 마크다모르, 티살롱, 리테일(PB상품)
룸서비스, 미바, 리테일 상품, 대관 행사, 갈라디너 제외(주류는 칵테일 등 제조 주류에 한함)
호텔 리테일 PB 상품 한정 10% 할인
③ 연회 : 돌잔치 및 웨딩 애프터파티 10% 할인
돌잔치 : 팔레드 신 돌잔치 전용 메뉴 8인 이상 이용 시 제공(1인, 20만원)
웨딩 애프터파티 : 마크 다모르 전용 메뉴 30인 이상 이용 시 제공(1인, 12만원)
④ 스파 : 스위스퍼펙션 10% 할인
일부 프로그램 및 ADD ON 상품 제외
제외 기간 : 2026. 12. 24 ~ 12. 26, 12. 31
호텔 리테일 PB 상품 한정 할인은 the Black, the Purple 보유 회원에 한해 제공
롯데호텔 월드
① 객실 : 호텔 직판 계절 패키지 5% 할인
제외 기간 : 2026. 2. 13 ~ 2. 17, 5. 1 ~ 5. 5, 7. 27 ~ 8. 2, 9. 24 ~ 9. 26, 12. 24 ~ 12. 26, 12. 30 ~ 12. 31
② F&B : 직영 업장 10% 할인
계절 패키지 할인은 the Black, the Purple, the Red, 대한항공카드 the First 보유 회원에 한해 제공되며 얼리버드, 특가 등 일부 패키지 제외
F&B 할인은 카드당 1테이블 기준으로 제공
롯데호텔 서울
① 객실 : 호텔 직판 계절 패키지 5%/10% 할인, 정상가 기준 30% 할인
제외 기간 : 2026. 5. 1 ~ 5. 5, 8. 15 ~ 8. 17, 12. 24 ~ 12. 31
② F&B : 직영 업장 10% 할인
계절 패키지 10% 할인은 the Black, 계절 패키지 5% 할인은 the Purple, the Red, 대한항공카드 the First  보유 회원에 한해 제공되며 얼리버드, 특가 등 일부 패키지 제외
F&B 할인은 카드당 1테이블 기준으로 제공
르메르디앙 & 목시 서울 명동
① 객실 : 객실 패키지 10% 할인
제외 기간 : 2026. 3. 1 ~ 3. 2, 5. 2 ~ 5. 4, 12. 24 ~ 12. 31
② F&B : 10% 할인
제외 기간 : 2026. 1. 1, 12. 24 ~ 12. 25, 12. 31
계절 패키지 할인은 연박 이용 시 제외
메리어트 이그제큐티브 아파트먼트 서울
① 객실 : 패키지 10% 할인
할인 패키지, 제휴사 패키지, 스테이 포 브렉퍼스트 등 일부 패키지 제외
② F&B : 10% 할인
이벤트 상품, 리테일 상품, 룸서비스, 주류 제외
③ 스파 : 트리트먼트 10% 할인
패키지, 리테일 상품, 일부 이벤트 상품 제외
④ 기타 : 명절 선물세트 5% 할인
명절선물세트 할인은 the Black, the Purple, the Red 보유 회원에 한해 제공
반얀트리 클럽 앤 스파 서울
① 객실 : BAR 기준 시즌 패키지 10% 할인
제외 기간 : 2026. 12. 24 ~ 12. 26, 12. 31
② F&B : 10% 할인
대상 업장 : 그라넘 다이닝 라운지, 페스타 바이 충후
제외 기간 : 2026. 12. 24 ~ 12. 26, 12. 31
③ 스파 : 10% 할인
스파 트리트먼트, 갤러지 제품 한정
비스타 워커힐 서울
① 객실 : 패키지 5% 할인
제외 기간 : 2026. 12. 24, 12. 31
② F&B : 10% 할인
이벤트 메뉴, 런치박스, 룸서비스 및 연회 제외
서울신라호텔
① 객실 : Best Available Rate 기준 5% 할인
제외 기간 : 2026. 12. 24, 12. 31 , 토요일
② F&B : 10% 할인
대상 업장 : 팔선, 아리아께, 콘티넨탈, 라연, 더 파크뷰,
더 라이브러리, 패스트리 부티크
1박당 2객실까지 혜택 제공(어번 아일랜드 제외)
서울신라호텔 공식 홈페이지 및 앱에서 예약 시 혜택 제외
소피텔 앰배서더 서울 호텔
① 객실 : 당일 판매가 기준 15% 할인 또는
객실 패키지 10% 할인
제외 기간 : 2026. 1. 1, 12. 24 ~ 12. 26, 12. 31
② F&B : 10% 할인
대상 업장 : 페메종, 미오, 쟈뎅 디베르, 레스파스, 라티튜드32
제외 기간 : 2026. 1. 1, 2. 14, 2. 17, 5. 5, 5. 8, 12. 24 ~ 12. 25, 12. 31
③ 스파 : 10% 할인
리테일 상품 제외
the Black, the Purple, the Red, 현대카드 Summit, 대한항공카드 150·the First, American Express The Platinum Card
Edition2, American Express
Gold Card Edition2, American Express
Green Card Edition2, American Express The Platinum Card
, American Express
Gold Card, American Express
Green Card, 카카오뱅크 BUSINESS 현대카드 PRIME 보유 회원에 한해 제공
쉐라톤 그랜드 인천 호텔
① 객실 : 공식  홈페이지 BAR(Best Available Rate) 기준 10% 할인
② 식음 업장 : 10% 할인
주류, 룸서비스, 미니바, 연회 제외
스위스 그랜드 호텔
① 객실 : 정상가 기준 30% 할인, Net Price 기준 패키지 5% 할인
② F&B : 10% 할인
연회장, 델리, 룸서비스, 미니바, 음료, 주류 제외
안다즈 서울 강남
① 객실 : 공식 홈페이지 BAR(Best Available Rate) 기준 10% 할인
제외 기간 : 2026. 2. 28, 3. 1, 5. 2, 5. 22 ~ 5. 24, 7. 25, 8. 1, 8. 8, 8. 14 ~ 8. 16, 10. 3 ~ 10. 4, 10. 9 ~ 10. 10, 12. 24 ~ 12. 26, 12. 31
② F&B : 10% 할인
대상 업장 : 조각보 미트앤코 스테이크 하우스, 조각보 키친, 바이츠 앤 와인
제외 기간 : 2026. 5. 5, 12. 24 ~ 25, 12. 31
앰배서더 서울 풀만 호텔
① 객실 정상가 및 BAR(Best Available Rate) 기준 15,000원 할인, 패키지 10,000원 할인
제외 기간 : 2026. 12. 24, 12. 25, 12. 31
② F&B : 10% 할인
대상 업장 : 더 킹스, 풀하우스 테라스, 더 라운지 앤 바, 1955 그로세리아(베이커리, 다이닝)
제외 기간 : 2026. 1. 1, 2. 14, 5. 5, 12. 24 ~ 12. 26, 12. 31
③ 웰니스 센터 : 필라테스 클래스 10% 할인
객실 할인은 호텔 홈페이지 또는 예약실을 통해 예약 시에 한해 제공
웨스틴 서울 파르나스
① 객실 : BFR(Best Flexible Rate, 당일 최저가) 요금 10% 할인
제외 기간 : 2026. 4. 30 ~ 5. 2, 9. 24 ~ 9. 27, 10. 3 ~ 10. 4, 10. 30 ~ 10. 31, 11. 20 ~ 11. 21, 12. 24 ~ 12. 26, 12. 31
② F&B : 10% 할인
대상 업장 : 온테이블, 아시안 라이브
이벤트 상품 및 외부 아이템 중복 할인 제외
제외 기간 : 2026. 12. 24 ~ 12. 31
음료 및 주류 스시 카네사카, 연회 Private Dining, 이벤트 상품 및 외부 아이템 중복 할인 제외
웨스틴 조선 서울
① 객실 : 정상가 기준 30% 할인 , 패키지 10% 할인
② F&B : 10% 할인
대상 업장 : 아리아, 루브리카, 홍연, 조선델리, 라운지&바, 나인스게이트, 스시조
제외 기간 : 2026. 5. 5, 12. 24 ~ 12. 25, 12. 31, 업장 이벤트 기간
③ 연회 : 웨딩 코스 메뉴 5% 할인, 케이크 50% 할인
기간(2026. 1. 1 ~ 12. 31) 내 예식 및 하객 인원 200명 이상 시 제공(토요일 점심 및 음료, 부대비용 제외)
객실 패키지 할인은 조선호텔앤리조트 공식 홈페이지 에서 판매되고 있는 상품에 한해 제공
연회 할인은 the Black, the Purple 보유 회원에 한해 제공(음료, 부대 비용 제외)
인스파이어 엔터테인먼트 리조트
① 객실 : 인스파이어 홈페이지를 통한 예약 또는 유선상 예약 시 10% 할인
② F&B : 10% 할인
대상 업장 : 셰프스 키친, 마이클 조던 스테이크 하우스, 브라세리 1783, 하이파이 코리안 소울 푸드, 가든 팜 카페, 홍반, 미나기, MJ23 스포츠 바 앤 그릴, 오로라 바, 호라이즌 라운지
③ 기타 : 스플래시 베이 이용권 20% 할인
객실 및 F&B 할인은 프리미엄 카드 회원에 한해 제공
홈페이지를 통한 객실 예약의 경우 프로모션 코드* 입력 필수
* 룸 온리 : 15HDRO / 룸+2인 조식 : 15HDBF / 룸+스플래시 베이 : 15HDSP
유선 예약 시 현대카드 전용 패키지로 예약해야 할인 가능
음료, 주류, 리테일 상품, 이벤트 상품은 할인 제외되며, 중복 할인 적용 불가
조선 팰리스 서울 강남
① 객실 : 정상가 기준 객실 정규 패키지 10% 할인(이벤트 패키지 제외)
제외 기간 : 2026. 12. 24 ~ 12. 26, 12. 31
② F&B : 10% 할인
대상 업장 : 콘스탄스, 이타닉 가든, 더 그레이트 홍연, 조선델리 더 부티크, 1914 라운지&바
주류, 음료, 이벤트 메뉴 및 인룸 다이닝, MD 및 리테일 상품 제외
제외 기간 : 2026. 1. 1, 5. 5, 12. 24, 12. 25, 12. 31, 레스토랑 이벤트, 갈라디너
객실 할인은 the Centurion® Card, the Black 보유 회원에 한해 제공
F&B 할인은 the Centurion, the Black, the Purple, American Express The Platinum Card
보유 회원에 한해 제공
콘래드 서울
① 객실 : 객실 5% 할인, 패키지 5% 할인(유선 예약 전용)
Advanced Purchase 및 일부 패키지 제외
제외 기간 : 서울세계불꽃축제 기간,
2026. 1. 1, 4. 15 ~ 4. 18, 12. 24 ~ 12. 25, 12. 31
② F&B : 10% 할인
대상 업장 : 아트리오, 제스트, 플레임즈, 숯 더 붓처스 엣지, 37바
제외 기간 : 서울세계불꽃축제 기간,
2026. 1. 1, 12. 20 ~ 12. 31
객실 및 패키지 할인은 호텔 예약실을 통한 유선 예약 시에 한해 제공
파라다이스시티/아트파라디소
① 객실 : 시즌 패키지 5% 할인
제외 기간 : 토요일, 2026. 1. 1, 2. 14 ~ 2. 18, 2. 28 ~ 3. 2, 5. 1 ~ 5. 5, 5. 23 ~ 5. 25, 6. 2 ~ 6. 3, 7. 19 ~ 8. 17, 9. 23 ~ 9. 27, 10. 2 ~ 10. 4, 10. 8 ~ 10. 11, 12. 19 ~ 12. 31
② F&B : 10% 할인
대상 업장 : 온더플레이트, 라스칼라, 가든카페, 라운지파라다이스, 라쿠, 루빅, 새라새, 라운지&바 새라새
제외 기간 : 2026. 5. 5, 12. 24 ~ 12. 25, 12. 31
③ 스파 : 10% 현장 할인
더 스칼프 컴포트 엣 파라다이스
더 스파 앳 파라다이스 스파 프로그램
④ 기타 : 씨메르 아쿠아스파 이용권 20% 할인(최대 4인), 원더박스 1일 자유이용권 20% 할인(최대 4인)
제외 기간 : 시설 정기 보수 기간
시즌 패키지 할인은 호텔 예약실을 통한 유선 예약 시에 한해 제공
파크 하얏트 서울
① 객실 : 정상가 기준 10% 할인(스탠다드 객실에 한함)
제외 기간 : 2026. 12 .24 ~ 12. 26, 12. 31
② F&B : 10% 할인
대상 업장 : 코너스톤, 더 라운지, 더 팀버 하우스
제외 기간 : 2026. 12. 24 ~ 12. 27, 12. 31 및 특별 이벤트 기간
페어몬트 앰배서더 서울
① 객실 : 공식 홈페이지 공시 가격(Published Rate) 기준 객실 패키지 10% 할인
제외 기간 : 2026. 12. 24 ~ 12. 26, 12. 31, 서울세계불꽃축제 기간
② F&B : 10% 할인
대상 업장 : 더 아트리움 라운지, 스펙트럼, 마리포사, M29
제외 기간 : 2026. 12. 24 ~ 12. 25, 12. 31, 서울세계불꽃축제 기간
호텔 예약실을 통한 유선 예약 시에 한해 제공
포시즌스 호텔 서울
① 객실 : 공식 홈페이지 공시 가격(Published Rate) 기준 주중 10% 할인
Room Only 상품에 한함
제외 기간 : 2026. 12. 24, 12. 31
② F&B : 10% 할인
대상 업장 : 보칼리노, 더 마켓 키친, 유유안, 오울
제외 기간 : 2026. 12. 20 ~ 12. 31
③ 스파 : 트리트먼트 10% 할인
리테일 상품 제외
제외 기간 : 2026. 1. 1, 2. 14 ~ 2. 18, 9. 24 ~ 9. 27, 12. 21 ~ 12. 31
the Black, the Purple, the Red, 현대카드 Summit, American Express The Platinum Card
Edition2, American Express
Gold Card Edition2, American Express Platinum Card
, American Express
Gold Card, 미래에셋 현대카드 Gold·Diamond 보유 회원에 한해 제공
하얏트 리젠시 인천 파라다이스시티
① 객실 : 하얏트 브랜드 닷컴 일일 기준 요금 5% 할인
제외 기간 : 토요일, 2026. 5. 1 ~ 5. 5, 5. 23 ~ 25, 6. 2 ~ 6. 3, 6. 5 ~ 6. 6, 7. 16 ~ 8. 17, 9. 23 ~ 9. 27, 10. 2 ~ 10. 4, 10. 8 ~ 10. 11, 12. 19 ~ 12. 31
② F&B : 10% 할인
대상 업장 : 마켓카페, 스웰라운지
마켓카페 조식 뷔페, 룸서비스, 풀하우스, 리젠시 클럽, 연회장, 음료 및 주류, 미니바, 계절 프로모션 메뉴 제외
제외 기간 : 2026. 5. 5, 12. 24 ~ 12. 25, 12. 31
객실 할인은 호텔 예약실을 통한 유선 예약 시에 한해 제공
JW메리어트 동대문 스퀘어 서울
① 객실 : 공식 홈페이지 BAR(Best Available Rate) 기준 5% 할인
제외 기간 : 2026. 5. 3 ~ 5. 4, 12. 24, 12. 31
② F&B : 10% 할인
Tavolo 24, BLT Steak 이용 시 제공(1회 최대 20명)
연회, 룸서비스, 미니바, SBC 리테일 상품 제외
③ 스파 : 10% 할인
리테일 상품 제외
JW 메리어트 호텔 서울
① 객실 : 공식 홈페이지 BAR(Best Available Rate) 기준 상시 10% 할인
제외 기간 : 2026. 5. 2 ~ 5. 4, 12. 24 ~ 12. 26
② F&B : 10% 할인
대상 업장 : 플레이버즈, 더 마고 그릴, 타마유라
제외 기간 : 2026. 5. 5, 12. 24 ~ 12. 25, 12. 31
그랜드 조선 부산
① 객실 : 정상가 기준 월~목요일 40% 할인, 금·일요일 30% 할인, 토요일 및 성수기 20% 할인
성수기 : 2026. 1. 1, 2. 13 ~ 2. 17, 2. 27 ~ 3. 1, 4. 10, 5, 1 ~ 5. 5, 5. 22 ~ 5. 24, 6. 5 ~ 6. 6, 7. 17 ~ 8. 16, 9. 24 ~ 9. 27, 10. 2 ~ 10. 5, 10. 9 ~ 10. 11, 12. 24, 12. 26
제외 기간 : 2026. 12. 25, 12. 31
② F&B : 10% 할인
대상 업장 : 아리아, 팔레드 신, 라운지앤바 테라스292, 조선 델리
음료, 주류, 연회, 인룸다이닝, 조선델리 MD, 리테일 상품 제외
제외 기간 : 2026. 1. 1, 5. 5, 12. 24 ~ 12. 26, 12. 31
③ 연회 : 웨딩 및 가족연 Food 5% 할인
주류, 음료, 부대 비용 제외 및 프로모션 행사와 중복 적용 불가
자녀 관련 연회 시 가족관계증명서 등 증빙 서류 제출 필수
연회 할인은 the Black, the Purple, the Red 보유 회원에 한해 제공
롯데호텔 부산
① 객실 : 정상가 기준 30% 할인, 객실 패키지 5% 할인
② F&B : 10% 할인(리테일 상품 및 연회성 행사 제외)
③ 기타 : 델리카한스(베이커리) 제빵, 케이크류 20% 할인
객실 패키지 할인은 the Black, the Purple, the Red, 대한항공카드 the First 보유 회원에 한해 제공
델리카한스(베이커리) 할인은 the Black, the Purple, the Red 보유 회원에 한해 제공
웨스틴 조선 부산
① 객실 : 정상가 기준 일~목요일 40% 할인, 금·토요일 및 공휴일 30% 할인, 성수기 20% 할인
30% 할인 적용 기간 : 2026. 1. 27 ~ 1. 30, 2. 28, 3. 2, 5. 1, 5. 4 ~ 5. 5, 6. 5 ~ 6. 6, 10. 2 ~ 10. 10, 12. 24
성수기 : 2026. 7. 18 ~ 8. 16
제외 기간 : 2026. 12. 31
② F&B : 10% 할인
대상 업장 : 셔블, 오스킴, 까밀리아, 파노라마라운지, 조선델리
제외 기간 : 2026. 1. 1, 5. 5, 12. 24 ~ 12. 25, 12. 31
파라다이스호텔 부산
① 객실 : 정상가 기준 일~목요일 40% 할인, 금·토요일 및 공휴일 30% 할인, 객실 패키지 5% 할인
제외 기간 : 2026. 7. 1 ~ 8. 31, 12. 24 ~ 12. 26, 12. 30 ~ 2027. 1. 2 및 부산불꽃축제 등 호텔이 지정한 국제 행사 기간
② F&B : 10% 할인
연회장, 룸서비스, 미니바, 가든행사, 레저 식음료, 라운지 파라다이스, 바닉스, 임대 업장(본앤브랜드), 부티크베이커리(일부 상품), 레스토랑 서비스 중 20인 이상의 예약 또는 연회성 행사 제외
객실 패키지 할인은 the Black, the Purple, the Red, the Green, the Pink 보유 회원에 한해 제공
파크 하얏트 부산
① 객실 : 하얏트 요금 기준 스탠다드 객실 10% 할인
제외 기간 : 부산불꽃축제 기간, 2026. 12. 24 ~ 12. 25, 12. 31
② F&B : 10% 할인
대상 업장 : 다이닝룸, 리빙룸
제외 기간 : 부산불꽃축제 기간, 2026. 12. 24 ~ 12. 27, 12. 31, 와인/갈라/사케디너 등 스페셜 이벤트 및 이벤트 기간
F&B 할인은 다른 할인 서비스 및 쿠폰, 이벤트, 제휴 카드 혜택과 중복 적용 불가
그랜드 조선 제주
① 객실 : 5% 할인
이벤트 상품 제외
②F&B : 10% 할인
대상 업장 : 아리아, 루브리카, 라운지앤바, 잇투오
제외 기간 : 2026. 5. 5, 12. 24 ~ 12. 25 및 갈라디너 등 업장 이벤트 기간
호텔 홈페이지를 통해 예약 시에 한해 제공
그랜드 하얏트 제주
① 객실 : 공식 홈페이지 요금 기준 10% 할인
② F&B : 10% 할인
대상 업장 : 갤러리 라운지, 99밸리, 차이나 하우스, 제주 핫팟, 녹나무, 그랜드 키친, 유메야마, 카페8
③ 스파 : 트리트먼트 10% 할인
이벤트 상품, 제품 구매, 찜질스파 제외
로즈베이 스파는 토요일 제외
제외 기간 : 2026. 2. 13 ~ 2. 22, 5. 1 ~ 5. 6, 7. 24 ~ 8. 23, 9. 24 ~ 9. 27, 10. 1 ~ 10. 7, 12. 24 ~ 12. 27, 12. 31 ~ 2027. 1. 3 및 모든 공휴일
롯데호텔 제주
① 객실 : 호텔 직판 상시 패키지 5%/10% 할인
얼리버드 및 특가 등 일부 패키지 제외
③ F&B : 10% 할인
호텔 직판 상시 패키지 10% 할인은 the Black, 5% 할인은 the Purple, the Red, 대한항공카드 the First 보유 회원에 한해 제공
다른 할인 서비스 및 쿠폰, 이벤트, 제휴 카드 혜택과 중복 적용 불가
F&B 할인은 카드당 1테이블 기준으로 제공
메종글래드제주
① 객실 : 정상가 기준 50% 할인, 성수기 30% 할인, 객실 패키지 10% 할인
성수기 : 2026. 7. 18 ~ 8. 24
② F&B : 20% 할인(삼다정)
제주신라호텔
① 객실 : BAR (Best Available Rate) 기준 5% 할인
이벤트 상품, 패키지 및 일부 상품 제외
② F&B : 10% 할인
대상 업장 : 히노데, 더 파크뷰, 바당, 올래 바, 패스트리 부티크
대한항공카드 이용 시 할인 제외
호텔 예약실을 통한 유선 예약 시에 한해 제공
파르나스 호텔 제주
① 객실 : BFR(Best Flexible Rate, 당일 최저가) 요금 10% 할인
제외 기간 : 2026. 2. 14 ~ 2. 18, 2. 28 ~ 3. 2, 5. 1 ~ 5. 5, 5. 23 ~ 5. 25, 7. 17 ~ 8. 17, 9. 24 ~ 9. 27
② F&B : 10% 할인
대상 업장 : 콘페티, 폰드메르 라운지&바, 바르
③ 스파 : 본에스티스 스파 10% 할인
음료 및 주류 스시 카네사카, 연회 Private Dining, 이벤트 상품 및 외부 아이템 중복 할인 제외
포도호텔
① 객실 : 정상가 기준 10~40% 할인 및 조식 제공
the Black, the Purple, the Red, the Green, 대한항공카드 the First, American Express The Platinum Card
Edition2, American Express
Gold Card Edition2, American Express
Green Card Edition2 보유 회원에 한해 제공
해비치호텔앤드리조트 제주
① 객실 : 정규 패키지 10% 할인
골프 패키지 제외
제외 기간 : 2026. 7. 16 ~ 8. 20
② F&B : 10% 할인
대상 업장 : 섬모라, 99바, 밀리우, 마고 및 해비치 C.C 클럽 하우스, 메르 & 테르
③ 스파 : 10% 할인
④ 골프 : 정상가 기준 해비치 CC 그린피 주중 20% 할인, 주말 10% 할인
넥슨 현대카드 UNLIMITED로 이용 시 할인 제외
스파 할인은 the Black, the Purple, the Red 보유 회원에 한해 제공
히든 클리프 호텔 & 네이쳐
① F&B : 10% 할인
시즌 이벤트 메뉴, 주류 및 룸서비스, 인피니티바 제외
② 스파 : 보떼에르 스파 바이 록시땅 10% 할인
이벤트 상품 제외
호텔 홈페이지를 통해 예약 시에 한해 제공
대구 메리어트 호텔
① 객실 : 패키지 상품 5% 할인
제외 기간 : 2026. 12. 24, 12. 31
② F&B : 10% 할인
대상 업장 : 어반 키친, 동문, 라운지&바
제외 기간 : 2026. 12. 24 ~ 12. 25, 12. 31
호텔 홈페이지에서 판매 중인 패키지에 한해 제공(단, 루프탑 패키지 제외)
라한셀렉트 경주
① 객실 : BAR(Best Available Rate) 기준 일~금요일 10% 할인, 토요일 및 성수기 5% 할인
② F&B : 더플레이트 10% 할인
롯데호텔 울산
① 객실 : 호텔 직판 상시 패키지 5% 할인
얼리버드 및 특가 등 일부 패키지 제외
제외 기간 : 2026. 5. 3 ~ 5. 5, 7. 26 ~ 8. 9, 8. 15~ 8. 16, 10. 3 ~ 10. 11, 12. 24, 12. 31
② F&B : 10% 할인
대상 업장 : 델리카한스, 페닌슐라
호텔 직판 상시 패키지 할인은 the Black, the Purple, the Red, 대한항공카드 the First 보유 회원에 한해 제공
F&B 할인은 카드당 1테이블 기준으로 제공
브리브 광주 바이 롯데호텔
① 객실 : 정상가 기준 일~목요일 40% 할인, 금·토요일 30% 할인
② F&B : 10% 할인
대상 업장 : 뷔페 레스토랑 파라뷰, 중식당 쉥카이
제외 기간 : 2026. 12. 20 ~ 12. 31
사우스케이프
① F&B : 업장에서 현장 결제 시 10% 할인
음료, 주류, 룸서비스, 이벤트 메뉴 제외
② 스파 : 10% 할인
이용일 1일 전까지 사전 예약 필수
the Black, the Purple, the Red, the Green, the Pink, American Express The Platinum Card
Edition2, American Express
Gold Card Edition2, American Express
Green Card Edition2, American Express The Platinum Card
, American Express
Gold Card, American Express
Green Card 보유 회원에 한해 제공
이용 전 호텔로 혜택 적용 가능 여부 확인 필수(미확인 시 혜택 적용 불가할 수 있음)
소노캄 고양
① 객실 : BAR(Best Available Rate) 기준 10% 할인
② F&B : 10% 할인
대상 업장 : 셰프스 키친, 죽림, 일라고
③ 기타 : 사우나 50% 할인
객실 할인은 예약 가능한 잔여 객실이 있는 경우에 한해 제공
사우나 할인은 본인 회원에 한해 제공
씨마크 호텔
① 객실 : BAR(Best Available Rate) 기준 프리미엄 디럭스 룸 10% 할인
② F&B : 더 레스토랑 10% 할인
the Black, the Purple, the Red, the Green 보유 회원에 한해 제공
알펜시아
① 객실 : BAR(Best Available Rate) 기준으로 25% 할인
② F&B : 음식 10% 할인
음료, 주류, 인룸다이닝, 미니바, 연회 제외
제외 기간 : 크리스마스 디너 뷔페, 추석 디너 뷔페 등 이벤트 기간
오노마 대전 오토그래프컬랙션
① 객실 : 객실 정규 패키지 10% 할인
② F&B : 5% 할인
대상 업장 : 타운하우스, 오노마 라운지
켄싱턴 스타호텔 설악
① 객실 : 정상가 기준 주중 일~목요일 30% 할인, 금·토요일 20%, 연휴 및 성수기 10% 할인
패키지 상품 제외
② F&B : 10% 할인
이벤트 및 음료, 주류, 미팅 시설 이용료 제외
호텔인터불고 엑스코
① 객실 : 정상가 기준 40% 할인
② F&B : 10% 할인
최대 5인 이용 가능(공휴일 제외)
임대 업장 및 주류 제외
호텔현대 바이 라한 울산
① 객실 : BAR(Best Available Rate) 기준 10% 상시 할인, 성수기 5% 할인
② F&B : 10% 할인
대상 업장 : 디오븐, 더플레이트, 더터번",2026-06-06 17:21:11
SPM_E0006,SPM,현대,Summit,FEX699,2026년 제휴 호텔 이벤트 혜택 안내,https://www.hyundaicard.com/cpb/ev/CPBEV0101_06.hc?bnftWebEvntCd=FEX699,2026-01-01,2026-12-31,할인,이용 방법,"예약 시 현대카드 이벤트 이용 예정임을 알리고, 이용 시 본인 명의 대상 카드로 결제",2026-06-06 17:21:11
SPM_E0006,SPM,현대,Summit,FEX699,2026년 제휴 호텔 이벤트 혜택 안내,https://www.hyundaicard.com/cpb/ev/CPBEV0101_06.hc?bnftWebEvntCd=FEX699,2026-01-01,2026-12-31,할인,확인사항,"확인해 주세요
위 혜택은 대상 카드로 결제 시 적용됩니다.
현대카드 Chameleon 및 앱카드, 간편결제 서비스(네이버페이 등) 이용 시 혜택 제외
호텔 사정에 따라 특정 날짜, 특정 상품은 혜택 제공이 불가할 수 있습니다.
F&B 혜택 대상에서 연회*, 인룸다이닝, 미니바, 임대 업장, 소매 상품, 음료 및 주류, 갈라 디너 등의 이벤트 메뉴는 제외됩니다.
*20인 이상의 예약 또는 연회성 행사(호텔별 적용 인원 기준이 다르니 이용 전 각 호텔로 문의)
다른 혜택(바우처, 쿠폰, 호텔 멤버십 적립, 할인 등) 및 이벤트와 중복 적용되지 않습니다.
예약 안내 및 유의사항 등 자세한 내용은 대상 호텔로 문의해 주세요.
위 혜택은 현대카드 및 제휴사 사정에 따라 변경 또는 중단될 수 있습니다.",2026-06-06 17:21:11
TGE3_E0005,TGE3,현대,the Green Edition3,FEX699,2026년 제휴 호텔 이벤트 혜택 안내,https://www.hyundaicard.com/cpb/ev/CPBEV0101_06.hc?bnftWebEvntCd=FEX699,2026-01-01,2026-12-31,할인,혜택,"기간 내 대상 호텔 이용 시 객실 및 F&B 등 5~40% 즉시 할인
호텔별 제공 혜택, 대상 카드, 할인율은 아래 '대상 호텔'에서 확인 가능",2026-06-06 17:21:11
TGE3_E0005,TGE3,현대,the Green Edition3,FEX699,2026년 제휴 호텔 이벤트 혜택 안내,https://www.hyundaicard.com/cpb/ev/CPBEV0101_06.hc?bnftWebEvntCd=FEX699,2026-01-01,2026-12-31,할인,기간,2026. 1. 1 ~ 12. 31,2026-06-06 17:21:11
TGE3_E0005,TGE3,현대,the Green Edition3,FEX699,2026년 제휴 호텔 이벤트 혜택 안내,https://www.hyundaicard.com/cpb/ev/CPBEV0101_06.hc?bnftWebEvntCd=FEX699,2026-01-01,2026-12-31,할인,대상,"대상 카드 기소지 회원
대상 호텔 리스트
호텔명
혜택
유의사항
그랜드 인터컨티넨탈 서울 파르나스
① 객실 : BFR(Best Flexible Rate, 당일 최저가) 요금 10% 할인
제외 기간 : 2026. 9. 12, 11. 21, 12. 24 ~ 12. 26, 12. 31
② F&B : 10% 할인
대상 업장 : 히노츠키, 웨이루, 그랜드 키친, 메르카토521
제외 기간 : 2026. 12. 24 ~ 12. 31
음료 및 주류 스시 카네사카, 연회 Private Dining, 메르카토521 식사 외 메뉴 제외
이벤트 상품 및 외부 아이템 중복 할인 제외
그랜드 하얏트 서울
① 객실 : 호텔 직판 패키지 예약 시 객실 업그레이드
제외 기간 : 공휴일(대체 공휴일 포함), 극성수기(7~8월), 2026. 12. 20 ~ 12. 31
② F&B : 10% 할인(델리 리테일 상품 제외)
대상 업장 : 테라스, 카우리, 스테이크하우스, 텐가이, 파리스바, 풀사이드 바베큐(시즌 운영), 델리
제외 기간 : 공휴일(대체 공휴일 포함), 2026. 12. 20 ~ 12. 31
스탠다드룸에서 한강 전망 객실로 업그레이드되며, 잔여 객실 상황에 따라 변경될 수 있음
그랜드 워커힐 서울
① 객실 : 패키지 5% 할인
제외 기간 : 2026. 12. 24, 12. 31
② F&B : 10% 할인
이벤트 메뉴, 런치박스, 리버파크, 룸서비스 및 연회 제외
더 플라자
① 객실 : 시즌 패키지 3만원 할인
일부 이벤트 패키지 제외
② F&B : 10% 할인
대상 업장 : 세븐 스퀘어, 블랑제리 더 플라자, 더라운지(음료 및 주류에 한함)
가족연(돌잔치, 장수연) 5% 할인(웨딩 제외)
③ 지스텀 더 플라자 10% 할인
더 플라자 P-Collection 상품 포함
가족연 할인은 the Black, the Purple, the Red 보유 회원에 한해 제공
세븐스퀘어, 블랑제리 더 플라자, 더라운지 : 2026년 9월 30일까지 영업 후 종료
레스케이프
① 객실 : 시즌 패키지 10% 할인
제외 기간 : 2026. 12. 24 ~ 12. 26, 12. 31
② F&B : 10% 할인
대상 업장 : 라망 시크레, 팔레드 신, 마크다모르, 티살롱, 리테일(PB상품)
룸서비스, 미바, 리테일 상품, 대관 행사, 갈라디너 제외(주류는 칵테일 등 제조 주류에 한함)
호텔 리테일 PB 상품 한정 10% 할인
③ 연회 : 돌잔치 및 웨딩 애프터파티 10% 할인
돌잔치 : 팔레드 신 돌잔치 전용 메뉴 8인 이상 이용 시 제공(1인, 20만원)
웨딩 애프터파티 : 마크 다모르 전용 메뉴 30인 이상 이용 시 제공(1인, 12만원)
④ 스파 : 스위스퍼펙션 10% 할인
일부 프로그램 및 ADD ON 상품 제외
제외 기간 : 2026. 12. 24 ~ 12. 26, 12. 31
호텔 리테일 PB 상품 한정 할인은 the Black, the Purple 보유 회원에 한해 제공
롯데호텔 월드
① 객실 : 호텔 직판 계절 패키지 5% 할인
제외 기간 : 2026. 2. 13 ~ 2. 17, 5. 1 ~ 5. 5, 7. 27 ~ 8. 2, 9. 24 ~ 9. 26, 12. 24 ~ 12. 26, 12. 30 ~ 12. 31
② F&B : 직영 업장 10% 할인
계절 패키지 할인은 the Black, the Purple, the Red, 대한항공카드 the First 보유 회원에 한해 제공되며 얼리버드, 특가 등 일부 패키지 제외
F&B 할인은 카드당 1테이블 기준으로 제공
롯데호텔 서울
① 객실 : 호텔 직판 계절 패키지 5%/10% 할인, 정상가 기준 30% 할인
제외 기간 : 2026. 5. 1 ~ 5. 5, 8. 15 ~ 8. 17, 12. 24 ~ 12. 31
② F&B : 직영 업장 10% 할인
계절 패키지 10% 할인은 the Black, 계절 패키지 5% 할인은 the Purple, the Red, 대한항공카드 the First  보유 회원에 한해 제공되며 얼리버드, 특가 등 일부 패키지 제외
F&B 할인은 카드당 1테이블 기준으로 제공
르메르디앙 & 목시 서울 명동
① 객실 : 객실 패키지 10% 할인
제외 기간 : 2026. 3. 1 ~ 3. 2, 5. 2 ~ 5. 4, 12. 24 ~ 12. 31
② F&B : 10% 할인
제외 기간 : 2026. 1. 1, 12. 24 ~ 12. 25, 12. 31
계절 패키지 할인은 연박 이용 시 제외
메리어트 이그제큐티브 아파트먼트 서울
① 객실 : 패키지 10% 할인
할인 패키지, 제휴사 패키지, 스테이 포 브렉퍼스트 등 일부 패키지 제외
② F&B : 10% 할인
이벤트 상품, 리테일 상품, 룸서비스, 주류 제외
③ 스파 : 트리트먼트 10% 할인
패키지, 리테일 상품, 일부 이벤트 상품 제외
④ 기타 : 명절 선물세트 5% 할인
명절선물세트 할인은 the Black, the Purple, the Red 보유 회원에 한해 제공
반얀트리 클럽 앤 스파 서울
① 객실 : BAR 기준 시즌 패키지 10% 할인
제외 기간 : 2026. 12. 24 ~ 12. 26, 12. 31
② F&B : 10% 할인
대상 업장 : 그라넘 다이닝 라운지, 페스타 바이 충후
제외 기간 : 2026. 12. 24 ~ 12. 26, 12. 31
③ 스파 : 10% 할인
스파 트리트먼트, 갤러지 제품 한정
비스타 워커힐 서울
① 객실 : 패키지 5% 할인
제외 기간 : 2026. 12. 24, 12. 31
② F&B : 10% 할인
이벤트 메뉴, 런치박스, 룸서비스 및 연회 제외
서울신라호텔
① 객실 : Best Available Rate 기준 5% 할인
제외 기간 : 2026. 12. 24, 12. 31 , 토요일
② F&B : 10% 할인
대상 업장 : 팔선, 아리아께, 콘티넨탈, 라연, 더 파크뷰,
더 라이브러리, 패스트리 부티크
1박당 2객실까지 혜택 제공(어번 아일랜드 제외)
서울신라호텔 공식 홈페이지 및 앱에서 예약 시 혜택 제외
소피텔 앰배서더 서울 호텔
① 객실 : 당일 판매가 기준 15% 할인 또는
객실 패키지 10% 할인
제외 기간 : 2026. 1. 1, 12. 24 ~ 12. 26, 12. 31
② F&B : 10% 할인
대상 업장 : 페메종, 미오, 쟈뎅 디베르, 레스파스, 라티튜드32
제외 기간 : 2026. 1. 1, 2. 14, 2. 17, 5. 5, 5. 8, 12. 24 ~ 12. 25, 12. 31
③ 스파 : 10% 할인
리테일 상품 제외
the Black, the Purple, the Red, 현대카드 Summit, 대한항공카드 150·the First, American Express The Platinum Card
Edition2, American Express
Gold Card Edition2, American Express
Green Card Edition2, American Express The Platinum Card
, American Express
Gold Card, American Express
Green Card, 카카오뱅크 BUSINESS 현대카드 PRIME 보유 회원에 한해 제공
쉐라톤 그랜드 인천 호텔
① 객실 : 공식  홈페이지 BAR(Best Available Rate) 기준 10% 할인
② 식음 업장 : 10% 할인
주류, 룸서비스, 미니바, 연회 제외
스위스 그랜드 호텔
① 객실 : 정상가 기준 30% 할인, Net Price 기준 패키지 5% 할인
② F&B : 10% 할인
연회장, 델리, 룸서비스, 미니바, 음료, 주류 제외
안다즈 서울 강남
① 객실 : 공식 홈페이지 BAR(Best Available Rate) 기준 10% 할인
제외 기간 : 2026. 2. 28, 3. 1, 5. 2, 5. 22 ~ 5. 24, 7. 25, 8. 1, 8. 8, 8. 14 ~ 8. 16, 10. 3 ~ 10. 4, 10. 9 ~ 10. 10, 12. 24 ~ 12. 26, 12. 31
② F&B : 10% 할인
대상 업장 : 조각보 미트앤코 스테이크 하우스, 조각보 키친, 바이츠 앤 와인
제외 기간 : 2026. 5. 5, 12. 24 ~ 25, 12. 31
앰배서더 서울 풀만 호텔
① 객실 정상가 및 BAR(Best Available Rate) 기준 15,000원 할인, 패키지 10,000원 할인
제외 기간 : 2026. 12. 24, 12. 25, 12. 31
② F&B : 10% 할인
대상 업장 : 더 킹스, 풀하우스 테라스, 더 라운지 앤 바, 1955 그로세리아(베이커리, 다이닝)
제외 기간 : 2026. 1. 1, 2. 14, 5. 5, 12. 24 ~ 12. 26, 12. 31
③ 웰니스 센터 : 필라테스 클래스 10% 할인
객실 할인은 호텔 홈페이지 또는 예약실을 통해 예약 시에 한해 제공
웨스틴 서울 파르나스
① 객실 : BFR(Best Flexible Rate, 당일 최저가) 요금 10% 할인
제외 기간 : 2026. 4. 30 ~ 5. 2, 9. 24 ~ 9. 27, 10. 3 ~ 10. 4, 10. 30 ~ 10. 31, 11. 20 ~ 11. 21, 12. 24 ~ 12. 26, 12. 31
② F&B : 10% 할인
대상 업장 : 온테이블, 아시안 라이브
이벤트 상품 및 외부 아이템 중복 할인 제외
제외 기간 : 2026. 12. 24 ~ 12. 31
음료 및 주류 스시 카네사카, 연회 Private Dining, 이벤트 상품 및 외부 아이템 중복 할인 제외
웨스틴 조선 서울
① 객실 : 정상가 기준 30% 할인 , 패키지 10% 할인
② F&B : 10% 할인
대상 업장 : 아리아, 루브리카, 홍연, 조선델리, 라운지&바, 나인스게이트, 스시조
제외 기간 : 2026. 5. 5, 12. 24 ~ 12. 25, 12. 31, 업장 이벤트 기간
③ 연회 : 웨딩 코스 메뉴 5% 할인, 케이크 50% 할인
기간(2026. 1. 1 ~ 12. 31) 내 예식 및 하객 인원 200명 이상 시 제공(토요일 점심 및 음료, 부대비용 제외)
객실 패키지 할인은 조선호텔앤리조트 공식 홈페이지 에서 판매되고 있는 상품에 한해 제공
연회 할인은 the Black, the Purple 보유 회원에 한해 제공(음료, 부대 비용 제외)
인스파이어 엔터테인먼트 리조트
① 객실 : 인스파이어 홈페이지를 통한 예약 또는 유선상 예약 시 10% 할인
② F&B : 10% 할인
대상 업장 : 셰프스 키친, 마이클 조던 스테이크 하우스, 브라세리 1783, 하이파이 코리안 소울 푸드, 가든 팜 카페, 홍반, 미나기, MJ23 스포츠 바 앤 그릴, 오로라 바, 호라이즌 라운지
③ 기타 : 스플래시 베이 이용권 20% 할인
객실 및 F&B 할인은 프리미엄 카드 회원에 한해 제공
홈페이지를 통한 객실 예약의 경우 프로모션 코드* 입력 필수
* 룸 온리 : 15HDRO / 룸+2인 조식 : 15HDBF / 룸+스플래시 베이 : 15HDSP
유선 예약 시 현대카드 전용 패키지로 예약해야 할인 가능
음료, 주류, 리테일 상품, 이벤트 상품은 할인 제외되며, 중복 할인 적용 불가
조선 팰리스 서울 강남
① 객실 : 정상가 기준 객실 정규 패키지 10% 할인(이벤트 패키지 제외)
제외 기간 : 2026. 12. 24 ~ 12. 26, 12. 31
② F&B : 10% 할인
대상 업장 : 콘스탄스, 이타닉 가든, 더 그레이트 홍연, 조선델리 더 부티크, 1914 라운지&바
주류, 음료, 이벤트 메뉴 및 인룸 다이닝, MD 및 리테일 상품 제외
제외 기간 : 2026. 1. 1, 5. 5, 12. 24, 12. 25, 12. 31, 레스토랑 이벤트, 갈라디너
객실 할인은 the Centurion® Card, the Black 보유 회원에 한해 제공
F&B 할인은 the Centurion, the Black, the Purple, American Express The Platinum Card
보유 회원에 한해 제공
콘래드 서울
① 객실 : 객실 5% 할인, 패키지 5% 할인(유선 예약 전용)
Advanced Purchase 및 일부 패키지 제외
제외 기간 : 서울세계불꽃축제 기간,
2026. 1. 1, 4. 15 ~ 4. 18, 12. 24 ~ 12. 25, 12. 31
② F&B : 10% 할인
대상 업장 : 아트리오, 제스트, 플레임즈, 숯 더 붓처스 엣지, 37바
제외 기간 : 서울세계불꽃축제 기간,
2026. 1. 1, 12. 20 ~ 12. 31
객실 및 패키지 할인은 호텔 예약실을 통한 유선 예약 시에 한해 제공
파라다이스시티/아트파라디소
① 객실 : 시즌 패키지 5% 할인
제외 기간 : 토요일, 2026. 1. 1, 2. 14 ~ 2. 18, 2. 28 ~ 3. 2, 5. 1 ~ 5. 5, 5. 23 ~ 5. 25, 6. 2 ~ 6. 3, 7. 19 ~ 8. 17, 9. 23 ~ 9. 27, 10. 2 ~ 10. 4, 10. 8 ~ 10. 11, 12. 19 ~ 12. 31
② F&B : 10% 할인
대상 업장 : 온더플레이트, 라스칼라, 가든카페, 라운지파라다이스, 라쿠, 루빅, 새라새, 라운지&바 새라새
제외 기간 : 2026. 5. 5, 12. 24 ~ 12. 25, 12. 31
③ 스파 : 10% 현장 할인
더 스칼프 컴포트 엣 파라다이스
더 스파 앳 파라다이스 스파 프로그램
④ 기타 : 씨메르 아쿠아스파 이용권 20% 할인(최대 4인), 원더박스 1일 자유이용권 20% 할인(최대 4인)
제외 기간 : 시설 정기 보수 기간
시즌 패키지 할인은 호텔 예약실을 통한 유선 예약 시에 한해 제공
파크 하얏트 서울
① 객실 : 정상가 기준 10% 할인(스탠다드 객실에 한함)
제외 기간 : 2026. 12 .24 ~ 12. 26, 12. 31
② F&B : 10% 할인
대상 업장 : 코너스톤, 더 라운지, 더 팀버 하우스
제외 기간 : 2026. 12. 24 ~ 12. 27, 12. 31 및 특별 이벤트 기간
페어몬트 앰배서더 서울
① 객실 : 공식 홈페이지 공시 가격(Published Rate) 기준 객실 패키지 10% 할인
제외 기간 : 2026. 12. 24 ~ 12. 26, 12. 31, 서울세계불꽃축제 기간
② F&B : 10% 할인
대상 업장 : 더 아트리움 라운지, 스펙트럼, 마리포사, M29
제외 기간 : 2026. 12. 24 ~ 12. 25, 12. 31, 서울세계불꽃축제 기간
호텔 예약실을 통한 유선 예약 시에 한해 제공
포시즌스 호텔 서울
① 객실 : 공식 홈페이지 공시 가격(Published Rate) 기준 주중 10% 할인
Room Only 상품에 한함
제외 기간 : 2026. 12. 24, 12. 31
② F&B : 10% 할인
대상 업장 : 보칼리노, 더 마켓 키친, 유유안, 오울
제외 기간 : 2026. 12. 20 ~ 12. 31
③ 스파 : 트리트먼트 10% 할인
리테일 상품 제외
제외 기간 : 2026. 1. 1, 2. 14 ~ 2. 18, 9. 24 ~ 9. 27, 12. 21 ~ 12. 31
the Black, the Purple, the Red, 현대카드 Summit, American Express The Platinum Card
Edition2, American Express
Gold Card Edition2, American Express Platinum Card
, American Express
Gold Card, 미래에셋 현대카드 Gold·Diamond 보유 회원에 한해 제공
하얏트 리젠시 인천 파라다이스시티
① 객실 : 하얏트 브랜드 닷컴 일일 기준 요금 5% 할인
제외 기간 : 토요일, 2026. 5. 1 ~ 5. 5, 5. 23 ~ 25, 6. 2 ~ 6. 3, 6. 5 ~ 6. 6, 7. 16 ~ 8. 17, 9. 23 ~ 9. 27, 10. 2 ~ 10. 4, 10. 8 ~ 10. 11, 12. 19 ~ 12. 31
② F&B : 10% 할인
대상 업장 : 마켓카페, 스웰라운지
마켓카페 조식 뷔페, 룸서비스, 풀하우스, 리젠시 클럽, 연회장, 음료 및 주류, 미니바, 계절 프로모션 메뉴 제외
제외 기간 : 2026. 5. 5, 12. 24 ~ 12. 25, 12. 31
객실 할인은 호텔 예약실을 통한 유선 예약 시에 한해 제공
JW메리어트 동대문 스퀘어 서울
① 객실 : 공식 홈페이지 BAR(Best Available Rate) 기준 5% 할인
제외 기간 : 2026. 5. 3 ~ 5. 4, 12. 24, 12. 31
② F&B : 10% 할인
Tavolo 24, BLT Steak 이용 시 제공(1회 최대 20명)
연회, 룸서비스, 미니바, SBC 리테일 상품 제외
③ 스파 : 10% 할인
리테일 상품 제외
JW 메리어트 호텔 서울
① 객실 : 공식 홈페이지 BAR(Best Available Rate) 기준 상시 10% 할인
제외 기간 : 2026. 5. 2 ~ 5. 4, 12. 24 ~ 12. 26
② F&B : 10% 할인
대상 업장 : 플레이버즈, 더 마고 그릴, 타마유라
제외 기간 : 2026. 5. 5, 12. 24 ~ 12. 25, 12. 31
그랜드 조선 부산
① 객실 : 정상가 기준 월~목요일 40% 할인, 금·일요일 30% 할인, 토요일 및 성수기 20% 할인
성수기 : 2026. 1. 1, 2. 13 ~ 2. 17, 2. 27 ~ 3. 1, 4. 10, 5, 1 ~ 5. 5, 5. 22 ~ 5. 24, 6. 5 ~ 6. 6, 7. 17 ~ 8. 16, 9. 24 ~ 9. 27, 10. 2 ~ 10. 5, 10. 9 ~ 10. 11, 12. 24, 12. 26
제외 기간 : 2026. 12. 25, 12. 31
② F&B : 10% 할인
대상 업장 : 아리아, 팔레드 신, 라운지앤바 테라스292, 조선 델리
음료, 주류, 연회, 인룸다이닝, 조선델리 MD, 리테일 상품 제외
제외 기간 : 2026. 1. 1, 5. 5, 12. 24 ~ 12. 26, 12. 31
③ 연회 : 웨딩 및 가족연 Food 5% 할인
주류, 음료, 부대 비용 제외 및 프로모션 행사와 중복 적용 불가
자녀 관련 연회 시 가족관계증명서 등 증빙 서류 제출 필수
연회 할인은 the Black, the Purple, the Red 보유 회원에 한해 제공
롯데호텔 부산
① 객실 : 정상가 기준 30% 할인, 객실 패키지 5% 할인
② F&B : 10% 할인(리테일 상품 및 연회성 행사 제외)
③ 기타 : 델리카한스(베이커리) 제빵, 케이크류 20% 할인
객실 패키지 할인은 the Black, the Purple, the Red, 대한항공카드 the First 보유 회원에 한해 제공
델리카한스(베이커리) 할인은 the Black, the Purple, the Red 보유 회원에 한해 제공
웨스틴 조선 부산
① 객실 : 정상가 기준 일~목요일 40% 할인, 금·토요일 및 공휴일 30% 할인, 성수기 20% 할인
30% 할인 적용 기간 : 2026. 1. 27 ~ 1. 30, 2. 28, 3. 2, 5. 1, 5. 4 ~ 5. 5, 6. 5 ~ 6. 6, 10. 2 ~ 10. 10, 12. 24
성수기 : 2026. 7. 18 ~ 8. 16
제외 기간 : 2026. 12. 31
② F&B : 10% 할인
대상 업장 : 셔블, 오스킴, 까밀리아, 파노라마라운지, 조선델리
제외 기간 : 2026. 1. 1, 5. 5, 12. 24 ~ 12. 25, 12. 31
파라다이스호텔 부산
① 객실 : 정상가 기준 일~목요일 40% 할인, 금·토요일 및 공휴일 30% 할인, 객실 패키지 5% 할인
제외 기간 : 2026. 7. 1 ~ 8. 31, 12. 24 ~ 12. 26, 12. 30 ~ 2027. 1. 2 및 부산불꽃축제 등 호텔이 지정한 국제 행사 기간
② F&B : 10% 할인
연회장, 룸서비스, 미니바, 가든행사, 레저 식음료, 라운지 파라다이스, 바닉스, 임대 업장(본앤브랜드), 부티크베이커리(일부 상품), 레스토랑 서비스 중 20인 이상의 예약 또는 연회성 행사 제외
객실 패키지 할인은 the Black, the Purple, the Red, the Green, the Pink 보유 회원에 한해 제공
파크 하얏트 부산
① 객실 : 하얏트 요금 기준 스탠다드 객실 10% 할인
제외 기간 : 부산불꽃축제 기간, 2026. 12. 24 ~ 12. 25, 12. 31
② F&B : 10% 할인
대상 업장 : 다이닝룸, 리빙룸
제외 기간 : 부산불꽃축제 기간, 2026. 12. 24 ~ 12. 27, 12. 31, 와인/갈라/사케디너 등 스페셜 이벤트 및 이벤트 기간
F&B 할인은 다른 할인 서비스 및 쿠폰, 이벤트, 제휴 카드 혜택과 중복 적용 불가
그랜드 조선 제주
① 객실 : 5% 할인
이벤트 상품 제외
②F&B : 10% 할인
대상 업장 : 아리아, 루브리카, 라운지앤바, 잇투오
제외 기간 : 2026. 5. 5, 12. 24 ~ 12. 25 및 갈라디너 등 업장 이벤트 기간
호텔 홈페이지를 통해 예약 시에 한해 제공
그랜드 하얏트 제주
① 객실 : 공식 홈페이지 요금 기준 10% 할인
② F&B : 10% 할인
대상 업장 : 갤러리 라운지, 99밸리, 차이나 하우스, 제주 핫팟, 녹나무, 그랜드 키친, 유메야마, 카페8
③ 스파 : 트리트먼트 10% 할인
이벤트 상품, 제품 구매, 찜질스파 제외
로즈베이 스파는 토요일 제외
제외 기간 : 2026. 2. 13 ~ 2. 22, 5. 1 ~ 5. 6, 7. 24 ~ 8. 23, 9. 24 ~ 9. 27, 10. 1 ~ 10. 7, 12. 24 ~ 12. 27, 12. 31 ~ 2027. 1. 3 및 모든 공휴일
롯데호텔 제주
① 객실 : 호텔 직판 상시 패키지 5%/10% 할인
얼리버드 및 특가 등 일부 패키지 제외
③ F&B : 10% 할인
호텔 직판 상시 패키지 10% 할인은 the Black, 5% 할인은 the Purple, the Red, 대한항공카드 the First 보유 회원에 한해 제공
다른 할인 서비스 및 쿠폰, 이벤트, 제휴 카드 혜택과 중복 적용 불가
F&B 할인은 카드당 1테이블 기준으로 제공
메종글래드제주
① 객실 : 정상가 기준 50% 할인, 성수기 30% 할인, 객실 패키지 10% 할인
성수기 : 2026. 7. 18 ~ 8. 24
② F&B : 20% 할인(삼다정)
제주신라호텔
① 객실 : BAR (Best Available Rate) 기준 5% 할인
이벤트 상품, 패키지 및 일부 상품 제외
② F&B : 10% 할인
대상 업장 : 히노데, 더 파크뷰, 바당, 올래 바, 패스트리 부티크
대한항공카드 이용 시 할인 제외
호텔 예약실을 통한 유선 예약 시에 한해 제공
파르나스 호텔 제주
① 객실 : BFR(Best Flexible Rate, 당일 최저가) 요금 10% 할인
제외 기간 : 2026. 2. 14 ~ 2. 18, 2. 28 ~ 3. 2, 5. 1 ~ 5. 5, 5. 23 ~ 5. 25, 7. 17 ~ 8. 17, 9. 24 ~ 9. 27
② F&B : 10% 할인
대상 업장 : 콘페티, 폰드메르 라운지&바, 바르
③ 스파 : 본에스티스 스파 10% 할인
음료 및 주류 스시 카네사카, 연회 Private Dining, 이벤트 상품 및 외부 아이템 중복 할인 제외
포도호텔
① 객실 : 정상가 기준 10~40% 할인 및 조식 제공
the Black, the Purple, the Red, the Green, 대한항공카드 the First, American Express The Platinum Card
Edition2, American Express
Gold Card Edition2, American Express
Green Card Edition2 보유 회원에 한해 제공
해비치호텔앤드리조트 제주
① 객실 : 정규 패키지 10% 할인
골프 패키지 제외
제외 기간 : 2026. 7. 16 ~ 8. 20
② F&B : 10% 할인
대상 업장 : 섬모라, 99바, 밀리우, 마고 및 해비치 C.C 클럽 하우스, 메르 & 테르
③ 스파 : 10% 할인
④ 골프 : 정상가 기준 해비치 CC 그린피 주중 20% 할인, 주말 10% 할인
넥슨 현대카드 UNLIMITED로 이용 시 할인 제외
스파 할인은 the Black, the Purple, the Red 보유 회원에 한해 제공
히든 클리프 호텔 & 네이쳐
① F&B : 10% 할인
시즌 이벤트 메뉴, 주류 및 룸서비스, 인피니티바 제외
② 스파 : 보떼에르 스파 바이 록시땅 10% 할인
이벤트 상품 제외
호텔 홈페이지를 통해 예약 시에 한해 제공
대구 메리어트 호텔
① 객실 : 패키지 상품 5% 할인
제외 기간 : 2026. 12. 24, 12. 31
② F&B : 10% 할인
대상 업장 : 어반 키친, 동문, 라운지&바
제외 기간 : 2026. 12. 24 ~ 12. 25, 12. 31
호텔 홈페이지에서 판매 중인 패키지에 한해 제공(단, 루프탑 패키지 제외)
라한셀렉트 경주
① 객실 : BAR(Best Available Rate) 기준 일~금요일 10% 할인, 토요일 및 성수기 5% 할인
② F&B : 더플레이트 10% 할인
롯데호텔 울산
① 객실 : 호텔 직판 상시 패키지 5% 할인
얼리버드 및 특가 등 일부 패키지 제외
제외 기간 : 2026. 5. 3 ~ 5. 5, 7. 26 ~ 8. 9, 8. 15~ 8. 16, 10. 3 ~ 10. 11, 12. 24, 12. 31
② F&B : 10% 할인
대상 업장 : 델리카한스, 페닌슐라
호텔 직판 상시 패키지 할인은 the Black, the Purple, the Red, 대한항공카드 the First 보유 회원에 한해 제공
F&B 할인은 카드당 1테이블 기준으로 제공
브리브 광주 바이 롯데호텔
① 객실 : 정상가 기준 일~목요일 40% 할인, 금·토요일 30% 할인
② F&B : 10% 할인
대상 업장 : 뷔페 레스토랑 파라뷰, 중식당 쉥카이
제외 기간 : 2026. 12. 20 ~ 12. 31
사우스케이프
① F&B : 업장에서 현장 결제 시 10% 할인
음료, 주류, 룸서비스, 이벤트 메뉴 제외
② 스파 : 10% 할인
이용일 1일 전까지 사전 예약 필수
the Black, the Purple, the Red, the Green, the Pink, American Express The Platinum Card
Edition2, American Express
Gold Card Edition2, American Express
Green Card Edition2, American Express The Platinum Card
, American Express
Gold Card, American Express
Green Card 보유 회원에 한해 제공
이용 전 호텔로 혜택 적용 가능 여부 확인 필수(미확인 시 혜택 적용 불가할 수 있음)
소노캄 고양
① 객실 : BAR(Best Available Rate) 기준 10% 할인
② F&B : 10% 할인
대상 업장 : 셰프스 키친, 죽림, 일라고
③ 기타 : 사우나 50% 할인
객실 할인은 예약 가능한 잔여 객실이 있는 경우에 한해 제공
사우나 할인은 본인 회원에 한해 제공
씨마크 호텔
① 객실 : BAR(Best Available Rate) 기준 프리미엄 디럭스 룸 10% 할인
② F&B : 더 레스토랑 10% 할인
the Black, the Purple, the Red, the Green 보유 회원에 한해 제공
알펜시아
① 객실 : BAR(Best Available Rate) 기준으로 25% 할인
② F&B : 음식 10% 할인
음료, 주류, 인룸다이닝, 미니바, 연회 제외
제외 기간 : 크리스마스 디너 뷔페, 추석 디너 뷔페 등 이벤트 기간
오노마 대전 오토그래프컬랙션
① 객실 : 객실 정규 패키지 10% 할인
② F&B : 5% 할인
대상 업장 : 타운하우스, 오노마 라운지
켄싱턴 스타호텔 설악
① 객실 : 정상가 기준 주중 일~목요일 30% 할인, 금·토요일 20%, 연휴 및 성수기 10% 할인
패키지 상품 제외
② F&B : 10% 할인
이벤트 및 음료, 주류, 미팅 시설 이용료 제외
호텔인터불고 엑스코
① 객실 : 정상가 기준 40% 할인
② F&B : 10% 할인
최대 5인 이용 가능(공휴일 제외)
임대 업장 및 주류 제외
호텔현대 바이 라한 울산
① 객실 : BAR(Best Available Rate) 기준 10% 상시 할인, 성수기 5% 할인
② F&B : 10% 할인
대상 업장 : 디오븐, 더플레이트, 더터번",2026-06-06 17:21:11
TGE3_E0005,TGE3,현대,the Green Edition3,FEX699,2026년 제휴 호텔 이벤트 혜택 안내,https://www.hyundaicard.com/cpb/ev/CPBEV0101_06.hc?bnftWebEvntCd=FEX699,2026-01-01,2026-12-31,할인,이용 방법,"예약 시 현대카드 이벤트 이용 예정임을 알리고, 이용 시 본인 명의 대상 카드로 결제",2026-06-06 17:21:11
TGE3_E0005,TGE3,현대,the Green Edition3,FEX699,2026년 제휴 호텔 이벤트 혜택 안내,https://www.hyundaicard.com/cpb/ev/CPBEV0101_06.hc?bnftWebEvntCd=FEX699,2026-01-01,2026-12-31,할인,확인사항,"확인해 주세요
위 혜택은 대상 카드로 결제 시 적용됩니다.
현대카드 Chameleon 및 앱카드, 간편결제 서비스(네이버페이 등) 이용 시 혜택 제외
호텔 사정에 따라 특정 날짜, 특정 상품은 혜택 제공이 불가할 수 있습니다.
F&B 혜택 대상에서 연회*, 인룸다이닝, 미니바, 임대 업장, 소매 상품, 음료 및 주류, 갈라 디너 등의 이벤트 메뉴는 제외됩니다.
*20인 이상의 예약 또는 연회성 행사(호텔별 적용 인원 기준이 다르니 이용 전 각 호텔로 문의)
다른 혜택(바우처, 쿠폰, 호텔 멤버십 적립, 할인 등) 및 이벤트와 중복 적용되지 않습니다.
예약 안내 및 유의사항 등 자세한 내용은 대상 호텔로 문의해 주세요.
위 혜택은 현대카드 및 제휴사 사정에 따라 변경 또는 중단될 수 있습니다.",2026-06-06 17:21:11
TPIE2_E0005,TPIE2,현대,the Pink Edition2,FEX699,2026년 제휴 호텔 이벤트 혜택 안내,https://www.hyundaicard.com/cpb/ev/CPBEV0101_06.hc?bnftWebEvntCd=FEX699,2026-01-01,2026-12-31,할인,혜택,"기간 내 대상 호텔 이용 시 객실 및 F&B 등 5~40% 즉시 할인
호텔별 제공 혜택, 대상 카드, 할인율은 아래 '대상 호텔'에서 확인 가능",2026-06-06 17:21:11
TPIE2_E0005,TPIE2,현대,the Pink Edition2,FEX699,2026년 제휴 호텔 이벤트 혜택 안내,https://www.hyundaicard.com/cpb/ev/CPBEV0101_06.hc?bnftWebEvntCd=FEX699,2026-01-01,2026-12-31,할인,기간,2026. 1. 1 ~ 12. 31,2026-06-06 17:21:11
TPIE2_E0005,TPIE2,현대,the Pink Edition2,FEX699,2026년 제휴 호텔 이벤트 혜택 안내,https://www.hyundaicard.com/cpb/ev/CPBEV0101_06.hc?bnftWebEvntCd=FEX699,2026-01-01,2026-12-31,할인,대상,"대상 카드 기소지 회원
대상 호텔 리스트
호텔명
혜택
유의사항
그랜드 인터컨티넨탈 서울 파르나스
① 객실 : BFR(Best Flexible Rate, 당일 최저가) 요금 10% 할인
제외 기간 : 2026. 9. 12, 11. 21, 12. 24 ~ 12. 26, 12. 31
② F&B : 10% 할인
대상 업장 : 히노츠키, 웨이루, 그랜드 키친, 메르카토521
제외 기간 : 2026. 12. 24 ~ 12. 31
음료 및 주류 스시 카네사카, 연회 Private Dining, 메르카토521 식사 외 메뉴 제외
이벤트 상품 및 외부 아이템 중복 할인 제외
그랜드 하얏트 서울
① 객실 : 호텔 직판 패키지 예약 시 객실 업그레이드
제외 기간 : 공휴일(대체 공휴일 포함), 극성수기(7~8월), 2026. 12. 20 ~ 12. 31
② F&B : 10% 할인(델리 리테일 상품 제외)
대상 업장 : 테라스, 카우리, 스테이크하우스, 텐가이, 파리스바, 풀사이드 바베큐(시즌 운영), 델리
제외 기간 : 공휴일(대체 공휴일 포함), 2026. 12. 20 ~ 12. 31
스탠다드룸에서 한강 전망 객실로 업그레이드되며, 잔여 객실 상황에 따라 변경될 수 있음
그랜드 워커힐 서울
① 객실 : 패키지 5% 할인
제외 기간 : 2026. 12. 24, 12. 31
② F&B : 10% 할인
이벤트 메뉴, 런치박스, 리버파크, 룸서비스 및 연회 제외
더 플라자
① 객실 : 시즌 패키지 3만원 할인
일부 이벤트 패키지 제외
② F&B : 10% 할인
대상 업장 : 세븐 스퀘어, 블랑제리 더 플라자, 더라운지(음료 및 주류에 한함)
가족연(돌잔치, 장수연) 5% 할인(웨딩 제외)
③ 지스텀 더 플라자 10% 할인
더 플라자 P-Collection 상품 포함
가족연 할인은 the Black, the Purple, the Red 보유 회원에 한해 제공
세븐스퀘어, 블랑제리 더 플라자, 더라운지 : 2026년 9월 30일까지 영업 후 종료
레스케이프
① 객실 : 시즌 패키지 10% 할인
제외 기간 : 2026. 12. 24 ~ 12. 26, 12. 31
② F&B : 10% 할인
대상 업장 : 라망 시크레, 팔레드 신, 마크다모르, 티살롱, 리테일(PB상품)
룸서비스, 미바, 리테일 상품, 대관 행사, 갈라디너 제외(주류는 칵테일 등 제조 주류에 한함)
호텔 리테일 PB 상품 한정 10% 할인
③ 연회 : 돌잔치 및 웨딩 애프터파티 10% 할인
돌잔치 : 팔레드 신 돌잔치 전용 메뉴 8인 이상 이용 시 제공(1인, 20만원)
웨딩 애프터파티 : 마크 다모르 전용 메뉴 30인 이상 이용 시 제공(1인, 12만원)
④ 스파 : 스위스퍼펙션 10% 할인
일부 프로그램 및 ADD ON 상품 제외
제외 기간 : 2026. 12. 24 ~ 12. 26, 12. 31
호텔 리테일 PB 상품 한정 할인은 the Black, the Purple 보유 회원에 한해 제공
롯데호텔 월드
① 객실 : 호텔 직판 계절 패키지 5% 할인
제외 기간 : 2026. 2. 13 ~ 2. 17, 5. 1 ~ 5. 5, 7. 27 ~ 8. 2, 9. 24 ~ 9. 26, 12. 24 ~ 12. 26, 12. 30 ~ 12. 31
② F&B : 직영 업장 10% 할인
계절 패키지 할인은 the Black, the Purple, the Red, 대한항공카드 the First 보유 회원에 한해 제공되며 얼리버드, 특가 등 일부 패키지 제외
F&B 할인은 카드당 1테이블 기준으로 제공
롯데호텔 서울
① 객실 : 호텔 직판 계절 패키지 5%/10% 할인, 정상가 기준 30% 할인
제외 기간 : 2026. 5. 1 ~ 5. 5, 8. 15 ~ 8. 17, 12. 24 ~ 12. 31
② F&B : 직영 업장 10% 할인
계절 패키지 10% 할인은 the Black, 계절 패키지 5% 할인은 the Purple, the Red, 대한항공카드 the First  보유 회원에 한해 제공되며 얼리버드, 특가 등 일부 패키지 제외
F&B 할인은 카드당 1테이블 기준으로 제공
르메르디앙 & 목시 서울 명동
① 객실 : 객실 패키지 10% 할인
제외 기간 : 2026. 3. 1 ~ 3. 2, 5. 2 ~ 5. 4, 12. 24 ~ 12. 31
② F&B : 10% 할인
제외 기간 : 2026. 1. 1, 12. 24 ~ 12. 25, 12. 31
계절 패키지 할인은 연박 이용 시 제외
메리어트 이그제큐티브 아파트먼트 서울
① 객실 : 패키지 10% 할인
할인 패키지, 제휴사 패키지, 스테이 포 브렉퍼스트 등 일부 패키지 제외
② F&B : 10% 할인
이벤트 상품, 리테일 상품, 룸서비스, 주류 제외
③ 스파 : 트리트먼트 10% 할인
패키지, 리테일 상품, 일부 이벤트 상품 제외
④ 기타 : 명절 선물세트 5% 할인
명절선물세트 할인은 the Black, the Purple, the Red 보유 회원에 한해 제공
반얀트리 클럽 앤 스파 서울
① 객실 : BAR 기준 시즌 패키지 10% 할인
제외 기간 : 2026. 12. 24 ~ 12. 26, 12. 31
② F&B : 10% 할인
대상 업장 : 그라넘 다이닝 라운지, 페스타 바이 충후
제외 기간 : 2026. 12. 24 ~ 12. 26, 12. 31
③ 스파 : 10% 할인
스파 트리트먼트, 갤러지 제품 한정
비스타 워커힐 서울
① 객실 : 패키지 5% 할인
제외 기간 : 2026. 12. 24, 12. 31
② F&B : 10% 할인
이벤트 메뉴, 런치박스, 룸서비스 및 연회 제외
서울신라호텔
① 객실 : Best Available Rate 기준 5% 할인
제외 기간 : 2026. 12. 24, 12. 31 , 토요일
② F&B : 10% 할인
대상 업장 : 팔선, 아리아께, 콘티넨탈, 라연, 더 파크뷰,
더 라이브러리, 패스트리 부티크
1박당 2객실까지 혜택 제공(어번 아일랜드 제외)
서울신라호텔 공식 홈페이지 및 앱에서 예약 시 혜택 제외
소피텔 앰배서더 서울 호텔
① 객실 : 당일 판매가 기준 15% 할인 또는
객실 패키지 10% 할인
제외 기간 : 2026. 1. 1, 12. 24 ~ 12. 26, 12. 31
② F&B : 10% 할인
대상 업장 : 페메종, 미오, 쟈뎅 디베르, 레스파스, 라티튜드32
제외 기간 : 2026. 1. 1, 2. 14, 2. 17, 5. 5, 5. 8, 12. 24 ~ 12. 25, 12. 31
③ 스파 : 10% 할인
리테일 상품 제외
the Black, the Purple, the Red, 현대카드 Summit, 대한항공카드 150·the First, American Express The Platinum Card
Edition2, American Express
Gold Card Edition2, American Express
Green Card Edition2, American Express The Platinum Card
, American Express
Gold Card, American Express
Green Card, 카카오뱅크 BUSINESS 현대카드 PRIME 보유 회원에 한해 제공
쉐라톤 그랜드 인천 호텔
① 객실 : 공식  홈페이지 BAR(Best Available Rate) 기준 10% 할인
② 식음 업장 : 10% 할인
주류, 룸서비스, 미니바, 연회 제외
스위스 그랜드 호텔
① 객실 : 정상가 기준 30% 할인, Net Price 기준 패키지 5% 할인
② F&B : 10% 할인
연회장, 델리, 룸서비스, 미니바, 음료, 주류 제외
안다즈 서울 강남
① 객실 : 공식 홈페이지 BAR(Best Available Rate) 기준 10% 할인
제외 기간 : 2026. 2. 28, 3. 1, 5. 2, 5. 22 ~ 5. 24, 7. 25, 8. 1, 8. 8, 8. 14 ~ 8. 16, 10. 3 ~ 10. 4, 10. 9 ~ 10. 10, 12. 24 ~ 12. 26, 12. 31
② F&B : 10% 할인
대상 업장 : 조각보 미트앤코 스테이크 하우스, 조각보 키친, 바이츠 앤 와인
제외 기간 : 2026. 5. 5, 12. 24 ~ 25, 12. 31
앰배서더 서울 풀만 호텔
① 객실 정상가 및 BAR(Best Available Rate) 기준 15,000원 할인, 패키지 10,000원 할인
제외 기간 : 2026. 12. 24, 12. 25, 12. 31
② F&B : 10% 할인
대상 업장 : 더 킹스, 풀하우스 테라스, 더 라운지 앤 바, 1955 그로세리아(베이커리, 다이닝)
제외 기간 : 2026. 1. 1, 2. 14, 5. 5, 12. 24 ~ 12. 26, 12. 31
③ 웰니스 센터 : 필라테스 클래스 10% 할인
객실 할인은 호텔 홈페이지 또는 예약실을 통해 예약 시에 한해 제공
웨스틴 서울 파르나스
① 객실 : BFR(Best Flexible Rate, 당일 최저가) 요금 10% 할인
제외 기간 : 2026. 4. 30 ~ 5. 2, 9. 24 ~ 9. 27, 10. 3 ~ 10. 4, 10. 30 ~ 10. 31, 11. 20 ~ 11. 21, 12. 24 ~ 12. 26, 12. 31
② F&B : 10% 할인
대상 업장 : 온테이블, 아시안 라이브
이벤트 상품 및 외부 아이템 중복 할인 제외
제외 기간 : 2026. 12. 24 ~ 12. 31
음료 및 주류 스시 카네사카, 연회 Private Dining, 이벤트 상품 및 외부 아이템 중복 할인 제외
웨스틴 조선 서울
① 객실 : 정상가 기준 30% 할인 , 패키지 10% 할인
② F&B : 10% 할인
대상 업장 : 아리아, 루브리카, 홍연, 조선델리, 라운지&바, 나인스게이트, 스시조
제외 기간 : 2026. 5. 5, 12. 24 ~ 12. 25, 12. 31, 업장 이벤트 기간
③ 연회 : 웨딩 코스 메뉴 5% 할인, 케이크 50% 할인
기간(2026. 1. 1 ~ 12. 31) 내 예식 및 하객 인원 200명 이상 시 제공(토요일 점심 및 음료, 부대비용 제외)
객실 패키지 할인은 조선호텔앤리조트 공식 홈페이지 에서 판매되고 있는 상품에 한해 제공
연회 할인은 the Black, the Purple 보유 회원에 한해 제공(음료, 부대 비용 제외)
인스파이어 엔터테인먼트 리조트
① 객실 : 인스파이어 홈페이지를 통한 예약 또는 유선상 예약 시 10% 할인
② F&B : 10% 할인
대상 업장 : 셰프스 키친, 마이클 조던 스테이크 하우스, 브라세리 1783, 하이파이 코리안 소울 푸드, 가든 팜 카페, 홍반, 미나기, MJ23 스포츠 바 앤 그릴, 오로라 바, 호라이즌 라운지
③ 기타 : 스플래시 베이 이용권 20% 할인
객실 및 F&B 할인은 프리미엄 카드 회원에 한해 제공
홈페이지를 통한 객실 예약의 경우 프로모션 코드* 입력 필수
* 룸 온리 : 15HDRO / 룸+2인 조식 : 15HDBF / 룸+스플래시 베이 : 15HDSP
유선 예약 시 현대카드 전용 패키지로 예약해야 할인 가능
음료, 주류, 리테일 상품, 이벤트 상품은 할인 제외되며, 중복 할인 적용 불가
조선 팰리스 서울 강남
① 객실 : 정상가 기준 객실 정규 패키지 10% 할인(이벤트 패키지 제외)
제외 기간 : 2026. 12. 24 ~ 12. 26, 12. 31
② F&B : 10% 할인
대상 업장 : 콘스탄스, 이타닉 가든, 더 그레이트 홍연, 조선델리 더 부티크, 1914 라운지&바
주류, 음료, 이벤트 메뉴 및 인룸 다이닝, MD 및 리테일 상품 제외
제외 기간 : 2026. 1. 1, 5. 5, 12. 24, 12. 25, 12. 31, 레스토랑 이벤트, 갈라디너
객실 할인은 the Centurion® Card, the Black 보유 회원에 한해 제공
F&B 할인은 the Centurion, the Black, the Purple, American Express The Platinum Card
보유 회원에 한해 제공
콘래드 서울
① 객실 : 객실 5% 할인, 패키지 5% 할인(유선 예약 전용)
Advanced Purchase 및 일부 패키지 제외
제외 기간 : 서울세계불꽃축제 기간,
2026. 1. 1, 4. 15 ~ 4. 18, 12. 24 ~ 12. 25, 12. 31
② F&B : 10% 할인
대상 업장 : 아트리오, 제스트, 플레임즈, 숯 더 붓처스 엣지, 37바
제외 기간 : 서울세계불꽃축제 기간,
2026. 1. 1, 12. 20 ~ 12. 31
객실 및 패키지 할인은 호텔 예약실을 통한 유선 예약 시에 한해 제공
파라다이스시티/아트파라디소
① 객실 : 시즌 패키지 5% 할인
제외 기간 : 토요일, 2026. 1. 1, 2. 14 ~ 2. 18, 2. 28 ~ 3. 2, 5. 1 ~ 5. 5, 5. 23 ~ 5. 25, 6. 2 ~ 6. 3, 7. 19 ~ 8. 17, 9. 23 ~ 9. 27, 10. 2 ~ 10. 4, 10. 8 ~ 10. 11, 12. 19 ~ 12. 31
② F&B : 10% 할인
대상 업장 : 온더플레이트, 라스칼라, 가든카페, 라운지파라다이스, 라쿠, 루빅, 새라새, 라운지&바 새라새
제외 기간 : 2026. 5. 5, 12. 24 ~ 12. 25, 12. 31
③ 스파 : 10% 현장 할인
더 스칼프 컴포트 엣 파라다이스
더 스파 앳 파라다이스 스파 프로그램
④ 기타 : 씨메르 아쿠아스파 이용권 20% 할인(최대 4인), 원더박스 1일 자유이용권 20% 할인(최대 4인)
제외 기간 : 시설 정기 보수 기간
시즌 패키지 할인은 호텔 예약실을 통한 유선 예약 시에 한해 제공
파크 하얏트 서울
① 객실 : 정상가 기준 10% 할인(스탠다드 객실에 한함)
제외 기간 : 2026. 12 .24 ~ 12. 26, 12. 31
② F&B : 10% 할인
대상 업장 : 코너스톤, 더 라운지, 더 팀버 하우스
제외 기간 : 2026. 12. 24 ~ 12. 27, 12. 31 및 특별 이벤트 기간
페어몬트 앰배서더 서울
① 객실 : 공식 홈페이지 공시 가격(Published Rate) 기준 객실 패키지 10% 할인
제외 기간 : 2026. 12. 24 ~ 12. 26, 12. 31, 서울세계불꽃축제 기간
② F&B : 10% 할인
대상 업장 : 더 아트리움 라운지, 스펙트럼, 마리포사, M29
제외 기간 : 2026. 12. 24 ~ 12. 25, 12. 31, 서울세계불꽃축제 기간
호텔 예약실을 통한 유선 예약 시에 한해 제공
포시즌스 호텔 서울
① 객실 : 공식 홈페이지 공시 가격(Published Rate) 기준 주중 10% 할인
Room Only 상품에 한함
제외 기간 : 2026. 12. 24, 12. 31
② F&B : 10% 할인
대상 업장 : 보칼리노, 더 마켓 키친, 유유안, 오울
제외 기간 : 2026. 12. 20 ~ 12. 31
③ 스파 : 트리트먼트 10% 할인
리테일 상품 제외
제외 기간 : 2026. 1. 1, 2. 14 ~ 2. 18, 9. 24 ~ 9. 27, 12. 21 ~ 12. 31
the Black, the Purple, the Red, 현대카드 Summit, American Express The Platinum Card
Edition2, American Express
Gold Card Edition2, American Express Platinum Card
, American Express
Gold Card, 미래에셋 현대카드 Gold·Diamond 보유 회원에 한해 제공
하얏트 리젠시 인천 파라다이스시티
① 객실 : 하얏트 브랜드 닷컴 일일 기준 요금 5% 할인
제외 기간 : 토요일, 2026. 5. 1 ~ 5. 5, 5. 23 ~ 25, 6. 2 ~ 6. 3, 6. 5 ~ 6. 6, 7. 16 ~ 8. 17, 9. 23 ~ 9. 27, 10. 2 ~ 10. 4, 10. 8 ~ 10. 11, 12. 19 ~ 12. 31
② F&B : 10% 할인
대상 업장 : 마켓카페, 스웰라운지
마켓카페 조식 뷔페, 룸서비스, 풀하우스, 리젠시 클럽, 연회장, 음료 및 주류, 미니바, 계절 프로모션 메뉴 제외
제외 기간 : 2026. 5. 5, 12. 24 ~ 12. 25, 12. 31
객실 할인은 호텔 예약실을 통한 유선 예약 시에 한해 제공
JW메리어트 동대문 스퀘어 서울
① 객실 : 공식 홈페이지 BAR(Best Available Rate) 기준 5% 할인
제외 기간 : 2026. 5. 3 ~ 5. 4, 12. 24, 12. 31
② F&B : 10% 할인
Tavolo 24, BLT Steak 이용 시 제공(1회 최대 20명)
연회, 룸서비스, 미니바, SBC 리테일 상품 제외
③ 스파 : 10% 할인
리테일 상품 제외
JW 메리어트 호텔 서울
① 객실 : 공식 홈페이지 BAR(Best Available Rate) 기준 상시 10% 할인
제외 기간 : 2026. 5. 2 ~ 5. 4, 12. 24 ~ 12. 26
② F&B : 10% 할인
대상 업장 : 플레이버즈, 더 마고 그릴, 타마유라
제외 기간 : 2026. 5. 5, 12. 24 ~ 12. 25, 12. 31
그랜드 조선 부산
① 객실 : 정상가 기준 월~목요일 40% 할인, 금·일요일 30% 할인, 토요일 및 성수기 20% 할인
성수기 : 2026. 1. 1, 2. 13 ~ 2. 17, 2. 27 ~ 3. 1, 4. 10, 5, 1 ~ 5. 5, 5. 22 ~ 5. 24, 6. 5 ~ 6. 6, 7. 17 ~ 8. 16, 9. 24 ~ 9. 27, 10. 2 ~ 10. 5, 10. 9 ~ 10. 11, 12. 24, 12. 26
제외 기간 : 2026. 12. 25, 12. 31
② F&B : 10% 할인
대상 업장 : 아리아, 팔레드 신, 라운지앤바 테라스292, 조선 델리
음료, 주류, 연회, 인룸다이닝, 조선델리 MD, 리테일 상품 제외
제외 기간 : 2026. 1. 1, 5. 5, 12. 24 ~ 12. 26, 12. 31
③ 연회 : 웨딩 및 가족연 Food 5% 할인
주류, 음료, 부대 비용 제외 및 프로모션 행사와 중복 적용 불가
자녀 관련 연회 시 가족관계증명서 등 증빙 서류 제출 필수
연회 할인은 the Black, the Purple, the Red 보유 회원에 한해 제공
롯데호텔 부산
① 객실 : 정상가 기준 30% 할인, 객실 패키지 5% 할인
② F&B : 10% 할인(리테일 상품 및 연회성 행사 제외)
③ 기타 : 델리카한스(베이커리) 제빵, 케이크류 20% 할인
객실 패키지 할인은 the Black, the Purple, the Red, 대한항공카드 the First 보유 회원에 한해 제공
델리카한스(베이커리) 할인은 the Black, the Purple, the Red 보유 회원에 한해 제공
웨스틴 조선 부산
① 객실 : 정상가 기준 일~목요일 40% 할인, 금·토요일 및 공휴일 30% 할인, 성수기 20% 할인
30% 할인 적용 기간 : 2026. 1. 27 ~ 1. 30, 2. 28, 3. 2, 5. 1, 5. 4 ~ 5. 5, 6. 5 ~ 6. 6, 10. 2 ~ 10. 10, 12. 24
성수기 : 2026. 7. 18 ~ 8. 16
제외 기간 : 2026. 12. 31
② F&B : 10% 할인
대상 업장 : 셔블, 오스킴, 까밀리아, 파노라마라운지, 조선델리
제외 기간 : 2026. 1. 1, 5. 5, 12. 24 ~ 12. 25, 12. 31
파라다이스호텔 부산
① 객실 : 정상가 기준 일~목요일 40% 할인, 금·토요일 및 공휴일 30% 할인, 객실 패키지 5% 할인
제외 기간 : 2026. 7. 1 ~ 8. 31, 12. 24 ~ 12. 26, 12. 30 ~ 2027. 1. 2 및 부산불꽃축제 등 호텔이 지정한 국제 행사 기간
② F&B : 10% 할인
연회장, 룸서비스, 미니바, 가든행사, 레저 식음료, 라운지 파라다이스, 바닉스, 임대 업장(본앤브랜드), 부티크베이커리(일부 상품), 레스토랑 서비스 중 20인 이상의 예약 또는 연회성 행사 제외
객실 패키지 할인은 the Black, the Purple, the Red, the Green, the Pink 보유 회원에 한해 제공
파크 하얏트 부산
① 객실 : 하얏트 요금 기준 스탠다드 객실 10% 할인
제외 기간 : 부산불꽃축제 기간, 2026. 12. 24 ~ 12. 25, 12. 31
② F&B : 10% 할인
대상 업장 : 다이닝룸, 리빙룸
제외 기간 : 부산불꽃축제 기간, 2026. 12. 24 ~ 12. 27, 12. 31, 와인/갈라/사케디너 등 스페셜 이벤트 및 이벤트 기간
F&B 할인은 다른 할인 서비스 및 쿠폰, 이벤트, 제휴 카드 혜택과 중복 적용 불가
그랜드 조선 제주
① 객실 : 5% 할인
이벤트 상품 제외
②F&B : 10% 할인
대상 업장 : 아리아, 루브리카, 라운지앤바, 잇투오
제외 기간 : 2026. 5. 5, 12. 24 ~ 12. 25 및 갈라디너 등 업장 이벤트 기간
호텔 홈페이지를 통해 예약 시에 한해 제공
그랜드 하얏트 제주
① 객실 : 공식 홈페이지 요금 기준 10% 할인
② F&B : 10% 할인
대상 업장 : 갤러리 라운지, 99밸리, 차이나 하우스, 제주 핫팟, 녹나무, 그랜드 키친, 유메야마, 카페8
③ 스파 : 트리트먼트 10% 할인
이벤트 상품, 제품 구매, 찜질스파 제외
로즈베이 스파는 토요일 제외
제외 기간 : 2026. 2. 13 ~ 2. 22, 5. 1 ~ 5. 6, 7. 24 ~ 8. 23, 9. 24 ~ 9. 27, 10. 1 ~ 10. 7, 12. 24 ~ 12. 27, 12. 31 ~ 2027. 1. 3 및 모든 공휴일
롯데호텔 제주
① 객실 : 호텔 직판 상시 패키지 5%/10% 할인
얼리버드 및 특가 등 일부 패키지 제외
③ F&B : 10% 할인
호텔 직판 상시 패키지 10% 할인은 the Black, 5% 할인은 the Purple, the Red, 대한항공카드 the First 보유 회원에 한해 제공
다른 할인 서비스 및 쿠폰, 이벤트, 제휴 카드 혜택과 중복 적용 불가
F&B 할인은 카드당 1테이블 기준으로 제공
메종글래드제주
① 객실 : 정상가 기준 50% 할인, 성수기 30% 할인, 객실 패키지 10% 할인
성수기 : 2026. 7. 18 ~ 8. 24
② F&B : 20% 할인(삼다정)
제주신라호텔
① 객실 : BAR (Best Available Rate) 기준 5% 할인
이벤트 상품, 패키지 및 일부 상품 제외
② F&B : 10% 할인
대상 업장 : 히노데, 더 파크뷰, 바당, 올래 바, 패스트리 부티크
대한항공카드 이용 시 할인 제외
호텔 예약실을 통한 유선 예약 시에 한해 제공
파르나스 호텔 제주
① 객실 : BFR(Best Flexible Rate, 당일 최저가) 요금 10% 할인
제외 기간 : 2026. 2. 14 ~ 2. 18, 2. 28 ~ 3. 2, 5. 1 ~ 5. 5, 5. 23 ~ 5. 25, 7. 17 ~ 8. 17, 9. 24 ~ 9. 27
② F&B : 10% 할인
대상 업장 : 콘페티, 폰드메르 라운지&바, 바르
③ 스파 : 본에스티스 스파 10% 할인
음료 및 주류 스시 카네사카, 연회 Private Dining, 이벤트 상품 및 외부 아이템 중복 할인 제외
포도호텔
① 객실 : 정상가 기준 10~40% 할인 및 조식 제공
the Black, the Purple, the Red, the Green, 대한항공카드 the First, American Express The Platinum Card
Edition2, American Express
Gold Card Edition2, American Express
Green Card Edition2 보유 회원에 한해 제공
해비치호텔앤드리조트 제주
① 객실 : 정규 패키지 10% 할인
골프 패키지 제외
제외 기간 : 2026. 7. 16 ~ 8. 20
② F&B : 10% 할인
대상 업장 : 섬모라, 99바, 밀리우, 마고 및 해비치 C.C 클럽 하우스, 메르 & 테르
③ 스파 : 10% 할인
④ 골프 : 정상가 기준 해비치 CC 그린피 주중 20% 할인, 주말 10% 할인
넥슨 현대카드 UNLIMITED로 이용 시 할인 제외
스파 할인은 the Black, the Purple, the Red 보유 회원에 한해 제공
히든 클리프 호텔 & 네이쳐
① F&B : 10% 할인
시즌 이벤트 메뉴, 주류 및 룸서비스, 인피니티바 제외
② 스파 : 보떼에르 스파 바이 록시땅 10% 할인
이벤트 상품 제외
호텔 홈페이지를 통해 예약 시에 한해 제공
대구 메리어트 호텔
① 객실 : 패키지 상품 5% 할인
제외 기간 : 2026. 12. 24, 12. 31
② F&B : 10% 할인
대상 업장 : 어반 키친, 동문, 라운지&바
제외 기간 : 2026. 12. 24 ~ 12. 25, 12. 31
호텔 홈페이지에서 판매 중인 패키지에 한해 제공(단, 루프탑 패키지 제외)
라한셀렉트 경주
① 객실 : BAR(Best Available Rate) 기준 일~금요일 10% 할인, 토요일 및 성수기 5% 할인
② F&B : 더플레이트 10% 할인
롯데호텔 울산
① 객실 : 호텔 직판 상시 패키지 5% 할인
얼리버드 및 특가 등 일부 패키지 제외
제외 기간 : 2026. 5. 3 ~ 5. 5, 7. 26 ~ 8. 9, 8. 15~ 8. 16, 10. 3 ~ 10. 11, 12. 24, 12. 31
② F&B : 10% 할인
대상 업장 : 델리카한스, 페닌슐라
호텔 직판 상시 패키지 할인은 the Black, the Purple, the Red, 대한항공카드 the First 보유 회원에 한해 제공
F&B 할인은 카드당 1테이블 기준으로 제공
브리브 광주 바이 롯데호텔
① 객실 : 정상가 기준 일~목요일 40% 할인, 금·토요일 30% 할인
② F&B : 10% 할인
대상 업장 : 뷔페 레스토랑 파라뷰, 중식당 쉥카이
제외 기간 : 2026. 12. 20 ~ 12. 31
사우스케이프
① F&B : 업장에서 현장 결제 시 10% 할인
음료, 주류, 룸서비스, 이벤트 메뉴 제외
② 스파 : 10% 할인
이용일 1일 전까지 사전 예약 필수
the Black, the Purple, the Red, the Green, the Pink, American Express The Platinum Card
Edition2, American Express
Gold Card Edition2, American Express
Green Card Edition2, American Express The Platinum Card
, American Express
Gold Card, American Express
Green Card 보유 회원에 한해 제공
이용 전 호텔로 혜택 적용 가능 여부 확인 필수(미확인 시 혜택 적용 불가할 수 있음)
소노캄 고양
① 객실 : BAR(Best Available Rate) 기준 10% 할인
② F&B : 10% 할인
대상 업장 : 셰프스 키친, 죽림, 일라고
③ 기타 : 사우나 50% 할인
객실 할인은 예약 가능한 잔여 객실이 있는 경우에 한해 제공
사우나 할인은 본인 회원에 한해 제공
씨마크 호텔
① 객실 : BAR(Best Available Rate) 기준 프리미엄 디럭스 룸 10% 할인
② F&B : 더 레스토랑 10% 할인
the Black, the Purple, the Red, the Green 보유 회원에 한해 제공
알펜시아
① 객실 : BAR(Best Available Rate) 기준으로 25% 할인
② F&B : 음식 10% 할인
음료, 주류, 인룸다이닝, 미니바, 연회 제외
제외 기간 : 크리스마스 디너 뷔페, 추석 디너 뷔페 등 이벤트 기간
오노마 대전 오토그래프컬랙션
① 객실 : 객실 정규 패키지 10% 할인
② F&B : 5% 할인
대상 업장 : 타운하우스, 오노마 라운지
켄싱턴 스타호텔 설악
① 객실 : 정상가 기준 주중 일~목요일 30% 할인, 금·토요일 20%, 연휴 및 성수기 10% 할인
패키지 상품 제외
② F&B : 10% 할인
이벤트 및 음료, 주류, 미팅 시설 이용료 제외
호텔인터불고 엑스코
① 객실 : 정상가 기준 40% 할인
② F&B : 10% 할인
최대 5인 이용 가능(공휴일 제외)
임대 업장 및 주류 제외
호텔현대 바이 라한 울산
① 객실 : BAR(Best Available Rate) 기준 10% 상시 할인, 성수기 5% 할인
② F&B : 10% 할인
대상 업장 : 디오븐, 더플레이트, 더터번",2026-06-06 17:21:11
TPIE2_E0005,TPIE2,현대,the Pink Edition2,FEX699,2026년 제휴 호텔 이벤트 혜택 안내,https://www.hyundaicard.com/cpb/ev/CPBEV0101_06.hc?bnftWebEvntCd=FEX699,2026-01-01,2026-12-31,할인,이용 방법,"예약 시 현대카드 이벤트 이용 예정임을 알리고, 이용 시 본인 명의 대상 카드로 결제",2026-06-06 17:21:11
TPIE2_E0005,TPIE2,현대,the Pink Edition2,FEX699,2026년 제휴 호텔 이벤트 혜택 안내,https://www.hyundaicard.com/cpb/ev/CPBEV0101_06.hc?bnftWebEvntCd=FEX699,2026-01-01,2026-12-31,할인,확인사항,"확인해 주세요
위 혜택은 대상 카드로 결제 시 적용됩니다.
현대카드 Chameleon 및 앱카드, 간편결제 서비스(네이버페이 등) 이용 시 혜택 제외
호텔 사정에 따라 특정 날짜, 특정 상품은 혜택 제공이 불가할 수 있습니다.
F&B 혜택 대상에서 연회*, 인룸다이닝, 미니바, 임대 업장, 소매 상품, 음료 및 주류, 갈라 디너 등의 이벤트 메뉴는 제외됩니다.
*20인 이상의 예약 또는 연회성 행사(호텔별 적용 인원 기준이 다르니 이용 전 각 호텔로 문의)
다른 혜택(바우처, 쿠폰, 호텔 멤버십 적립, 할인 등) 및 이벤트와 중복 적용되지 않습니다.
예약 안내 및 유의사항 등 자세한 내용은 대상 호텔로 문의해 주세요.
위 혜택은 현대카드 및 제휴사 사정에 따라 변경 또는 중단될 수 있습니다.",2026-06-06 17:21:11
MXBE2_E0005,MXBE2,현대,MX Black Edition2,FEX699,2026년 제휴 호텔 이벤트 혜택 안내,https://www.hyundaicard.com/cpb/ev/CPBEV0101_06.hc?bnftWebEvntCd=FEX699,2026-01-01,2026-12-31,할인,혜택,"기간 내 대상 호텔 이용 시 객실 및 F&B 등 5~40% 즉시 할인
호텔별 제공 혜택, 대상 카드, 할인율은 아래 '대상 호텔'에서 확인 가능",2026-06-06 17:21:11
MXBE2_E0005,MXBE2,현대,MX Black Edition2,FEX699,2026년 제휴 호텔 이벤트 혜택 안내,https://www.hyundaicard.com/cpb/ev/CPBEV0101_06.hc?bnftWebEvntCd=FEX699,2026-01-01,2026-12-31,할인,기간,2026. 1. 1 ~ 12. 31,2026-06-06 17:21:11
MXBE2_E0005,MXBE2,현대,MX Black Edition2,FEX699,2026년 제휴 호텔 이벤트 혜택 안내,https://www.hyundaicard.com/cpb/ev/CPBEV0101_06.hc?bnftWebEvntCd=FEX699,2026-01-01,2026-12-31,할인,대상,"대상 카드 기소지 회원
대상 호텔 리스트
호텔명
혜택
유의사항
그랜드 인터컨티넨탈 서울 파르나스
① 객실 : BFR(Best Flexible Rate, 당일 최저가) 요금 10% 할인
제외 기간 : 2026. 9. 12, 11. 21, 12. 24 ~ 12. 26, 12. 31
② F&B : 10% 할인
대상 업장 : 히노츠키, 웨이루, 그랜드 키친, 메르카토521
제외 기간 : 2026. 12. 24 ~ 12. 31
음료 및 주류 스시 카네사카, 연회 Private Dining, 메르카토521 식사 외 메뉴 제외
이벤트 상품 및 외부 아이템 중복 할인 제외
그랜드 하얏트 서울
① 객실 : 호텔 직판 패키지 예약 시 객실 업그레이드
제외 기간 : 공휴일(대체 공휴일 포함), 극성수기(7~8월), 2026. 12. 20 ~ 12. 31
② F&B : 10% 할인(델리 리테일 상품 제외)
대상 업장 : 테라스, 카우리, 스테이크하우스, 텐가이, 파리스바, 풀사이드 바베큐(시즌 운영), 델리
제외 기간 : 공휴일(대체 공휴일 포함), 2026. 12. 20 ~ 12. 31
스탠다드룸에서 한강 전망 객실로 업그레이드되며, 잔여 객실 상황에 따라 변경될 수 있음
그랜드 워커힐 서울
① 객실 : 패키지 5% 할인
제외 기간 : 2026. 12. 24, 12. 31
② F&B : 10% 할인
이벤트 메뉴, 런치박스, 리버파크, 룸서비스 및 연회 제외
더 플라자
① 객실 : 시즌 패키지 3만원 할인
일부 이벤트 패키지 제외
② F&B : 10% 할인
대상 업장 : 세븐 스퀘어, 블랑제리 더 플라자, 더라운지(음료 및 주류에 한함)
가족연(돌잔치, 장수연) 5% 할인(웨딩 제외)
③ 지스텀 더 플라자 10% 할인
더 플라자 P-Collection 상품 포함
가족연 할인은 the Black, the Purple, the Red 보유 회원에 한해 제공
세븐스퀘어, 블랑제리 더 플라자, 더라운지 : 2026년 9월 30일까지 영업 후 종료
레스케이프
① 객실 : 시즌 패키지 10% 할인
제외 기간 : 2026. 12. 24 ~ 12. 26, 12. 31
② F&B : 10% 할인
대상 업장 : 라망 시크레, 팔레드 신, 마크다모르, 티살롱, 리테일(PB상품)
룸서비스, 미바, 리테일 상품, 대관 행사, 갈라디너 제외(주류는 칵테일 등 제조 주류에 한함)
호텔 리테일 PB 상품 한정 10% 할인
③ 연회 : 돌잔치 및 웨딩 애프터파티 10% 할인
돌잔치 : 팔레드 신 돌잔치 전용 메뉴 8인 이상 이용 시 제공(1인, 20만원)
웨딩 애프터파티 : 마크 다모르 전용 메뉴 30인 이상 이용 시 제공(1인, 12만원)
④ 스파 : 스위스퍼펙션 10% 할인
일부 프로그램 및 ADD ON 상품 제외
제외 기간 : 2026. 12. 24 ~ 12. 26, 12. 31
호텔 리테일 PB 상품 한정 할인은 the Black, the Purple 보유 회원에 한해 제공
롯데호텔 월드
① 객실 : 호텔 직판 계절 패키지 5% 할인
제외 기간 : 2026. 2. 13 ~ 2. 17, 5. 1 ~ 5. 5, 7. 27 ~ 8. 2, 9. 24 ~ 9. 26, 12. 24 ~ 12. 26, 12. 30 ~ 12. 31
② F&B : 직영 업장 10% 할인
계절 패키지 할인은 the Black, the Purple, the Red, 대한항공카드 the First 보유 회원에 한해 제공되며 얼리버드, 특가 등 일부 패키지 제외
F&B 할인은 카드당 1테이블 기준으로 제공
롯데호텔 서울
① 객실 : 호텔 직판 계절 패키지 5%/10% 할인, 정상가 기준 30% 할인
제외 기간 : 2026. 5. 1 ~ 5. 5, 8. 15 ~ 8. 17, 12. 24 ~ 12. 31
② F&B : 직영 업장 10% 할인
계절 패키지 10% 할인은 the Black, 계절 패키지 5% 할인은 the Purple, the Red, 대한항공카드 the First  보유 회원에 한해 제공되며 얼리버드, 특가 등 일부 패키지 제외
F&B 할인은 카드당 1테이블 기준으로 제공
르메르디앙 & 목시 서울 명동
① 객실 : 객실 패키지 10% 할인
제외 기간 : 2026. 3. 1 ~ 3. 2, 5. 2 ~ 5. 4, 12. 24 ~ 12. 31
② F&B : 10% 할인
제외 기간 : 2026. 1. 1, 12. 24 ~ 12. 25, 12. 31
계절 패키지 할인은 연박 이용 시 제외
메리어트 이그제큐티브 아파트먼트 서울
① 객실 : 패키지 10% 할인
할인 패키지, 제휴사 패키지, 스테이 포 브렉퍼스트 등 일부 패키지 제외
② F&B : 10% 할인
이벤트 상품, 리테일 상품, 룸서비스, 주류 제외
③ 스파 : 트리트먼트 10% 할인
패키지, 리테일 상품, 일부 이벤트 상품 제외
④ 기타 : 명절 선물세트 5% 할인
명절선물세트 할인은 the Black, the Purple, the Red 보유 회원에 한해 제공
반얀트리 클럽 앤 스파 서울
① 객실 : BAR 기준 시즌 패키지 10% 할인
제외 기간 : 2026. 12. 24 ~ 12. 26, 12. 31
② F&B : 10% 할인
대상 업장 : 그라넘 다이닝 라운지, 페스타 바이 충후
제외 기간 : 2026. 12. 24 ~ 12. 26, 12. 31
③ 스파 : 10% 할인
스파 트리트먼트, 갤러지 제품 한정
비스타 워커힐 서울
① 객실 : 패키지 5% 할인
제외 기간 : 2026. 12. 24, 12. 31
② F&B : 10% 할인
이벤트 메뉴, 런치박스, 룸서비스 및 연회 제외
서울신라호텔
① 객실 : Best Available Rate 기준 5% 할인
제외 기간 : 2026. 12. 24, 12. 31 , 토요일
② F&B : 10% 할인
대상 업장 : 팔선, 아리아께, 콘티넨탈, 라연, 더 파크뷰,
더 라이브러리, 패스트리 부티크
1박당 2객실까지 혜택 제공(어번 아일랜드 제외)
서울신라호텔 공식 홈페이지 및 앱에서 예약 시 혜택 제외
소피텔 앰배서더 서울 호텔
① 객실 : 당일 판매가 기준 15% 할인 또는
객실 패키지 10% 할인
제외 기간 : 2026. 1. 1, 12. 24 ~ 12. 26, 12. 31
② F&B : 10% 할인
대상 업장 : 페메종, 미오, 쟈뎅 디베르, 레스파스, 라티튜드32
제외 기간 : 2026. 1. 1, 2. 14, 2. 17, 5. 5, 5. 8, 12. 24 ~ 12. 25, 12. 31
③ 스파 : 10% 할인
리테일 상품 제외
the Black, the Purple, the Red, 현대카드 Summit, 대한항공카드 150·the First, American Express The Platinum Card
Edition2, American Express
Gold Card Edition2, American Express
Green Card Edition2, American Express The Platinum Card
, American Express
Gold Card, American Express
Green Card, 카카오뱅크 BUSINESS 현대카드 PRIME 보유 회원에 한해 제공
쉐라톤 그랜드 인천 호텔
① 객실 : 공식  홈페이지 BAR(Best Available Rate) 기준 10% 할인
② 식음 업장 : 10% 할인
주류, 룸서비스, 미니바, 연회 제외
스위스 그랜드 호텔
① 객실 : 정상가 기준 30% 할인, Net Price 기준 패키지 5% 할인
② F&B : 10% 할인
연회장, 델리, 룸서비스, 미니바, 음료, 주류 제외
안다즈 서울 강남
① 객실 : 공식 홈페이지 BAR(Best Available Rate) 기준 10% 할인
제외 기간 : 2026. 2. 28, 3. 1, 5. 2, 5. 22 ~ 5. 24, 7. 25, 8. 1, 8. 8, 8. 14 ~ 8. 16, 10. 3 ~ 10. 4, 10. 9 ~ 10. 10, 12. 24 ~ 12. 26, 12. 31
② F&B : 10% 할인
대상 업장 : 조각보 미트앤코 스테이크 하우스, 조각보 키친, 바이츠 앤 와인
제외 기간 : 2026. 5. 5, 12. 24 ~ 25, 12. 31
앰배서더 서울 풀만 호텔
① 객실 정상가 및 BAR(Best Available Rate) 기준 15,000원 할인, 패키지 10,000원 할인
제외 기간 : 2026. 12. 24, 12. 25, 12. 31
② F&B : 10% 할인
대상 업장 : 더 킹스, 풀하우스 테라스, 더 라운지 앤 바, 1955 그로세리아(베이커리, 다이닝)
제외 기간 : 2026. 1. 1, 2. 14, 5. 5, 12. 24 ~ 12. 26, 12. 31
③ 웰니스 센터 : 필라테스 클래스 10% 할인
객실 할인은 호텔 홈페이지 또는 예약실을 통해 예약 시에 한해 제공
웨스틴 서울 파르나스
① 객실 : BFR(Best Flexible Rate, 당일 최저가) 요금 10% 할인
제외 기간 : 2026. 4. 30 ~ 5. 2, 9. 24 ~ 9. 27, 10. 3 ~ 10. 4, 10. 30 ~ 10. 31, 11. 20 ~ 11. 21, 12. 24 ~ 12. 26, 12. 31
② F&B : 10% 할인
대상 업장 : 온테이블, 아시안 라이브
이벤트 상품 및 외부 아이템 중복 할인 제외
제외 기간 : 2026. 12. 24 ~ 12. 31
음료 및 주류 스시 카네사카, 연회 Private Dining, 이벤트 상품 및 외부 아이템 중복 할인 제외
웨스틴 조선 서울
① 객실 : 정상가 기준 30% 할인 , 패키지 10% 할인
② F&B : 10% 할인
대상 업장 : 아리아, 루브리카, 홍연, 조선델리, 라운지&바, 나인스게이트, 스시조
제외 기간 : 2026. 5. 5, 12. 24 ~ 12. 25, 12. 31, 업장 이벤트 기간
③ 연회 : 웨딩 코스 메뉴 5% 할인, 케이크 50% 할인
기간(2026. 1. 1 ~ 12. 31) 내 예식 및 하객 인원 200명 이상 시 제공(토요일 점심 및 음료, 부대비용 제외)
객실 패키지 할인은 조선호텔앤리조트 공식 홈페이지 에서 판매되고 있는 상품에 한해 제공
연회 할인은 the Black, the Purple 보유 회원에 한해 제공(음료, 부대 비용 제외)
인스파이어 엔터테인먼트 리조트
① 객실 : 인스파이어 홈페이지를 통한 예약 또는 유선상 예약 시 10% 할인
② F&B : 10% 할인
대상 업장 : 셰프스 키친, 마이클 조던 스테이크 하우스, 브라세리 1783, 하이파이 코리안 소울 푸드, 가든 팜 카페, 홍반, 미나기, MJ23 스포츠 바 앤 그릴, 오로라 바, 호라이즌 라운지
③ 기타 : 스플래시 베이 이용권 20% 할인
객실 및 F&B 할인은 프리미엄 카드 회원에 한해 제공
홈페이지를 통한 객실 예약의 경우 프로모션 코드* 입력 필수
* 룸 온리 : 15HDRO / 룸+2인 조식 : 15HDBF / 룸+스플래시 베이 : 15HDSP
유선 예약 시 현대카드 전용 패키지로 예약해야 할인 가능
음료, 주류, 리테일 상품, 이벤트 상품은 할인 제외되며, 중복 할인 적용 불가
조선 팰리스 서울 강남
① 객실 : 정상가 기준 객실 정규 패키지 10% 할인(이벤트 패키지 제외)
제외 기간 : 2026. 12. 24 ~ 12. 26, 12. 31
② F&B : 10% 할인
대상 업장 : 콘스탄스, 이타닉 가든, 더 그레이트 홍연, 조선델리 더 부티크, 1914 라운지&바
주류, 음료, 이벤트 메뉴 및 인룸 다이닝, MD 및 리테일 상품 제외
제외 기간 : 2026. 1. 1, 5. 5, 12. 24, 12. 25, 12. 31, 레스토랑 이벤트, 갈라디너
객실 할인은 the Centurion® Card, the Black 보유 회원에 한해 제공
F&B 할인은 the Centurion, the Black, the Purple, American Express The Platinum Card
보유 회원에 한해 제공
콘래드 서울
① 객실 : 객실 5% 할인, 패키지 5% 할인(유선 예약 전용)
Advanced Purchase 및 일부 패키지 제외
제외 기간 : 서울세계불꽃축제 기간,
2026. 1. 1, 4. 15 ~ 4. 18, 12. 24 ~ 12. 25, 12. 31
② F&B : 10% 할인
대상 업장 : 아트리오, 제스트, 플레임즈, 숯 더 붓처스 엣지, 37바
제외 기간 : 서울세계불꽃축제 기간,
2026. 1. 1, 12. 20 ~ 12. 31
객실 및 패키지 할인은 호텔 예약실을 통한 유선 예약 시에 한해 제공
파라다이스시티/아트파라디소
① 객실 : 시즌 패키지 5% 할인
제외 기간 : 토요일, 2026. 1. 1, 2. 14 ~ 2. 18, 2. 28 ~ 3. 2, 5. 1 ~ 5. 5, 5. 23 ~ 5. 25, 6. 2 ~ 6. 3, 7. 19 ~ 8. 17, 9. 23 ~ 9. 27, 10. 2 ~ 10. 4, 10. 8 ~ 10. 11, 12. 19 ~ 12. 31
② F&B : 10% 할인
대상 업장 : 온더플레이트, 라스칼라, 가든카페, 라운지파라다이스, 라쿠, 루빅, 새라새, 라운지&바 새라새
제외 기간 : 2026. 5. 5, 12. 24 ~ 12. 25, 12. 31
③ 스파 : 10% 현장 할인
더 스칼프 컴포트 엣 파라다이스
더 스파 앳 파라다이스 스파 프로그램
④ 기타 : 씨메르 아쿠아스파 이용권 20% 할인(최대 4인), 원더박스 1일 자유이용권 20% 할인(최대 4인)
제외 기간 : 시설 정기 보수 기간
시즌 패키지 할인은 호텔 예약실을 통한 유선 예약 시에 한해 제공
파크 하얏트 서울
① 객실 : 정상가 기준 10% 할인(스탠다드 객실에 한함)
제외 기간 : 2026. 12 .24 ~ 12. 26, 12. 31
② F&B : 10% 할인
대상 업장 : 코너스톤, 더 라운지, 더 팀버 하우스
제외 기간 : 2026. 12. 24 ~ 12. 27, 12. 31 및 특별 이벤트 기간
페어몬트 앰배서더 서울
① 객실 : 공식 홈페이지 공시 가격(Published Rate) 기준 객실 패키지 10% 할인
제외 기간 : 2026. 12. 24 ~ 12. 26, 12. 31, 서울세계불꽃축제 기간
② F&B : 10% 할인
대상 업장 : 더 아트리움 라운지, 스펙트럼, 마리포사, M29
제외 기간 : 2026. 12. 24 ~ 12. 25, 12. 31, 서울세계불꽃축제 기간
호텔 예약실을 통한 유선 예약 시에 한해 제공
포시즌스 호텔 서울
① 객실 : 공식 홈페이지 공시 가격(Published Rate) 기준 주중 10% 할인
Room Only 상품에 한함
제외 기간 : 2026. 12. 24, 12. 31
② F&B : 10% 할인
대상 업장 : 보칼리노, 더 마켓 키친, 유유안, 오울
제외 기간 : 2026. 12. 20 ~ 12. 31
③ 스파 : 트리트먼트 10% 할인
리테일 상품 제외
제외 기간 : 2026. 1. 1, 2. 14 ~ 2. 18, 9. 24 ~ 9. 27, 12. 21 ~ 12. 31
the Black, the Purple, the Red, 현대카드 Summit, American Express The Platinum Card
Edition2, American Express
Gold Card Edition2, American Express Platinum Card
, American Express
Gold Card, 미래에셋 현대카드 Gold·Diamond 보유 회원에 한해 제공
하얏트 리젠시 인천 파라다이스시티
① 객실 : 하얏트 브랜드 닷컴 일일 기준 요금 5% 할인
제외 기간 : 토요일, 2026. 5. 1 ~ 5. 5, 5. 23 ~ 25, 6. 2 ~ 6. 3, 6. 5 ~ 6. 6, 7. 16 ~ 8. 17, 9. 23 ~ 9. 27, 10. 2 ~ 10. 4, 10. 8 ~ 10. 11, 12. 19 ~ 12. 31
② F&B : 10% 할인
대상 업장 : 마켓카페, 스웰라운지
마켓카페 조식 뷔페, 룸서비스, 풀하우스, 리젠시 클럽, 연회장, 음료 및 주류, 미니바, 계절 프로모션 메뉴 제외
제외 기간 : 2026. 5. 5, 12. 24 ~ 12. 25, 12. 31
객실 할인은 호텔 예약실을 통한 유선 예약 시에 한해 제공
JW메리어트 동대문 스퀘어 서울
① 객실 : 공식 홈페이지 BAR(Best Available Rate) 기준 5% 할인
제외 기간 : 2026. 5. 3 ~ 5. 4, 12. 24, 12. 31
② F&B : 10% 할인
Tavolo 24, BLT Steak 이용 시 제공(1회 최대 20명)
연회, 룸서비스, 미니바, SBC 리테일 상품 제외
③ 스파 : 10% 할인
리테일 상품 제외
JW 메리어트 호텔 서울
① 객실 : 공식 홈페이지 BAR(Best Available Rate) 기준 상시 10% 할인
제외 기간 : 2026. 5. 2 ~ 5. 4, 12. 24 ~ 12. 26
② F&B : 10% 할인
대상 업장 : 플레이버즈, 더 마고 그릴, 타마유라
제외 기간 : 2026. 5. 5, 12. 24 ~ 12. 25, 12. 31
그랜드 조선 부산
① 객실 : 정상가 기준 월~목요일 40% 할인, 금·일요일 30% 할인, 토요일 및 성수기 20% 할인
성수기 : 2026. 1. 1, 2. 13 ~ 2. 17, 2. 27 ~ 3. 1, 4. 10, 5, 1 ~ 5. 5, 5. 22 ~ 5. 24, 6. 5 ~ 6. 6, 7. 17 ~ 8. 16, 9. 24 ~ 9. 27, 10. 2 ~ 10. 5, 10. 9 ~ 10. 11, 12. 24, 12. 26
제외 기간 : 2026. 12. 25, 12. 31
② F&B : 10% 할인
대상 업장 : 아리아, 팔레드 신, 라운지앤바 테라스292, 조선 델리
음료, 주류, 연회, 인룸다이닝, 조선델리 MD, 리테일 상품 제외
제외 기간 : 2026. 1. 1, 5. 5, 12. 24 ~ 12. 26, 12. 31
③ 연회 : 웨딩 및 가족연 Food 5% 할인
주류, 음료, 부대 비용 제외 및 프로모션 행사와 중복 적용 불가
자녀 관련 연회 시 가족관계증명서 등 증빙 서류 제출 필수
연회 할인은 the Black, the Purple, the Red 보유 회원에 한해 제공
롯데호텔 부산
① 객실 : 정상가 기준 30% 할인, 객실 패키지 5% 할인
② F&B : 10% 할인(리테일 상품 및 연회성 행사 제외)
③ 기타 : 델리카한스(베이커리) 제빵, 케이크류 20% 할인
객실 패키지 할인은 the Black, the Purple, the Red, 대한항공카드 the First 보유 회원에 한해 제공
델리카한스(베이커리) 할인은 the Black, the Purple, the Red 보유 회원에 한해 제공
웨스틴 조선 부산
① 객실 : 정상가 기준 일~목요일 40% 할인, 금·토요일 및 공휴일 30% 할인, 성수기 20% 할인
30% 할인 적용 기간 : 2026. 1. 27 ~ 1. 30, 2. 28, 3. 2, 5. 1, 5. 4 ~ 5. 5, 6. 5 ~ 6. 6, 10. 2 ~ 10. 10, 12. 24
성수기 : 2026. 7. 18 ~ 8. 16
제외 기간 : 2026. 12. 31
② F&B : 10% 할인
대상 업장 : 셔블, 오스킴, 까밀리아, 파노라마라운지, 조선델리
제외 기간 : 2026. 1. 1, 5. 5, 12. 24 ~ 12. 25, 12. 31
파라다이스호텔 부산
① 객실 : 정상가 기준 일~목요일 40% 할인, 금·토요일 및 공휴일 30% 할인, 객실 패키지 5% 할인
제외 기간 : 2026. 7. 1 ~ 8. 31, 12. 24 ~ 12. 26, 12. 30 ~ 2027. 1. 2 및 부산불꽃축제 등 호텔이 지정한 국제 행사 기간
② F&B : 10% 할인
연회장, 룸서비스, 미니바, 가든행사, 레저 식음료, 라운지 파라다이스, 바닉스, 임대 업장(본앤브랜드), 부티크베이커리(일부 상품), 레스토랑 서비스 중 20인 이상의 예약 또는 연회성 행사 제외
객실 패키지 할인은 the Black, the Purple, the Red, the Green, the Pink 보유 회원에 한해 제공
파크 하얏트 부산
① 객실 : 하얏트 요금 기준 스탠다드 객실 10% 할인
제외 기간 : 부산불꽃축제 기간, 2026. 12. 24 ~ 12. 25, 12. 31
② F&B : 10% 할인
대상 업장 : 다이닝룸, 리빙룸
제외 기간 : 부산불꽃축제 기간, 2026. 12. 24 ~ 12. 27, 12. 31, 와인/갈라/사케디너 등 스페셜 이벤트 및 이벤트 기간
F&B 할인은 다른 할인 서비스 및 쿠폰, 이벤트, 제휴 카드 혜택과 중복 적용 불가
그랜드 조선 제주
① 객실 : 5% 할인
이벤트 상품 제외
②F&B : 10% 할인
대상 업장 : 아리아, 루브리카, 라운지앤바, 잇투오
제외 기간 : 2026. 5. 5, 12. 24 ~ 12. 25 및 갈라디너 등 업장 이벤트 기간
호텔 홈페이지를 통해 예약 시에 한해 제공
그랜드 하얏트 제주
① 객실 : 공식 홈페이지 요금 기준 10% 할인
② F&B : 10% 할인
대상 업장 : 갤러리 라운지, 99밸리, 차이나 하우스, 제주 핫팟, 녹나무, 그랜드 키친, 유메야마, 카페8
③ 스파 : 트리트먼트 10% 할인
이벤트 상품, 제품 구매, 찜질스파 제외
로즈베이 스파는 토요일 제외
제외 기간 : 2026. 2. 13 ~ 2. 22, 5. 1 ~ 5. 6, 7. 24 ~ 8. 23, 9. 24 ~ 9. 27, 10. 1 ~ 10. 7, 12. 24 ~ 12. 27, 12. 31 ~ 2027. 1. 3 및 모든 공휴일
롯데호텔 제주
① 객실 : 호텔 직판 상시 패키지 5%/10% 할인
얼리버드 및 특가 등 일부 패키지 제외
③ F&B : 10% 할인
호텔 직판 상시 패키지 10% 할인은 the Black, 5% 할인은 the Purple, the Red, 대한항공카드 the First 보유 회원에 한해 제공
다른 할인 서비스 및 쿠폰, 이벤트, 제휴 카드 혜택과 중복 적용 불가
F&B 할인은 카드당 1테이블 기준으로 제공
메종글래드제주
① 객실 : 정상가 기준 50% 할인, 성수기 30% 할인, 객실 패키지 10% 할인
성수기 : 2026. 7. 18 ~ 8. 24
② F&B : 20% 할인(삼다정)
제주신라호텔
① 객실 : BAR (Best Available Rate) 기준 5% 할인
이벤트 상품, 패키지 및 일부 상품 제외
② F&B : 10% 할인
대상 업장 : 히노데, 더 파크뷰, 바당, 올래 바, 패스트리 부티크
대한항공카드 이용 시 할인 제외
호텔 예약실을 통한 유선 예약 시에 한해 제공
파르나스 호텔 제주
① 객실 : BFR(Best Flexible Rate, 당일 최저가) 요금 10% 할인
제외 기간 : 2026. 2. 14 ~ 2. 18, 2. 28 ~ 3. 2, 5. 1 ~ 5. 5, 5. 23 ~ 5. 25, 7. 17 ~ 8. 17, 9. 24 ~ 9. 27
② F&B : 10% 할인
대상 업장 : 콘페티, 폰드메르 라운지&바, 바르
③ 스파 : 본에스티스 스파 10% 할인
음료 및 주류 스시 카네사카, 연회 Private Dining, 이벤트 상품 및 외부 아이템 중복 할인 제외
포도호텔
① 객실 : 정상가 기준 10~40% 할인 및 조식 제공
the Black, the Purple, the Red, the Green, 대한항공카드 the First, American Express The Platinum Card
Edition2, American Express
Gold Card Edition2, American Express
Green Card Edition2 보유 회원에 한해 제공
해비치호텔앤드리조트 제주
① 객실 : 정규 패키지 10% 할인
골프 패키지 제외
제외 기간 : 2026. 7. 16 ~ 8. 20
② F&B : 10% 할인
대상 업장 : 섬모라, 99바, 밀리우, 마고 및 해비치 C.C 클럽 하우스, 메르 & 테르
③ 스파 : 10% 할인
④ 골프 : 정상가 기준 해비치 CC 그린피 주중 20% 할인, 주말 10% 할인
넥슨 현대카드 UNLIMITED로 이용 시 할인 제외
스파 할인은 the Black, the Purple, the Red 보유 회원에 한해 제공
히든 클리프 호텔 & 네이쳐
① F&B : 10% 할인
시즌 이벤트 메뉴, 주류 및 룸서비스, 인피니티바 제외
② 스파 : 보떼에르 스파 바이 록시땅 10% 할인
이벤트 상품 제외
호텔 홈페이지를 통해 예약 시에 한해 제공
대구 메리어트 호텔
① 객실 : 패키지 상품 5% 할인
제외 기간 : 2026. 12. 24, 12. 31
② F&B : 10% 할인
대상 업장 : 어반 키친, 동문, 라운지&바
제외 기간 : 2026. 12. 24 ~ 12. 25, 12. 31
호텔 홈페이지에서 판매 중인 패키지에 한해 제공(단, 루프탑 패키지 제외)
라한셀렉트 경주
① 객실 : BAR(Best Available Rate) 기준 일~금요일 10% 할인, 토요일 및 성수기 5% 할인
② F&B : 더플레이트 10% 할인
롯데호텔 울산
① 객실 : 호텔 직판 상시 패키지 5% 할인
얼리버드 및 특가 등 일부 패키지 제외
제외 기간 : 2026. 5. 3 ~ 5. 5, 7. 26 ~ 8. 9, 8. 15~ 8. 16, 10. 3 ~ 10. 11, 12. 24, 12. 31
② F&B : 10% 할인
대상 업장 : 델리카한스, 페닌슐라
호텔 직판 상시 패키지 할인은 the Black, the Purple, the Red, 대한항공카드 the First 보유 회원에 한해 제공
F&B 할인은 카드당 1테이블 기준으로 제공
브리브 광주 바이 롯데호텔
① 객실 : 정상가 기준 일~목요일 40% 할인, 금·토요일 30% 할인
② F&B : 10% 할인
대상 업장 : 뷔페 레스토랑 파라뷰, 중식당 쉥카이
제외 기간 : 2026. 12. 20 ~ 12. 31
사우스케이프
① F&B : 업장에서 현장 결제 시 10% 할인
음료, 주류, 룸서비스, 이벤트 메뉴 제외
② 스파 : 10% 할인
이용일 1일 전까지 사전 예약 필수
the Black, the Purple, the Red, the Green, the Pink, American Express The Platinum Card
Edition2, American Express
Gold Card Edition2, American Express
Green Card Edition2, American Express The Platinum Card
, American Express
Gold Card, American Express
Green Card 보유 회원에 한해 제공
이용 전 호텔로 혜택 적용 가능 여부 확인 필수(미확인 시 혜택 적용 불가할 수 있음)
소노캄 고양
① 객실 : BAR(Best Available Rate) 기준 10% 할인
② F&B : 10% 할인
대상 업장 : 셰프스 키친, 죽림, 일라고
③ 기타 : 사우나 50% 할인
객실 할인은 예약 가능한 잔여 객실이 있는 경우에 한해 제공
사우나 할인은 본인 회원에 한해 제공
씨마크 호텔
① 객실 : BAR(Best Available Rate) 기준 프리미엄 디럭스 룸 10% 할인
② F&B : 더 레스토랑 10% 할인
the Black, the Purple, the Red, the Green 보유 회원에 한해 제공
알펜시아
① 객실 : BAR(Best Available Rate) 기준으로 25% 할인
② F&B : 음식 10% 할인
음료, 주류, 인룸다이닝, 미니바, 연회 제외
제외 기간 : 크리스마스 디너 뷔페, 추석 디너 뷔페 등 이벤트 기간
오노마 대전 오토그래프컬랙션
① 객실 : 객실 정규 패키지 10% 할인
② F&B : 5% 할인
대상 업장 : 타운하우스, 오노마 라운지
켄싱턴 스타호텔 설악
① 객실 : 정상가 기준 주중 일~목요일 30% 할인, 금·토요일 20%, 연휴 및 성수기 10% 할인
패키지 상품 제외
② F&B : 10% 할인
이벤트 및 음료, 주류, 미팅 시설 이용료 제외
호텔인터불고 엑스코
① 객실 : 정상가 기준 40% 할인
② F&B : 10% 할인
최대 5인 이용 가능(공휴일 제외)
임대 업장 및 주류 제외
호텔현대 바이 라한 울산
① 객실 : BAR(Best Available Rate) 기준 10% 상시 할인, 성수기 5% 할인
② F&B : 10% 할인
대상 업장 : 디오븐, 더플레이트, 더터번",2026-06-06 17:21:11
MXBE2_E0005,MXBE2,현대,MX Black Edition2,FEX699,2026년 제휴 호텔 이벤트 혜택 안내,https://www.hyundaicard.com/cpb/ev/CPBEV0101_06.hc?bnftWebEvntCd=FEX699,2026-01-01,2026-12-31,할인,이용 방법,"예약 시 현대카드 이벤트 이용 예정임을 알리고, 이용 시 본인 명의 대상 카드로 결제",2026-06-06 17:21:11
MXBE2_E0005,MXBE2,현대,MX Black Edition2,FEX699,2026년 제휴 호텔 이벤트 혜택 안내,https://www.hyundaicard.com/cpb/ev/CPBEV0101_06.hc?bnftWebEvntCd=FEX699,2026-01-01,2026-12-31,할인,확인사항,"확인해 주세요
위 혜택은 대상 카드로 결제 시 적용됩니다.
현대카드 Chameleon 및 앱카드, 간편결제 서비스(네이버페이 등) 이용 시 혜택 제외
호텔 사정에 따라 특정 날짜, 특정 상품은 혜택 제공이 불가할 수 있습니다.
F&B 혜택 대상에서 연회*, 인룸다이닝, 미니바, 임대 업장, 소매 상품, 음료 및 주류, 갈라 디너 등의 이벤트 메뉴는 제외됩니다.
*20인 이상의 예약 또는 연회성 행사(호텔별 적용 인원 기준이 다르니 이용 전 각 호텔로 문의)
다른 혜택(바우처, 쿠폰, 호텔 멤버십 적립, 할인 등) 및 이벤트와 중복 적용되지 않습니다.
예약 안내 및 유의사항 등 자세한 내용은 대상 호텔로 문의해 주세요.
위 혜택은 현대카드 및 제휴사 사정에 따라 변경 또는 중단될 수 있습니다.",2026-06-06 17:21:11
BTCP_E0001,BTCP,현대,Boutique - Copper,FEX699,2026년 제휴 호텔 이벤트 혜택 안내,https://www.hyundaicard.com/cpb/ev/CPBEV0101_06.hc?bnftWebEvntCd=FEX699,2026-01-01,2026-12-31,할인,혜택,"기간 내 대상 호텔 이용 시 객실 및 F&B 등 5~40% 즉시 할인
호텔별 제공 혜택, 대상 카드, 할인율은 아래 '대상 호텔'에서 확인 가능",2026-06-06 17:21:11
BTCP_E0001,BTCP,현대,Boutique - Copper,FEX699,2026년 제휴 호텔 이벤트 혜택 안내,https://www.hyundaicard.com/cpb/ev/CPBEV0101_06.hc?bnftWebEvntCd=FEX699,2026-01-01,2026-12-31,할인,기간,2026. 1. 1 ~ 12. 31,2026-06-06 17:21:11
BTCP_E0001,BTCP,현대,Boutique - Copper,FEX699,2026년 제휴 호텔 이벤트 혜택 안내,https://www.hyundaicard.com/cpb/ev/CPBEV0101_06.hc?bnftWebEvntCd=FEX699,2026-01-01,2026-12-31,할인,대상,"대상 카드 기소지 회원
대상 호텔 리스트
호텔명
혜택
유의사항
그랜드 인터컨티넨탈 서울 파르나스
① 객실 : BFR(Best Flexible Rate, 당일 최저가) 요금 10% 할인
제외 기간 : 2026. 9. 12, 11. 21, 12. 24 ~ 12. 26, 12. 31
② F&B : 10% 할인
대상 업장 : 히노츠키, 웨이루, 그랜드 키친, 메르카토521
제외 기간 : 2026. 12. 24 ~ 12. 31
음료 및 주류 스시 카네사카, 연회 Private Dining, 메르카토521 식사 외 메뉴 제외
이벤트 상품 및 외부 아이템 중복 할인 제외
그랜드 하얏트 서울
① 객실 : 호텔 직판 패키지 예약 시 객실 업그레이드
제외 기간 : 공휴일(대체 공휴일 포함), 극성수기(7~8월), 2026. 12. 20 ~ 12. 31
② F&B : 10% 할인(델리 리테일 상품 제외)
대상 업장 : 테라스, 카우리, 스테이크하우스, 텐가이, 파리스바, 풀사이드 바베큐(시즌 운영), 델리
제외 기간 : 공휴일(대체 공휴일 포함), 2026. 12. 20 ~ 12. 31
스탠다드룸에서 한강 전망 객실로 업그레이드되며, 잔여 객실 상황에 따라 변경될 수 있음
그랜드 워커힐 서울
① 객실 : 패키지 5% 할인
제외 기간 : 2026. 12. 24, 12. 31
② F&B : 10% 할인
이벤트 메뉴, 런치박스, 리버파크, 룸서비스 및 연회 제외
더 플라자
① 객실 : 시즌 패키지 3만원 할인
일부 이벤트 패키지 제외
② F&B : 10% 할인
대상 업장 : 세븐 스퀘어, 블랑제리 더 플라자, 더라운지(음료 및 주류에 한함)
가족연(돌잔치, 장수연) 5% 할인(웨딩 제외)
③ 지스텀 더 플라자 10% 할인
더 플라자 P-Collection 상품 포함
가족연 할인은 the Black, the Purple, the Red 보유 회원에 한해 제공
세븐스퀘어, 블랑제리 더 플라자, 더라운지 : 2026년 9월 30일까지 영업 후 종료
레스케이프
① 객실 : 시즌 패키지 10% 할인
제외 기간 : 2026. 12. 24 ~ 12. 26, 12. 31
② F&B : 10% 할인
대상 업장 : 라망 시크레, 팔레드 신, 마크다모르, 티살롱, 리테일(PB상품)
룸서비스, 미바, 리테일 상품, 대관 행사, 갈라디너 제외(주류는 칵테일 등 제조 주류에 한함)
호텔 리테일 PB 상품 한정 10% 할인
③ 연회 : 돌잔치 및 웨딩 애프터파티 10% 할인
돌잔치 : 팔레드 신 돌잔치 전용 메뉴 8인 이상 이용 시 제공(1인, 20만원)
웨딩 애프터파티 : 마크 다모르 전용 메뉴 30인 이상 이용 시 제공(1인, 12만원)
④ 스파 : 스위스퍼펙션 10% 할인
일부 프로그램 및 ADD ON 상품 제외
제외 기간 : 2026. 12. 24 ~ 12. 26, 12. 31
호텔 리테일 PB 상품 한정 할인은 the Black, the Purple 보유 회원에 한해 제공
롯데호텔 월드
① 객실 : 호텔 직판 계절 패키지 5% 할인
제외 기간 : 2026. 2. 13 ~ 2. 17, 5. 1 ~ 5. 5, 7. 27 ~ 8. 2, 9. 24 ~ 9. 26, 12. 24 ~ 12. 26, 12. 30 ~ 12. 31
② F&B : 직영 업장 10% 할인
계절 패키지 할인은 the Black, the Purple, the Red, 대한항공카드 the First 보유 회원에 한해 제공되며 얼리버드, 특가 등 일부 패키지 제외
F&B 할인은 카드당 1테이블 기준으로 제공
롯데호텔 서울
① 객실 : 호텔 직판 계절 패키지 5%/10% 할인, 정상가 기준 30% 할인
제외 기간 : 2026. 5. 1 ~ 5. 5, 8. 15 ~ 8. 17, 12. 24 ~ 12. 31
② F&B : 직영 업장 10% 할인
계절 패키지 10% 할인은 the Black, 계절 패키지 5% 할인은 the Purple, the Red, 대한항공카드 the First  보유 회원에 한해 제공되며 얼리버드, 특가 등 일부 패키지 제외
F&B 할인은 카드당 1테이블 기준으로 제공
르메르디앙 & 목시 서울 명동
① 객실 : 객실 패키지 10% 할인
제외 기간 : 2026. 3. 1 ~ 3. 2, 5. 2 ~ 5. 4, 12. 24 ~ 12. 31
② F&B : 10% 할인
제외 기간 : 2026. 1. 1, 12. 24 ~ 12. 25, 12. 31
계절 패키지 할인은 연박 이용 시 제외
메리어트 이그제큐티브 아파트먼트 서울
① 객실 : 패키지 10% 할인
할인 패키지, 제휴사 패키지, 스테이 포 브렉퍼스트 등 일부 패키지 제외
② F&B : 10% 할인
이벤트 상품, 리테일 상품, 룸서비스, 주류 제외
③ 스파 : 트리트먼트 10% 할인
패키지, 리테일 상품, 일부 이벤트 상품 제외
④ 기타 : 명절 선물세트 5% 할인
명절선물세트 할인은 the Black, the Purple, the Red 보유 회원에 한해 제공
반얀트리 클럽 앤 스파 서울
① 객실 : BAR 기준 시즌 패키지 10% 할인
제외 기간 : 2026. 12. 24 ~ 12. 26, 12. 31
② F&B : 10% 할인
대상 업장 : 그라넘 다이닝 라운지, 페스타 바이 충후
제외 기간 : 2026. 12. 24 ~ 12. 26, 12. 31
③ 스파 : 10% 할인
스파 트리트먼트, 갤러지 제품 한정
비스타 워커힐 서울
① 객실 : 패키지 5% 할인
제외 기간 : 2026. 12. 24, 12. 31
② F&B : 10% 할인
이벤트 메뉴, 런치박스, 룸서비스 및 연회 제외
서울신라호텔
① 객실 : Best Available Rate 기준 5% 할인
제외 기간 : 2026. 12. 24, 12. 31 , 토요일
② F&B : 10% 할인
대상 업장 : 팔선, 아리아께, 콘티넨탈, 라연, 더 파크뷰,
더 라이브러리, 패스트리 부티크
1박당 2객실까지 혜택 제공(어번 아일랜드 제외)
서울신라호텔 공식 홈페이지 및 앱에서 예약 시 혜택 제외
소피텔 앰배서더 서울 호텔
① 객실 : 당일 판매가 기준 15% 할인 또는
객실 패키지 10% 할인
제외 기간 : 2026. 1. 1, 12. 24 ~ 12. 26, 12. 31
② F&B : 10% 할인
대상 업장 : 페메종, 미오, 쟈뎅 디베르, 레스파스, 라티튜드32
제외 기간 : 2026. 1. 1, 2. 14, 2. 17, 5. 5, 5. 8, 12. 24 ~ 12. 25, 12. 31
③ 스파 : 10% 할인
리테일 상품 제외
the Black, the Purple, the Red, 현대카드 Summit, 대한항공카드 150·the First, American Express The Platinum Card
Edition2, American Express
Gold Card Edition2, American Express
Green Card Edition2, American Express The Platinum Card
, American Express
Gold Card, American Express
Green Card, 카카오뱅크 BUSINESS 현대카드 PRIME 보유 회원에 한해 제공
쉐라톤 그랜드 인천 호텔
① 객실 : 공식  홈페이지 BAR(Best Available Rate) 기준 10% 할인
② 식음 업장 : 10% 할인
주류, 룸서비스, 미니바, 연회 제외
스위스 그랜드 호텔
① 객실 : 정상가 기준 30% 할인, Net Price 기준 패키지 5% 할인
② F&B : 10% 할인
연회장, 델리, 룸서비스, 미니바, 음료, 주류 제외
안다즈 서울 강남
① 객실 : 공식 홈페이지 BAR(Best Available Rate) 기준 10% 할인
제외 기간 : 2026. 2. 28, 3. 1, 5. 2, 5. 22 ~ 5. 24, 7. 25, 8. 1, 8. 8, 8. 14 ~ 8. 16, 10. 3 ~ 10. 4, 10. 9 ~ 10. 10, 12. 24 ~ 12. 26, 12. 31
② F&B : 10% 할인
대상 업장 : 조각보 미트앤코 스테이크 하우스, 조각보 키친, 바이츠 앤 와인
제외 기간 : 2026. 5. 5, 12. 24 ~ 25, 12. 31
앰배서더 서울 풀만 호텔
① 객실 정상가 및 BAR(Best Available Rate) 기준 15,000원 할인, 패키지 10,000원 할인
제외 기간 : 2026. 12. 24, 12. 25, 12. 31
② F&B : 10% 할인
대상 업장 : 더 킹스, 풀하우스 테라스, 더 라운지 앤 바, 1955 그로세리아(베이커리, 다이닝)
제외 기간 : 2026. 1. 1, 2. 14, 5. 5, 12. 24 ~ 12. 26, 12. 31
③ 웰니스 센터 : 필라테스 클래스 10% 할인
객실 할인은 호텔 홈페이지 또는 예약실을 통해 예약 시에 한해 제공
웨스틴 서울 파르나스
① 객실 : BFR(Best Flexible Rate, 당일 최저가) 요금 10% 할인
제외 기간 : 2026. 4. 30 ~ 5. 2, 9. 24 ~ 9. 27, 10. 3 ~ 10. 4, 10. 30 ~ 10. 31, 11. 20 ~ 11. 21, 12. 24 ~ 12. 26, 12. 31
② F&B : 10% 할인
대상 업장 : 온테이블, 아시안 라이브
이벤트 상품 및 외부 아이템 중복 할인 제외
제외 기간 : 2026. 12. 24 ~ 12. 31
음료 및 주류 스시 카네사카, 연회 Private Dining, 이벤트 상품 및 외부 아이템 중복 할인 제외
웨스틴 조선 서울
① 객실 : 정상가 기준 30% 할인 , 패키지 10% 할인
② F&B : 10% 할인
대상 업장 : 아리아, 루브리카, 홍연, 조선델리, 라운지&바, 나인스게이트, 스시조
제외 기간 : 2026. 5. 5, 12. 24 ~ 12. 25, 12. 31, 업장 이벤트 기간
③ 연회 : 웨딩 코스 메뉴 5% 할인, 케이크 50% 할인
기간(2026. 1. 1 ~ 12. 31) 내 예식 및 하객 인원 200명 이상 시 제공(토요일 점심 및 음료, 부대비용 제외)
객실 패키지 할인은 조선호텔앤리조트 공식 홈페이지 에서 판매되고 있는 상품에 한해 제공
연회 할인은 the Black, the Purple 보유 회원에 한해 제공(음료, 부대 비용 제외)
인스파이어 엔터테인먼트 리조트
① 객실 : 인스파이어 홈페이지를 통한 예약 또는 유선상 예약 시 10% 할인
② F&B : 10% 할인
대상 업장 : 셰프스 키친, 마이클 조던 스테이크 하우스, 브라세리 1783, 하이파이 코리안 소울 푸드, 가든 팜 카페, 홍반, 미나기, MJ23 스포츠 바 앤 그릴, 오로라 바, 호라이즌 라운지
③ 기타 : 스플래시 베이 이용권 20% 할인
객실 및 F&B 할인은 프리미엄 카드 회원에 한해 제공
홈페이지를 통한 객실 예약의 경우 프로모션 코드* 입력 필수
* 룸 온리 : 15HDRO / 룸+2인 조식 : 15HDBF / 룸+스플래시 베이 : 15HDSP
유선 예약 시 현대카드 전용 패키지로 예약해야 할인 가능
음료, 주류, 리테일 상품, 이벤트 상품은 할인 제외되며, 중복 할인 적용 불가
조선 팰리스 서울 강남
① 객실 : 정상가 기준 객실 정규 패키지 10% 할인(이벤트 패키지 제외)
제외 기간 : 2026. 12. 24 ~ 12. 26, 12. 31
② F&B : 10% 할인
대상 업장 : 콘스탄스, 이타닉 가든, 더 그레이트 홍연, 조선델리 더 부티크, 1914 라운지&바
주류, 음료, 이벤트 메뉴 및 인룸 다이닝, MD 및 리테일 상품 제외
제외 기간 : 2026. 1. 1, 5. 5, 12. 24, 12. 25, 12. 31, 레스토랑 이벤트, 갈라디너
객실 할인은 the Centurion® Card, the Black 보유 회원에 한해 제공
F&B 할인은 the Centurion, the Black, the Purple, American Express The Platinum Card
보유 회원에 한해 제공
콘래드 서울
① 객실 : 객실 5% 할인, 패키지 5% 할인(유선 예약 전용)
Advanced Purchase 및 일부 패키지 제외
제외 기간 : 서울세계불꽃축제 기간,
2026. 1. 1, 4. 15 ~ 4. 18, 12. 24 ~ 12. 25, 12. 31
② F&B : 10% 할인
대상 업장 : 아트리오, 제스트, 플레임즈, 숯 더 붓처스 엣지, 37바
제외 기간 : 서울세계불꽃축제 기간,
2026. 1. 1, 12. 20 ~ 12. 31
객실 및 패키지 할인은 호텔 예약실을 통한 유선 예약 시에 한해 제공
파라다이스시티/아트파라디소
① 객실 : 시즌 패키지 5% 할인
제외 기간 : 토요일, 2026. 1. 1, 2. 14 ~ 2. 18, 2. 28 ~ 3. 2, 5. 1 ~ 5. 5, 5. 23 ~ 5. 25, 6. 2 ~ 6. 3, 7. 19 ~ 8. 17, 9. 23 ~ 9. 27, 10. 2 ~ 10. 4, 10. 8 ~ 10. 11, 12. 19 ~ 12. 31
② F&B : 10% 할인
대상 업장 : 온더플레이트, 라스칼라, 가든카페, 라운지파라다이스, 라쿠, 루빅, 새라새, 라운지&바 새라새
제외 기간 : 2026. 5. 5, 12. 24 ~ 12. 25, 12. 31
③ 스파 : 10% 현장 할인
더 스칼프 컴포트 엣 파라다이스
더 스파 앳 파라다이스 스파 프로그램
④ 기타 : 씨메르 아쿠아스파 이용권 20% 할인(최대 4인), 원더박스 1일 자유이용권 20% 할인(최대 4인)
제외 기간 : 시설 정기 보수 기간
시즌 패키지 할인은 호텔 예약실을 통한 유선 예약 시에 한해 제공
파크 하얏트 서울
① 객실 : 정상가 기준 10% 할인(스탠다드 객실에 한함)
제외 기간 : 2026. 12 .24 ~ 12. 26, 12. 31
② F&B : 10% 할인
대상 업장 : 코너스톤, 더 라운지, 더 팀버 하우스
제외 기간 : 2026. 12. 24 ~ 12. 27, 12. 31 및 특별 이벤트 기간
페어몬트 앰배서더 서울
① 객실 : 공식 홈페이지 공시 가격(Published Rate) 기준 객실 패키지 10% 할인
제외 기간 : 2026. 12. 24 ~ 12. 26, 12. 31, 서울세계불꽃축제 기간
② F&B : 10% 할인
대상 업장 : 더 아트리움 라운지, 스펙트럼, 마리포사, M29
제외 기간 : 2026. 12. 24 ~ 12. 25, 12. 31, 서울세계불꽃축제 기간
호텔 예약실을 통한 유선 예약 시에 한해 제공
포시즌스 호텔 서울
① 객실 : 공식 홈페이지 공시 가격(Published Rate) 기준 주중 10% 할인
Room Only 상품에 한함
제외 기간 : 2026. 12. 24, 12. 31
② F&B : 10% 할인
대상 업장 : 보칼리노, 더 마켓 키친, 유유안, 오울
제외 기간 : 2026. 12. 20 ~ 12. 31
③ 스파 : 트리트먼트 10% 할인
리테일 상품 제외
제외 기간 : 2026. 1. 1, 2. 14 ~ 2. 18, 9. 24 ~ 9. 27, 12. 21 ~ 12. 31
the Black, the Purple, the Red, 현대카드 Summit, American Express The Platinum Card
Edition2, American Express
Gold Card Edition2, American Express Platinum Card
, American Express
Gold Card, 미래에셋 현대카드 Gold·Diamond 보유 회원에 한해 제공
하얏트 리젠시 인천 파라다이스시티
① 객실 : 하얏트 브랜드 닷컴 일일 기준 요금 5% 할인
제외 기간 : 토요일, 2026. 5. 1 ~ 5. 5, 5. 23 ~ 25, 6. 2 ~ 6. 3, 6. 5 ~ 6. 6, 7. 16 ~ 8. 17, 9. 23 ~ 9. 27, 10. 2 ~ 10. 4, 10. 8 ~ 10. 11, 12. 19 ~ 12. 31
② F&B : 10% 할인
대상 업장 : 마켓카페, 스웰라운지
마켓카페 조식 뷔페, 룸서비스, 풀하우스, 리젠시 클럽, 연회장, 음료 및 주류, 미니바, 계절 프로모션 메뉴 제외
제외 기간 : 2026. 5. 5, 12. 24 ~ 12. 25, 12. 31
객실 할인은 호텔 예약실을 통한 유선 예약 시에 한해 제공
JW메리어트 동대문 스퀘어 서울
① 객실 : 공식 홈페이지 BAR(Best Available Rate) 기준 5% 할인
제외 기간 : 2026. 5. 3 ~ 5. 4, 12. 24, 12. 31
② F&B : 10% 할인
Tavolo 24, BLT Steak 이용 시 제공(1회 최대 20명)
연회, 룸서비스, 미니바, SBC 리테일 상품 제외
③ 스파 : 10% 할인
리테일 상품 제외
JW 메리어트 호텔 서울
① 객실 : 공식 홈페이지 BAR(Best Available Rate) 기준 상시 10% 할인
제외 기간 : 2026. 5. 2 ~ 5. 4, 12. 24 ~ 12. 26
② F&B : 10% 할인
대상 업장 : 플레이버즈, 더 마고 그릴, 타마유라
제외 기간 : 2026. 5. 5, 12. 24 ~ 12. 25, 12. 31
그랜드 조선 부산
① 객실 : 정상가 기준 월~목요일 40% 할인, 금·일요일 30% 할인, 토요일 및 성수기 20% 할인
성수기 : 2026. 1. 1, 2. 13 ~ 2. 17, 2. 27 ~ 3. 1, 4. 10, 5, 1 ~ 5. 5, 5. 22 ~ 5. 24, 6. 5 ~ 6. 6, 7. 17 ~ 8. 16, 9. 24 ~ 9. 27, 10. 2 ~ 10. 5, 10. 9 ~ 10. 11, 12. 24, 12. 26
제외 기간 : 2026. 12. 25, 12. 31
② F&B : 10% 할인
대상 업장 : 아리아, 팔레드 신, 라운지앤바 테라스292, 조선 델리
음료, 주류, 연회, 인룸다이닝, 조선델리 MD, 리테일 상품 제외
제외 기간 : 2026. 1. 1, 5. 5, 12. 24 ~ 12. 26, 12. 31
③ 연회 : 웨딩 및 가족연 Food 5% 할인
주류, 음료, 부대 비용 제외 및 프로모션 행사와 중복 적용 불가
자녀 관련 연회 시 가족관계증명서 등 증빙 서류 제출 필수
연회 할인은 the Black, the Purple, the Red 보유 회원에 한해 제공
롯데호텔 부산
① 객실 : 정상가 기준 30% 할인, 객실 패키지 5% 할인
② F&B : 10% 할인(리테일 상품 및 연회성 행사 제외)
③ 기타 : 델리카한스(베이커리) 제빵, 케이크류 20% 할인
객실 패키지 할인은 the Black, the Purple, the Red, 대한항공카드 the First 보유 회원에 한해 제공
델리카한스(베이커리) 할인은 the Black, the Purple, the Red 보유 회원에 한해 제공
웨스틴 조선 부산
① 객실 : 정상가 기준 일~목요일 40% 할인, 금·토요일 및 공휴일 30% 할인, 성수기 20% 할인
30% 할인 적용 기간 : 2026. 1. 27 ~ 1. 30, 2. 28, 3. 2, 5. 1, 5. 4 ~ 5. 5, 6. 5 ~ 6. 6, 10. 2 ~ 10. 10, 12. 24
성수기 : 2026. 7. 18 ~ 8. 16
제외 기간 : 2026. 12. 31
② F&B : 10% 할인
대상 업장 : 셔블, 오스킴, 까밀리아, 파노라마라운지, 조선델리
제외 기간 : 2026. 1. 1, 5. 5, 12. 24 ~ 12. 25, 12. 31
파라다이스호텔 부산
① 객실 : 정상가 기준 일~목요일 40% 할인, 금·토요일 및 공휴일 30% 할인, 객실 패키지 5% 할인
제외 기간 : 2026. 7. 1 ~ 8. 31, 12. 24 ~ 12. 26, 12. 30 ~ 2027. 1. 2 및 부산불꽃축제 등 호텔이 지정한 국제 행사 기간
② F&B : 10% 할인
연회장, 룸서비스, 미니바, 가든행사, 레저 식음료, 라운지 파라다이스, 바닉스, 임대 업장(본앤브랜드), 부티크베이커리(일부 상품), 레스토랑 서비스 중 20인 이상의 예약 또는 연회성 행사 제외
객실 패키지 할인은 the Black, the Purple, the Red, the Green, the Pink 보유 회원에 한해 제공
파크 하얏트 부산
① 객실 : 하얏트 요금 기준 스탠다드 객실 10% 할인
제외 기간 : 부산불꽃축제 기간, 2026. 12. 24 ~ 12. 25, 12. 31
② F&B : 10% 할인
대상 업장 : 다이닝룸, 리빙룸
제외 기간 : 부산불꽃축제 기간, 2026. 12. 24 ~ 12. 27, 12. 31, 와인/갈라/사케디너 등 스페셜 이벤트 및 이벤트 기간
F&B 할인은 다른 할인 서비스 및 쿠폰, 이벤트, 제휴 카드 혜택과 중복 적용 불가
그랜드 조선 제주
① 객실 : 5% 할인
이벤트 상품 제외
②F&B : 10% 할인
대상 업장 : 아리아, 루브리카, 라운지앤바, 잇투오
제외 기간 : 2026. 5. 5, 12. 24 ~ 12. 25 및 갈라디너 등 업장 이벤트 기간
호텔 홈페이지를 통해 예약 시에 한해 제공
그랜드 하얏트 제주
① 객실 : 공식 홈페이지 요금 기준 10% 할인
② F&B : 10% 할인
대상 업장 : 갤러리 라운지, 99밸리, 차이나 하우스, 제주 핫팟, 녹나무, 그랜드 키친, 유메야마, 카페8
③ 스파 : 트리트먼트 10% 할인
이벤트 상품, 제품 구매, 찜질스파 제외
로즈베이 스파는 토요일 제외
제외 기간 : 2026. 2. 13 ~ 2. 22, 5. 1 ~ 5. 6, 7. 24 ~ 8. 23, 9. 24 ~ 9. 27, 10. 1 ~ 10. 7, 12. 24 ~ 12. 27, 12. 31 ~ 2027. 1. 3 및 모든 공휴일
롯데호텔 제주
① 객실 : 호텔 직판 상시 패키지 5%/10% 할인
얼리버드 및 특가 등 일부 패키지 제외
③ F&B : 10% 할인
호텔 직판 상시 패키지 10% 할인은 the Black, 5% 할인은 the Purple, the Red, 대한항공카드 the First 보유 회원에 한해 제공
다른 할인 서비스 및 쿠폰, 이벤트, 제휴 카드 혜택과 중복 적용 불가
F&B 할인은 카드당 1테이블 기준으로 제공
메종글래드제주
① 객실 : 정상가 기준 50% 할인, 성수기 30% 할인, 객실 패키지 10% 할인
성수기 : 2026. 7. 18 ~ 8. 24
② F&B : 20% 할인(삼다정)
제주신라호텔
① 객실 : BAR (Best Available Rate) 기준 5% 할인
이벤트 상품, 패키지 및 일부 상품 제외
② F&B : 10% 할인
대상 업장 : 히노데, 더 파크뷰, 바당, 올래 바, 패스트리 부티크
대한항공카드 이용 시 할인 제외
호텔 예약실을 통한 유선 예약 시에 한해 제공
파르나스 호텔 제주
① 객실 : BFR(Best Flexible Rate, 당일 최저가) 요금 10% 할인
제외 기간 : 2026. 2. 14 ~ 2. 18, 2. 28 ~ 3. 2, 5. 1 ~ 5. 5, 5. 23 ~ 5. 25, 7. 17 ~ 8. 17, 9. 24 ~ 9. 27
② F&B : 10% 할인
대상 업장 : 콘페티, 폰드메르 라운지&바, 바르
③ 스파 : 본에스티스 스파 10% 할인
음료 및 주류 스시 카네사카, 연회 Private Dining, 이벤트 상품 및 외부 아이템 중복 할인 제외
포도호텔
① 객실 : 정상가 기준 10~40% 할인 및 조식 제공
the Black, the Purple, the Red, the Green, 대한항공카드 the First, American Express The Platinum Card
Edition2, American Express
Gold Card Edition2, American Express
Green Card Edition2 보유 회원에 한해 제공
해비치호텔앤드리조트 제주
① 객실 : 정규 패키지 10% 할인
골프 패키지 제외
제외 기간 : 2026. 7. 16 ~ 8. 20
② F&B : 10% 할인
대상 업장 : 섬모라, 99바, 밀리우, 마고 및 해비치 C.C 클럽 하우스, 메르 & 테르
③ 스파 : 10% 할인
④ 골프 : 정상가 기준 해비치 CC 그린피 주중 20% 할인, 주말 10% 할인
넥슨 현대카드 UNLIMITED로 이용 시 할인 제외
스파 할인은 the Black, the Purple, the Red 보유 회원에 한해 제공
히든 클리프 호텔 & 네이쳐
① F&B : 10% 할인
시즌 이벤트 메뉴, 주류 및 룸서비스, 인피니티바 제외
② 스파 : 보떼에르 스파 바이 록시땅 10% 할인
이벤트 상품 제외
호텔 홈페이지를 통해 예약 시에 한해 제공
대구 메리어트 호텔
① 객실 : 패키지 상품 5% 할인
제외 기간 : 2026. 12. 24, 12. 31
② F&B : 10% 할인
대상 업장 : 어반 키친, 동문, 라운지&바
제외 기간 : 2026. 12. 24 ~ 12. 25, 12. 31
호텔 홈페이지에서 판매 중인 패키지에 한해 제공(단, 루프탑 패키지 제외)
라한셀렉트 경주
① 객실 : BAR(Best Available Rate) 기준 일~금요일 10% 할인, 토요일 및 성수기 5% 할인
② F&B : 더플레이트 10% 할인
롯데호텔 울산
① 객실 : 호텔 직판 상시 패키지 5% 할인
얼리버드 및 특가 등 일부 패키지 제외
제외 기간 : 2026. 5. 3 ~ 5. 5, 7. 26 ~ 8. 9, 8. 15~ 8. 16, 10. 3 ~ 10. 11, 12. 24, 12. 31
② F&B : 10% 할인
대상 업장 : 델리카한스, 페닌슐라
호텔 직판 상시 패키지 할인은 the Black, the Purple, the Red, 대한항공카드 the First 보유 회원에 한해 제공
F&B 할인은 카드당 1테이블 기준으로 제공
브리브 광주 바이 롯데호텔
① 객실 : 정상가 기준 일~목요일 40% 할인, 금·토요일 30% 할인
② F&B : 10% 할인
대상 업장 : 뷔페 레스토랑 파라뷰, 중식당 쉥카이
제외 기간 : 2026. 12. 20 ~ 12. 31
사우스케이프
① F&B : 업장에서 현장 결제 시 10% 할인
음료, 주류, 룸서비스, 이벤트 메뉴 제외
② 스파 : 10% 할인
이용일 1일 전까지 사전 예약 필수
the Black, the Purple, the Red, the Green, the Pink, American Express The Platinum Card
Edition2, American Express
Gold Card Edition2, American Express
Green Card Edition2, American Express The Platinum Card
, American Express
Gold Card, American Express
Green Card 보유 회원에 한해 제공
이용 전 호텔로 혜택 적용 가능 여부 확인 필수(미확인 시 혜택 적용 불가할 수 있음)
소노캄 고양
① 객실 : BAR(Best Available Rate) 기준 10% 할인
② F&B : 10% 할인
대상 업장 : 셰프스 키친, 죽림, 일라고
③ 기타 : 사우나 50% 할인
객실 할인은 예약 가능한 잔여 객실이 있는 경우에 한해 제공
사우나 할인은 본인 회원에 한해 제공
씨마크 호텔
① 객실 : BAR(Best Available Rate) 기준 프리미엄 디럭스 룸 10% 할인
② F&B : 더 레스토랑 10% 할인
the Black, the Purple, the Red, the Green 보유 회원에 한해 제공
알펜시아
① 객실 : BAR(Best Available Rate) 기준으로 25% 할인
② F&B : 음식 10% 할인
음료, 주류, 인룸다이닝, 미니바, 연회 제외
제외 기간 : 크리스마스 디너 뷔페, 추석 디너 뷔페 등 이벤트 기간
오노마 대전 오토그래프컬랙션
① 객실 : 객실 정규 패키지 10% 할인
② F&B : 5% 할인
대상 업장 : 타운하우스, 오노마 라운지
켄싱턴 스타호텔 설악
① 객실 : 정상가 기준 주중 일~목요일 30% 할인, 금·토요일 20%, 연휴 및 성수기 10% 할인
패키지 상품 제외
② F&B : 10% 할인
이벤트 및 음료, 주류, 미팅 시설 이용료 제외
호텔인터불고 엑스코
① 객실 : 정상가 기준 40% 할인
② F&B : 10% 할인
최대 5인 이용 가능(공휴일 제외)
임대 업장 및 주류 제외
호텔현대 바이 라한 울산
① 객실 : BAR(Best Available Rate) 기준 10% 상시 할인, 성수기 5% 할인
② F&B : 10% 할인
대상 업장 : 디오븐, 더플레이트, 더터번",2026-06-06 17:21:11
BTCP_E0001,BTCP,현대,Boutique - Copper,FEX699,2026년 제휴 호텔 이벤트 혜택 안내,https://www.hyundaicard.com/cpb/ev/CPBEV0101_06.hc?bnftWebEvntCd=FEX699,2026-01-01,2026-12-31,할인,이용 방법,"예약 시 현대카드 이벤트 이용 예정임을 알리고, 이용 시 본인 명의 대상 카드로 결제",2026-06-06 17:21:11
BTCP_E0001,BTCP,현대,Boutique - Copper,FEX699,2026년 제휴 호텔 이벤트 혜택 안내,https://www.hyundaicard.com/cpb/ev/CPBEV0101_06.hc?bnftWebEvntCd=FEX699,2026-01-01,2026-12-31,할인,확인사항,"확인해 주세요
위 혜택은 대상 카드로 결제 시 적용됩니다.
현대카드 Chameleon 및 앱카드, 간편결제 서비스(네이버페이 등) 이용 시 혜택 제외
호텔 사정에 따라 특정 날짜, 특정 상품은 혜택 제공이 불가할 수 있습니다.
F&B 혜택 대상에서 연회*, 인룸다이닝, 미니바, 임대 업장, 소매 상품, 음료 및 주류, 갈라 디너 등의 이벤트 메뉴는 제외됩니다.
*20인 이상의 예약 또는 연회성 행사(호텔별 적용 인원 기준이 다르니 이용 전 각 호텔로 문의)
다른 혜택(바우처, 쿠폰, 호텔 멤버십 적립, 할인 등) 및 이벤트와 중복 적용되지 않습니다.
예약 안내 및 유의사항 등 자세한 내용은 대상 호텔로 문의해 주세요.
위 혜택은 현대카드 및 제휴사 사정에 따라 변경 또는 중단될 수 있습니다.",2026-06-06 17:21:11
BTVV_E0001,BTVV,현대,Boutique - Velvet,FEX699,2026년 제휴 호텔 이벤트 혜택 안내,https://www.hyundaicard.com/cpb/ev/CPBEV0101_06.hc?bnftWebEvntCd=FEX699,2026-01-01,2026-12-31,할인,혜택,"기간 내 대상 호텔 이용 시 객실 및 F&B 등 5~40% 즉시 할인
호텔별 제공 혜택, 대상 카드, 할인율은 아래 '대상 호텔'에서 확인 가능",2026-06-06 17:21:11
BTVV_E0001,BTVV,현대,Boutique - Velvet,FEX699,2026년 제휴 호텔 이벤트 혜택 안내,https://www.hyundaicard.com/cpb/ev/CPBEV0101_06.hc?bnftWebEvntCd=FEX699,2026-01-01,2026-12-31,할인,기간,2026. 1. 1 ~ 12. 31,2026-06-06 17:21:11
BTVV_E0001,BTVV,현대,Boutique - Velvet,FEX699,2026년 제휴 호텔 이벤트 혜택 안내,https://www.hyundaicard.com/cpb/ev/CPBEV0101_06.hc?bnftWebEvntCd=FEX699,2026-01-01,2026-12-31,할인,대상,"대상 카드 기소지 회원
대상 호텔 리스트
호텔명
혜택
유의사항
그랜드 인터컨티넨탈 서울 파르나스
① 객실 : BFR(Best Flexible Rate, 당일 최저가) 요금 10% 할인
제외 기간 : 2026. 9. 12, 11. 21, 12. 24 ~ 12. 26, 12. 31
② F&B : 10% 할인
대상 업장 : 히노츠키, 웨이루, 그랜드 키친, 메르카토521
제외 기간 : 2026. 12. 24 ~ 12. 31
음료 및 주류 스시 카네사카, 연회 Private Dining, 메르카토521 식사 외 메뉴 제외
이벤트 상품 및 외부 아이템 중복 할인 제외
그랜드 하얏트 서울
① 객실 : 호텔 직판 패키지 예약 시 객실 업그레이드
제외 기간 : 공휴일(대체 공휴일 포함), 극성수기(7~8월), 2026. 12. 20 ~ 12. 31
② F&B : 10% 할인(델리 리테일 상품 제외)
대상 업장 : 테라스, 카우리, 스테이크하우스, 텐가이, 파리스바, 풀사이드 바베큐(시즌 운영), 델리
제외 기간 : 공휴일(대체 공휴일 포함), 2026. 12. 20 ~ 12. 31
스탠다드룸에서 한강 전망 객실로 업그레이드되며, 잔여 객실 상황에 따라 변경될 수 있음
그랜드 워커힐 서울
① 객실 : 패키지 5% 할인
제외 기간 : 2026. 12. 24, 12. 31
② F&B : 10% 할인
이벤트 메뉴, 런치박스, 리버파크, 룸서비스 및 연회 제외
더 플라자
① 객실 : 시즌 패키지 3만원 할인
일부 이벤트 패키지 제외
② F&B : 10% 할인
대상 업장 : 세븐 스퀘어, 블랑제리 더 플라자, 더라운지(음료 및 주류에 한함)
가족연(돌잔치, 장수연) 5% 할인(웨딩 제외)
③ 지스텀 더 플라자 10% 할인
더 플라자 P-Collection 상품 포함
가족연 할인은 the Black, the Purple, the Red 보유 회원에 한해 제공
세븐스퀘어, 블랑제리 더 플라자, 더라운지 : 2026년 9월 30일까지 영업 후 종료
레스케이프
① 객실 : 시즌 패키지 10% 할인
제외 기간 : 2026. 12. 24 ~ 12. 26, 12. 31
② F&B : 10% 할인
대상 업장 : 라망 시크레, 팔레드 신, 마크다모르, 티살롱, 리테일(PB상품)
룸서비스, 미바, 리테일 상품, 대관 행사, 갈라디너 제외(주류는 칵테일 등 제조 주류에 한함)
호텔 리테일 PB 상품 한정 10% 할인
③ 연회 : 돌잔치 및 웨딩 애프터파티 10% 할인
돌잔치 : 팔레드 신 돌잔치 전용 메뉴 8인 이상 이용 시 제공(1인, 20만원)
웨딩 애프터파티 : 마크 다모르 전용 메뉴 30인 이상 이용 시 제공(1인, 12만원)
④ 스파 : 스위스퍼펙션 10% 할인
일부 프로그램 및 ADD ON 상품 제외
제외 기간 : 2026. 12. 24 ~ 12. 26, 12. 31
호텔 리테일 PB 상품 한정 할인은 the Black, the Purple 보유 회원에 한해 제공
롯데호텔 월드
① 객실 : 호텔 직판 계절 패키지 5% 할인
제외 기간 : 2026. 2. 13 ~ 2. 17, 5. 1 ~ 5. 5, 7. 27 ~ 8. 2, 9. 24 ~ 9. 26, 12. 24 ~ 12. 26, 12. 30 ~ 12. 31
② F&B : 직영 업장 10% 할인
계절 패키지 할인은 the Black, the Purple, the Red, 대한항공카드 the First 보유 회원에 한해 제공되며 얼리버드, 특가 등 일부 패키지 제외
F&B 할인은 카드당 1테이블 기준으로 제공
롯데호텔 서울
① 객실 : 호텔 직판 계절 패키지 5%/10% 할인, 정상가 기준 30% 할인
제외 기간 : 2026. 5. 1 ~ 5. 5, 8. 15 ~ 8. 17, 12. 24 ~ 12. 31
② F&B : 직영 업장 10% 할인
계절 패키지 10% 할인은 the Black, 계절 패키지 5% 할인은 the Purple, the Red, 대한항공카드 the First  보유 회원에 한해 제공되며 얼리버드, 특가 등 일부 패키지 제외
F&B 할인은 카드당 1테이블 기준으로 제공
르메르디앙 & 목시 서울 명동
① 객실 : 객실 패키지 10% 할인
제외 기간 : 2026. 3. 1 ~ 3. 2, 5. 2 ~ 5. 4, 12. 24 ~ 12. 31
② F&B : 10% 할인
제외 기간 : 2026. 1. 1, 12. 24 ~ 12. 25, 12. 31
계절 패키지 할인은 연박 이용 시 제외
메리어트 이그제큐티브 아파트먼트 서울
① 객실 : 패키지 10% 할인
할인 패키지, 제휴사 패키지, 스테이 포 브렉퍼스트 등 일부 패키지 제외
② F&B : 10% 할인
이벤트 상품, 리테일 상품, 룸서비스, 주류 제외
③ 스파 : 트리트먼트 10% 할인
패키지, 리테일 상품, 일부 이벤트 상품 제외
④ 기타 : 명절 선물세트 5% 할인
명절선물세트 할인은 the Black, the Purple, the Red 보유 회원에 한해 제공
반얀트리 클럽 앤 스파 서울
① 객실 : BAR 기준 시즌 패키지 10% 할인
제외 기간 : 2026. 12. 24 ~ 12. 26, 12. 31
② F&B : 10% 할인
대상 업장 : 그라넘 다이닝 라운지, 페스타 바이 충후
제외 기간 : 2026. 12. 24 ~ 12. 26, 12. 31
③ 스파 : 10% 할인
스파 트리트먼트, 갤러지 제품 한정
비스타 워커힐 서울
① 객실 : 패키지 5% 할인
제외 기간 : 2026. 12. 24, 12. 31
② F&B : 10% 할인
이벤트 메뉴, 런치박스, 룸서비스 및 연회 제외
서울신라호텔
① 객실 : Best Available Rate 기준 5% 할인
제외 기간 : 2026. 12. 24, 12. 31 , 토요일
② F&B : 10% 할인
대상 업장 : 팔선, 아리아께, 콘티넨탈, 라연, 더 파크뷰,
더 라이브러리, 패스트리 부티크
1박당 2객실까지 혜택 제공(어번 아일랜드 제외)
서울신라호텔 공식 홈페이지 및 앱에서 예약 시 혜택 제외
소피텔 앰배서더 서울 호텔
① 객실 : 당일 판매가 기준 15% 할인 또는
객실 패키지 10% 할인
제외 기간 : 2026. 1. 1, 12. 24 ~ 12. 26, 12. 31
② F&B : 10% 할인
대상 업장 : 페메종, 미오, 쟈뎅 디베르, 레스파스, 라티튜드32
제외 기간 : 2026. 1. 1, 2. 14, 2. 17, 5. 5, 5. 8, 12. 24 ~ 12. 25, 12. 31
③ 스파 : 10% 할인
리테일 상품 제외
the Black, the Purple, the Red, 현대카드 Summit, 대한항공카드 150·the First, American Express The Platinum Card
Edition2, American Express
Gold Card Edition2, American Express
Green Card Edition2, American Express The Platinum Card
, American Express
Gold Card, American Express
Green Card, 카카오뱅크 BUSINESS 현대카드 PRIME 보유 회원에 한해 제공
쉐라톤 그랜드 인천 호텔
① 객실 : 공식  홈페이지 BAR(Best Available Rate) 기준 10% 할인
② 식음 업장 : 10% 할인
주류, 룸서비스, 미니바, 연회 제외
스위스 그랜드 호텔
① 객실 : 정상가 기준 30% 할인, Net Price 기준 패키지 5% 할인
② F&B : 10% 할인
연회장, 델리, 룸서비스, 미니바, 음료, 주류 제외
안다즈 서울 강남
① 객실 : 공식 홈페이지 BAR(Best Available Rate) 기준 10% 할인
제외 기간 : 2026. 2. 28, 3. 1, 5. 2, 5. 22 ~ 5. 24, 7. 25, 8. 1, 8. 8, 8. 14 ~ 8. 16, 10. 3 ~ 10. 4, 10. 9 ~ 10. 10, 12. 24 ~ 12. 26, 12. 31
② F&B : 10% 할인
대상 업장 : 조각보 미트앤코 스테이크 하우스, 조각보 키친, 바이츠 앤 와인
제외 기간 : 2026. 5. 5, 12. 24 ~ 25, 12. 31
앰배서더 서울 풀만 호텔
① 객실 정상가 및 BAR(Best Available Rate) 기준 15,000원 할인, 패키지 10,000원 할인
제외 기간 : 2026. 12. 24, 12. 25, 12. 31
② F&B : 10% 할인
대상 업장 : 더 킹스, 풀하우스 테라스, 더 라운지 앤 바, 1955 그로세리아(베이커리, 다이닝)
제외 기간 : 2026. 1. 1, 2. 14, 5. 5, 12. 24 ~ 12. 26, 12. 31
③ 웰니스 센터 : 필라테스 클래스 10% 할인
객실 할인은 호텔 홈페이지 또는 예약실을 통해 예약 시에 한해 제공
웨스틴 서울 파르나스
① 객실 : BFR(Best Flexible Rate, 당일 최저가) 요금 10% 할인
제외 기간 : 2026. 4. 30 ~ 5. 2, 9. 24 ~ 9. 27, 10. 3 ~ 10. 4, 10. 30 ~ 10. 31, 11. 20 ~ 11. 21, 12. 24 ~ 12. 26, 12. 31
② F&B : 10% 할인
대상 업장 : 온테이블, 아시안 라이브
이벤트 상품 및 외부 아이템 중복 할인 제외
제외 기간 : 2026. 12. 24 ~ 12. 31
음료 및 주류 스시 카네사카, 연회 Private Dining, 이벤트 상품 및 외부 아이템 중복 할인 제외
웨스틴 조선 서울
① 객실 : 정상가 기준 30% 할인 , 패키지 10% 할인
② F&B : 10% 할인
대상 업장 : 아리아, 루브리카, 홍연, 조선델리, 라운지&바, 나인스게이트, 스시조
제외 기간 : 2026. 5. 5, 12. 24 ~ 12. 25, 12. 31, 업장 이벤트 기간
③ 연회 : 웨딩 코스 메뉴 5% 할인, 케이크 50% 할인
기간(2026. 1. 1 ~ 12. 31) 내 예식 및 하객 인원 200명 이상 시 제공(토요일 점심 및 음료, 부대비용 제외)
객실 패키지 할인은 조선호텔앤리조트 공식 홈페이지 에서 판매되고 있는 상품에 한해 제공
연회 할인은 the Black, the Purple 보유 회원에 한해 제공(음료, 부대 비용 제외)
인스파이어 엔터테인먼트 리조트
① 객실 : 인스파이어 홈페이지를 통한 예약 또는 유선상 예약 시 10% 할인
② F&B : 10% 할인
대상 업장 : 셰프스 키친, 마이클 조던 스테이크 하우스, 브라세리 1783, 하이파이 코리안 소울 푸드, 가든 팜 카페, 홍반, 미나기, MJ23 스포츠 바 앤 그릴, 오로라 바, 호라이즌 라운지
③ 기타 : 스플래시 베이 이용권 20% 할인
객실 및 F&B 할인은 프리미엄 카드 회원에 한해 제공
홈페이지를 통한 객실 예약의 경우 프로모션 코드* 입력 필수
* 룸 온리 : 15HDRO / 룸+2인 조식 : 15HDBF / 룸+스플래시 베이 : 15HDSP
유선 예약 시 현대카드 전용 패키지로 예약해야 할인 가능
음료, 주류, 리테일 상품, 이벤트 상품은 할인 제외되며, 중복 할인 적용 불가
조선 팰리스 서울 강남
① 객실 : 정상가 기준 객실 정규 패키지 10% 할인(이벤트 패키지 제외)
제외 기간 : 2026. 12. 24 ~ 12. 26, 12. 31
② F&B : 10% 할인
대상 업장 : 콘스탄스, 이타닉 가든, 더 그레이트 홍연, 조선델리 더 부티크, 1914 라운지&바
주류, 음료, 이벤트 메뉴 및 인룸 다이닝, MD 및 리테일 상품 제외
제외 기간 : 2026. 1. 1, 5. 5, 12. 24, 12. 25, 12. 31, 레스토랑 이벤트, 갈라디너
객실 할인은 the Centurion® Card, the Black 보유 회원에 한해 제공
F&B 할인은 the Centurion, the Black, the Purple, American Express The Platinum Card
보유 회원에 한해 제공
콘래드 서울
① 객실 : 객실 5% 할인, 패키지 5% 할인(유선 예약 전용)
Advanced Purchase 및 일부 패키지 제외
제외 기간 : 서울세계불꽃축제 기간,
2026. 1. 1, 4. 15 ~ 4. 18, 12. 24 ~ 12. 25, 12. 31
② F&B : 10% 할인
대상 업장 : 아트리오, 제스트, 플레임즈, 숯 더 붓처스 엣지, 37바
제외 기간 : 서울세계불꽃축제 기간,
2026. 1. 1, 12. 20 ~ 12. 31
객실 및 패키지 할인은 호텔 예약실을 통한 유선 예약 시에 한해 제공
파라다이스시티/아트파라디소
① 객실 : 시즌 패키지 5% 할인
제외 기간 : 토요일, 2026. 1. 1, 2. 14 ~ 2. 18, 2. 28 ~ 3. 2, 5. 1 ~ 5. 5, 5. 23 ~ 5. 25, 6. 2 ~ 6. 3, 7. 19 ~ 8. 17, 9. 23 ~ 9. 27, 10. 2 ~ 10. 4, 10. 8 ~ 10. 11, 12. 19 ~ 12. 31
② F&B : 10% 할인
대상 업장 : 온더플레이트, 라스칼라, 가든카페, 라운지파라다이스, 라쿠, 루빅, 새라새, 라운지&바 새라새
제외 기간 : 2026. 5. 5, 12. 24 ~ 12. 25, 12. 31
③ 스파 : 10% 현장 할인
더 스칼프 컴포트 엣 파라다이스
더 스파 앳 파라다이스 스파 프로그램
④ 기타 : 씨메르 아쿠아스파 이용권 20% 할인(최대 4인), 원더박스 1일 자유이용권 20% 할인(최대 4인)
제외 기간 : 시설 정기 보수 기간
시즌 패키지 할인은 호텔 예약실을 통한 유선 예약 시에 한해 제공
파크 하얏트 서울
① 객실 : 정상가 기준 10% 할인(스탠다드 객실에 한함)
제외 기간 : 2026. 12 .24 ~ 12. 26, 12. 31
② F&B : 10% 할인
대상 업장 : 코너스톤, 더 라운지, 더 팀버 하우스
제외 기간 : 2026. 12. 24 ~ 12. 27, 12. 31 및 특별 이벤트 기간
페어몬트 앰배서더 서울
① 객실 : 공식 홈페이지 공시 가격(Published Rate) 기준 객실 패키지 10% 할인
제외 기간 : 2026. 12. 24 ~ 12. 26, 12. 31, 서울세계불꽃축제 기간
② F&B : 10% 할인
대상 업장 : 더 아트리움 라운지, 스펙트럼, 마리포사, M29
제외 기간 : 2026. 12. 24 ~ 12. 25, 12. 31, 서울세계불꽃축제 기간
호텔 예약실을 통한 유선 예약 시에 한해 제공
포시즌스 호텔 서울
① 객실 : 공식 홈페이지 공시 가격(Published Rate) 기준 주중 10% 할인
Room Only 상품에 한함
제외 기간 : 2026. 12. 24, 12. 31
② F&B : 10% 할인
대상 업장 : 보칼리노, 더 마켓 키친, 유유안, 오울
제외 기간 : 2026. 12. 20 ~ 12. 31
③ 스파 : 트리트먼트 10% 할인
리테일 상품 제외
제외 기간 : 2026. 1. 1, 2. 14 ~ 2. 18, 9. 24 ~ 9. 27, 12. 21 ~ 12. 31
the Black, the Purple, the Red, 현대카드 Summit, American Express The Platinum Card
Edition2, American Express
Gold Card Edition2, American Express Platinum Card
, American Express
Gold Card, 미래에셋 현대카드 Gold·Diamond 보유 회원에 한해 제공
하얏트 리젠시 인천 파라다이스시티
① 객실 : 하얏트 브랜드 닷컴 일일 기준 요금 5% 할인
제외 기간 : 토요일, 2026. 5. 1 ~ 5. 5, 5. 23 ~ 25, 6. 2 ~ 6. 3, 6. 5 ~ 6. 6, 7. 16 ~ 8. 17, 9. 23 ~ 9. 27, 10. 2 ~ 10. 4, 10. 8 ~ 10. 11, 12. 19 ~ 12. 31
② F&B : 10% 할인
대상 업장 : 마켓카페, 스웰라운지
마켓카페 조식 뷔페, 룸서비스, 풀하우스, 리젠시 클럽, 연회장, 음료 및 주류, 미니바, 계절 프로모션 메뉴 제외
제외 기간 : 2026. 5. 5, 12. 24 ~ 12. 25, 12. 31
객실 할인은 호텔 예약실을 통한 유선 예약 시에 한해 제공
JW메리어트 동대문 스퀘어 서울
① 객실 : 공식 홈페이지 BAR(Best Available Rate) 기준 5% 할인
제외 기간 : 2026. 5. 3 ~ 5. 4, 12. 24, 12. 31
② F&B : 10% 할인
Tavolo 24, BLT Steak 이용 시 제공(1회 최대 20명)
연회, 룸서비스, 미니바, SBC 리테일 상품 제외
③ 스파 : 10% 할인
리테일 상품 제외
JW 메리어트 호텔 서울
① 객실 : 공식 홈페이지 BAR(Best Available Rate) 기준 상시 10% 할인
제외 기간 : 2026. 5. 2 ~ 5. 4, 12. 24 ~ 12. 26
② F&B : 10% 할인
대상 업장 : 플레이버즈, 더 마고 그릴, 타마유라
제외 기간 : 2026. 5. 5, 12. 24 ~ 12. 25, 12. 31
그랜드 조선 부산
① 객실 : 정상가 기준 월~목요일 40% 할인, 금·일요일 30% 할인, 토요일 및 성수기 20% 할인
성수기 : 2026. 1. 1, 2. 13 ~ 2. 17, 2. 27 ~ 3. 1, 4. 10, 5, 1 ~ 5. 5, 5. 22 ~ 5. 24, 6. 5 ~ 6. 6, 7. 17 ~ 8. 16, 9. 24 ~ 9. 27, 10. 2 ~ 10. 5, 10. 9 ~ 10. 11, 12. 24, 12. 26
제외 기간 : 2026. 12. 25, 12. 31
② F&B : 10% 할인
대상 업장 : 아리아, 팔레드 신, 라운지앤바 테라스292, 조선 델리
음료, 주류, 연회, 인룸다이닝, 조선델리 MD, 리테일 상품 제외
제외 기간 : 2026. 1. 1, 5. 5, 12. 24 ~ 12. 26, 12. 31
③ 연회 : 웨딩 및 가족연 Food 5% 할인
주류, 음료, 부대 비용 제외 및 프로모션 행사와 중복 적용 불가
자녀 관련 연회 시 가족관계증명서 등 증빙 서류 제출 필수
연회 할인은 the Black, the Purple, the Red 보유 회원에 한해 제공
롯데호텔 부산
① 객실 : 정상가 기준 30% 할인, 객실 패키지 5% 할인
② F&B : 10% 할인(리테일 상품 및 연회성 행사 제외)
③ 기타 : 델리카한스(베이커리) 제빵, 케이크류 20% 할인
객실 패키지 할인은 the Black, the Purple, the Red, 대한항공카드 the First 보유 회원에 한해 제공
델리카한스(베이커리) 할인은 the Black, the Purple, the Red 보유 회원에 한해 제공
웨스틴 조선 부산
① 객실 : 정상가 기준 일~목요일 40% 할인, 금·토요일 및 공휴일 30% 할인, 성수기 20% 할인
30% 할인 적용 기간 : 2026. 1. 27 ~ 1. 30, 2. 28, 3. 2, 5. 1, 5. 4 ~ 5. 5, 6. 5 ~ 6. 6, 10. 2 ~ 10. 10, 12. 24
성수기 : 2026. 7. 18 ~ 8. 16
제외 기간 : 2026. 12. 31
② F&B : 10% 할인
대상 업장 : 셔블, 오스킴, 까밀리아, 파노라마라운지, 조선델리
제외 기간 : 2026. 1. 1, 5. 5, 12. 24 ~ 12. 25, 12. 31
파라다이스호텔 부산
① 객실 : 정상가 기준 일~목요일 40% 할인, 금·토요일 및 공휴일 30% 할인, 객실 패키지 5% 할인
제외 기간 : 2026. 7. 1 ~ 8. 31, 12. 24 ~ 12. 26, 12. 30 ~ 2027. 1. 2 및 부산불꽃축제 등 호텔이 지정한 국제 행사 기간
② F&B : 10% 할인
연회장, 룸서비스, 미니바, 가든행사, 레저 식음료, 라운지 파라다이스, 바닉스, 임대 업장(본앤브랜드), 부티크베이커리(일부 상품), 레스토랑 서비스 중 20인 이상의 예약 또는 연회성 행사 제외
객실 패키지 할인은 the Black, the Purple, the Red, the Green, the Pink 보유 회원에 한해 제공
파크 하얏트 부산
① 객실 : 하얏트 요금 기준 스탠다드 객실 10% 할인
제외 기간 : 부산불꽃축제 기간, 2026. 12. 24 ~ 12. 25, 12. 31
② F&B : 10% 할인
대상 업장 : 다이닝룸, 리빙룸
제외 기간 : 부산불꽃축제 기간, 2026. 12. 24 ~ 12. 27, 12. 31, 와인/갈라/사케디너 등 스페셜 이벤트 및 이벤트 기간
F&B 할인은 다른 할인 서비스 및 쿠폰, 이벤트, 제휴 카드 혜택과 중복 적용 불가
그랜드 조선 제주
① 객실 : 5% 할인
이벤트 상품 제외
②F&B : 10% 할인
대상 업장 : 아리아, 루브리카, 라운지앤바, 잇투오
제외 기간 : 2026. 5. 5, 12. 24 ~ 12. 25 및 갈라디너 등 업장 이벤트 기간
호텔 홈페이지를 통해 예약 시에 한해 제공
그랜드 하얏트 제주
① 객실 : 공식 홈페이지 요금 기준 10% 할인
② F&B : 10% 할인
대상 업장 : 갤러리 라운지, 99밸리, 차이나 하우스, 제주 핫팟, 녹나무, 그랜드 키친, 유메야마, 카페8
③ 스파 : 트리트먼트 10% 할인
이벤트 상품, 제품 구매, 찜질스파 제외
로즈베이 스파는 토요일 제외
제외 기간 : 2026. 2. 13 ~ 2. 22, 5. 1 ~ 5. 6, 7. 24 ~ 8. 23, 9. 24 ~ 9. 27, 10. 1 ~ 10. 7, 12. 24 ~ 12. 27, 12. 31 ~ 2027. 1. 3 및 모든 공휴일
롯데호텔 제주
① 객실 : 호텔 직판 상시 패키지 5%/10% 할인
얼리버드 및 특가 등 일부 패키지 제외
③ F&B : 10% 할인
호텔 직판 상시 패키지 10% 할인은 the Black, 5% 할인은 the Purple, the Red, 대한항공카드 the First 보유 회원에 한해 제공
다른 할인 서비스 및 쿠폰, 이벤트, 제휴 카드 혜택과 중복 적용 불가
F&B 할인은 카드당 1테이블 기준으로 제공
메종글래드제주
① 객실 : 정상가 기준 50% 할인, 성수기 30% 할인, 객실 패키지 10% 할인
성수기 : 2026. 7. 18 ~ 8. 24
② F&B : 20% 할인(삼다정)
제주신라호텔
① 객실 : BAR (Best Available Rate) 기준 5% 할인
이벤트 상품, 패키지 및 일부 상품 제외
② F&B : 10% 할인
대상 업장 : 히노데, 더 파크뷰, 바당, 올래 바, 패스트리 부티크
대한항공카드 이용 시 할인 제외
호텔 예약실을 통한 유선 예약 시에 한해 제공
파르나스 호텔 제주
① 객실 : BFR(Best Flexible Rate, 당일 최저가) 요금 10% 할인
제외 기간 : 2026. 2. 14 ~ 2. 18, 2. 28 ~ 3. 2, 5. 1 ~ 5. 5, 5. 23 ~ 5. 25, 7. 17 ~ 8. 17, 9. 24 ~ 9. 27
② F&B : 10% 할인
대상 업장 : 콘페티, 폰드메르 라운지&바, 바르
③ 스파 : 본에스티스 스파 10% 할인
음료 및 주류 스시 카네사카, 연회 Private Dining, 이벤트 상품 및 외부 아이템 중복 할인 제외
포도호텔
① 객실 : 정상가 기준 10~40% 할인 및 조식 제공
the Black, the Purple, the Red, the Green, 대한항공카드 the First, American Express The Platinum Card
Edition2, American Express
Gold Card Edition2, American Express
Green Card Edition2 보유 회원에 한해 제공
해비치호텔앤드리조트 제주
① 객실 : 정규 패키지 10% 할인
골프 패키지 제외
제외 기간 : 2026. 7. 16 ~ 8. 20
② F&B : 10% 할인
대상 업장 : 섬모라, 99바, 밀리우, 마고 및 해비치 C.C 클럽 하우스, 메르 & 테르
③ 스파 : 10% 할인
④ 골프 : 정상가 기준 해비치 CC 그린피 주중 20% 할인, 주말 10% 할인
넥슨 현대카드 UNLIMITED로 이용 시 할인 제외
스파 할인은 the Black, the Purple, the Red 보유 회원에 한해 제공
히든 클리프 호텔 & 네이쳐
① F&B : 10% 할인
시즌 이벤트 메뉴, 주류 및 룸서비스, 인피니티바 제외
② 스파 : 보떼에르 스파 바이 록시땅 10% 할인
이벤트 상품 제외
호텔 홈페이지를 통해 예약 시에 한해 제공
대구 메리어트 호텔
① 객실 : 패키지 상품 5% 할인
제외 기간 : 2026. 12. 24, 12. 31
② F&B : 10% 할인
대상 업장 : 어반 키친, 동문, 라운지&바
제외 기간 : 2026. 12. 24 ~ 12. 25, 12. 31
호텔 홈페이지에서 판매 중인 패키지에 한해 제공(단, 루프탑 패키지 제외)
라한셀렉트 경주
① 객실 : BAR(Best Available Rate) 기준 일~금요일 10% 할인, 토요일 및 성수기 5% 할인
② F&B : 더플레이트 10% 할인
롯데호텔 울산
① 객실 : 호텔 직판 상시 패키지 5% 할인
얼리버드 및 특가 등 일부 패키지 제외
제외 기간 : 2026. 5. 3 ~ 5. 5, 7. 26 ~ 8. 9, 8. 15~ 8. 16, 10. 3 ~ 10. 11, 12. 24, 12. 31
② F&B : 10% 할인
대상 업장 : 델리카한스, 페닌슐라
호텔 직판 상시 패키지 할인은 the Black, the Purple, the Red, 대한항공카드 the First 보유 회원에 한해 제공
F&B 할인은 카드당 1테이블 기준으로 제공
브리브 광주 바이 롯데호텔
① 객실 : 정상가 기준 일~목요일 40% 할인, 금·토요일 30% 할인
② F&B : 10% 할인
대상 업장 : 뷔페 레스토랑 파라뷰, 중식당 쉥카이
제외 기간 : 2026. 12. 20 ~ 12. 31
사우스케이프
① F&B : 업장에서 현장 결제 시 10% 할인
음료, 주류, 룸서비스, 이벤트 메뉴 제외
② 스파 : 10% 할인
이용일 1일 전까지 사전 예약 필수
the Black, the Purple, the Red, the Green, the Pink, American Express The Platinum Card
Edition2, American Express
Gold Card Edition2, American Express
Green Card Edition2, American Express The Platinum Card
, American Express
Gold Card, American Express
Green Card 보유 회원에 한해 제공
이용 전 호텔로 혜택 적용 가능 여부 확인 필수(미확인 시 혜택 적용 불가할 수 있음)
소노캄 고양
① 객실 : BAR(Best Available Rate) 기준 10% 할인
② F&B : 10% 할인
대상 업장 : 셰프스 키친, 죽림, 일라고
③ 기타 : 사우나 50% 할인
객실 할인은 예약 가능한 잔여 객실이 있는 경우에 한해 제공
사우나 할인은 본인 회원에 한해 제공
씨마크 호텔
① 객실 : BAR(Best Available Rate) 기준 프리미엄 디럭스 룸 10% 할인
② F&B : 더 레스토랑 10% 할인
the Black, the Purple, the Red, the Green 보유 회원에 한해 제공
알펜시아
① 객실 : BAR(Best Available Rate) 기준으로 25% 할인
② F&B : 음식 10% 할인
음료, 주류, 인룸다이닝, 미니바, 연회 제외
제외 기간 : 크리스마스 디너 뷔페, 추석 디너 뷔페 등 이벤트 기간
오노마 대전 오토그래프컬랙션
① 객실 : 객실 정규 패키지 10% 할인
② F&B : 5% 할인
대상 업장 : 타운하우스, 오노마 라운지
켄싱턴 스타호텔 설악
① 객실 : 정상가 기준 주중 일~목요일 30% 할인, 금·토요일 20%, 연휴 및 성수기 10% 할인
패키지 상품 제외
② F&B : 10% 할인
이벤트 및 음료, 주류, 미팅 시설 이용료 제외
호텔인터불고 엑스코
① 객실 : 정상가 기준 40% 할인
② F&B : 10% 할인
최대 5인 이용 가능(공휴일 제외)
임대 업장 및 주류 제외
호텔현대 바이 라한 울산
① 객실 : BAR(Best Available Rate) 기준 10% 상시 할인, 성수기 5% 할인
② F&B : 10% 할인
대상 업장 : 디오븐, 더플레이트, 더터번",2026-06-06 17:21:11
BTVV_E0001,BTVV,현대,Boutique - Velvet,FEX699,2026년 제휴 호텔 이벤트 혜택 안내,https://www.hyundaicard.com/cpb/ev/CPBEV0101_06.hc?bnftWebEvntCd=FEX699,2026-01-01,2026-12-31,할인,이용 방법,"예약 시 현대카드 이벤트 이용 예정임을 알리고, 이용 시 본인 명의 대상 카드로 결제",2026-06-06 17:21:11
BTVV_E0001,BTVV,현대,Boutique - Velvet,FEX699,2026년 제휴 호텔 이벤트 혜택 안내,https://www.hyundaicard.com/cpb/ev/CPBEV0101_06.hc?bnftWebEvntCd=FEX699,2026-01-01,2026-12-31,할인,확인사항,"확인해 주세요
위 혜택은 대상 카드로 결제 시 적용됩니다.
현대카드 Chameleon 및 앱카드, 간편결제 서비스(네이버페이 등) 이용 시 혜택 제외
호텔 사정에 따라 특정 날짜, 특정 상품은 혜택 제공이 불가할 수 있습니다.
F&B 혜택 대상에서 연회*, 인룸다이닝, 미니바, 임대 업장, 소매 상품, 음료 및 주류, 갈라 디너 등의 이벤트 메뉴는 제외됩니다.
*20인 이상의 예약 또는 연회성 행사(호텔별 적용 인원 기준이 다르니 이용 전 각 호텔로 문의)
다른 혜택(바우처, 쿠폰, 호텔 멤버십 적립, 할인 등) 및 이벤트와 중복 적용되지 않습니다.
예약 안내 및 유의사항 등 자세한 내용은 대상 호텔로 문의해 주세요.
위 혜택은 현대카드 및 제휴사 사정에 따라 변경 또는 중단될 수 있습니다.",2026-06-06 17:21:11
BTST_E0001,BTST,현대,Boutique - Satin,FEX699,2026년 제휴 호텔 이벤트 혜택 안내,https://www.hyundaicard.com/cpb/ev/CPBEV0101_06.hc?bnftWebEvntCd=FEX699,2026-01-01,2026-12-31,할인,혜택,"기간 내 대상 호텔 이용 시 객실 및 F&B 등 5~40% 즉시 할인
호텔별 제공 혜택, 대상 카드, 할인율은 아래 '대상 호텔'에서 확인 가능",2026-06-06 17:21:11
BTST_E0001,BTST,현대,Boutique - Satin,FEX699,2026년 제휴 호텔 이벤트 혜택 안내,https://www.hyundaicard.com/cpb/ev/CPBEV0101_06.hc?bnftWebEvntCd=FEX699,2026-01-01,2026-12-31,할인,기간,2026. 1. 1 ~ 12. 31,2026-06-06 17:21:11
BTST_E0001,BTST,현대,Boutique - Satin,FEX699,2026년 제휴 호텔 이벤트 혜택 안내,https://www.hyundaicard.com/cpb/ev/CPBEV0101_06.hc?bnftWebEvntCd=FEX699,2026-01-01,2026-12-31,할인,대상,"대상 카드 기소지 회원
대상 호텔 리스트
호텔명
혜택
유의사항
그랜드 인터컨티넨탈 서울 파르나스
① 객실 : BFR(Best Flexible Rate, 당일 최저가) 요금 10% 할인
제외 기간 : 2026. 9. 12, 11. 21, 12. 24 ~ 12. 26, 12. 31
② F&B : 10% 할인
대상 업장 : 히노츠키, 웨이루, 그랜드 키친, 메르카토521
제외 기간 : 2026. 12. 24 ~ 12. 31
음료 및 주류 스시 카네사카, 연회 Private Dining, 메르카토521 식사 외 메뉴 제외
이벤트 상품 및 외부 아이템 중복 할인 제외
그랜드 하얏트 서울
① 객실 : 호텔 직판 패키지 예약 시 객실 업그레이드
제외 기간 : 공휴일(대체 공휴일 포함), 극성수기(7~8월), 2026. 12. 20 ~ 12. 31
② F&B : 10% 할인(델리 리테일 상품 제외)
대상 업장 : 테라스, 카우리, 스테이크하우스, 텐가이, 파리스바, 풀사이드 바베큐(시즌 운영), 델리
제외 기간 : 공휴일(대체 공휴일 포함), 2026. 12. 20 ~ 12. 31
스탠다드룸에서 한강 전망 객실로 업그레이드되며, 잔여 객실 상황에 따라 변경될 수 있음
그랜드 워커힐 서울
① 객실 : 패키지 5% 할인
제외 기간 : 2026. 12. 24, 12. 31
② F&B : 10% 할인
이벤트 메뉴, 런치박스, 리버파크, 룸서비스 및 연회 제외
더 플라자
① 객실 : 시즌 패키지 3만원 할인
일부 이벤트 패키지 제외
② F&B : 10% 할인
대상 업장 : 세븐 스퀘어, 블랑제리 더 플라자, 더라운지(음료 및 주류에 한함)
가족연(돌잔치, 장수연) 5% 할인(웨딩 제외)
③ 지스텀 더 플라자 10% 할인
더 플라자 P-Collection 상품 포함
가족연 할인은 the Black, the Purple, the Red 보유 회원에 한해 제공
세븐스퀘어, 블랑제리 더 플라자, 더라운지 : 2026년 9월 30일까지 영업 후 종료
레스케이프
① 객실 : 시즌 패키지 10% 할인
제외 기간 : 2026. 12. 24 ~ 12. 26, 12. 31
② F&B : 10% 할인
대상 업장 : 라망 시크레, 팔레드 신, 마크다모르, 티살롱, 리테일(PB상품)
룸서비스, 미바, 리테일 상품, 대관 행사, 갈라디너 제외(주류는 칵테일 등 제조 주류에 한함)
호텔 리테일 PB 상품 한정 10% 할인
③ 연회 : 돌잔치 및 웨딩 애프터파티 10% 할인
돌잔치 : 팔레드 신 돌잔치 전용 메뉴 8인 이상 이용 시 제공(1인, 20만원)
웨딩 애프터파티 : 마크 다모르 전용 메뉴 30인 이상 이용 시 제공(1인, 12만원)
④ 스파 : 스위스퍼펙션 10% 할인
일부 프로그램 및 ADD ON 상품 제외
제외 기간 : 2026. 12. 24 ~ 12. 26, 12. 31
호텔 리테일 PB 상품 한정 할인은 the Black, the Purple 보유 회원에 한해 제공
롯데호텔 월드
① 객실 : 호텔 직판 계절 패키지 5% 할인
제외 기간 : 2026. 2. 13 ~ 2. 17, 5. 1 ~ 5. 5, 7. 27 ~ 8. 2, 9. 24 ~ 9. 26, 12. 24 ~ 12. 26, 12. 30 ~ 12. 31
② F&B : 직영 업장 10% 할인
계절 패키지 할인은 the Black, the Purple, the Red, 대한항공카드 the First 보유 회원에 한해 제공되며 얼리버드, 특가 등 일부 패키지 제외
F&B 할인은 카드당 1테이블 기준으로 제공
롯데호텔 서울
① 객실 : 호텔 직판 계절 패키지 5%/10% 할인, 정상가 기준 30% 할인
제외 기간 : 2026. 5. 1 ~ 5. 5, 8. 15 ~ 8. 17, 12. 24 ~ 12. 31
② F&B : 직영 업장 10% 할인
계절 패키지 10% 할인은 the Black, 계절 패키지 5% 할인은 the Purple, the Red, 대한항공카드 the First  보유 회원에 한해 제공되며 얼리버드, 특가 등 일부 패키지 제외
F&B 할인은 카드당 1테이블 기준으로 제공
르메르디앙 & 목시 서울 명동
① 객실 : 객실 패키지 10% 할인
제외 기간 : 2026. 3. 1 ~ 3. 2, 5. 2 ~ 5. 4, 12. 24 ~ 12. 31
② F&B : 10% 할인
제외 기간 : 2026. 1. 1, 12. 24 ~ 12. 25, 12. 31
계절 패키지 할인은 연박 이용 시 제외
메리어트 이그제큐티브 아파트먼트 서울
① 객실 : 패키지 10% 할인
할인 패키지, 제휴사 패키지, 스테이 포 브렉퍼스트 등 일부 패키지 제외
② F&B : 10% 할인
이벤트 상품, 리테일 상품, 룸서비스, 주류 제외
③ 스파 : 트리트먼트 10% 할인
패키지, 리테일 상품, 일부 이벤트 상품 제외
④ 기타 : 명절 선물세트 5% 할인
명절선물세트 할인은 the Black, the Purple, the Red 보유 회원에 한해 제공
반얀트리 클럽 앤 스파 서울
① 객실 : BAR 기준 시즌 패키지 10% 할인
제외 기간 : 2026. 12. 24 ~ 12. 26, 12. 31
② F&B : 10% 할인
대상 업장 : 그라넘 다이닝 라운지, 페스타 바이 충후
제외 기간 : 2026. 12. 24 ~ 12. 26, 12. 31
③ 스파 : 10% 할인
스파 트리트먼트, 갤러지 제품 한정
비스타 워커힐 서울
① 객실 : 패키지 5% 할인
제외 기간 : 2026. 12. 24, 12. 31
② F&B : 10% 할인
이벤트 메뉴, 런치박스, 룸서비스 및 연회 제외
서울신라호텔
① 객실 : Best Available Rate 기준 5% 할인
제외 기간 : 2026. 12. 24, 12. 31 , 토요일
② F&B : 10% 할인
대상 업장 : 팔선, 아리아께, 콘티넨탈, 라연, 더 파크뷰,
더 라이브러리, 패스트리 부티크
1박당 2객실까지 혜택 제공(어번 아일랜드 제외)
서울신라호텔 공식 홈페이지 및 앱에서 예약 시 혜택 제외
소피텔 앰배서더 서울 호텔
① 객실 : 당일 판매가 기준 15% 할인 또는
객실 패키지 10% 할인
제외 기간 : 2026. 1. 1, 12. 24 ~ 12. 26, 12. 31
② F&B : 10% 할인
대상 업장 : 페메종, 미오, 쟈뎅 디베르, 레스파스, 라티튜드32
제외 기간 : 2026. 1. 1, 2. 14, 2. 17, 5. 5, 5. 8, 12. 24 ~ 12. 25, 12. 31
③ 스파 : 10% 할인
리테일 상품 제외
the Black, the Purple, the Red, 현대카드 Summit, 대한항공카드 150·the First, American Express The Platinum Card
Edition2, American Express
Gold Card Edition2, American Express
Green Card Edition2, American Express The Platinum Card
, American Express
Gold Card, American Express
Green Card, 카카오뱅크 BUSINESS 현대카드 PRIME 보유 회원에 한해 제공
쉐라톤 그랜드 인천 호텔
① 객실 : 공식  홈페이지 BAR(Best Available Rate) 기준 10% 할인
② 식음 업장 : 10% 할인
주류, 룸서비스, 미니바, 연회 제외
스위스 그랜드 호텔
① 객실 : 정상가 기준 30% 할인, Net Price 기준 패키지 5% 할인
② F&B : 10% 할인
연회장, 델리, 룸서비스, 미니바, 음료, 주류 제외
안다즈 서울 강남
① 객실 : 공식 홈페이지 BAR(Best Available Rate) 기준 10% 할인
제외 기간 : 2026. 2. 28, 3. 1, 5. 2, 5. 22 ~ 5. 24, 7. 25, 8. 1, 8. 8, 8. 14 ~ 8. 16, 10. 3 ~ 10. 4, 10. 9 ~ 10. 10, 12. 24 ~ 12. 26, 12. 31
② F&B : 10% 할인
대상 업장 : 조각보 미트앤코 스테이크 하우스, 조각보 키친, 바이츠 앤 와인
제외 기간 : 2026. 5. 5, 12. 24 ~ 25, 12. 31
앰배서더 서울 풀만 호텔
① 객실 정상가 및 BAR(Best Available Rate) 기준 15,000원 할인, 패키지 10,000원 할인
제외 기간 : 2026. 12. 24, 12. 25, 12. 31
② F&B : 10% 할인
대상 업장 : 더 킹스, 풀하우스 테라스, 더 라운지 앤 바, 1955 그로세리아(베이커리, 다이닝)
제외 기간 : 2026. 1. 1, 2. 14, 5. 5, 12. 24 ~ 12. 26, 12. 31
③ 웰니스 센터 : 필라테스 클래스 10% 할인
객실 할인은 호텔 홈페이지 또는 예약실을 통해 예약 시에 한해 제공
웨스틴 서울 파르나스
① 객실 : BFR(Best Flexible Rate, 당일 최저가) 요금 10% 할인
제외 기간 : 2026. 4. 30 ~ 5. 2, 9. 24 ~ 9. 27, 10. 3 ~ 10. 4, 10. 30 ~ 10. 31, 11. 20 ~ 11. 21, 12. 24 ~ 12. 26, 12. 31
② F&B : 10% 할인
대상 업장 : 온테이블, 아시안 라이브
이벤트 상품 및 외부 아이템 중복 할인 제외
제외 기간 : 2026. 12. 24 ~ 12. 31
음료 및 주류 스시 카네사카, 연회 Private Dining, 이벤트 상품 및 외부 아이템 중복 할인 제외
웨스틴 조선 서울
① 객실 : 정상가 기준 30% 할인 , 패키지 10% 할인
② F&B : 10% 할인
대상 업장 : 아리아, 루브리카, 홍연, 조선델리, 라운지&바, 나인스게이트, 스시조
제외 기간 : 2026. 5. 5, 12. 24 ~ 12. 25, 12. 31, 업장 이벤트 기간
③ 연회 : 웨딩 코스 메뉴 5% 할인, 케이크 50% 할인
기간(2026. 1. 1 ~ 12. 31) 내 예식 및 하객 인원 200명 이상 시 제공(토요일 점심 및 음료, 부대비용 제외)
객실 패키지 할인은 조선호텔앤리조트 공식 홈페이지 에서 판매되고 있는 상품에 한해 제공
연회 할인은 the Black, the Purple 보유 회원에 한해 제공(음료, 부대 비용 제외)
인스파이어 엔터테인먼트 리조트
① 객실 : 인스파이어 홈페이지를 통한 예약 또는 유선상 예약 시 10% 할인
② F&B : 10% 할인
대상 업장 : 셰프스 키친, 마이클 조던 스테이크 하우스, 브라세리 1783, 하이파이 코리안 소울 푸드, 가든 팜 카페, 홍반, 미나기, MJ23 스포츠 바 앤 그릴, 오로라 바, 호라이즌 라운지
③ 기타 : 스플래시 베이 이용권 20% 할인
객실 및 F&B 할인은 프리미엄 카드 회원에 한해 제공
홈페이지를 통한 객실 예약의 경우 프로모션 코드* 입력 필수
* 룸 온리 : 15HDRO / 룸+2인 조식 : 15HDBF / 룸+스플래시 베이 : 15HDSP
유선 예약 시 현대카드 전용 패키지로 예약해야 할인 가능
음료, 주류, 리테일 상품, 이벤트 상품은 할인 제외되며, 중복 할인 적용 불가
조선 팰리스 서울 강남
① 객실 : 정상가 기준 객실 정규 패키지 10% 할인(이벤트 패키지 제외)
제외 기간 : 2026. 12. 24 ~ 12. 26, 12. 31
② F&B : 10% 할인
대상 업장 : 콘스탄스, 이타닉 가든, 더 그레이트 홍연, 조선델리 더 부티크, 1914 라운지&바
주류, 음료, 이벤트 메뉴 및 인룸 다이닝, MD 및 리테일 상품 제외
제외 기간 : 2026. 1. 1, 5. 5, 12. 24, 12. 25, 12. 31, 레스토랑 이벤트, 갈라디너
객실 할인은 the Centurion® Card, the Black 보유 회원에 한해 제공
F&B 할인은 the Centurion, the Black, the Purple, American Express The Platinum Card
보유 회원에 한해 제공
콘래드 서울
① 객실 : 객실 5% 할인, 패키지 5% 할인(유선 예약 전용)
Advanced Purchase 및 일부 패키지 제외
제외 기간 : 서울세계불꽃축제 기간,
2026. 1. 1, 4. 15 ~ 4. 18, 12. 24 ~ 12. 25, 12. 31
② F&B : 10% 할인
대상 업장 : 아트리오, 제스트, 플레임즈, 숯 더 붓처스 엣지, 37바
제외 기간 : 서울세계불꽃축제 기간,
2026. 1. 1, 12. 20 ~ 12. 31
객실 및 패키지 할인은 호텔 예약실을 통한 유선 예약 시에 한해 제공
파라다이스시티/아트파라디소
① 객실 : 시즌 패키지 5% 할인
제외 기간 : 토요일, 2026. 1. 1, 2. 14 ~ 2. 18, 2. 28 ~ 3. 2, 5. 1 ~ 5. 5, 5. 23 ~ 5. 25, 6. 2 ~ 6. 3, 7. 19 ~ 8. 17, 9. 23 ~ 9. 27, 10. 2 ~ 10. 4, 10. 8 ~ 10. 11, 12. 19 ~ 12. 31
② F&B : 10% 할인
대상 업장 : 온더플레이트, 라스칼라, 가든카페, 라운지파라다이스, 라쿠, 루빅, 새라새, 라운지&바 새라새
제외 기간 : 2026. 5. 5, 12. 24 ~ 12. 25, 12. 31
③ 스파 : 10% 현장 할인
더 스칼프 컴포트 엣 파라다이스
더 스파 앳 파라다이스 스파 프로그램
④ 기타 : 씨메르 아쿠아스파 이용권 20% 할인(최대 4인), 원더박스 1일 자유이용권 20% 할인(최대 4인)
제외 기간 : 시설 정기 보수 기간
시즌 패키지 할인은 호텔 예약실을 통한 유선 예약 시에 한해 제공
파크 하얏트 서울
① 객실 : 정상가 기준 10% 할인(스탠다드 객실에 한함)
제외 기간 : 2026. 12 .24 ~ 12. 26, 12. 31
② F&B : 10% 할인
대상 업장 : 코너스톤, 더 라운지, 더 팀버 하우스
제외 기간 : 2026. 12. 24 ~ 12. 27, 12. 31 및 특별 이벤트 기간
페어몬트 앰배서더 서울
① 객실 : 공식 홈페이지 공시 가격(Published Rate) 기준 객실 패키지 10% 할인
제외 기간 : 2026. 12. 24 ~ 12. 26, 12. 31, 서울세계불꽃축제 기간
② F&B : 10% 할인
대상 업장 : 더 아트리움 라운지, 스펙트럼, 마리포사, M29
제외 기간 : 2026. 12. 24 ~ 12. 25, 12. 31, 서울세계불꽃축제 기간
호텔 예약실을 통한 유선 예약 시에 한해 제공
포시즌스 호텔 서울
① 객실 : 공식 홈페이지 공시 가격(Published Rate) 기준 주중 10% 할인
Room Only 상품에 한함
제외 기간 : 2026. 12. 24, 12. 31
② F&B : 10% 할인
대상 업장 : 보칼리노, 더 마켓 키친, 유유안, 오울
제외 기간 : 2026. 12. 20 ~ 12. 31
③ 스파 : 트리트먼트 10% 할인
리테일 상품 제외
제외 기간 : 2026. 1. 1, 2. 14 ~ 2. 18, 9. 24 ~ 9. 27, 12. 21 ~ 12. 31
the Black, the Purple, the Red, 현대카드 Summit, American Express The Platinum Card
Edition2, American Express
Gold Card Edition2, American Express Platinum Card
, American Express
Gold Card, 미래에셋 현대카드 Gold·Diamond 보유 회원에 한해 제공
하얏트 리젠시 인천 파라다이스시티
① 객실 : 하얏트 브랜드 닷컴 일일 기준 요금 5% 할인
제외 기간 : 토요일, 2026. 5. 1 ~ 5. 5, 5. 23 ~ 25, 6. 2 ~ 6. 3, 6. 5 ~ 6. 6, 7. 16 ~ 8. 17, 9. 23 ~ 9. 27, 10. 2 ~ 10. 4, 10. 8 ~ 10. 11, 12. 19 ~ 12. 31
② F&B : 10% 할인
대상 업장 : 마켓카페, 스웰라운지
마켓카페 조식 뷔페, 룸서비스, 풀하우스, 리젠시 클럽, 연회장, 음료 및 주류, 미니바, 계절 프로모션 메뉴 제외
제외 기간 : 2026. 5. 5, 12. 24 ~ 12. 25, 12. 31
객실 할인은 호텔 예약실을 통한 유선 예약 시에 한해 제공
JW메리어트 동대문 스퀘어 서울
① 객실 : 공식 홈페이지 BAR(Best Available Rate) 기준 5% 할인
제외 기간 : 2026. 5. 3 ~ 5. 4, 12. 24, 12. 31
② F&B : 10% 할인
Tavolo 24, BLT Steak 이용 시 제공(1회 최대 20명)
연회, 룸서비스, 미니바, SBC 리테일 상품 제외
③ 스파 : 10% 할인
리테일 상품 제외
JW 메리어트 호텔 서울
① 객실 : 공식 홈페이지 BAR(Best Available Rate) 기준 상시 10% 할인
제외 기간 : 2026. 5. 2 ~ 5. 4, 12. 24 ~ 12. 26
② F&B : 10% 할인
대상 업장 : 플레이버즈, 더 마고 그릴, 타마유라
제외 기간 : 2026. 5. 5, 12. 24 ~ 12. 25, 12. 31
그랜드 조선 부산
① 객실 : 정상가 기준 월~목요일 40% 할인, 금·일요일 30% 할인, 토요일 및 성수기 20% 할인
성수기 : 2026. 1. 1, 2. 13 ~ 2. 17, 2. 27 ~ 3. 1, 4. 10, 5, 1 ~ 5. 5, 5. 22 ~ 5. 24, 6. 5 ~ 6. 6, 7. 17 ~ 8. 16, 9. 24 ~ 9. 27, 10. 2 ~ 10. 5, 10. 9 ~ 10. 11, 12. 24, 12. 26
제외 기간 : 2026. 12. 25, 12. 31
② F&B : 10% 할인
대상 업장 : 아리아, 팔레드 신, 라운지앤바 테라스292, 조선 델리
음료, 주류, 연회, 인룸다이닝, 조선델리 MD, 리테일 상품 제외
제외 기간 : 2026. 1. 1, 5. 5, 12. 24 ~ 12. 26, 12. 31
③ 연회 : 웨딩 및 가족연 Food 5% 할인
주류, 음료, 부대 비용 제외 및 프로모션 행사와 중복 적용 불가
자녀 관련 연회 시 가족관계증명서 등 증빙 서류 제출 필수
연회 할인은 the Black, the Purple, the Red 보유 회원에 한해 제공
롯데호텔 부산
① 객실 : 정상가 기준 30% 할인, 객실 패키지 5% 할인
② F&B : 10% 할인(리테일 상품 및 연회성 행사 제외)
③ 기타 : 델리카한스(베이커리) 제빵, 케이크류 20% 할인
객실 패키지 할인은 the Black, the Purple, the Red, 대한항공카드 the First 보유 회원에 한해 제공
델리카한스(베이커리) 할인은 the Black, the Purple, the Red 보유 회원에 한해 제공
웨스틴 조선 부산
① 객실 : 정상가 기준 일~목요일 40% 할인, 금·토요일 및 공휴일 30% 할인, 성수기 20% 할인
30% 할인 적용 기간 : 2026. 1. 27 ~ 1. 30, 2. 28, 3. 2, 5. 1, 5. 4 ~ 5. 5, 6. 5 ~ 6. 6, 10. 2 ~ 10. 10, 12. 24
성수기 : 2026. 7. 18 ~ 8. 16
제외 기간 : 2026. 12. 31
② F&B : 10% 할인
대상 업장 : 셔블, 오스킴, 까밀리아, 파노라마라운지, 조선델리
제외 기간 : 2026. 1. 1, 5. 5, 12. 24 ~ 12. 25, 12. 31
파라다이스호텔 부산
① 객실 : 정상가 기준 일~목요일 40% 할인, 금·토요일 및 공휴일 30% 할인, 객실 패키지 5% 할인
제외 기간 : 2026. 7. 1 ~ 8. 31, 12. 24 ~ 12. 26, 12. 30 ~ 2027. 1. 2 및 부산불꽃축제 등 호텔이 지정한 국제 행사 기간
② F&B : 10% 할인
연회장, 룸서비스, 미니바, 가든행사, 레저 식음료, 라운지 파라다이스, 바닉스, 임대 업장(본앤브랜드), 부티크베이커리(일부 상품), 레스토랑 서비스 중 20인 이상의 예약 또는 연회성 행사 제외
객실 패키지 할인은 the Black, the Purple, the Red, the Green, the Pink 보유 회원에 한해 제공
파크 하얏트 부산
① 객실 : 하얏트 요금 기준 스탠다드 객실 10% 할인
제외 기간 : 부산불꽃축제 기간, 2026. 12. 24 ~ 12. 25, 12. 31
② F&B : 10% 할인
대상 업장 : 다이닝룸, 리빙룸
제외 기간 : 부산불꽃축제 기간, 2026. 12. 24 ~ 12. 27, 12. 31, 와인/갈라/사케디너 등 스페셜 이벤트 및 이벤트 기간
F&B 할인은 다른 할인 서비스 및 쿠폰, 이벤트, 제휴 카드 혜택과 중복 적용 불가
그랜드 조선 제주
① 객실 : 5% 할인
이벤트 상품 제외
②F&B : 10% 할인
대상 업장 : 아리아, 루브리카, 라운지앤바, 잇투오
제외 기간 : 2026. 5. 5, 12. 24 ~ 12. 25 및 갈라디너 등 업장 이벤트 기간
호텔 홈페이지를 통해 예약 시에 한해 제공
그랜드 하얏트 제주
① 객실 : 공식 홈페이지 요금 기준 10% 할인
② F&B : 10% 할인
대상 업장 : 갤러리 라운지, 99밸리, 차이나 하우스, 제주 핫팟, 녹나무, 그랜드 키친, 유메야마, 카페8
③ 스파 : 트리트먼트 10% 할인
이벤트 상품, 제품 구매, 찜질스파 제외
로즈베이 스파는 토요일 제외
제외 기간 : 2026. 2. 13 ~ 2. 22, 5. 1 ~ 5. 6, 7. 24 ~ 8. 23, 9. 24 ~ 9. 27, 10. 1 ~ 10. 7, 12. 24 ~ 12. 27, 12. 31 ~ 2027. 1. 3 및 모든 공휴일
롯데호텔 제주
① 객실 : 호텔 직판 상시 패키지 5%/10% 할인
얼리버드 및 특가 등 일부 패키지 제외
③ F&B : 10% 할인
호텔 직판 상시 패키지 10% 할인은 the Black, 5% 할인은 the Purple, the Red, 대한항공카드 the First 보유 회원에 한해 제공
다른 할인 서비스 및 쿠폰, 이벤트, 제휴 카드 혜택과 중복 적용 불가
F&B 할인은 카드당 1테이블 기준으로 제공
메종글래드제주
① 객실 : 정상가 기준 50% 할인, 성수기 30% 할인, 객실 패키지 10% 할인
성수기 : 2026. 7. 18 ~ 8. 24
② F&B : 20% 할인(삼다정)
제주신라호텔
① 객실 : BAR (Best Available Rate) 기준 5% 할인
이벤트 상품, 패키지 및 일부 상품 제외
② F&B : 10% 할인
대상 업장 : 히노데, 더 파크뷰, 바당, 올래 바, 패스트리 부티크
대한항공카드 이용 시 할인 제외
호텔 예약실을 통한 유선 예약 시에 한해 제공
파르나스 호텔 제주
① 객실 : BFR(Best Flexible Rate, 당일 최저가) 요금 10% 할인
제외 기간 : 2026. 2. 14 ~ 2. 18, 2. 28 ~ 3. 2, 5. 1 ~ 5. 5, 5. 23 ~ 5. 25, 7. 17 ~ 8. 17, 9. 24 ~ 9. 27
② F&B : 10% 할인
대상 업장 : 콘페티, 폰드메르 라운지&바, 바르
③ 스파 : 본에스티스 스파 10% 할인
음료 및 주류 스시 카네사카, 연회 Private Dining, 이벤트 상품 및 외부 아이템 중복 할인 제외
포도호텔
① 객실 : 정상가 기준 10~40% 할인 및 조식 제공
the Black, the Purple, the Red, the Green, 대한항공카드 the First, American Express The Platinum Card
Edition2, American Express
Gold Card Edition2, American Express
Green Card Edition2 보유 회원에 한해 제공
해비치호텔앤드리조트 제주
① 객실 : 정규 패키지 10% 할인
골프 패키지 제외
제외 기간 : 2026. 7. 16 ~ 8. 20
② F&B : 10% 할인
대상 업장 : 섬모라, 99바, 밀리우, 마고 및 해비치 C.C 클럽 하우스, 메르 & 테르
③ 스파 : 10% 할인
④ 골프 : 정상가 기준 해비치 CC 그린피 주중 20% 할인, 주말 10% 할인
넥슨 현대카드 UNLIMITED로 이용 시 할인 제외
스파 할인은 the Black, the Purple, the Red 보유 회원에 한해 제공
히든 클리프 호텔 & 네이쳐
① F&B : 10% 할인
시즌 이벤트 메뉴, 주류 및 룸서비스, 인피니티바 제외
② 스파 : 보떼에르 스파 바이 록시땅 10% 할인
이벤트 상품 제외
호텔 홈페이지를 통해 예약 시에 한해 제공
대구 메리어트 호텔
① 객실 : 패키지 상품 5% 할인
제외 기간 : 2026. 12. 24, 12. 31
② F&B : 10% 할인
대상 업장 : 어반 키친, 동문, 라운지&바
제외 기간 : 2026. 12. 24 ~ 12. 25, 12. 31
호텔 홈페이지에서 판매 중인 패키지에 한해 제공(단, 루프탑 패키지 제외)
라한셀렉트 경주
① 객실 : BAR(Best Available Rate) 기준 일~금요일 10% 할인, 토요일 및 성수기 5% 할인
② F&B : 더플레이트 10% 할인
롯데호텔 울산
① 객실 : 호텔 직판 상시 패키지 5% 할인
얼리버드 및 특가 등 일부 패키지 제외
제외 기간 : 2026. 5. 3 ~ 5. 5, 7. 26 ~ 8. 9, 8. 15~ 8. 16, 10. 3 ~ 10. 11, 12. 24, 12. 31
② F&B : 10% 할인
대상 업장 : 델리카한스, 페닌슐라
호텔 직판 상시 패키지 할인은 the Black, the Purple, the Red, 대한항공카드 the First 보유 회원에 한해 제공
F&B 할인은 카드당 1테이블 기준으로 제공
브리브 광주 바이 롯데호텔
① 객실 : 정상가 기준 일~목요일 40% 할인, 금·토요일 30% 할인
② F&B : 10% 할인
대상 업장 : 뷔페 레스토랑 파라뷰, 중식당 쉥카이
제외 기간 : 2026. 12. 20 ~ 12. 31
사우스케이프
① F&B : 업장에서 현장 결제 시 10% 할인
음료, 주류, 룸서비스, 이벤트 메뉴 제외
② 스파 : 10% 할인
이용일 1일 전까지 사전 예약 필수
the Black, the Purple, the Red, the Green, the Pink, American Express The Platinum Card
Edition2, American Express
Gold Card Edition2, American Express
Green Card Edition2, American Express The Platinum Card
, American Express
Gold Card, American Express
Green Card 보유 회원에 한해 제공
이용 전 호텔로 혜택 적용 가능 여부 확인 필수(미확인 시 혜택 적용 불가할 수 있음)
소노캄 고양
① 객실 : BAR(Best Available Rate) 기준 10% 할인
② F&B : 10% 할인
대상 업장 : 셰프스 키친, 죽림, 일라고
③ 기타 : 사우나 50% 할인
객실 할인은 예약 가능한 잔여 객실이 있는 경우에 한해 제공
사우나 할인은 본인 회원에 한해 제공
씨마크 호텔
① 객실 : BAR(Best Available Rate) 기준 프리미엄 디럭스 룸 10% 할인
② F&B : 더 레스토랑 10% 할인
the Black, the Purple, the Red, the Green 보유 회원에 한해 제공
알펜시아
① 객실 : BAR(Best Available Rate) 기준으로 25% 할인
② F&B : 음식 10% 할인
음료, 주류, 인룸다이닝, 미니바, 연회 제외
제외 기간 : 크리스마스 디너 뷔페, 추석 디너 뷔페 등 이벤트 기간
오노마 대전 오토그래프컬랙션
① 객실 : 객실 정규 패키지 10% 할인
② F&B : 5% 할인
대상 업장 : 타운하우스, 오노마 라운지
켄싱턴 스타호텔 설악
① 객실 : 정상가 기준 주중 일~목요일 30% 할인, 금·토요일 20%, 연휴 및 성수기 10% 할인
패키지 상품 제외
② F&B : 10% 할인
이벤트 및 음료, 주류, 미팅 시설 이용료 제외
호텔인터불고 엑스코
① 객실 : 정상가 기준 40% 할인
② F&B : 10% 할인
최대 5인 이용 가능(공휴일 제외)
임대 업장 및 주류 제외
호텔현대 바이 라한 울산
① 객실 : BAR(Best Available Rate) 기준 10% 상시 할인, 성수기 5% 할인
② F&B : 10% 할인
대상 업장 : 디오븐, 더플레이트, 더터번",2026-06-06 17:21:11
BTST_E0001,BTST,현대,Boutique - Satin,FEX699,2026년 제휴 호텔 이벤트 혜택 안내,https://www.hyundaicard.com/cpb/ev/CPBEV0101_06.hc?bnftWebEvntCd=FEX699,2026-01-01,2026-12-31,할인,이용 방법,"예약 시 현대카드 이벤트 이용 예정임을 알리고, 이용 시 본인 명의 대상 카드로 결제",2026-06-06 17:21:11
BTST_E0001,BTST,현대,Boutique - Satin,FEX699,2026년 제휴 호텔 이벤트 혜택 안내,https://www.hyundaicard.com/cpb/ev/CPBEV0101_06.hc?bnftWebEvntCd=FEX699,2026-01-01,2026-12-31,할인,확인사항,"확인해 주세요
위 혜택은 대상 카드로 결제 시 적용됩니다.
현대카드 Chameleon 및 앱카드, 간편결제 서비스(네이버페이 등) 이용 시 혜택 제외
호텔 사정에 따라 특정 날짜, 특정 상품은 혜택 제공이 불가할 수 있습니다.
F&B 혜택 대상에서 연회*, 인룸다이닝, 미니바, 임대 업장, 소매 상품, 음료 및 주류, 갈라 디너 등의 이벤트 메뉴는 제외됩니다.
*20인 이상의 예약 또는 연회성 행사(호텔별 적용 인원 기준이 다르니 이용 전 각 호텔로 문의)
다른 혜택(바우처, 쿠폰, 호텔 멤버십 적립, 할인 등) 및 이벤트와 중복 적용되지 않습니다.
예약 안내 및 유의사항 등 자세한 내용은 대상 호텔로 문의해 주세요.
위 혜택은 현대카드 및 제휴사 사정에 따라 변경 또는 중단될 수 있습니다.",2026-06-06 17:21:11
TPE4_E0004,TPE4,현대,the Purple,FEX699,2026년 제휴 호텔 이벤트 혜택 안내,https://www.hyundaicard.com/cpb/ev/CPBEV0101_06.hc?bnftWebEvntCd=FEX699,2026-01-01,2026-12-31,할인,혜택,"기간 내 대상 호텔 이용 시 객실 및 F&B 등 5~40% 즉시 할인
호텔별 제공 혜택, 대상 카드, 할인율은 아래 '대상 호텔'에서 확인 가능",2026-06-06 17:21:11
TPE4_E0004,TPE4,현대,the Purple,FEX699,2026년 제휴 호텔 이벤트 혜택 안내,https://www.hyundaicard.com/cpb/ev/CPBEV0101_06.hc?bnftWebEvntCd=FEX699,2026-01-01,2026-12-31,할인,기간,2026. 1. 1 ~ 12. 31,2026-06-06 17:21:11
TPE4_E0004,TPE4,현대,the Purple,FEX699,2026년 제휴 호텔 이벤트 혜택 안내,https://www.hyundaicard.com/cpb/ev/CPBEV0101_06.hc?bnftWebEvntCd=FEX699,2026-01-01,2026-12-31,할인,대상,"대상 카드 기소지 회원
대상 호텔 리스트
호텔명
혜택
유의사항
그랜드 인터컨티넨탈 서울 파르나스
① 객실 : BFR(Best Flexible Rate, 당일 최저가) 요금 10% 할인
제외 기간 : 2026. 9. 12, 11. 21, 12. 24 ~ 12. 26, 12. 31
② F&B : 10% 할인
대상 업장 : 히노츠키, 웨이루, 그랜드 키친, 메르카토521
제외 기간 : 2026. 12. 24 ~ 12. 31
음료 및 주류 스시 카네사카, 연회 Private Dining, 메르카토521 식사 외 메뉴 제외
이벤트 상품 및 외부 아이템 중복 할인 제외
그랜드 하얏트 서울
① 객실 : 호텔 직판 패키지 예약 시 객실 업그레이드
제외 기간 : 공휴일(대체 공휴일 포함), 극성수기(7~8월), 2026. 12. 20 ~ 12. 31
② F&B : 10% 할인(델리 리테일 상품 제외)
대상 업장 : 테라스, 카우리, 스테이크하우스, 텐가이, 파리스바, 풀사이드 바베큐(시즌 운영), 델리
제외 기간 : 공휴일(대체 공휴일 포함), 2026. 12. 20 ~ 12. 31
스탠다드룸에서 한강 전망 객실로 업그레이드되며, 잔여 객실 상황에 따라 변경될 수 있음
그랜드 워커힐 서울
① 객실 : 패키지 5% 할인
제외 기간 : 2026. 12. 24, 12. 31
② F&B : 10% 할인
이벤트 메뉴, 런치박스, 리버파크, 룸서비스 및 연회 제외
더 플라자
① 객실 : 시즌 패키지 3만원 할인
일부 이벤트 패키지 제외
② F&B : 10% 할인
대상 업장 : 세븐 스퀘어, 블랑제리 더 플라자, 더라운지(음료 및 주류에 한함)
가족연(돌잔치, 장수연) 5% 할인(웨딩 제외)
③ 지스텀 더 플라자 10% 할인
더 플라자 P-Collection 상품 포함
가족연 할인은 the Black, the Purple, the Red 보유 회원에 한해 제공
세븐스퀘어, 블랑제리 더 플라자, 더라운지 : 2026년 9월 30일까지 영업 후 종료
레스케이프
① 객실 : 시즌 패키지 10% 할인
제외 기간 : 2026. 12. 24 ~ 12. 26, 12. 31
② F&B : 10% 할인
대상 업장 : 라망 시크레, 팔레드 신, 마크다모르, 티살롱, 리테일(PB상품)
룸서비스, 미바, 리테일 상품, 대관 행사, 갈라디너 제외(주류는 칵테일 등 제조 주류에 한함)
호텔 리테일 PB 상품 한정 10% 할인
③ 연회 : 돌잔치 및 웨딩 애프터파티 10% 할인
돌잔치 : 팔레드 신 돌잔치 전용 메뉴 8인 이상 이용 시 제공(1인, 20만원)
웨딩 애프터파티 : 마크 다모르 전용 메뉴 30인 이상 이용 시 제공(1인, 12만원)
④ 스파 : 스위스퍼펙션 10% 할인
일부 프로그램 및 ADD ON 상품 제외
제외 기간 : 2026. 12. 24 ~ 12. 26, 12. 31
호텔 리테일 PB 상품 한정 할인은 the Black, the Purple 보유 회원에 한해 제공
롯데호텔 월드
① 객실 : 호텔 직판 계절 패키지 5% 할인
제외 기간 : 2026. 2. 13 ~ 2. 17, 5. 1 ~ 5. 5, 7. 27 ~ 8. 2, 9. 24 ~ 9. 26, 12. 24 ~ 12. 26, 12. 30 ~ 12. 31
② F&B : 직영 업장 10% 할인
계절 패키지 할인은 the Black, the Purple, the Red, 대한항공카드 the First 보유 회원에 한해 제공되며 얼리버드, 특가 등 일부 패키지 제외
F&B 할인은 카드당 1테이블 기준으로 제공
롯데호텔 서울
① 객실 : 호텔 직판 계절 패키지 5%/10% 할인, 정상가 기준 30% 할인
제외 기간 : 2026. 5. 1 ~ 5. 5, 8. 15 ~ 8. 17, 12. 24 ~ 12. 31
② F&B : 직영 업장 10% 할인
계절 패키지 10% 할인은 the Black, 계절 패키지 5% 할인은 the Purple, the Red, 대한항공카드 the First  보유 회원에 한해 제공되며 얼리버드, 특가 등 일부 패키지 제외
F&B 할인은 카드당 1테이블 기준으로 제공
르메르디앙 & 목시 서울 명동
① 객실 : 객실 패키지 10% 할인
제외 기간 : 2026. 3. 1 ~ 3. 2, 5. 2 ~ 5. 4, 12. 24 ~ 12. 31
② F&B : 10% 할인
제외 기간 : 2026. 1. 1, 12. 24 ~ 12. 25, 12. 31
계절 패키지 할인은 연박 이용 시 제외
메리어트 이그제큐티브 아파트먼트 서울
① 객실 : 패키지 10% 할인
할인 패키지, 제휴사 패키지, 스테이 포 브렉퍼스트 등 일부 패키지 제외
② F&B : 10% 할인
이벤트 상품, 리테일 상품, 룸서비스, 주류 제외
③ 스파 : 트리트먼트 10% 할인
패키지, 리테일 상품, 일부 이벤트 상품 제외
④ 기타 : 명절 선물세트 5% 할인
명절선물세트 할인은 the Black, the Purple, the Red 보유 회원에 한해 제공
반얀트리 클럽 앤 스파 서울
① 객실 : BAR 기준 시즌 패키지 10% 할인
제외 기간 : 2026. 12. 24 ~ 12. 26, 12. 31
② F&B : 10% 할인
대상 업장 : 그라넘 다이닝 라운지, 페스타 바이 충후
제외 기간 : 2026. 12. 24 ~ 12. 26, 12. 31
③ 스파 : 10% 할인
스파 트리트먼트, 갤러지 제품 한정
비스타 워커힐 서울
① 객실 : 패키지 5% 할인
제외 기간 : 2026. 12. 24, 12. 31
② F&B : 10% 할인
이벤트 메뉴, 런치박스, 룸서비스 및 연회 제외
서울신라호텔
① 객실 : Best Available Rate 기준 5% 할인
제외 기간 : 2026. 12. 24, 12. 31 , 토요일
② F&B : 10% 할인
대상 업장 : 팔선, 아리아께, 콘티넨탈, 라연, 더 파크뷰,
더 라이브러리, 패스트리 부티크
1박당 2객실까지 혜택 제공(어번 아일랜드 제외)
서울신라호텔 공식 홈페이지 및 앱에서 예약 시 혜택 제외
소피텔 앰배서더 서울 호텔
① 객실 : 당일 판매가 기준 15% 할인 또는
객실 패키지 10% 할인
제외 기간 : 2026. 1. 1, 12. 24 ~ 12. 26, 12. 31
② F&B : 10% 할인
대상 업장 : 페메종, 미오, 쟈뎅 디베르, 레스파스, 라티튜드32
제외 기간 : 2026. 1. 1, 2. 14, 2. 17, 5. 5, 5. 8, 12. 24 ~ 12. 25, 12. 31
③ 스파 : 10% 할인
리테일 상품 제외
the Black, the Purple, the Red, 현대카드 Summit, 대한항공카드 150·the First, American Express The Platinum Card
Edition2, American Express
Gold Card Edition2, American Express
Green Card Edition2, American Express The Platinum Card
, American Express
Gold Card, American Express
Green Card, 카카오뱅크 BUSINESS 현대카드 PRIME 보유 회원에 한해 제공
쉐라톤 그랜드 인천 호텔
① 객실 : 공식  홈페이지 BAR(Best Available Rate) 기준 10% 할인
② 식음 업장 : 10% 할인
주류, 룸서비스, 미니바, 연회 제외
스위스 그랜드 호텔
① 객실 : 정상가 기준 30% 할인, Net Price 기준 패키지 5% 할인
② F&B : 10% 할인
연회장, 델리, 룸서비스, 미니바, 음료, 주류 제외
안다즈 서울 강남
① 객실 : 공식 홈페이지 BAR(Best Available Rate) 기준 10% 할인
제외 기간 : 2026. 2. 28, 3. 1, 5. 2, 5. 22 ~ 5. 24, 7. 25, 8. 1, 8. 8, 8. 14 ~ 8. 16, 10. 3 ~ 10. 4, 10. 9 ~ 10. 10, 12. 24 ~ 12. 26, 12. 31
② F&B : 10% 할인
대상 업장 : 조각보 미트앤코 스테이크 하우스, 조각보 키친, 바이츠 앤 와인
제외 기간 : 2026. 5. 5, 12. 24 ~ 25, 12. 31
앰배서더 서울 풀만 호텔
① 객실 정상가 및 BAR(Best Available Rate) 기준 15,000원 할인, 패키지 10,000원 할인
제외 기간 : 2026. 12. 24, 12. 25, 12. 31
② F&B : 10% 할인
대상 업장 : 더 킹스, 풀하우스 테라스, 더 라운지 앤 바, 1955 그로세리아(베이커리, 다이닝)
제외 기간 : 2026. 1. 1, 2. 14, 5. 5, 12. 24 ~ 12. 26, 12. 31
③ 웰니스 센터 : 필라테스 클래스 10% 할인
객실 할인은 호텔 홈페이지 또는 예약실을 통해 예약 시에 한해 제공
웨스틴 서울 파르나스
① 객실 : BFR(Best Flexible Rate, 당일 최저가) 요금 10% 할인
제외 기간 : 2026. 4. 30 ~ 5. 2, 9. 24 ~ 9. 27, 10. 3 ~ 10. 4, 10. 30 ~ 10. 31, 11. 20 ~ 11. 21, 12. 24 ~ 12. 26, 12. 31
② F&B : 10% 할인
대상 업장 : 온테이블, 아시안 라이브
이벤트 상품 및 외부 아이템 중복 할인 제외
제외 기간 : 2026. 12. 24 ~ 12. 31
음료 및 주류 스시 카네사카, 연회 Private Dining, 이벤트 상품 및 외부 아이템 중복 할인 제외
웨스틴 조선 서울
① 객실 : 정상가 기준 30% 할인 , 패키지 10% 할인
② F&B : 10% 할인
대상 업장 : 아리아, 루브리카, 홍연, 조선델리, 라운지&바, 나인스게이트, 스시조
제외 기간 : 2026. 5. 5, 12. 24 ~ 12. 25, 12. 31, 업장 이벤트 기간
③ 연회 : 웨딩 코스 메뉴 5% 할인, 케이크 50% 할인
기간(2026. 1. 1 ~ 12. 31) 내 예식 및 하객 인원 200명 이상 시 제공(토요일 점심 및 음료, 부대비용 제외)
객실 패키지 할인은 조선호텔앤리조트 공식 홈페이지 에서 판매되고 있는 상품에 한해 제공
연회 할인은 the Black, the Purple 보유 회원에 한해 제공(음료, 부대 비용 제외)
인스파이어 엔터테인먼트 리조트
① 객실 : 인스파이어 홈페이지를 통한 예약 또는 유선상 예약 시 10% 할인
② F&B : 10% 할인
대상 업장 : 셰프스 키친, 마이클 조던 스테이크 하우스, 브라세리 1783, 하이파이 코리안 소울 푸드, 가든 팜 카페, 홍반, 미나기, MJ23 스포츠 바 앤 그릴, 오로라 바, 호라이즌 라운지
③ 기타 : 스플래시 베이 이용권 20% 할인
객실 및 F&B 할인은 프리미엄 카드 회원에 한해 제공
홈페이지를 통한 객실 예약의 경우 프로모션 코드* 입력 필수
* 룸 온리 : 15HDRO / 룸+2인 조식 : 15HDBF / 룸+스플래시 베이 : 15HDSP
유선 예약 시 현대카드 전용 패키지로 예약해야 할인 가능
음료, 주류, 리테일 상품, 이벤트 상품은 할인 제외되며, 중복 할인 적용 불가
조선 팰리스 서울 강남
① 객실 : 정상가 기준 객실 정규 패키지 10% 할인(이벤트 패키지 제외)
제외 기간 : 2026. 12. 24 ~ 12. 26, 12. 31
② F&B : 10% 할인
대상 업장 : 콘스탄스, 이타닉 가든, 더 그레이트 홍연, 조선델리 더 부티크, 1914 라운지&바
주류, 음료, 이벤트 메뉴 및 인룸 다이닝, MD 및 리테일 상품 제외
제외 기간 : 2026. 1. 1, 5. 5, 12. 24, 12. 25, 12. 31, 레스토랑 이벤트, 갈라디너
객실 할인은 the Centurion® Card, the Black 보유 회원에 한해 제공
F&B 할인은 the Centurion, the Black, the Purple, American Express The Platinum Card
보유 회원에 한해 제공
콘래드 서울
① 객실 : 객실 5% 할인, 패키지 5% 할인(유선 예약 전용)
Advanced Purchase 및 일부 패키지 제외
제외 기간 : 서울세계불꽃축제 기간,
2026. 1. 1, 4. 15 ~ 4. 18, 12. 24 ~ 12. 25, 12. 31
② F&B : 10% 할인
대상 업장 : 아트리오, 제스트, 플레임즈, 숯 더 붓처스 엣지, 37바
제외 기간 : 서울세계불꽃축제 기간,
2026. 1. 1, 12. 20 ~ 12. 31
객실 및 패키지 할인은 호텔 예약실을 통한 유선 예약 시에 한해 제공
파라다이스시티/아트파라디소
① 객실 : 시즌 패키지 5% 할인
제외 기간 : 토요일, 2026. 1. 1, 2. 14 ~ 2. 18, 2. 28 ~ 3. 2, 5. 1 ~ 5. 5, 5. 23 ~ 5. 25, 6. 2 ~ 6. 3, 7. 19 ~ 8. 17, 9. 23 ~ 9. 27, 10. 2 ~ 10. 4, 10. 8 ~ 10. 11, 12. 19 ~ 12. 31
② F&B : 10% 할인
대상 업장 : 온더플레이트, 라스칼라, 가든카페, 라운지파라다이스, 라쿠, 루빅, 새라새, 라운지&바 새라새
제외 기간 : 2026. 5. 5, 12. 24 ~ 12. 25, 12. 31
③ 스파 : 10% 현장 할인
더 스칼프 컴포트 엣 파라다이스
더 스파 앳 파라다이스 스파 프로그램
④ 기타 : 씨메르 아쿠아스파 이용권 20% 할인(최대 4인), 원더박스 1일 자유이용권 20% 할인(최대 4인)
제외 기간 : 시설 정기 보수 기간
시즌 패키지 할인은 호텔 예약실을 통한 유선 예약 시에 한해 제공
파크 하얏트 서울
① 객실 : 정상가 기준 10% 할인(스탠다드 객실에 한함)
제외 기간 : 2026. 12 .24 ~ 12. 26, 12. 31
② F&B : 10% 할인
대상 업장 : 코너스톤, 더 라운지, 더 팀버 하우스
제외 기간 : 2026. 12. 24 ~ 12. 27, 12. 31 및 특별 이벤트 기간
페어몬트 앰배서더 서울
① 객실 : 공식 홈페이지 공시 가격(Published Rate) 기준 객실 패키지 10% 할인
제외 기간 : 2026. 12. 24 ~ 12. 26, 12. 31, 서울세계불꽃축제 기간
② F&B : 10% 할인
대상 업장 : 더 아트리움 라운지, 스펙트럼, 마리포사, M29
제외 기간 : 2026. 12. 24 ~ 12. 25, 12. 31, 서울세계불꽃축제 기간
호텔 예약실을 통한 유선 예약 시에 한해 제공
포시즌스 호텔 서울
① 객실 : 공식 홈페이지 공시 가격(Published Rate) 기준 주중 10% 할인
Room Only 상품에 한함
제외 기간 : 2026. 12. 24, 12. 31
② F&B : 10% 할인
대상 업장 : 보칼리노, 더 마켓 키친, 유유안, 오울
제외 기간 : 2026. 12. 20 ~ 12. 31
③ 스파 : 트리트먼트 10% 할인
리테일 상품 제외
제외 기간 : 2026. 1. 1, 2. 14 ~ 2. 18, 9. 24 ~ 9. 27, 12. 21 ~ 12. 31
the Black, the Purple, the Red, 현대카드 Summit, American Express The Platinum Card
Edition2, American Express
Gold Card Edition2, American Express Platinum Card
, American Express
Gold Card, 미래에셋 현대카드 Gold·Diamond 보유 회원에 한해 제공
하얏트 리젠시 인천 파라다이스시티
① 객실 : 하얏트 브랜드 닷컴 일일 기준 요금 5% 할인
제외 기간 : 토요일, 2026. 5. 1 ~ 5. 5, 5. 23 ~ 25, 6. 2 ~ 6. 3, 6. 5 ~ 6. 6, 7. 16 ~ 8. 17, 9. 23 ~ 9. 27, 10. 2 ~ 10. 4, 10. 8 ~ 10. 11, 12. 19 ~ 12. 31
② F&B : 10% 할인
대상 업장 : 마켓카페, 스웰라운지
마켓카페 조식 뷔페, 룸서비스, 풀하우스, 리젠시 클럽, 연회장, 음료 및 주류, 미니바, 계절 프로모션 메뉴 제외
제외 기간 : 2026. 5. 5, 12. 24 ~ 12. 25, 12. 31
객실 할인은 호텔 예약실을 통한 유선 예약 시에 한해 제공
JW메리어트 동대문 스퀘어 서울
① 객실 : 공식 홈페이지 BAR(Best Available Rate) 기준 5% 할인
제외 기간 : 2026. 5. 3 ~ 5. 4, 12. 24, 12. 31
② F&B : 10% 할인
Tavolo 24, BLT Steak 이용 시 제공(1회 최대 20명)
연회, 룸서비스, 미니바, SBC 리테일 상품 제외
③ 스파 : 10% 할인
리테일 상품 제외
JW 메리어트 호텔 서울
① 객실 : 공식 홈페이지 BAR(Best Available Rate) 기준 상시 10% 할인
제외 기간 : 2026. 5. 2 ~ 5. 4, 12. 24 ~ 12. 26
② F&B : 10% 할인
대상 업장 : 플레이버즈, 더 마고 그릴, 타마유라
제외 기간 : 2026. 5. 5, 12. 24 ~ 12. 25, 12. 31
그랜드 조선 부산
① 객실 : 정상가 기준 월~목요일 40% 할인, 금·일요일 30% 할인, 토요일 및 성수기 20% 할인
성수기 : 2026. 1. 1, 2. 13 ~ 2. 17, 2. 27 ~ 3. 1, 4. 10, 5, 1 ~ 5. 5, 5. 22 ~ 5. 24, 6. 5 ~ 6. 6, 7. 17 ~ 8. 16, 9. 24 ~ 9. 27, 10. 2 ~ 10. 5, 10. 9 ~ 10. 11, 12. 24, 12. 26
제외 기간 : 2026. 12. 25, 12. 31
② F&B : 10% 할인
대상 업장 : 아리아, 팔레드 신, 라운지앤바 테라스292, 조선 델리
음료, 주류, 연회, 인룸다이닝, 조선델리 MD, 리테일 상품 제외
제외 기간 : 2026. 1. 1, 5. 5, 12. 24 ~ 12. 26, 12. 31
③ 연회 : 웨딩 및 가족연 Food 5% 할인
주류, 음료, 부대 비용 제외 및 프로모션 행사와 중복 적용 불가
자녀 관련 연회 시 가족관계증명서 등 증빙 서류 제출 필수
연회 할인은 the Black, the Purple, the Red 보유 회원에 한해 제공
롯데호텔 부산
① 객실 : 정상가 기준 30% 할인, 객실 패키지 5% 할인
② F&B : 10% 할인(리테일 상품 및 연회성 행사 제외)
③ 기타 : 델리카한스(베이커리) 제빵, 케이크류 20% 할인
객실 패키지 할인은 the Black, the Purple, the Red, 대한항공카드 the First 보유 회원에 한해 제공
델리카한스(베이커리) 할인은 the Black, the Purple, the Red 보유 회원에 한해 제공
웨스틴 조선 부산
① 객실 : 정상가 기준 일~목요일 40% 할인, 금·토요일 및 공휴일 30% 할인, 성수기 20% 할인
30% 할인 적용 기간 : 2026. 1. 27 ~ 1. 30, 2. 28, 3. 2, 5. 1, 5. 4 ~ 5. 5, 6. 5 ~ 6. 6, 10. 2 ~ 10. 10, 12. 24
성수기 : 2026. 7. 18 ~ 8. 16
제외 기간 : 2026. 12. 31
② F&B : 10% 할인
대상 업장 : 셔블, 오스킴, 까밀리아, 파노라마라운지, 조선델리
제외 기간 : 2026. 1. 1, 5. 5, 12. 24 ~ 12. 25, 12. 31
파라다이스호텔 부산
① 객실 : 정상가 기준 일~목요일 40% 할인, 금·토요일 및 공휴일 30% 할인, 객실 패키지 5% 할인
제외 기간 : 2026. 7. 1 ~ 8. 31, 12. 24 ~ 12. 26, 12. 30 ~ 2027. 1. 2 및 부산불꽃축제 등 호텔이 지정한 국제 행사 기간
② F&B : 10% 할인
연회장, 룸서비스, 미니바, 가든행사, 레저 식음료, 라운지 파라다이스, 바닉스, 임대 업장(본앤브랜드), 부티크베이커리(일부 상품), 레스토랑 서비스 중 20인 이상의 예약 또는 연회성 행사 제외
객실 패키지 할인은 the Black, the Purple, the Red, the Green, the Pink 보유 회원에 한해 제공
파크 하얏트 부산
① 객실 : 하얏트 요금 기준 스탠다드 객실 10% 할인
제외 기간 : 부산불꽃축제 기간, 2026. 12. 24 ~ 12. 25, 12. 31
② F&B : 10% 할인
대상 업장 : 다이닝룸, 리빙룸
제외 기간 : 부산불꽃축제 기간, 2026. 12. 24 ~ 12. 27, 12. 31, 와인/갈라/사케디너 등 스페셜 이벤트 및 이벤트 기간
F&B 할인은 다른 할인 서비스 및 쿠폰, 이벤트, 제휴 카드 혜택과 중복 적용 불가
그랜드 조선 제주
① 객실 : 5% 할인
이벤트 상품 제외
②F&B : 10% 할인
대상 업장 : 아리아, 루브리카, 라운지앤바, 잇투오
제외 기간 : 2026. 5. 5, 12. 24 ~ 12. 25 및 갈라디너 등 업장 이벤트 기간
호텔 홈페이지를 통해 예약 시에 한해 제공
그랜드 하얏트 제주
① 객실 : 공식 홈페이지 요금 기준 10% 할인
② F&B : 10% 할인
대상 업장 : 갤러리 라운지, 99밸리, 차이나 하우스, 제주 핫팟, 녹나무, 그랜드 키친, 유메야마, 카페8
③ 스파 : 트리트먼트 10% 할인
이벤트 상품, 제품 구매, 찜질스파 제외
로즈베이 스파는 토요일 제외
제외 기간 : 2026. 2. 13 ~ 2. 22, 5. 1 ~ 5. 6, 7. 24 ~ 8. 23, 9. 24 ~ 9. 27, 10. 1 ~ 10. 7, 12. 24 ~ 12. 27, 12. 31 ~ 2027. 1. 3 및 모든 공휴일
롯데호텔 제주
① 객실 : 호텔 직판 상시 패키지 5%/10% 할인
얼리버드 및 특가 등 일부 패키지 제외
③ F&B : 10% 할인
호텔 직판 상시 패키지 10% 할인은 the Black, 5% 할인은 the Purple, the Red, 대한항공카드 the First 보유 회원에 한해 제공
다른 할인 서비스 및 쿠폰, 이벤트, 제휴 카드 혜택과 중복 적용 불가
F&B 할인은 카드당 1테이블 기준으로 제공
메종글래드제주
① 객실 : 정상가 기준 50% 할인, 성수기 30% 할인, 객실 패키지 10% 할인
성수기 : 2026. 7. 18 ~ 8. 24
② F&B : 20% 할인(삼다정)
제주신라호텔
① 객실 : BAR (Best Available Rate) 기준 5% 할인
이벤트 상품, 패키지 및 일부 상품 제외
② F&B : 10% 할인
대상 업장 : 히노데, 더 파크뷰, 바당, 올래 바, 패스트리 부티크
대한항공카드 이용 시 할인 제외
호텔 예약실을 통한 유선 예약 시에 한해 제공
파르나스 호텔 제주
① 객실 : BFR(Best Flexible Rate, 당일 최저가) 요금 10% 할인
제외 기간 : 2026. 2. 14 ~ 2. 18, 2. 28 ~ 3. 2, 5. 1 ~ 5. 5, 5. 23 ~ 5. 25, 7. 17 ~ 8. 17, 9. 24 ~ 9. 27
② F&B : 10% 할인
대상 업장 : 콘페티, 폰드메르 라운지&바, 바르
③ 스파 : 본에스티스 스파 10% 할인
음료 및 주류 스시 카네사카, 연회 Private Dining, 이벤트 상품 및 외부 아이템 중복 할인 제외
포도호텔
① 객실 : 정상가 기준 10~40% 할인 및 조식 제공
the Black, the Purple, the Red, the Green, 대한항공카드 the First, American Express The Platinum Card
Edition2, American Express
Gold Card Edition2, American Express
Green Card Edition2 보유 회원에 한해 제공
해비치호텔앤드리조트 제주
① 객실 : 정규 패키지 10% 할인
골프 패키지 제외
제외 기간 : 2026. 7. 16 ~ 8. 20
② F&B : 10% 할인
대상 업장 : 섬모라, 99바, 밀리우, 마고 및 해비치 C.C 클럽 하우스, 메르 & 테르
③ 스파 : 10% 할인
④ 골프 : 정상가 기준 해비치 CC 그린피 주중 20% 할인, 주말 10% 할인
넥슨 현대카드 UNLIMITED로 이용 시 할인 제외
스파 할인은 the Black, the Purple, the Red 보유 회원에 한해 제공
히든 클리프 호텔 & 네이쳐
① F&B : 10% 할인
시즌 이벤트 메뉴, 주류 및 룸서비스, 인피니티바 제외
② 스파 : 보떼에르 스파 바이 록시땅 10% 할인
이벤트 상품 제외
호텔 홈페이지를 통해 예약 시에 한해 제공
대구 메리어트 호텔
① 객실 : 패키지 상품 5% 할인
제외 기간 : 2026. 12. 24, 12. 31
② F&B : 10% 할인
대상 업장 : 어반 키친, 동문, 라운지&바
제외 기간 : 2026. 12. 24 ~ 12. 25, 12. 31
호텔 홈페이지에서 판매 중인 패키지에 한해 제공(단, 루프탑 패키지 제외)
라한셀렉트 경주
① 객실 : BAR(Best Available Rate) 기준 일~금요일 10% 할인, 토요일 및 성수기 5% 할인
② F&B : 더플레이트 10% 할인
롯데호텔 울산
① 객실 : 호텔 직판 상시 패키지 5% 할인
얼리버드 및 특가 등 일부 패키지 제외
제외 기간 : 2026. 5. 3 ~ 5. 5, 7. 26 ~ 8. 9, 8. 15~ 8. 16, 10. 3 ~ 10. 11, 12. 24, 12. 31
② F&B : 10% 할인
대상 업장 : 델리카한스, 페닌슐라
호텔 직판 상시 패키지 할인은 the Black, the Purple, the Red, 대한항공카드 the First 보유 회원에 한해 제공
F&B 할인은 카드당 1테이블 기준으로 제공
브리브 광주 바이 롯데호텔
① 객실 : 정상가 기준 일~목요일 40% 할인, 금·토요일 30% 할인
② F&B : 10% 할인
대상 업장 : 뷔페 레스토랑 파라뷰, 중식당 쉥카이
제외 기간 : 2026. 12. 20 ~ 12. 31
사우스케이프
① F&B : 업장에서 현장 결제 시 10% 할인
음료, 주류, 룸서비스, 이벤트 메뉴 제외
② 스파 : 10% 할인
이용일 1일 전까지 사전 예약 필수
the Black, the Purple, the Red, the Green, the Pink, American Express The Platinum Card
Edition2, American Express
Gold Card Edition2, American Express
Green Card Edition2, American Express The Platinum Card
, American Express
Gold Card, American Express
Green Card 보유 회원에 한해 제공
이용 전 호텔로 혜택 적용 가능 여부 확인 필수(미확인 시 혜택 적용 불가할 수 있음)
소노캄 고양
① 객실 : BAR(Best Available Rate) 기준 10% 할인
② F&B : 10% 할인
대상 업장 : 셰프스 키친, 죽림, 일라고
③ 기타 : 사우나 50% 할인
객실 할인은 예약 가능한 잔여 객실이 있는 경우에 한해 제공
사우나 할인은 본인 회원에 한해 제공
씨마크 호텔
① 객실 : BAR(Best Available Rate) 기준 프리미엄 디럭스 룸 10% 할인
② F&B : 더 레스토랑 10% 할인
the Black, the Purple, the Red, the Green 보유 회원에 한해 제공
알펜시아
① 객실 : BAR(Best Available Rate) 기준으로 25% 할인
② F&B : 음식 10% 할인
음료, 주류, 인룸다이닝, 미니바, 연회 제외
제외 기간 : 크리스마스 디너 뷔페, 추석 디너 뷔페 등 이벤트 기간
오노마 대전 오토그래프컬랙션
① 객실 : 객실 정규 패키지 10% 할인
② F&B : 5% 할인
대상 업장 : 타운하우스, 오노마 라운지
켄싱턴 스타호텔 설악
① 객실 : 정상가 기준 주중 일~목요일 30% 할인, 금·토요일 20%, 연휴 및 성수기 10% 할인
패키지 상품 제외
② F&B : 10% 할인
이벤트 및 음료, 주류, 미팅 시설 이용료 제외
호텔인터불고 엑스코
① 객실 : 정상가 기준 40% 할인
② F&B : 10% 할인
최대 5인 이용 가능(공휴일 제외)
임대 업장 및 주류 제외
호텔현대 바이 라한 울산
① 객실 : BAR(Best Available Rate) 기준 10% 상시 할인, 성수기 5% 할인
② F&B : 10% 할인
대상 업장 : 디오븐, 더플레이트, 더터번",2026-06-06 17:21:11
TPE4_E0004,TPE4,현대,the Purple,FEX699,2026년 제휴 호텔 이벤트 혜택 안내,https://www.hyundaicard.com/cpb/ev/CPBEV0101_06.hc?bnftWebEvntCd=FEX699,2026-01-01,2026-12-31,할인,이용 방법,"예약 시 현대카드 이벤트 이용 예정임을 알리고, 이용 시 본인 명의 대상 카드로 결제",2026-06-06 17:21:11
TPE4_E0004,TPE4,현대,the Purple,FEX699,2026년 제휴 호텔 이벤트 혜택 안내,https://www.hyundaicard.com/cpb/ev/CPBEV0101_06.hc?bnftWebEvntCd=FEX699,2026-01-01,2026-12-31,할인,확인사항,"확인해 주세요
위 혜택은 대상 카드로 결제 시 적용됩니다.
현대카드 Chameleon 및 앱카드, 간편결제 서비스(네이버페이 등) 이용 시 혜택 제외
호텔 사정에 따라 특정 날짜, 특정 상품은 혜택 제공이 불가할 수 있습니다.
F&B 혜택 대상에서 연회*, 인룸다이닝, 미니바, 임대 업장, 소매 상품, 음료 및 주류, 갈라 디너 등의 이벤트 메뉴는 제외됩니다.
*20인 이상의 예약 또는 연회성 행사(호텔별 적용 인원 기준이 다르니 이용 전 각 호텔로 문의)
다른 혜택(바우처, 쿠폰, 호텔 멤버십 적립, 할인 등) 및 이벤트와 중복 적용되지 않습니다.
예약 안내 및 유의사항 등 자세한 내용은 대상 호텔로 문의해 주세요.
위 혜택은 현대카드 및 제휴사 사정에 따라 변경 또는 중단될 수 있습니다.",2026-06-06 17:21:11
TBE4_E0004,TBE4,현대,the Black,FEX699,2026년 제휴 호텔 이벤트 혜택 안내,https://www.hyundaicard.com/cpb/ev/CPBEV0101_06.hc?bnftWebEvntCd=FEX699,2026-01-01,2026-12-31,할인,혜택,"기간 내 대상 호텔 이용 시 객실 및 F&B 등 5~40% 즉시 할인
호텔별 제공 혜택, 대상 카드, 할인율은 아래 '대상 호텔'에서 확인 가능",2026-06-06 17:21:11
TBE4_E0004,TBE4,현대,the Black,FEX699,2026년 제휴 호텔 이벤트 혜택 안내,https://www.hyundaicard.com/cpb/ev/CPBEV0101_06.hc?bnftWebEvntCd=FEX699,2026-01-01,2026-12-31,할인,기간,2026. 1. 1 ~ 12. 31,2026-06-06 17:21:11
TBE4_E0004,TBE4,현대,the Black,FEX699,2026년 제휴 호텔 이벤트 혜택 안내,https://www.hyundaicard.com/cpb/ev/CPBEV0101_06.hc?bnftWebEvntCd=FEX699,2026-01-01,2026-12-31,할인,대상,"대상 카드 기소지 회원
대상 호텔 리스트
호텔명
혜택
유의사항
그랜드 인터컨티넨탈 서울 파르나스
① 객실 : BFR(Best Flexible Rate, 당일 최저가) 요금 10% 할인
제외 기간 : 2026. 9. 12, 11. 21, 12. 24 ~ 12. 26, 12. 31
② F&B : 10% 할인
대상 업장 : 히노츠키, 웨이루, 그랜드 키친, 메르카토521
제외 기간 : 2026. 12. 24 ~ 12. 31
음료 및 주류 스시 카네사카, 연회 Private Dining, 메르카토521 식사 외 메뉴 제외
이벤트 상품 및 외부 아이템 중복 할인 제외
그랜드 하얏트 서울
① 객실 : 호텔 직판 패키지 예약 시 객실 업그레이드
제외 기간 : 공휴일(대체 공휴일 포함), 극성수기(7~8월), 2026. 12. 20 ~ 12. 31
② F&B : 10% 할인(델리 리테일 상품 제외)
대상 업장 : 테라스, 카우리, 스테이크하우스, 텐가이, 파리스바, 풀사이드 바베큐(시즌 운영), 델리
제외 기간 : 공휴일(대체 공휴일 포함), 2026. 12. 20 ~ 12. 31
스탠다드룸에서 한강 전망 객실로 업그레이드되며, 잔여 객실 상황에 따라 변경될 수 있음
그랜드 워커힐 서울
① 객실 : 패키지 5% 할인
제외 기간 : 2026. 12. 24, 12. 31
② F&B : 10% 할인
이벤트 메뉴, 런치박스, 리버파크, 룸서비스 및 연회 제외
더 플라자
① 객실 : 시즌 패키지 3만원 할인
일부 이벤트 패키지 제외
② F&B : 10% 할인
대상 업장 : 세븐 스퀘어, 블랑제리 더 플라자, 더라운지(음료 및 주류에 한함)
가족연(돌잔치, 장수연) 5% 할인(웨딩 제외)
③ 지스텀 더 플라자 10% 할인
더 플라자 P-Collection 상품 포함
가족연 할인은 the Black, the Purple, the Red 보유 회원에 한해 제공
세븐스퀘어, 블랑제리 더 플라자, 더라운지 : 2026년 9월 30일까지 영업 후 종료
레스케이프
① 객실 : 시즌 패키지 10% 할인
제외 기간 : 2026. 12. 24 ~ 12. 26, 12. 31
② F&B : 10% 할인
대상 업장 : 라망 시크레, 팔레드 신, 마크다모르, 티살롱, 리테일(PB상품)
룸서비스, 미바, 리테일 상품, 대관 행사, 갈라디너 제외(주류는 칵테일 등 제조 주류에 한함)
호텔 리테일 PB 상품 한정 10% 할인
③ 연회 : 돌잔치 및 웨딩 애프터파티 10% 할인
돌잔치 : 팔레드 신 돌잔치 전용 메뉴 8인 이상 이용 시 제공(1인, 20만원)
웨딩 애프터파티 : 마크 다모르 전용 메뉴 30인 이상 이용 시 제공(1인, 12만원)
④ 스파 : 스위스퍼펙션 10% 할인
일부 프로그램 및 ADD ON 상품 제외
제외 기간 : 2026. 12. 24 ~ 12. 26, 12. 31
호텔 리테일 PB 상품 한정 할인은 the Black, the Purple 보유 회원에 한해 제공
롯데호텔 월드
① 객실 : 호텔 직판 계절 패키지 5% 할인
제외 기간 : 2026. 2. 13 ~ 2. 17, 5. 1 ~ 5. 5, 7. 27 ~ 8. 2, 9. 24 ~ 9. 26, 12. 24 ~ 12. 26, 12. 30 ~ 12. 31
② F&B : 직영 업장 10% 할인
계절 패키지 할인은 the Black, the Purple, the Red, 대한항공카드 the First 보유 회원에 한해 제공되며 얼리버드, 특가 등 일부 패키지 제외
F&B 할인은 카드당 1테이블 기준으로 제공
롯데호텔 서울
① 객실 : 호텔 직판 계절 패키지 5%/10% 할인, 정상가 기준 30% 할인
제외 기간 : 2026. 5. 1 ~ 5. 5, 8. 15 ~ 8. 17, 12. 24 ~ 12. 31
② F&B : 직영 업장 10% 할인
계절 패키지 10% 할인은 the Black, 계절 패키지 5% 할인은 the Purple, the Red, 대한항공카드 the First  보유 회원에 한해 제공되며 얼리버드, 특가 등 일부 패키지 제외
F&B 할인은 카드당 1테이블 기준으로 제공
르메르디앙 & 목시 서울 명동
① 객실 : 객실 패키지 10% 할인
제외 기간 : 2026. 3. 1 ~ 3. 2, 5. 2 ~ 5. 4, 12. 24 ~ 12. 31
② F&B : 10% 할인
제외 기간 : 2026. 1. 1, 12. 24 ~ 12. 25, 12. 31
계절 패키지 할인은 연박 이용 시 제외
메리어트 이그제큐티브 아파트먼트 서울
① 객실 : 패키지 10% 할인
할인 패키지, 제휴사 패키지, 스테이 포 브렉퍼스트 등 일부 패키지 제외
② F&B : 10% 할인
이벤트 상품, 리테일 상품, 룸서비스, 주류 제외
③ 스파 : 트리트먼트 10% 할인
패키지, 리테일 상품, 일부 이벤트 상품 제외
④ 기타 : 명절 선물세트 5% 할인
명절선물세트 할인은 the Black, the Purple, the Red 보유 회원에 한해 제공
반얀트리 클럽 앤 스파 서울
① 객실 : BAR 기준 시즌 패키지 10% 할인
제외 기간 : 2026. 12. 24 ~ 12. 26, 12. 31
② F&B : 10% 할인
대상 업장 : 그라넘 다이닝 라운지, 페스타 바이 충후
제외 기간 : 2026. 12. 24 ~ 12. 26, 12. 31
③ 스파 : 10% 할인
스파 트리트먼트, 갤러지 제품 한정
비스타 워커힐 서울
① 객실 : 패키지 5% 할인
제외 기간 : 2026. 12. 24, 12. 31
② F&B : 10% 할인
이벤트 메뉴, 런치박스, 룸서비스 및 연회 제외
서울신라호텔
① 객실 : Best Available Rate 기준 5% 할인
제외 기간 : 2026. 12. 24, 12. 31 , 토요일
② F&B : 10% 할인
대상 업장 : 팔선, 아리아께, 콘티넨탈, 라연, 더 파크뷰,
더 라이브러리, 패스트리 부티크
1박당 2객실까지 혜택 제공(어번 아일랜드 제외)
서울신라호텔 공식 홈페이지 및 앱에서 예약 시 혜택 제외
소피텔 앰배서더 서울 호텔
① 객실 : 당일 판매가 기준 15% 할인 또는
객실 패키지 10% 할인
제외 기간 : 2026. 1. 1, 12. 24 ~ 12. 26, 12. 31
② F&B : 10% 할인
대상 업장 : 페메종, 미오, 쟈뎅 디베르, 레스파스, 라티튜드32
제외 기간 : 2026. 1. 1, 2. 14, 2. 17, 5. 5, 5. 8, 12. 24 ~ 12. 25, 12. 31
③ 스파 : 10% 할인
리테일 상품 제외
the Black, the Purple, the Red, 현대카드 Summit, 대한항공카드 150·the First, American Express The Platinum Card
Edition2, American Express
Gold Card Edition2, American Express
Green Card Edition2, American Express The Platinum Card
, American Express
Gold Card, American Express
Green Card, 카카오뱅크 BUSINESS 현대카드 PRIME 보유 회원에 한해 제공
쉐라톤 그랜드 인천 호텔
① 객실 : 공식  홈페이지 BAR(Best Available Rate) 기준 10% 할인
② 식음 업장 : 10% 할인
주류, 룸서비스, 미니바, 연회 제외
스위스 그랜드 호텔
① 객실 : 정상가 기준 30% 할인, Net Price 기준 패키지 5% 할인
② F&B : 10% 할인
연회장, 델리, 룸서비스, 미니바, 음료, 주류 제외
안다즈 서울 강남
① 객실 : 공식 홈페이지 BAR(Best Available Rate) 기준 10% 할인
제외 기간 : 2026. 2. 28, 3. 1, 5. 2, 5. 22 ~ 5. 24, 7. 25, 8. 1, 8. 8, 8. 14 ~ 8. 16, 10. 3 ~ 10. 4, 10. 9 ~ 10. 10, 12. 24 ~ 12. 26, 12. 31
② F&B : 10% 할인
대상 업장 : 조각보 미트앤코 스테이크 하우스, 조각보 키친, 바이츠 앤 와인
제외 기간 : 2026. 5. 5, 12. 24 ~ 25, 12. 31
앰배서더 서울 풀만 호텔
① 객실 정상가 및 BAR(Best Available Rate) 기준 15,000원 할인, 패키지 10,000원 할인
제외 기간 : 2026. 12. 24, 12. 25, 12. 31
② F&B : 10% 할인
대상 업장 : 더 킹스, 풀하우스 테라스, 더 라운지 앤 바, 1955 그로세리아(베이커리, 다이닝)
제외 기간 : 2026. 1. 1, 2. 14, 5. 5, 12. 24 ~ 12. 26, 12. 31
③ 웰니스 센터 : 필라테스 클래스 10% 할인
객실 할인은 호텔 홈페이지 또는 예약실을 통해 예약 시에 한해 제공
웨스틴 서울 파르나스
① 객실 : BFR(Best Flexible Rate, 당일 최저가) 요금 10% 할인
제외 기간 : 2026. 4. 30 ~ 5. 2, 9. 24 ~ 9. 27, 10. 3 ~ 10. 4, 10. 30 ~ 10. 31, 11. 20 ~ 11. 21, 12. 24 ~ 12. 26, 12. 31
② F&B : 10% 할인
대상 업장 : 온테이블, 아시안 라이브
이벤트 상품 및 외부 아이템 중복 할인 제외
제외 기간 : 2026. 12. 24 ~ 12. 31
음료 및 주류 스시 카네사카, 연회 Private Dining, 이벤트 상품 및 외부 아이템 중복 할인 제외
웨스틴 조선 서울
① 객실 : 정상가 기준 30% 할인 , 패키지 10% 할인
② F&B : 10% 할인
대상 업장 : 아리아, 루브리카, 홍연, 조선델리, 라운지&바, 나인스게이트, 스시조
제외 기간 : 2026. 5. 5, 12. 24 ~ 12. 25, 12. 31, 업장 이벤트 기간
③ 연회 : 웨딩 코스 메뉴 5% 할인, 케이크 50% 할인
기간(2026. 1. 1 ~ 12. 31) 내 예식 및 하객 인원 200명 이상 시 제공(토요일 점심 및 음료, 부대비용 제외)
객실 패키지 할인은 조선호텔앤리조트 공식 홈페이지 에서 판매되고 있는 상품에 한해 제공
연회 할인은 the Black, the Purple 보유 회원에 한해 제공(음료, 부대 비용 제외)
인스파이어 엔터테인먼트 리조트
① 객실 : 인스파이어 홈페이지를 통한 예약 또는 유선상 예약 시 10% 할인
② F&B : 10% 할인
대상 업장 : 셰프스 키친, 마이클 조던 스테이크 하우스, 브라세리 1783, 하이파이 코리안 소울 푸드, 가든 팜 카페, 홍반, 미나기, MJ23 스포츠 바 앤 그릴, 오로라 바, 호라이즌 라운지
③ 기타 : 스플래시 베이 이용권 20% 할인
객실 및 F&B 할인은 프리미엄 카드 회원에 한해 제공
홈페이지를 통한 객실 예약의 경우 프로모션 코드* 입력 필수
* 룸 온리 : 15HDRO / 룸+2인 조식 : 15HDBF / 룸+스플래시 베이 : 15HDSP
유선 예약 시 현대카드 전용 패키지로 예약해야 할인 가능
음료, 주류, 리테일 상품, 이벤트 상품은 할인 제외되며, 중복 할인 적용 불가
조선 팰리스 서울 강남
① 객실 : 정상가 기준 객실 정규 패키지 10% 할인(이벤트 패키지 제외)
제외 기간 : 2026. 12. 24 ~ 12. 26, 12. 31
② F&B : 10% 할인
대상 업장 : 콘스탄스, 이타닉 가든, 더 그레이트 홍연, 조선델리 더 부티크, 1914 라운지&바
주류, 음료, 이벤트 메뉴 및 인룸 다이닝, MD 및 리테일 상품 제외
제외 기간 : 2026. 1. 1, 5. 5, 12. 24, 12. 25, 12. 31, 레스토랑 이벤트, 갈라디너
객실 할인은 the Centurion® Card, the Black 보유 회원에 한해 제공
F&B 할인은 the Centurion, the Black, the Purple, American Express The Platinum Card
보유 회원에 한해 제공
콘래드 서울
① 객실 : 객실 5% 할인, 패키지 5% 할인(유선 예약 전용)
Advanced Purchase 및 일부 패키지 제외
제외 기간 : 서울세계불꽃축제 기간,
2026. 1. 1, 4. 15 ~ 4. 18, 12. 24 ~ 12. 25, 12. 31
② F&B : 10% 할인
대상 업장 : 아트리오, 제스트, 플레임즈, 숯 더 붓처스 엣지, 37바
제외 기간 : 서울세계불꽃축제 기간,
2026. 1. 1, 12. 20 ~ 12. 31
객실 및 패키지 할인은 호텔 예약실을 통한 유선 예약 시에 한해 제공
파라다이스시티/아트파라디소
① 객실 : 시즌 패키지 5% 할인
제외 기간 : 토요일, 2026. 1. 1, 2. 14 ~ 2. 18, 2. 28 ~ 3. 2, 5. 1 ~ 5. 5, 5. 23 ~ 5. 25, 6. 2 ~ 6. 3, 7. 19 ~ 8. 17, 9. 23 ~ 9. 27, 10. 2 ~ 10. 4, 10. 8 ~ 10. 11, 12. 19 ~ 12. 31
② F&B : 10% 할인
대상 업장 : 온더플레이트, 라스칼라, 가든카페, 라운지파라다이스, 라쿠, 루빅, 새라새, 라운지&바 새라새
제외 기간 : 2026. 5. 5, 12. 24 ~ 12. 25, 12. 31
③ 스파 : 10% 현장 할인
더 스칼프 컴포트 엣 파라다이스
더 스파 앳 파라다이스 스파 프로그램
④ 기타 : 씨메르 아쿠아스파 이용권 20% 할인(최대 4인), 원더박스 1일 자유이용권 20% 할인(최대 4인)
제외 기간 : 시설 정기 보수 기간
시즌 패키지 할인은 호텔 예약실을 통한 유선 예약 시에 한해 제공
파크 하얏트 서울
① 객실 : 정상가 기준 10% 할인(스탠다드 객실에 한함)
제외 기간 : 2026. 12 .24 ~ 12. 26, 12. 31
② F&B : 10% 할인
대상 업장 : 코너스톤, 더 라운지, 더 팀버 하우스
제외 기간 : 2026. 12. 24 ~ 12. 27, 12. 31 및 특별 이벤트 기간
페어몬트 앰배서더 서울
① 객실 : 공식 홈페이지 공시 가격(Published Rate) 기준 객실 패키지 10% 할인
제외 기간 : 2026. 12. 24 ~ 12. 26, 12. 31, 서울세계불꽃축제 기간
② F&B : 10% 할인
대상 업장 : 더 아트리움 라운지, 스펙트럼, 마리포사, M29
제외 기간 : 2026. 12. 24 ~ 12. 25, 12. 31, 서울세계불꽃축제 기간
호텔 예약실을 통한 유선 예약 시에 한해 제공
포시즌스 호텔 서울
① 객실 : 공식 홈페이지 공시 가격(Published Rate) 기준 주중 10% 할인
Room Only 상품에 한함
제외 기간 : 2026. 12. 24, 12. 31
② F&B : 10% 할인
대상 업장 : 보칼리노, 더 마켓 키친, 유유안, 오울
제외 기간 : 2026. 12. 20 ~ 12. 31
③ 스파 : 트리트먼트 10% 할인
리테일 상품 제외
제외 기간 : 2026. 1. 1, 2. 14 ~ 2. 18, 9. 24 ~ 9. 27, 12. 21 ~ 12. 31
the Black, the Purple, the Red, 현대카드 Summit, American Express The Platinum Card
Edition2, American Express
Gold Card Edition2, American Express Platinum Card
, American Express
Gold Card, 미래에셋 현대카드 Gold·Diamond 보유 회원에 한해 제공
하얏트 리젠시 인천 파라다이스시티
① 객실 : 하얏트 브랜드 닷컴 일일 기준 요금 5% 할인
제외 기간 : 토요일, 2026. 5. 1 ~ 5. 5, 5. 23 ~ 25, 6. 2 ~ 6. 3, 6. 5 ~ 6. 6, 7. 16 ~ 8. 17, 9. 23 ~ 9. 27, 10. 2 ~ 10. 4, 10. 8 ~ 10. 11, 12. 19 ~ 12. 31
② F&B : 10% 할인
대상 업장 : 마켓카페, 스웰라운지
마켓카페 조식 뷔페, 룸서비스, 풀하우스, 리젠시 클럽, 연회장, 음료 및 주류, 미니바, 계절 프로모션 메뉴 제외
제외 기간 : 2026. 5. 5, 12. 24 ~ 12. 25, 12. 31
객실 할인은 호텔 예약실을 통한 유선 예약 시에 한해 제공
JW메리어트 동대문 스퀘어 서울
① 객실 : 공식 홈페이지 BAR(Best Available Rate) 기준 5% 할인
제외 기간 : 2026. 5. 3 ~ 5. 4, 12. 24, 12. 31
② F&B : 10% 할인
Tavolo 24, BLT Steak 이용 시 제공(1회 최대 20명)
연회, 룸서비스, 미니바, SBC 리테일 상품 제외
③ 스파 : 10% 할인
리테일 상품 제외
JW 메리어트 호텔 서울
① 객실 : 공식 홈페이지 BAR(Best Available Rate) 기준 상시 10% 할인
제외 기간 : 2026. 5. 2 ~ 5. 4, 12. 24 ~ 12. 26
② F&B : 10% 할인
대상 업장 : 플레이버즈, 더 마고 그릴, 타마유라
제외 기간 : 2026. 5. 5, 12. 24 ~ 12. 25, 12. 31
그랜드 조선 부산
① 객실 : 정상가 기준 월~목요일 40% 할인, 금·일요일 30% 할인, 토요일 및 성수기 20% 할인
성수기 : 2026. 1. 1, 2. 13 ~ 2. 17, 2. 27 ~ 3. 1, 4. 10, 5, 1 ~ 5. 5, 5. 22 ~ 5. 24, 6. 5 ~ 6. 6, 7. 17 ~ 8. 16, 9. 24 ~ 9. 27, 10. 2 ~ 10. 5, 10. 9 ~ 10. 11, 12. 24, 12. 26
제외 기간 : 2026. 12. 25, 12. 31
② F&B : 10% 할인
대상 업장 : 아리아, 팔레드 신, 라운지앤바 테라스292, 조선 델리
음료, 주류, 연회, 인룸다이닝, 조선델리 MD, 리테일 상품 제외
제외 기간 : 2026. 1. 1, 5. 5, 12. 24 ~ 12. 26, 12. 31
③ 연회 : 웨딩 및 가족연 Food 5% 할인
주류, 음료, 부대 비용 제외 및 프로모션 행사와 중복 적용 불가
자녀 관련 연회 시 가족관계증명서 등 증빙 서류 제출 필수
연회 할인은 the Black, the Purple, the Red 보유 회원에 한해 제공
롯데호텔 부산
① 객실 : 정상가 기준 30% 할인, 객실 패키지 5% 할인
② F&B : 10% 할인(리테일 상품 및 연회성 행사 제외)
③ 기타 : 델리카한스(베이커리) 제빵, 케이크류 20% 할인
객실 패키지 할인은 the Black, the Purple, the Red, 대한항공카드 the First 보유 회원에 한해 제공
델리카한스(베이커리) 할인은 the Black, the Purple, the Red 보유 회원에 한해 제공
웨스틴 조선 부산
① 객실 : 정상가 기준 일~목요일 40% 할인, 금·토요일 및 공휴일 30% 할인, 성수기 20% 할인
30% 할인 적용 기간 : 2026. 1. 27 ~ 1. 30, 2. 28, 3. 2, 5. 1, 5. 4 ~ 5. 5, 6. 5 ~ 6. 6, 10. 2 ~ 10. 10, 12. 24
성수기 : 2026. 7. 18 ~ 8. 16
제외 기간 : 2026. 12. 31
② F&B : 10% 할인
대상 업장 : 셔블, 오스킴, 까밀리아, 파노라마라운지, 조선델리
제외 기간 : 2026. 1. 1, 5. 5, 12. 24 ~ 12. 25, 12. 31
파라다이스호텔 부산
① 객실 : 정상가 기준 일~목요일 40% 할인, 금·토요일 및 공휴일 30% 할인, 객실 패키지 5% 할인
제외 기간 : 2026. 7. 1 ~ 8. 31, 12. 24 ~ 12. 26, 12. 30 ~ 2027. 1. 2 및 부산불꽃축제 등 호텔이 지정한 국제 행사 기간
② F&B : 10% 할인
연회장, 룸서비스, 미니바, 가든행사, 레저 식음료, 라운지 파라다이스, 바닉스, 임대 업장(본앤브랜드), 부티크베이커리(일부 상품), 레스토랑 서비스 중 20인 이상의 예약 또는 연회성 행사 제외
객실 패키지 할인은 the Black, the Purple, the Red, the Green, the Pink 보유 회원에 한해 제공
파크 하얏트 부산
① 객실 : 하얏트 요금 기준 스탠다드 객실 10% 할인
제외 기간 : 부산불꽃축제 기간, 2026. 12. 24 ~ 12. 25, 12. 31
② F&B : 10% 할인
대상 업장 : 다이닝룸, 리빙룸
제외 기간 : 부산불꽃축제 기간, 2026. 12. 24 ~ 12. 27, 12. 31, 와인/갈라/사케디너 등 스페셜 이벤트 및 이벤트 기간
F&B 할인은 다른 할인 서비스 및 쿠폰, 이벤트, 제휴 카드 혜택과 중복 적용 불가
그랜드 조선 제주
① 객실 : 5% 할인
이벤트 상품 제외
②F&B : 10% 할인
대상 업장 : 아리아, 루브리카, 라운지앤바, 잇투오
제외 기간 : 2026. 5. 5, 12. 24 ~ 12. 25 및 갈라디너 등 업장 이벤트 기간
호텔 홈페이지를 통해 예약 시에 한해 제공
그랜드 하얏트 제주
① 객실 : 공식 홈페이지 요금 기준 10% 할인
② F&B : 10% 할인
대상 업장 : 갤러리 라운지, 99밸리, 차이나 하우스, 제주 핫팟, 녹나무, 그랜드 키친, 유메야마, 카페8
③ 스파 : 트리트먼트 10% 할인
이벤트 상품, 제품 구매, 찜질스파 제외
로즈베이 스파는 토요일 제외
제외 기간 : 2026. 2. 13 ~ 2. 22, 5. 1 ~ 5. 6, 7. 24 ~ 8. 23, 9. 24 ~ 9. 27, 10. 1 ~ 10. 7, 12. 24 ~ 12. 27, 12. 31 ~ 2027. 1. 3 및 모든 공휴일
롯데호텔 제주
① 객실 : 호텔 직판 상시 패키지 5%/10% 할인
얼리버드 및 특가 등 일부 패키지 제외
③ F&B : 10% 할인
호텔 직판 상시 패키지 10% 할인은 the Black, 5% 할인은 the Purple, the Red, 대한항공카드 the First 보유 회원에 한해 제공
다른 할인 서비스 및 쿠폰, 이벤트, 제휴 카드 혜택과 중복 적용 불가
F&B 할인은 카드당 1테이블 기준으로 제공
메종글래드제주
① 객실 : 정상가 기준 50% 할인, 성수기 30% 할인, 객실 패키지 10% 할인
성수기 : 2026. 7. 18 ~ 8. 24
② F&B : 20% 할인(삼다정)
제주신라호텔
① 객실 : BAR (Best Available Rate) 기준 5% 할인
이벤트 상품, 패키지 및 일부 상품 제외
② F&B : 10% 할인
대상 업장 : 히노데, 더 파크뷰, 바당, 올래 바, 패스트리 부티크
대한항공카드 이용 시 할인 제외
호텔 예약실을 통한 유선 예약 시에 한해 제공
파르나스 호텔 제주
① 객실 : BFR(Best Flexible Rate, 당일 최저가) 요금 10% 할인
제외 기간 : 2026. 2. 14 ~ 2. 18, 2. 28 ~ 3. 2, 5. 1 ~ 5. 5, 5. 23 ~ 5. 25, 7. 17 ~ 8. 17, 9. 24 ~ 9. 27
② F&B : 10% 할인
대상 업장 : 콘페티, 폰드메르 라운지&바, 바르
③ 스파 : 본에스티스 스파 10% 할인
음료 및 주류 스시 카네사카, 연회 Private Dining, 이벤트 상품 및 외부 아이템 중복 할인 제외
포도호텔
① 객실 : 정상가 기준 10~40% 할인 및 조식 제공
the Black, the Purple, the Red, the Green, 대한항공카드 the First, American Express The Platinum Card
Edition2, American Express
Gold Card Edition2, American Express
Green Card Edition2 보유 회원에 한해 제공
해비치호텔앤드리조트 제주
① 객실 : 정규 패키지 10% 할인
골프 패키지 제외
제외 기간 : 2026. 7. 16 ~ 8. 20
② F&B : 10% 할인
대상 업장 : 섬모라, 99바, 밀리우, 마고 및 해비치 C.C 클럽 하우스, 메르 & 테르
③ 스파 : 10% 할인
④ 골프 : 정상가 기준 해비치 CC 그린피 주중 20% 할인, 주말 10% 할인
넥슨 현대카드 UNLIMITED로 이용 시 할인 제외
스파 할인은 the Black, the Purple, the Red 보유 회원에 한해 제공
히든 클리프 호텔 & 네이쳐
① F&B : 10% 할인
시즌 이벤트 메뉴, 주류 및 룸서비스, 인피니티바 제외
② 스파 : 보떼에르 스파 바이 록시땅 10% 할인
이벤트 상품 제외
호텔 홈페이지를 통해 예약 시에 한해 제공
대구 메리어트 호텔
① 객실 : 패키지 상품 5% 할인
제외 기간 : 2026. 12. 24, 12. 31
② F&B : 10% 할인
대상 업장 : 어반 키친, 동문, 라운지&바
제외 기간 : 2026. 12. 24 ~ 12. 25, 12. 31
호텔 홈페이지에서 판매 중인 패키지에 한해 제공(단, 루프탑 패키지 제외)
라한셀렉트 경주
① 객실 : BAR(Best Available Rate) 기준 일~금요일 10% 할인, 토요일 및 성수기 5% 할인
② F&B : 더플레이트 10% 할인
롯데호텔 울산
① 객실 : 호텔 직판 상시 패키지 5% 할인
얼리버드 및 특가 등 일부 패키지 제외
제외 기간 : 2026. 5. 3 ~ 5. 5, 7. 26 ~ 8. 9, 8. 15~ 8. 16, 10. 3 ~ 10. 11, 12. 24, 12. 31
② F&B : 10% 할인
대상 업장 : 델리카한스, 페닌슐라
호텔 직판 상시 패키지 할인은 the Black, the Purple, the Red, 대한항공카드 the First 보유 회원에 한해 제공
F&B 할인은 카드당 1테이블 기준으로 제공
브리브 광주 바이 롯데호텔
① 객실 : 정상가 기준 일~목요일 40% 할인, 금·토요일 30% 할인
② F&B : 10% 할인
대상 업장 : 뷔페 레스토랑 파라뷰, 중식당 쉥카이
제외 기간 : 2026. 12. 20 ~ 12. 31
사우스케이프
① F&B : 업장에서 현장 결제 시 10% 할인
음료, 주류, 룸서비스, 이벤트 메뉴 제외
② 스파 : 10% 할인
이용일 1일 전까지 사전 예약 필수
the Black, the Purple, the Red, the Green, the Pink, American Express The Platinum Card
Edition2, American Express
Gold Card Edition2, American Express
Green Card Edition2, American Express The Platinum Card
, American Express
Gold Card, American Express
Green Card 보유 회원에 한해 제공
이용 전 호텔로 혜택 적용 가능 여부 확인 필수(미확인 시 혜택 적용 불가할 수 있음)
소노캄 고양
① 객실 : BAR(Best Available Rate) 기준 10% 할인
② F&B : 10% 할인
대상 업장 : 셰프스 키친, 죽림, 일라고
③ 기타 : 사우나 50% 할인
객실 할인은 예약 가능한 잔여 객실이 있는 경우에 한해 제공
사우나 할인은 본인 회원에 한해 제공
씨마크 호텔
① 객실 : BAR(Best Available Rate) 기준 프리미엄 디럭스 룸 10% 할인
② F&B : 더 레스토랑 10% 할인
the Black, the Purple, the Red, the Green 보유 회원에 한해 제공
알펜시아
① 객실 : BAR(Best Available Rate) 기준으로 25% 할인
② F&B : 음식 10% 할인
음료, 주류, 인룸다이닝, 미니바, 연회 제외
제외 기간 : 크리스마스 디너 뷔페, 추석 디너 뷔페 등 이벤트 기간
오노마 대전 오토그래프컬랙션
① 객실 : 객실 정규 패키지 10% 할인
② F&B : 5% 할인
대상 업장 : 타운하우스, 오노마 라운지
켄싱턴 스타호텔 설악
① 객실 : 정상가 기준 주중 일~목요일 30% 할인, 금·토요일 20%, 연휴 및 성수기 10% 할인
패키지 상품 제외
② F&B : 10% 할인
이벤트 및 음료, 주류, 미팅 시설 이용료 제외
호텔인터불고 엑스코
① 객실 : 정상가 기준 40% 할인
② F&B : 10% 할인
최대 5인 이용 가능(공휴일 제외)
임대 업장 및 주류 제외
호텔현대 바이 라한 울산
① 객실 : BAR(Best Available Rate) 기준 10% 상시 할인, 성수기 5% 할인
② F&B : 10% 할인
대상 업장 : 디오븐, 더플레이트, 더터번",2026-06-06 17:21:11
TBE4_E0004,TBE4,현대,the Black,FEX699,2026년 제휴 호텔 이벤트 혜택 안내,https://www.hyundaicard.com/cpb/ev/CPBEV0101_06.hc?bnftWebEvntCd=FEX699,2026-01-01,2026-12-31,할인,이용 방법,"예약 시 현대카드 이벤트 이용 예정임을 알리고, 이용 시 본인 명의 대상 카드로 결제",2026-06-06 17:21:11
TBE4_E0004,TBE4,현대,the Black,FEX699,2026년 제휴 호텔 이벤트 혜택 안내,https://www.hyundaicard.com/cpb/ev/CPBEV0101_06.hc?bnftWebEvntCd=FEX699,2026-01-01,2026-12-31,할인,확인사항,"확인해 주세요
위 혜택은 대상 카드로 결제 시 적용됩니다.
현대카드 Chameleon 및 앱카드, 간편결제 서비스(네이버페이 등) 이용 시 혜택 제외
호텔 사정에 따라 특정 날짜, 특정 상품은 혜택 제공이 불가할 수 있습니다.
F&B 혜택 대상에서 연회*, 인룸다이닝, 미니바, 임대 업장, 소매 상품, 음료 및 주류, 갈라 디너 등의 이벤트 메뉴는 제외됩니다.
*20인 이상의 예약 또는 연회성 행사(호텔별 적용 인원 기준이 다르니 이용 전 각 호텔로 문의)
다른 혜택(바우처, 쿠폰, 호텔 멤버십 적립, 할인 등) 및 이벤트와 중복 적용되지 않습니다.
예약 안내 및 유의사항 등 자세한 내용은 대상 호텔로 문의해 주세요.
위 혜택은 현대카드 및 제휴사 사정에 따라 변경 또는 중단될 수 있습니다.",2026-06-06 17:21:11
BTMCE_E0001,BTMCE,현대,Summit CE,FEX699,2026년 제휴 호텔 이벤트 혜택 안내,https://www.hyundaicard.com/cpb/ev/CPBEV0101_06.hc?bnftWebEvntCd=FEX699,2026-01-01,2026-12-31,할인,혜택,"기간 내 대상 호텔 이용 시 객실 및 F&B 등 5~40% 즉시 할인
호텔별 제공 혜택, 대상 카드, 할인율은 아래 '대상 호텔'에서 확인 가능",2026-06-06 17:21:11
BTMCE_E0001,BTMCE,현대,Summit CE,FEX699,2026년 제휴 호텔 이벤트 혜택 안내,https://www.hyundaicard.com/cpb/ev/CPBEV0101_06.hc?bnftWebEvntCd=FEX699,2026-01-01,2026-12-31,할인,기간,2026. 1. 1 ~ 12. 31,2026-06-06 17:21:11
BTMCE_E0001,BTMCE,현대,Summit CE,FEX699,2026년 제휴 호텔 이벤트 혜택 안내,https://www.hyundaicard.com/cpb/ev/CPBEV0101_06.hc?bnftWebEvntCd=FEX699,2026-01-01,2026-12-31,할인,대상,"대상 카드 기소지 회원
대상 호텔 리스트
호텔명
혜택
유의사항
그랜드 인터컨티넨탈 서울 파르나스
① 객실 : BFR(Best Flexible Rate, 당일 최저가) 요금 10% 할인
제외 기간 : 2026. 9. 12, 11. 21, 12. 24 ~ 12. 26, 12. 31
② F&B : 10% 할인
대상 업장 : 히노츠키, 웨이루, 그랜드 키친, 메르카토521
제외 기간 : 2026. 12. 24 ~ 12. 31
음료 및 주류 스시 카네사카, 연회 Private Dining, 메르카토521 식사 외 메뉴 제외
이벤트 상품 및 외부 아이템 중복 할인 제외
그랜드 하얏트 서울
① 객실 : 호텔 직판 패키지 예약 시 객실 업그레이드
제외 기간 : 공휴일(대체 공휴일 포함), 극성수기(7~8월), 2026. 12. 20 ~ 12. 31
② F&B : 10% 할인(델리 리테일 상품 제외)
대상 업장 : 테라스, 카우리, 스테이크하우스, 텐가이, 파리스바, 풀사이드 바베큐(시즌 운영), 델리
제외 기간 : 공휴일(대체 공휴일 포함), 2026. 12. 20 ~ 12. 31
스탠다드룸에서 한강 전망 객실로 업그레이드되며, 잔여 객실 상황에 따라 변경될 수 있음
그랜드 워커힐 서울
① 객실 : 패키지 5% 할인
제외 기간 : 2026. 12. 24, 12. 31
② F&B : 10% 할인
이벤트 메뉴, 런치박스, 리버파크, 룸서비스 및 연회 제외
더 플라자
① 객실 : 시즌 패키지 3만원 할인
일부 이벤트 패키지 제외
② F&B : 10% 할인
대상 업장 : 세븐 스퀘어, 블랑제리 더 플라자, 더라운지(음료 및 주류에 한함)
가족연(돌잔치, 장수연) 5% 할인(웨딩 제외)
③ 지스텀 더 플라자 10% 할인
더 플라자 P-Collection 상품 포함
가족연 할인은 the Black, the Purple, the Red 보유 회원에 한해 제공
세븐스퀘어, 블랑제리 더 플라자, 더라운지 : 2026년 9월 30일까지 영업 후 종료
레스케이프
① 객실 : 시즌 패키지 10% 할인
제외 기간 : 2026. 12. 24 ~ 12. 26, 12. 31
② F&B : 10% 할인
대상 업장 : 라망 시크레, 팔레드 신, 마크다모르, 티살롱, 리테일(PB상품)
룸서비스, 미바, 리테일 상품, 대관 행사, 갈라디너 제외(주류는 칵테일 등 제조 주류에 한함)
호텔 리테일 PB 상품 한정 10% 할인
③ 연회 : 돌잔치 및 웨딩 애프터파티 10% 할인
돌잔치 : 팔레드 신 돌잔치 전용 메뉴 8인 이상 이용 시 제공(1인, 20만원)
웨딩 애프터파티 : 마크 다모르 전용 메뉴 30인 이상 이용 시 제공(1인, 12만원)
④ 스파 : 스위스퍼펙션 10% 할인
일부 프로그램 및 ADD ON 상품 제외
제외 기간 : 2026. 12. 24 ~ 12. 26, 12. 31
호텔 리테일 PB 상품 한정 할인은 the Black, the Purple 보유 회원에 한해 제공
롯데호텔 월드
① 객실 : 호텔 직판 계절 패키지 5% 할인
제외 기간 : 2026. 2. 13 ~ 2. 17, 5. 1 ~ 5. 5, 7. 27 ~ 8. 2, 9. 24 ~ 9. 26, 12. 24 ~ 12. 26, 12. 30 ~ 12. 31
② F&B : 직영 업장 10% 할인
계절 패키지 할인은 the Black, the Purple, the Red, 대한항공카드 the First 보유 회원에 한해 제공되며 얼리버드, 특가 등 일부 패키지 제외
F&B 할인은 카드당 1테이블 기준으로 제공
롯데호텔 서울
① 객실 : 호텔 직판 계절 패키지 5%/10% 할인, 정상가 기준 30% 할인
제외 기간 : 2026. 5. 1 ~ 5. 5, 8. 15 ~ 8. 17, 12. 24 ~ 12. 31
② F&B : 직영 업장 10% 할인
계절 패키지 10% 할인은 the Black, 계절 패키지 5% 할인은 the Purple, the Red, 대한항공카드 the First  보유 회원에 한해 제공되며 얼리버드, 특가 등 일부 패키지 제외
F&B 할인은 카드당 1테이블 기준으로 제공
르메르디앙 & 목시 서울 명동
① 객실 : 객실 패키지 10% 할인
제외 기간 : 2026. 3. 1 ~ 3. 2, 5. 2 ~ 5. 4, 12. 24 ~ 12. 31
② F&B : 10% 할인
제외 기간 : 2026. 1. 1, 12. 24 ~ 12. 25, 12. 31
계절 패키지 할인은 연박 이용 시 제외
메리어트 이그제큐티브 아파트먼트 서울
① 객실 : 패키지 10% 할인
할인 패키지, 제휴사 패키지, 스테이 포 브렉퍼스트 등 일부 패키지 제외
② F&B : 10% 할인
이벤트 상품, 리테일 상품, 룸서비스, 주류 제외
③ 스파 : 트리트먼트 10% 할인
패키지, 리테일 상품, 일부 이벤트 상품 제외
④ 기타 : 명절 선물세트 5% 할인
명절선물세트 할인은 the Black, the Purple, the Red 보유 회원에 한해 제공
반얀트리 클럽 앤 스파 서울
① 객실 : BAR 기준 시즌 패키지 10% 할인
제외 기간 : 2026. 12. 24 ~ 12. 26, 12. 31
② F&B : 10% 할인
대상 업장 : 그라넘 다이닝 라운지, 페스타 바이 충후
제외 기간 : 2026. 12. 24 ~ 12. 26, 12. 31
③ 스파 : 10% 할인
스파 트리트먼트, 갤러지 제품 한정
비스타 워커힐 서울
① 객실 : 패키지 5% 할인
제외 기간 : 2026. 12. 24, 12. 31
② F&B : 10% 할인
이벤트 메뉴, 런치박스, 룸서비스 및 연회 제외
서울신라호텔
① 객실 : Best Available Rate 기준 5% 할인
제외 기간 : 2026. 12. 24, 12. 31 , 토요일
② F&B : 10% 할인
대상 업장 : 팔선, 아리아께, 콘티넨탈, 라연, 더 파크뷰,
더 라이브러리, 패스트리 부티크
1박당 2객실까지 혜택 제공(어번 아일랜드 제외)
서울신라호텔 공식 홈페이지 및 앱에서 예약 시 혜택 제외
소피텔 앰배서더 서울 호텔
① 객실 : 당일 판매가 기준 15% 할인 또는
객실 패키지 10% 할인
제외 기간 : 2026. 1. 1, 12. 24 ~ 12. 26, 12. 31
② F&B : 10% 할인
대상 업장 : 페메종, 미오, 쟈뎅 디베르, 레스파스, 라티튜드32
제외 기간 : 2026. 1. 1, 2. 14, 2. 17, 5. 5, 5. 8, 12. 24 ~ 12. 25, 12. 31
③ 스파 : 10% 할인
리테일 상품 제외
the Black, the Purple, the Red, 현대카드 Summit, 대한항공카드 150·the First, American Express The Platinum Card
Edition2, American Express
Gold Card Edition2, American Express
Green Card Edition2, American Express The Platinum Card
, American Express
Gold Card, American Express
Green Card, 카카오뱅크 BUSINESS 현대카드 PRIME 보유 회원에 한해 제공
쉐라톤 그랜드 인천 호텔
① 객실 : 공식  홈페이지 BAR(Best Available Rate) 기준 10% 할인
② 식음 업장 : 10% 할인
주류, 룸서비스, 미니바, 연회 제외
스위스 그랜드 호텔
① 객실 : 정상가 기준 30% 할인, Net Price 기준 패키지 5% 할인
② F&B : 10% 할인
연회장, 델리, 룸서비스, 미니바, 음료, 주류 제외
안다즈 서울 강남
① 객실 : 공식 홈페이지 BAR(Best Available Rate) 기준 10% 할인
제외 기간 : 2026. 2. 28, 3. 1, 5. 2, 5. 22 ~ 5. 24, 7. 25, 8. 1, 8. 8, 8. 14 ~ 8. 16, 10. 3 ~ 10. 4, 10. 9 ~ 10. 10, 12. 24 ~ 12. 26, 12. 31
② F&B : 10% 할인
대상 업장 : 조각보 미트앤코 스테이크 하우스, 조각보 키친, 바이츠 앤 와인
제외 기간 : 2026. 5. 5, 12. 24 ~ 25, 12. 31
앰배서더 서울 풀만 호텔
① 객실 정상가 및 BAR(Best Available Rate) 기준 15,000원 할인, 패키지 10,000원 할인
제외 기간 : 2026. 12. 24, 12. 25, 12. 31
② F&B : 10% 할인
대상 업장 : 더 킹스, 풀하우스 테라스, 더 라운지 앤 바, 1955 그로세리아(베이커리, 다이닝)
제외 기간 : 2026. 1. 1, 2. 14, 5. 5, 12. 24 ~ 12. 26, 12. 31
③ 웰니스 센터 : 필라테스 클래스 10% 할인
객실 할인은 호텔 홈페이지 또는 예약실을 통해 예약 시에 한해 제공
웨스틴 서울 파르나스
① 객실 : BFR(Best Flexible Rate, 당일 최저가) 요금 10% 할인
제외 기간 : 2026. 4. 30 ~ 5. 2, 9. 24 ~ 9. 27, 10. 3 ~ 10. 4, 10. 30 ~ 10. 31, 11. 20 ~ 11. 21, 12. 24 ~ 12. 26, 12. 31
② F&B : 10% 할인
대상 업장 : 온테이블, 아시안 라이브
이벤트 상품 및 외부 아이템 중복 할인 제외
제외 기간 : 2026. 12. 24 ~ 12. 31
음료 및 주류 스시 카네사카, 연회 Private Dining, 이벤트 상품 및 외부 아이템 중복 할인 제외
웨스틴 조선 서울
① 객실 : 정상가 기준 30% 할인 , 패키지 10% 할인
② F&B : 10% 할인
대상 업장 : 아리아, 루브리카, 홍연, 조선델리, 라운지&바, 나인스게이트, 스시조
제외 기간 : 2026. 5. 5, 12. 24 ~ 12. 25, 12. 31, 업장 이벤트 기간
③ 연회 : 웨딩 코스 메뉴 5% 할인, 케이크 50% 할인
기간(2026. 1. 1 ~ 12. 31) 내 예식 및 하객 인원 200명 이상 시 제공(토요일 점심 및 음료, 부대비용 제외)
객실 패키지 할인은 조선호텔앤리조트 공식 홈페이지 에서 판매되고 있는 상품에 한해 제공
연회 할인은 the Black, the Purple 보유 회원에 한해 제공(음료, 부대 비용 제외)
인스파이어 엔터테인먼트 리조트
① 객실 : 인스파이어 홈페이지를 통한 예약 또는 유선상 예약 시 10% 할인
② F&B : 10% 할인
대상 업장 : 셰프스 키친, 마이클 조던 스테이크 하우스, 브라세리 1783, 하이파이 코리안 소울 푸드, 가든 팜 카페, 홍반, 미나기, MJ23 스포츠 바 앤 그릴, 오로라 바, 호라이즌 라운지
③ 기타 : 스플래시 베이 이용권 20% 할인
객실 및 F&B 할인은 프리미엄 카드 회원에 한해 제공
홈페이지를 통한 객실 예약의 경우 프로모션 코드* 입력 필수
* 룸 온리 : 15HDRO / 룸+2인 조식 : 15HDBF / 룸+스플래시 베이 : 15HDSP
유선 예약 시 현대카드 전용 패키지로 예약해야 할인 가능
음료, 주류, 리테일 상품, 이벤트 상품은 할인 제외되며, 중복 할인 적용 불가
조선 팰리스 서울 강남
① 객실 : 정상가 기준 객실 정규 패키지 10% 할인(이벤트 패키지 제외)
제외 기간 : 2026. 12. 24 ~ 12. 26, 12. 31
② F&B : 10% 할인
대상 업장 : 콘스탄스, 이타닉 가든, 더 그레이트 홍연, 조선델리 더 부티크, 1914 라운지&바
주류, 음료, 이벤트 메뉴 및 인룸 다이닝, MD 및 리테일 상품 제외
제외 기간 : 2026. 1. 1, 5. 5, 12. 24, 12. 25, 12. 31, 레스토랑 이벤트, 갈라디너
객실 할인은 the Centurion® Card, the Black 보유 회원에 한해 제공
F&B 할인은 the Centurion, the Black, the Purple, American Express The Platinum Card
보유 회원에 한해 제공
콘래드 서울
① 객실 : 객실 5% 할인, 패키지 5% 할인(유선 예약 전용)
Advanced Purchase 및 일부 패키지 제외
제외 기간 : 서울세계불꽃축제 기간,
2026. 1. 1, 4. 15 ~ 4. 18, 12. 24 ~ 12. 25, 12. 31
② F&B : 10% 할인
대상 업장 : 아트리오, 제스트, 플레임즈, 숯 더 붓처스 엣지, 37바
제외 기간 : 서울세계불꽃축제 기간,
2026. 1. 1, 12. 20 ~ 12. 31
객실 및 패키지 할인은 호텔 예약실을 통한 유선 예약 시에 한해 제공
파라다이스시티/아트파라디소
① 객실 : 시즌 패키지 5% 할인
제외 기간 : 토요일, 2026. 1. 1, 2. 14 ~ 2. 18, 2. 28 ~ 3. 2, 5. 1 ~ 5. 5, 5. 23 ~ 5. 25, 6. 2 ~ 6. 3, 7. 19 ~ 8. 17, 9. 23 ~ 9. 27, 10. 2 ~ 10. 4, 10. 8 ~ 10. 11, 12. 19 ~ 12. 31
② F&B : 10% 할인
대상 업장 : 온더플레이트, 라스칼라, 가든카페, 라운지파라다이스, 라쿠, 루빅, 새라새, 라운지&바 새라새
제외 기간 : 2026. 5. 5, 12. 24 ~ 12. 25, 12. 31
③ 스파 : 10% 현장 할인
더 스칼프 컴포트 엣 파라다이스
더 스파 앳 파라다이스 스파 프로그램
④ 기타 : 씨메르 아쿠아스파 이용권 20% 할인(최대 4인), 원더박스 1일 자유이용권 20% 할인(최대 4인)
제외 기간 : 시설 정기 보수 기간
시즌 패키지 할인은 호텔 예약실을 통한 유선 예약 시에 한해 제공
파크 하얏트 서울
① 객실 : 정상가 기준 10% 할인(스탠다드 객실에 한함)
제외 기간 : 2026. 12 .24 ~ 12. 26, 12. 31
② F&B : 10% 할인
대상 업장 : 코너스톤, 더 라운지, 더 팀버 하우스
제외 기간 : 2026. 12. 24 ~ 12. 27, 12. 31 및 특별 이벤트 기간
페어몬트 앰배서더 서울
① 객실 : 공식 홈페이지 공시 가격(Published Rate) 기준 객실 패키지 10% 할인
제외 기간 : 2026. 12. 24 ~ 12. 26, 12. 31, 서울세계불꽃축제 기간
② F&B : 10% 할인
대상 업장 : 더 아트리움 라운지, 스펙트럼, 마리포사, M29
제외 기간 : 2026. 12. 24 ~ 12. 25, 12. 31, 서울세계불꽃축제 기간
호텔 예약실을 통한 유선 예약 시에 한해 제공
포시즌스 호텔 서울
① 객실 : 공식 홈페이지 공시 가격(Published Rate) 기준 주중 10% 할인
Room Only 상품에 한함
제외 기간 : 2026. 12. 24, 12. 31
② F&B : 10% 할인
대상 업장 : 보칼리노, 더 마켓 키친, 유유안, 오울
제외 기간 : 2026. 12. 20 ~ 12. 31
③ 스파 : 트리트먼트 10% 할인
리테일 상품 제외
제외 기간 : 2026. 1. 1, 2. 14 ~ 2. 18, 9. 24 ~ 9. 27, 12. 21 ~ 12. 31
the Black, the Purple, the Red, 현대카드 Summit, American Express The Platinum Card
Edition2, American Express
Gold Card Edition2, American Express Platinum Card
, American Express
Gold Card, 미래에셋 현대카드 Gold·Diamond 보유 회원에 한해 제공
하얏트 리젠시 인천 파라다이스시티
① 객실 : 하얏트 브랜드 닷컴 일일 기준 요금 5% 할인
제외 기간 : 토요일, 2026. 5. 1 ~ 5. 5, 5. 23 ~ 25, 6. 2 ~ 6. 3, 6. 5 ~ 6. 6, 7. 16 ~ 8. 17, 9. 23 ~ 9. 27, 10. 2 ~ 10. 4, 10. 8 ~ 10. 11, 12. 19 ~ 12. 31
② F&B : 10% 할인
대상 업장 : 마켓카페, 스웰라운지
마켓카페 조식 뷔페, 룸서비스, 풀하우스, 리젠시 클럽, 연회장, 음료 및 주류, 미니바, 계절 프로모션 메뉴 제외
제외 기간 : 2026. 5. 5, 12. 24 ~ 12. 25, 12. 31
객실 할인은 호텔 예약실을 통한 유선 예약 시에 한해 제공
JW메리어트 동대문 스퀘어 서울
① 객실 : 공식 홈페이지 BAR(Best Available Rate) 기준 5% 할인
제외 기간 : 2026. 5. 3 ~ 5. 4, 12. 24, 12. 31
② F&B : 10% 할인
Tavolo 24, BLT Steak 이용 시 제공(1회 최대 20명)
연회, 룸서비스, 미니바, SBC 리테일 상품 제외
③ 스파 : 10% 할인
리테일 상품 제외
JW 메리어트 호텔 서울
① 객실 : 공식 홈페이지 BAR(Best Available Rate) 기준 상시 10% 할인
제외 기간 : 2026. 5. 2 ~ 5. 4, 12. 24 ~ 12. 26
② F&B : 10% 할인
대상 업장 : 플레이버즈, 더 마고 그릴, 타마유라
제외 기간 : 2026. 5. 5, 12. 24 ~ 12. 25, 12. 31
그랜드 조선 부산
① 객실 : 정상가 기준 월~목요일 40% 할인, 금·일요일 30% 할인, 토요일 및 성수기 20% 할인
성수기 : 2026. 1. 1, 2. 13 ~ 2. 17, 2. 27 ~ 3. 1, 4. 10, 5, 1 ~ 5. 5, 5. 22 ~ 5. 24, 6. 5 ~ 6. 6, 7. 17 ~ 8. 16, 9. 24 ~ 9. 27, 10. 2 ~ 10. 5, 10. 9 ~ 10. 11, 12. 24, 12. 26
제외 기간 : 2026. 12. 25, 12. 31
② F&B : 10% 할인
대상 업장 : 아리아, 팔레드 신, 라운지앤바 테라스292, 조선 델리
음료, 주류, 연회, 인룸다이닝, 조선델리 MD, 리테일 상품 제외
제외 기간 : 2026. 1. 1, 5. 5, 12. 24 ~ 12. 26, 12. 31
③ 연회 : 웨딩 및 가족연 Food 5% 할인
주류, 음료, 부대 비용 제외 및 프로모션 행사와 중복 적용 불가
자녀 관련 연회 시 가족관계증명서 등 증빙 서류 제출 필수
연회 할인은 the Black, the Purple, the Red 보유 회원에 한해 제공
롯데호텔 부산
① 객실 : 정상가 기준 30% 할인, 객실 패키지 5% 할인
② F&B : 10% 할인(리테일 상품 및 연회성 행사 제외)
③ 기타 : 델리카한스(베이커리) 제빵, 케이크류 20% 할인
객실 패키지 할인은 the Black, the Purple, the Red, 대한항공카드 the First 보유 회원에 한해 제공
델리카한스(베이커리) 할인은 the Black, the Purple, the Red 보유 회원에 한해 제공
웨스틴 조선 부산
① 객실 : 정상가 기준 일~목요일 40% 할인, 금·토요일 및 공휴일 30% 할인, 성수기 20% 할인
30% 할인 적용 기간 : 2026. 1. 27 ~ 1. 30, 2. 28, 3. 2, 5. 1, 5. 4 ~ 5. 5, 6. 5 ~ 6. 6, 10. 2 ~ 10. 10, 12. 24
성수기 : 2026. 7. 18 ~ 8. 16
제외 기간 : 2026. 12. 31
② F&B : 10% 할인
대상 업장 : 셔블, 오스킴, 까밀리아, 파노라마라운지, 조선델리
제외 기간 : 2026. 1. 1, 5. 5, 12. 24 ~ 12. 25, 12. 31
파라다이스호텔 부산
① 객실 : 정상가 기준 일~목요일 40% 할인, 금·토요일 및 공휴일 30% 할인, 객실 패키지 5% 할인
제외 기간 : 2026. 7. 1 ~ 8. 31, 12. 24 ~ 12. 26, 12. 30 ~ 2027. 1. 2 및 부산불꽃축제 등 호텔이 지정한 국제 행사 기간
② F&B : 10% 할인
연회장, 룸서비스, 미니바, 가든행사, 레저 식음료, 라운지 파라다이스, 바닉스, 임대 업장(본앤브랜드), 부티크베이커리(일부 상품), 레스토랑 서비스 중 20인 이상의 예약 또는 연회성 행사 제외
객실 패키지 할인은 the Black, the Purple, the Red, the Green, the Pink 보유 회원에 한해 제공
파크 하얏트 부산
① 객실 : 하얏트 요금 기준 스탠다드 객실 10% 할인
제외 기간 : 부산불꽃축제 기간, 2026. 12. 24 ~ 12. 25, 12. 31
② F&B : 10% 할인
대상 업장 : 다이닝룸, 리빙룸
제외 기간 : 부산불꽃축제 기간, 2026. 12. 24 ~ 12. 27, 12. 31, 와인/갈라/사케디너 등 스페셜 이벤트 및 이벤트 기간
F&B 할인은 다른 할인 서비스 및 쿠폰, 이벤트, 제휴 카드 혜택과 중복 적용 불가
그랜드 조선 제주
① 객실 : 5% 할인
이벤트 상품 제외
②F&B : 10% 할인
대상 업장 : 아리아, 루브리카, 라운지앤바, 잇투오
제외 기간 : 2026. 5. 5, 12. 24 ~ 12. 25 및 갈라디너 등 업장 이벤트 기간
호텔 홈페이지를 통해 예약 시에 한해 제공
그랜드 하얏트 제주
① 객실 : 공식 홈페이지 요금 기준 10% 할인
② F&B : 10% 할인
대상 업장 : 갤러리 라운지, 99밸리, 차이나 하우스, 제주 핫팟, 녹나무, 그랜드 키친, 유메야마, 카페8
③ 스파 : 트리트먼트 10% 할인
이벤트 상품, 제품 구매, 찜질스파 제외
로즈베이 스파는 토요일 제외
제외 기간 : 2026. 2. 13 ~ 2. 22, 5. 1 ~ 5. 6, 7. 24 ~ 8. 23, 9. 24 ~ 9. 27, 10. 1 ~ 10. 7, 12. 24 ~ 12. 27, 12. 31 ~ 2027. 1. 3 및 모든 공휴일
롯데호텔 제주
① 객실 : 호텔 직판 상시 패키지 5%/10% 할인
얼리버드 및 특가 등 일부 패키지 제외
③ F&B : 10% 할인
호텔 직판 상시 패키지 10% 할인은 the Black, 5% 할인은 the Purple, the Red, 대한항공카드 the First 보유 회원에 한해 제공
다른 할인 서비스 및 쿠폰, 이벤트, 제휴 카드 혜택과 중복 적용 불가
F&B 할인은 카드당 1테이블 기준으로 제공
메종글래드제주
① 객실 : 정상가 기준 50% 할인, 성수기 30% 할인, 객실 패키지 10% 할인
성수기 : 2026. 7. 18 ~ 8. 24
② F&B : 20% 할인(삼다정)
제주신라호텔
① 객실 : BAR (Best Available Rate) 기준 5% 할인
이벤트 상품, 패키지 및 일부 상품 제외
② F&B : 10% 할인
대상 업장 : 히노데, 더 파크뷰, 바당, 올래 바, 패스트리 부티크
대한항공카드 이용 시 할인 제외
호텔 예약실을 통한 유선 예약 시에 한해 제공
파르나스 호텔 제주
① 객실 : BFR(Best Flexible Rate, 당일 최저가) 요금 10% 할인
제외 기간 : 2026. 2. 14 ~ 2. 18, 2. 28 ~ 3. 2, 5. 1 ~ 5. 5, 5. 23 ~ 5. 25, 7. 17 ~ 8. 17, 9. 24 ~ 9. 27
② F&B : 10% 할인
대상 업장 : 콘페티, 폰드메르 라운지&바, 바르
③ 스파 : 본에스티스 스파 10% 할인
음료 및 주류 스시 카네사카, 연회 Private Dining, 이벤트 상품 및 외부 아이템 중복 할인 제외
포도호텔
① 객실 : 정상가 기준 10~40% 할인 및 조식 제공
the Black, the Purple, the Red, the Green, 대한항공카드 the First, American Express The Platinum Card
Edition2, American Express
Gold Card Edition2, American Express
Green Card Edition2 보유 회원에 한해 제공
해비치호텔앤드리조트 제주
① 객실 : 정규 패키지 10% 할인
골프 패키지 제외
제외 기간 : 2026. 7. 16 ~ 8. 20
② F&B : 10% 할인
대상 업장 : 섬모라, 99바, 밀리우, 마고 및 해비치 C.C 클럽 하우스, 메르 & 테르
③ 스파 : 10% 할인
④ 골프 : 정상가 기준 해비치 CC 그린피 주중 20% 할인, 주말 10% 할인
넥슨 현대카드 UNLIMITED로 이용 시 할인 제외
스파 할인은 the Black, the Purple, the Red 보유 회원에 한해 제공
히든 클리프 호텔 & 네이쳐
① F&B : 10% 할인
시즌 이벤트 메뉴, 주류 및 룸서비스, 인피니티바 제외
② 스파 : 보떼에르 스파 바이 록시땅 10% 할인
이벤트 상품 제외
호텔 홈페이지를 통해 예약 시에 한해 제공
대구 메리어트 호텔
① 객실 : 패키지 상품 5% 할인
제외 기간 : 2026. 12. 24, 12. 31
② F&B : 10% 할인
대상 업장 : 어반 키친, 동문, 라운지&바
제외 기간 : 2026. 12. 24 ~ 12. 25, 12. 31
호텔 홈페이지에서 판매 중인 패키지에 한해 제공(단, 루프탑 패키지 제외)
라한셀렉트 경주
① 객실 : BAR(Best Available Rate) 기준 일~금요일 10% 할인, 토요일 및 성수기 5% 할인
② F&B : 더플레이트 10% 할인
롯데호텔 울산
① 객실 : 호텔 직판 상시 패키지 5% 할인
얼리버드 및 특가 등 일부 패키지 제외
제외 기간 : 2026. 5. 3 ~ 5. 5, 7. 26 ~ 8. 9, 8. 15~ 8. 16, 10. 3 ~ 10. 11, 12. 24, 12. 31
② F&B : 10% 할인
대상 업장 : 델리카한스, 페닌슐라
호텔 직판 상시 패키지 할인은 the Black, the Purple, the Red, 대한항공카드 the First 보유 회원에 한해 제공
F&B 할인은 카드당 1테이블 기준으로 제공
브리브 광주 바이 롯데호텔
① 객실 : 정상가 기준 일~목요일 40% 할인, 금·토요일 30% 할인
② F&B : 10% 할인
대상 업장 : 뷔페 레스토랑 파라뷰, 중식당 쉥카이
제외 기간 : 2026. 12. 20 ~ 12. 31
사우스케이프
① F&B : 업장에서 현장 결제 시 10% 할인
음료, 주류, 룸서비스, 이벤트 메뉴 제외
② 스파 : 10% 할인
이용일 1일 전까지 사전 예약 필수
the Black, the Purple, the Red, the Green, the Pink, American Express The Platinum Card
Edition2, American Express
Gold Card Edition2, American Express
Green Card Edition2, American Express The Platinum Card
, American Express
Gold Card, American Express
Green Card 보유 회원에 한해 제공
이용 전 호텔로 혜택 적용 가능 여부 확인 필수(미확인 시 혜택 적용 불가할 수 있음)
소노캄 고양
① 객실 : BAR(Best Available Rate) 기준 10% 할인
② F&B : 10% 할인
대상 업장 : 셰프스 키친, 죽림, 일라고
③ 기타 : 사우나 50% 할인
객실 할인은 예약 가능한 잔여 객실이 있는 경우에 한해 제공
사우나 할인은 본인 회원에 한해 제공
씨마크 호텔
① 객실 : BAR(Best Available Rate) 기준 프리미엄 디럭스 룸 10% 할인
② F&B : 더 레스토랑 10% 할인
the Black, the Purple, the Red, the Green 보유 회원에 한해 제공
알펜시아
① 객실 : BAR(Best Available Rate) 기준으로 25% 할인
② F&B : 음식 10% 할인
음료, 주류, 인룸다이닝, 미니바, 연회 제외
제외 기간 : 크리스마스 디너 뷔페, 추석 디너 뷔페 등 이벤트 기간
오노마 대전 오토그래프컬랙션
① 객실 : 객실 정규 패키지 10% 할인
② F&B : 5% 할인
대상 업장 : 타운하우스, 오노마 라운지
켄싱턴 스타호텔 설악
① 객실 : 정상가 기준 주중 일~목요일 30% 할인, 금·토요일 20%, 연휴 및 성수기 10% 할인
패키지 상품 제외
② F&B : 10% 할인
이벤트 및 음료, 주류, 미팅 시설 이용료 제외
호텔인터불고 엑스코
① 객실 : 정상가 기준 40% 할인
② F&B : 10% 할인
최대 5인 이용 가능(공휴일 제외)
임대 업장 및 주류 제외
호텔현대 바이 라한 울산
① 객실 : BAR(Best Available Rate) 기준 10% 상시 할인, 성수기 5% 할인
② F&B : 10% 할인
대상 업장 : 디오븐, 더플레이트, 더터번",2026-06-06 17:21:11
BTMCE_E0001,BTMCE,현대,Summit CE,FEX699,2026년 제휴 호텔 이벤트 혜택 안내,https://www.hyundaicard.com/cpb/ev/CPBEV0101_06.hc?bnftWebEvntCd=FEX699,2026-01-01,2026-12-31,할인,이용 방법,"예약 시 현대카드 이벤트 이용 예정임을 알리고, 이용 시 본인 명의 대상 카드로 결제",2026-06-06 17:21:11
BTMCE_E0001,BTMCE,현대,Summit CE,FEX699,2026년 제휴 호텔 이벤트 혜택 안내,https://www.hyundaicard.com/cpb/ev/CPBEV0101_06.hc?bnftWebEvntCd=FEX699,2026-01-01,2026-12-31,할인,확인사항,"확인해 주세요
위 혜택은 대상 카드로 결제 시 적용됩니다.
현대카드 Chameleon 및 앱카드, 간편결제 서비스(네이버페이 등) 이용 시 혜택 제외
호텔 사정에 따라 특정 날짜, 특정 상품은 혜택 제공이 불가할 수 있습니다.
F&B 혜택 대상에서 연회*, 인룸다이닝, 미니바, 임대 업장, 소매 상품, 음료 및 주류, 갈라 디너 등의 이벤트 메뉴는 제외됩니다.
*20인 이상의 예약 또는 연회성 행사(호텔별 적용 인원 기준이 다르니 이용 전 각 호텔로 문의)
다른 혜택(바우처, 쿠폰, 호텔 멤버십 적립, 할인 등) 및 이벤트와 중복 적용되지 않습니다.
예약 안내 및 유의사항 등 자세한 내용은 대상 호텔로 문의해 주세요.
위 혜택은 현대카드 및 제휴사 사정에 따라 변경 또는 중단될 수 있습니다.",2026-06-06 17:21:11
TRE6_E0004,TRE6,현대,the Red,FEX699,2026년 제휴 호텔 이벤트 혜택 안내,https://www.hyundaicard.com/cpb/ev/CPBEV0101_06.hc?bnftWebEvntCd=FEX699,2026-01-01,2026-12-31,할인,혜택,"기간 내 대상 호텔 이용 시 객실 및 F&B 등 5~40% 즉시 할인
호텔별 제공 혜택, 대상 카드, 할인율은 아래 '대상 호텔'에서 확인 가능",2026-06-06 17:21:11
TRE6_E0004,TRE6,현대,the Red,FEX699,2026년 제휴 호텔 이벤트 혜택 안내,https://www.hyundaicard.com/cpb/ev/CPBEV0101_06.hc?bnftWebEvntCd=FEX699,2026-01-01,2026-12-31,할인,기간,2026. 1. 1 ~ 12. 31,2026-06-06 17:21:11
TRE6_E0004,TRE6,현대,the Red,FEX699,2026년 제휴 호텔 이벤트 혜택 안내,https://www.hyundaicard.com/cpb/ev/CPBEV0101_06.hc?bnftWebEvntCd=FEX699,2026-01-01,2026-12-31,할인,대상,"대상 카드 기소지 회원
대상 호텔 리스트
호텔명
혜택
유의사항
그랜드 인터컨티넨탈 서울 파르나스
① 객실 : BFR(Best Flexible Rate, 당일 최저가) 요금 10% 할인
제외 기간 : 2026. 9. 12, 11. 21, 12. 24 ~ 12. 26, 12. 31
② F&B : 10% 할인
대상 업장 : 히노츠키, 웨이루, 그랜드 키친, 메르카토521
제외 기간 : 2026. 12. 24 ~ 12. 31
음료 및 주류 스시 카네사카, 연회 Private Dining, 메르카토521 식사 외 메뉴 제외
이벤트 상품 및 외부 아이템 중복 할인 제외
그랜드 하얏트 서울
① 객실 : 호텔 직판 패키지 예약 시 객실 업그레이드
제외 기간 : 공휴일(대체 공휴일 포함), 극성수기(7~8월), 2026. 12. 20 ~ 12. 31
② F&B : 10% 할인(델리 리테일 상품 제외)
대상 업장 : 테라스, 카우리, 스테이크하우스, 텐가이, 파리스바, 풀사이드 바베큐(시즌 운영), 델리
제외 기간 : 공휴일(대체 공휴일 포함), 2026. 12. 20 ~ 12. 31
스탠다드룸에서 한강 전망 객실로 업그레이드되며, 잔여 객실 상황에 따라 변경될 수 있음
그랜드 워커힐 서울
① 객실 : 패키지 5% 할인
제외 기간 : 2026. 12. 24, 12. 31
② F&B : 10% 할인
이벤트 메뉴, 런치박스, 리버파크, 룸서비스 및 연회 제외
더 플라자
① 객실 : 시즌 패키지 3만원 할인
일부 이벤트 패키지 제외
② F&B : 10% 할인
대상 업장 : 세븐 스퀘어, 블랑제리 더 플라자, 더라운지(음료 및 주류에 한함)
가족연(돌잔치, 장수연) 5% 할인(웨딩 제외)
③ 지스텀 더 플라자 10% 할인
더 플라자 P-Collection 상품 포함
가족연 할인은 the Black, the Purple, the Red 보유 회원에 한해 제공
세븐스퀘어, 블랑제리 더 플라자, 더라운지 : 2026년 9월 30일까지 영업 후 종료
레스케이프
① 객실 : 시즌 패키지 10% 할인
제외 기간 : 2026. 12. 24 ~ 12. 26, 12. 31
② F&B : 10% 할인
대상 업장 : 라망 시크레, 팔레드 신, 마크다모르, 티살롱, 리테일(PB상품)
룸서비스, 미바, 리테일 상품, 대관 행사, 갈라디너 제외(주류는 칵테일 등 제조 주류에 한함)
호텔 리테일 PB 상품 한정 10% 할인
③ 연회 : 돌잔치 및 웨딩 애프터파티 10% 할인
돌잔치 : 팔레드 신 돌잔치 전용 메뉴 8인 이상 이용 시 제공(1인, 20만원)
웨딩 애프터파티 : 마크 다모르 전용 메뉴 30인 이상 이용 시 제공(1인, 12만원)
④ 스파 : 스위스퍼펙션 10% 할인
일부 프로그램 및 ADD ON 상품 제외
제외 기간 : 2026. 12. 24 ~ 12. 26, 12. 31
호텔 리테일 PB 상품 한정 할인은 the Black, the Purple 보유 회원에 한해 제공
롯데호텔 월드
① 객실 : 호텔 직판 계절 패키지 5% 할인
제외 기간 : 2026. 2. 13 ~ 2. 17, 5. 1 ~ 5. 5, 7. 27 ~ 8. 2, 9. 24 ~ 9. 26, 12. 24 ~ 12. 26, 12. 30 ~ 12. 31
② F&B : 직영 업장 10% 할인
계절 패키지 할인은 the Black, the Purple, the Red, 대한항공카드 the First 보유 회원에 한해 제공되며 얼리버드, 특가 등 일부 패키지 제외
F&B 할인은 카드당 1테이블 기준으로 제공
롯데호텔 서울
① 객실 : 호텔 직판 계절 패키지 5%/10% 할인, 정상가 기준 30% 할인
제외 기간 : 2026. 5. 1 ~ 5. 5, 8. 15 ~ 8. 17, 12. 24 ~ 12. 31
② F&B : 직영 업장 10% 할인
계절 패키지 10% 할인은 the Black, 계절 패키지 5% 할인은 the Purple, the Red, 대한항공카드 the First  보유 회원에 한해 제공되며 얼리버드, 특가 등 일부 패키지 제외
F&B 할인은 카드당 1테이블 기준으로 제공
르메르디앙 & 목시 서울 명동
① 객실 : 객실 패키지 10% 할인
제외 기간 : 2026. 3. 1 ~ 3. 2, 5. 2 ~ 5. 4, 12. 24 ~ 12. 31
② F&B : 10% 할인
제외 기간 : 2026. 1. 1, 12. 24 ~ 12. 25, 12. 31
계절 패키지 할인은 연박 이용 시 제외
메리어트 이그제큐티브 아파트먼트 서울
① 객실 : 패키지 10% 할인
할인 패키지, 제휴사 패키지, 스테이 포 브렉퍼스트 등 일부 패키지 제외
② F&B : 10% 할인
이벤트 상품, 리테일 상품, 룸서비스, 주류 제외
③ 스파 : 트리트먼트 10% 할인
패키지, 리테일 상품, 일부 이벤트 상품 제외
④ 기타 : 명절 선물세트 5% 할인
명절선물세트 할인은 the Black, the Purple, the Red 보유 회원에 한해 제공
반얀트리 클럽 앤 스파 서울
① 객실 : BAR 기준 시즌 패키지 10% 할인
제외 기간 : 2026. 12. 24 ~ 12. 26, 12. 31
② F&B : 10% 할인
대상 업장 : 그라넘 다이닝 라운지, 페스타 바이 충후
제외 기간 : 2026. 12. 24 ~ 12. 26, 12. 31
③ 스파 : 10% 할인
스파 트리트먼트, 갤러지 제품 한정
비스타 워커힐 서울
① 객실 : 패키지 5% 할인
제외 기간 : 2026. 12. 24, 12. 31
② F&B : 10% 할인
이벤트 메뉴, 런치박스, 룸서비스 및 연회 제외
서울신라호텔
① 객실 : Best Available Rate 기준 5% 할인
제외 기간 : 2026. 12. 24, 12. 31 , 토요일
② F&B : 10% 할인
대상 업장 : 팔선, 아리아께, 콘티넨탈, 라연, 더 파크뷰,
더 라이브러리, 패스트리 부티크
1박당 2객실까지 혜택 제공(어번 아일랜드 제외)
서울신라호텔 공식 홈페이지 및 앱에서 예약 시 혜택 제외
소피텔 앰배서더 서울 호텔
① 객실 : 당일 판매가 기준 15% 할인 또는
객실 패키지 10% 할인
제외 기간 : 2026. 1. 1, 12. 24 ~ 12. 26, 12. 31
② F&B : 10% 할인
대상 업장 : 페메종, 미오, 쟈뎅 디베르, 레스파스, 라티튜드32
제외 기간 : 2026. 1. 1, 2. 14, 2. 17, 5. 5, 5. 8, 12. 24 ~ 12. 25, 12. 31
③ 스파 : 10% 할인
리테일 상품 제외
the Black, the Purple, the Red, 현대카드 Summit, 대한항공카드 150·the First, American Express The Platinum Card
Edition2, American Express
Gold Card Edition2, American Express
Green Card Edition2, American Express The Platinum Card
, American Express
Gold Card, American Express
Green Card, 카카오뱅크 BUSINESS 현대카드 PRIME 보유 회원에 한해 제공
쉐라톤 그랜드 인천 호텔
① 객실 : 공식  홈페이지 BAR(Best Available Rate) 기준 10% 할인
② 식음 업장 : 10% 할인
주류, 룸서비스, 미니바, 연회 제외
스위스 그랜드 호텔
① 객실 : 정상가 기준 30% 할인, Net Price 기준 패키지 5% 할인
② F&B : 10% 할인
연회장, 델리, 룸서비스, 미니바, 음료, 주류 제외
안다즈 서울 강남
① 객실 : 공식 홈페이지 BAR(Best Available Rate) 기준 10% 할인
제외 기간 : 2026. 2. 28, 3. 1, 5. 2, 5. 22 ~ 5. 24, 7. 25, 8. 1, 8. 8, 8. 14 ~ 8. 16, 10. 3 ~ 10. 4, 10. 9 ~ 10. 10, 12. 24 ~ 12. 26, 12. 31
② F&B : 10% 할인
대상 업장 : 조각보 미트앤코 스테이크 하우스, 조각보 키친, 바이츠 앤 와인
제외 기간 : 2026. 5. 5, 12. 24 ~ 25, 12. 31
앰배서더 서울 풀만 호텔
① 객실 정상가 및 BAR(Best Available Rate) 기준 15,000원 할인, 패키지 10,000원 할인
제외 기간 : 2026. 12. 24, 12. 25, 12. 31
② F&B : 10% 할인
대상 업장 : 더 킹스, 풀하우스 테라스, 더 라운지 앤 바, 1955 그로세리아(베이커리, 다이닝)
제외 기간 : 2026. 1. 1, 2. 14, 5. 5, 12. 24 ~ 12. 26, 12. 31
③ 웰니스 센터 : 필라테스 클래스 10% 할인
객실 할인은 호텔 홈페이지 또는 예약실을 통해 예약 시에 한해 제공
웨스틴 서울 파르나스
① 객실 : BFR(Best Flexible Rate, 당일 최저가) 요금 10% 할인
제외 기간 : 2026. 4. 30 ~ 5. 2, 9. 24 ~ 9. 27, 10. 3 ~ 10. 4, 10. 30 ~ 10. 31, 11. 20 ~ 11. 21, 12. 24 ~ 12. 26, 12. 31
② F&B : 10% 할인
대상 업장 : 온테이블, 아시안 라이브
이벤트 상품 및 외부 아이템 중복 할인 제외
제외 기간 : 2026. 12. 24 ~ 12. 31
음료 및 주류 스시 카네사카, 연회 Private Dining, 이벤트 상품 및 외부 아이템 중복 할인 제외
웨스틴 조선 서울
① 객실 : 정상가 기준 30% 할인 , 패키지 10% 할인
② F&B : 10% 할인
대상 업장 : 아리아, 루브리카, 홍연, 조선델리, 라운지&바, 나인스게이트, 스시조
제외 기간 : 2026. 5. 5, 12. 24 ~ 12. 25, 12. 31, 업장 이벤트 기간
③ 연회 : 웨딩 코스 메뉴 5% 할인, 케이크 50% 할인
기간(2026. 1. 1 ~ 12. 31) 내 예식 및 하객 인원 200명 이상 시 제공(토요일 점심 및 음료, 부대비용 제외)
객실 패키지 할인은 조선호텔앤리조트 공식 홈페이지 에서 판매되고 있는 상품에 한해 제공
연회 할인은 the Black, the Purple 보유 회원에 한해 제공(음료, 부대 비용 제외)
인스파이어 엔터테인먼트 리조트
① 객실 : 인스파이어 홈페이지를 통한 예약 또는 유선상 예약 시 10% 할인
② F&B : 10% 할인
대상 업장 : 셰프스 키친, 마이클 조던 스테이크 하우스, 브라세리 1783, 하이파이 코리안 소울 푸드, 가든 팜 카페, 홍반, 미나기, MJ23 스포츠 바 앤 그릴, 오로라 바, 호라이즌 라운지
③ 기타 : 스플래시 베이 이용권 20% 할인
객실 및 F&B 할인은 프리미엄 카드 회원에 한해 제공
홈페이지를 통한 객실 예약의 경우 프로모션 코드* 입력 필수
* 룸 온리 : 15HDRO / 룸+2인 조식 : 15HDBF / 룸+스플래시 베이 : 15HDSP
유선 예약 시 현대카드 전용 패키지로 예약해야 할인 가능
음료, 주류, 리테일 상품, 이벤트 상품은 할인 제외되며, 중복 할인 적용 불가
조선 팰리스 서울 강남
① 객실 : 정상가 기준 객실 정규 패키지 10% 할인(이벤트 패키지 제외)
제외 기간 : 2026. 12. 24 ~ 12. 26, 12. 31
② F&B : 10% 할인
대상 업장 : 콘스탄스, 이타닉 가든, 더 그레이트 홍연, 조선델리 더 부티크, 1914 라운지&바
주류, 음료, 이벤트 메뉴 및 인룸 다이닝, MD 및 리테일 상품 제외
제외 기간 : 2026. 1. 1, 5. 5, 12. 24, 12. 25, 12. 31, 레스토랑 이벤트, 갈라디너
객실 할인은 the Centurion® Card, the Black 보유 회원에 한해 제공
F&B 할인은 the Centurion, the Black, the Purple, American Express The Platinum Card
보유 회원에 한해 제공
콘래드 서울
① 객실 : 객실 5% 할인, 패키지 5% 할인(유선 예약 전용)
Advanced Purchase 및 일부 패키지 제외
제외 기간 : 서울세계불꽃축제 기간,
2026. 1. 1, 4. 15 ~ 4. 18, 12. 24 ~ 12. 25, 12. 31
② F&B : 10% 할인
대상 업장 : 아트리오, 제스트, 플레임즈, 숯 더 붓처스 엣지, 37바
제외 기간 : 서울세계불꽃축제 기간,
2026. 1. 1, 12. 20 ~ 12. 31
객실 및 패키지 할인은 호텔 예약실을 통한 유선 예약 시에 한해 제공
파라다이스시티/아트파라디소
① 객실 : 시즌 패키지 5% 할인
제외 기간 : 토요일, 2026. 1. 1, 2. 14 ~ 2. 18, 2. 28 ~ 3. 2, 5. 1 ~ 5. 5, 5. 23 ~ 5. 25, 6. 2 ~ 6. 3, 7. 19 ~ 8. 17, 9. 23 ~ 9. 27, 10. 2 ~ 10. 4, 10. 8 ~ 10. 11, 12. 19 ~ 12. 31
② F&B : 10% 할인
대상 업장 : 온더플레이트, 라스칼라, 가든카페, 라운지파라다이스, 라쿠, 루빅, 새라새, 라운지&바 새라새
제외 기간 : 2026. 5. 5, 12. 24 ~ 12. 25, 12. 31
③ 스파 : 10% 현장 할인
더 스칼프 컴포트 엣 파라다이스
더 스파 앳 파라다이스 스파 프로그램
④ 기타 : 씨메르 아쿠아스파 이용권 20% 할인(최대 4인), 원더박스 1일 자유이용권 20% 할인(최대 4인)
제외 기간 : 시설 정기 보수 기간
시즌 패키지 할인은 호텔 예약실을 통한 유선 예약 시에 한해 제공
파크 하얏트 서울
① 객실 : 정상가 기준 10% 할인(스탠다드 객실에 한함)
제외 기간 : 2026. 12 .24 ~ 12. 26, 12. 31
② F&B : 10% 할인
대상 업장 : 코너스톤, 더 라운지, 더 팀버 하우스
제외 기간 : 2026. 12. 24 ~ 12. 27, 12. 31 및 특별 이벤트 기간
페어몬트 앰배서더 서울
① 객실 : 공식 홈페이지 공시 가격(Published Rate) 기준 객실 패키지 10% 할인
제외 기간 : 2026. 12. 24 ~ 12. 26, 12. 31, 서울세계불꽃축제 기간
② F&B : 10% 할인
대상 업장 : 더 아트리움 라운지, 스펙트럼, 마리포사, M29
제외 기간 : 2026. 12. 24 ~ 12. 25, 12. 31, 서울세계불꽃축제 기간
호텔 예약실을 통한 유선 예약 시에 한해 제공
포시즌스 호텔 서울
① 객실 : 공식 홈페이지 공시 가격(Published Rate) 기준 주중 10% 할인
Room Only 상품에 한함
제외 기간 : 2026. 12. 24, 12. 31
② F&B : 10% 할인
대상 업장 : 보칼리노, 더 마켓 키친, 유유안, 오울
제외 기간 : 2026. 12. 20 ~ 12. 31
③ 스파 : 트리트먼트 10% 할인
리테일 상품 제외
제외 기간 : 2026. 1. 1, 2. 14 ~ 2. 18, 9. 24 ~ 9. 27, 12. 21 ~ 12. 31
the Black, the Purple, the Red, 현대카드 Summit, American Express The Platinum Card
Edition2, American Express
Gold Card Edition2, American Express Platinum Card
, American Express
Gold Card, 미래에셋 현대카드 Gold·Diamond 보유 회원에 한해 제공
하얏트 리젠시 인천 파라다이스시티
① 객실 : 하얏트 브랜드 닷컴 일일 기준 요금 5% 할인
제외 기간 : 토요일, 2026. 5. 1 ~ 5. 5, 5. 23 ~ 25, 6. 2 ~ 6. 3, 6. 5 ~ 6. 6, 7. 16 ~ 8. 17, 9. 23 ~ 9. 27, 10. 2 ~ 10. 4, 10. 8 ~ 10. 11, 12. 19 ~ 12. 31
② F&B : 10% 할인
대상 업장 : 마켓카페, 스웰라운지
마켓카페 조식 뷔페, 룸서비스, 풀하우스, 리젠시 클럽, 연회장, 음료 및 주류, 미니바, 계절 프로모션 메뉴 제외
제외 기간 : 2026. 5. 5, 12. 24 ~ 12. 25, 12. 31
객실 할인은 호텔 예약실을 통한 유선 예약 시에 한해 제공
JW메리어트 동대문 스퀘어 서울
① 객실 : 공식 홈페이지 BAR(Best Available Rate) 기준 5% 할인
제외 기간 : 2026. 5. 3 ~ 5. 4, 12. 24, 12. 31
② F&B : 10% 할인
Tavolo 24, BLT Steak 이용 시 제공(1회 최대 20명)
연회, 룸서비스, 미니바, SBC 리테일 상품 제외
③ 스파 : 10% 할인
리테일 상품 제외
JW 메리어트 호텔 서울
① 객실 : 공식 홈페이지 BAR(Best Available Rate) 기준 상시 10% 할인
제외 기간 : 2026. 5. 2 ~ 5. 4, 12. 24 ~ 12. 26
② F&B : 10% 할인
대상 업장 : 플레이버즈, 더 마고 그릴, 타마유라
제외 기간 : 2026. 5. 5, 12. 24 ~ 12. 25, 12. 31
그랜드 조선 부산
① 객실 : 정상가 기준 월~목요일 40% 할인, 금·일요일 30% 할인, 토요일 및 성수기 20% 할인
성수기 : 2026. 1. 1, 2. 13 ~ 2. 17, 2. 27 ~ 3. 1, 4. 10, 5, 1 ~ 5. 5, 5. 22 ~ 5. 24, 6. 5 ~ 6. 6, 7. 17 ~ 8. 16, 9. 24 ~ 9. 27, 10. 2 ~ 10. 5, 10. 9 ~ 10. 11, 12. 24, 12. 26
제외 기간 : 2026. 12. 25, 12. 31
② F&B : 10% 할인
대상 업장 : 아리아, 팔레드 신, 라운지앤바 테라스292, 조선 델리
음료, 주류, 연회, 인룸다이닝, 조선델리 MD, 리테일 상품 제외
제외 기간 : 2026. 1. 1, 5. 5, 12. 24 ~ 12. 26, 12. 31
③ 연회 : 웨딩 및 가족연 Food 5% 할인
주류, 음료, 부대 비용 제외 및 프로모션 행사와 중복 적용 불가
자녀 관련 연회 시 가족관계증명서 등 증빙 서류 제출 필수
연회 할인은 the Black, the Purple, the Red 보유 회원에 한해 제공
롯데호텔 부산
① 객실 : 정상가 기준 30% 할인, 객실 패키지 5% 할인
② F&B : 10% 할인(리테일 상품 및 연회성 행사 제외)
③ 기타 : 델리카한스(베이커리) 제빵, 케이크류 20% 할인
객실 패키지 할인은 the Black, the Purple, the Red, 대한항공카드 the First 보유 회원에 한해 제공
델리카한스(베이커리) 할인은 the Black, the Purple, the Red 보유 회원에 한해 제공
웨스틴 조선 부산
① 객실 : 정상가 기준 일~목요일 40% 할인, 금·토요일 및 공휴일 30% 할인, 성수기 20% 할인
30% 할인 적용 기간 : 2026. 1. 27 ~ 1. 30, 2. 28, 3. 2, 5. 1, 5. 4 ~ 5. 5, 6. 5 ~ 6. 6, 10. 2 ~ 10. 10, 12. 24
성수기 : 2026. 7. 18 ~ 8. 16
제외 기간 : 2026. 12. 31
② F&B : 10% 할인
대상 업장 : 셔블, 오스킴, 까밀리아, 파노라마라운지, 조선델리
제외 기간 : 2026. 1. 1, 5. 5, 12. 24 ~ 12. 25, 12. 31
파라다이스호텔 부산
① 객실 : 정상가 기준 일~목요일 40% 할인, 금·토요일 및 공휴일 30% 할인, 객실 패키지 5% 할인
제외 기간 : 2026. 7. 1 ~ 8. 31, 12. 24 ~ 12. 26, 12. 30 ~ 2027. 1. 2 및 부산불꽃축제 등 호텔이 지정한 국제 행사 기간
② F&B : 10% 할인
연회장, 룸서비스, 미니바, 가든행사, 레저 식음료, 라운지 파라다이스, 바닉스, 임대 업장(본앤브랜드), 부티크베이커리(일부 상품), 레스토랑 서비스 중 20인 이상의 예약 또는 연회성 행사 제외
객실 패키지 할인은 the Black, the Purple, the Red, the Green, the Pink 보유 회원에 한해 제공
파크 하얏트 부산
① 객실 : 하얏트 요금 기준 스탠다드 객실 10% 할인
제외 기간 : 부산불꽃축제 기간, 2026. 12. 24 ~ 12. 25, 12. 31
② F&B : 10% 할인
대상 업장 : 다이닝룸, 리빙룸
제외 기간 : 부산불꽃축제 기간, 2026. 12. 24 ~ 12. 27, 12. 31, 와인/갈라/사케디너 등 스페셜 이벤트 및 이벤트 기간
F&B 할인은 다른 할인 서비스 및 쿠폰, 이벤트, 제휴 카드 혜택과 중복 적용 불가
그랜드 조선 제주
① 객실 : 5% 할인
이벤트 상품 제외
②F&B : 10% 할인
대상 업장 : 아리아, 루브리카, 라운지앤바, 잇투오
제외 기간 : 2026. 5. 5, 12. 24 ~ 12. 25 및 갈라디너 등 업장 이벤트 기간
호텔 홈페이지를 통해 예약 시에 한해 제공
그랜드 하얏트 제주
① 객실 : 공식 홈페이지 요금 기준 10% 할인
② F&B : 10% 할인
대상 업장 : 갤러리 라운지, 99밸리, 차이나 하우스, 제주 핫팟, 녹나무, 그랜드 키친, 유메야마, 카페8
③ 스파 : 트리트먼트 10% 할인
이벤트 상품, 제품 구매, 찜질스파 제외
로즈베이 스파는 토요일 제외
제외 기간 : 2026. 2. 13 ~ 2. 22, 5. 1 ~ 5. 6, 7. 24 ~ 8. 23, 9. 24 ~ 9. 27, 10. 1 ~ 10. 7, 12. 24 ~ 12. 27, 12. 31 ~ 2027. 1. 3 및 모든 공휴일
롯데호텔 제주
① 객실 : 호텔 직판 상시 패키지 5%/10% 할인
얼리버드 및 특가 등 일부 패키지 제외
③ F&B : 10% 할인
호텔 직판 상시 패키지 10% 할인은 the Black, 5% 할인은 the Purple, the Red, 대한항공카드 the First 보유 회원에 한해 제공
다른 할인 서비스 및 쿠폰, 이벤트, 제휴 카드 혜택과 중복 적용 불가
F&B 할인은 카드당 1테이블 기준으로 제공
메종글래드제주
① 객실 : 정상가 기준 50% 할인, 성수기 30% 할인, 객실 패키지 10% 할인
성수기 : 2026. 7. 18 ~ 8. 24
② F&B : 20% 할인(삼다정)
제주신라호텔
① 객실 : BAR (Best Available Rate) 기준 5% 할인
이벤트 상품, 패키지 및 일부 상품 제외
② F&B : 10% 할인
대상 업장 : 히노데, 더 파크뷰, 바당, 올래 바, 패스트리 부티크
대한항공카드 이용 시 할인 제외
호텔 예약실을 통한 유선 예약 시에 한해 제공
파르나스 호텔 제주
① 객실 : BFR(Best Flexible Rate, 당일 최저가) 요금 10% 할인
제외 기간 : 2026. 2. 14 ~ 2. 18, 2. 28 ~ 3. 2, 5. 1 ~ 5. 5, 5. 23 ~ 5. 25, 7. 17 ~ 8. 17, 9. 24 ~ 9. 27
② F&B : 10% 할인
대상 업장 : 콘페티, 폰드메르 라운지&바, 바르
③ 스파 : 본에스티스 스파 10% 할인
음료 및 주류 스시 카네사카, 연회 Private Dining, 이벤트 상품 및 외부 아이템 중복 할인 제외
포도호텔
① 객실 : 정상가 기준 10~40% 할인 및 조식 제공
the Black, the Purple, the Red, the Green, 대한항공카드 the First, American Express The Platinum Card
Edition2, American Express
Gold Card Edition2, American Express
Green Card Edition2 보유 회원에 한해 제공
해비치호텔앤드리조트 제주
① 객실 : 정규 패키지 10% 할인
골프 패키지 제외
제외 기간 : 2026. 7. 16 ~ 8. 20
② F&B : 10% 할인
대상 업장 : 섬모라, 99바, 밀리우, 마고 및 해비치 C.C 클럽 하우스, 메르 & 테르
③ 스파 : 10% 할인
④ 골프 : 정상가 기준 해비치 CC 그린피 주중 20% 할인, 주말 10% 할인
넥슨 현대카드 UNLIMITED로 이용 시 할인 제외
스파 할인은 the Black, the Purple, the Red 보유 회원에 한해 제공
히든 클리프 호텔 & 네이쳐
① F&B : 10% 할인
시즌 이벤트 메뉴, 주류 및 룸서비스, 인피니티바 제외
② 스파 : 보떼에르 스파 바이 록시땅 10% 할인
이벤트 상품 제외
호텔 홈페이지를 통해 예약 시에 한해 제공
대구 메리어트 호텔
① 객실 : 패키지 상품 5% 할인
제외 기간 : 2026. 12. 24, 12. 31
② F&B : 10% 할인
대상 업장 : 어반 키친, 동문, 라운지&바
제외 기간 : 2026. 12. 24 ~ 12. 25, 12. 31
호텔 홈페이지에서 판매 중인 패키지에 한해 제공(단, 루프탑 패키지 제외)
라한셀렉트 경주
① 객실 : BAR(Best Available Rate) 기준 일~금요일 10% 할인, 토요일 및 성수기 5% 할인
② F&B : 더플레이트 10% 할인
롯데호텔 울산
① 객실 : 호텔 직판 상시 패키지 5% 할인
얼리버드 및 특가 등 일부 패키지 제외
제외 기간 : 2026. 5. 3 ~ 5. 5, 7. 26 ~ 8. 9, 8. 15~ 8. 16, 10. 3 ~ 10. 11, 12. 24, 12. 31
② F&B : 10% 할인
대상 업장 : 델리카한스, 페닌슐라
호텔 직판 상시 패키지 할인은 the Black, the Purple, the Red, 대한항공카드 the First 보유 회원에 한해 제공
F&B 할인은 카드당 1테이블 기준으로 제공
브리브 광주 바이 롯데호텔
① 객실 : 정상가 기준 일~목요일 40% 할인, 금·토요일 30% 할인
② F&B : 10% 할인
대상 업장 : 뷔페 레스토랑 파라뷰, 중식당 쉥카이
제외 기간 : 2026. 12. 20 ~ 12. 31
사우스케이프
① F&B : 업장에서 현장 결제 시 10% 할인
음료, 주류, 룸서비스, 이벤트 메뉴 제외
② 스파 : 10% 할인
이용일 1일 전까지 사전 예약 필수
the Black, the Purple, the Red, the Green, the Pink, American Express The Platinum Card
Edition2, American Express
Gold Card Edition2, American Express
Green Card Edition2, American Express The Platinum Card
, American Express
Gold Card, American Express
Green Card 보유 회원에 한해 제공
이용 전 호텔로 혜택 적용 가능 여부 확인 필수(미확인 시 혜택 적용 불가할 수 있음)
소노캄 고양
① 객실 : BAR(Best Available Rate) 기준 10% 할인
② F&B : 10% 할인
대상 업장 : 셰프스 키친, 죽림, 일라고
③ 기타 : 사우나 50% 할인
객실 할인은 예약 가능한 잔여 객실이 있는 경우에 한해 제공
사우나 할인은 본인 회원에 한해 제공
씨마크 호텔
① 객실 : BAR(Best Available Rate) 기준 프리미엄 디럭스 룸 10% 할인
② F&B : 더 레스토랑 10% 할인
the Black, the Purple, the Red, the Green 보유 회원에 한해 제공
알펜시아
① 객실 : BAR(Best Available Rate) 기준으로 25% 할인
② F&B : 음식 10% 할인
음료, 주류, 인룸다이닝, 미니바, 연회 제외
제외 기간 : 크리스마스 디너 뷔페, 추석 디너 뷔페 등 이벤트 기간
오노마 대전 오토그래프컬랙션
① 객실 : 객실 정규 패키지 10% 할인
② F&B : 5% 할인
대상 업장 : 타운하우스, 오노마 라운지
켄싱턴 스타호텔 설악
① 객실 : 정상가 기준 주중 일~목요일 30% 할인, 금·토요일 20%, 연휴 및 성수기 10% 할인
패키지 상품 제외
② F&B : 10% 할인
이벤트 및 음료, 주류, 미팅 시설 이용료 제외
호텔인터불고 엑스코
① 객실 : 정상가 기준 40% 할인
② F&B : 10% 할인
최대 5인 이용 가능(공휴일 제외)
임대 업장 및 주류 제외
호텔현대 바이 라한 울산
① 객실 : BAR(Best Available Rate) 기준 10% 상시 할인, 성수기 5% 할인
② F&B : 10% 할인
대상 업장 : 디오븐, 더플레이트, 더터번",2026-06-06 17:21:11
TRE6_E0004,TRE6,현대,the Red,FEX699,2026년 제휴 호텔 이벤트 혜택 안내,https://www.hyundaicard.com/cpb/ev/CPBEV0101_06.hc?bnftWebEvntCd=FEX699,2026-01-01,2026-12-31,할인,이용 방법,"예약 시 현대카드 이벤트 이용 예정임을 알리고, 이용 시 본인 명의 대상 카드로 결제",2026-06-06 17:21:11
TRE6_E0004,TRE6,현대,the Red,FEX699,2026년 제휴 호텔 이벤트 혜택 안내,https://www.hyundaicard.com/cpb/ev/CPBEV0101_06.hc?bnftWebEvntCd=FEX699,2026-01-01,2026-12-31,할인,확인사항,"확인해 주세요
위 혜택은 대상 카드로 결제 시 적용됩니다.
현대카드 Chameleon 및 앱카드, 간편결제 서비스(네이버페이 등) 이용 시 혜택 제외
호텔 사정에 따라 특정 날짜, 특정 상품은 혜택 제공이 불가할 수 있습니다.
F&B 혜택 대상에서 연회*, 인룸다이닝, 미니바, 임대 업장, 소매 상품, 음료 및 주류, 갈라 디너 등의 이벤트 메뉴는 제외됩니다.
*20인 이상의 예약 또는 연회성 행사(호텔별 적용 인원 기준이 다르니 이용 전 각 호텔로 문의)
다른 혜택(바우처, 쿠폰, 호텔 멤버십 적립, 할인 등) 및 이벤트와 중복 적용되지 않습니다.
예약 안내 및 유의사항 등 자세한 내용은 대상 호텔로 문의해 주세요.
위 혜택은 현대카드 및 제휴사 사정에 따라 변경 또는 중단될 수 있습니다.",2026-06-06 17:21:11
MPE4_E0002,MPE4,현대,MM,FEX699,2026년 제휴 호텔 이벤트 혜택 안내,https://www.hyundaicard.com/cpb/ev/CPBEV0101_06.hc?bnftWebEvntCd=FEX699,2026-01-01,2026-12-31,할인,혜택,"기간 내 대상 호텔 이용 시 객실 및 F&B 등 5~40% 즉시 할인
호텔별 제공 혜택, 대상 카드, 할인율은 아래 '대상 호텔'에서 확인 가능",2026-06-06 17:21:11
MPE4_E0002,MPE4,현대,MM,FEX699,2026년 제휴 호텔 이벤트 혜택 안내,https://www.hyundaicard.com/cpb/ev/CPBEV0101_06.hc?bnftWebEvntCd=FEX699,2026-01-01,2026-12-31,할인,기간,2026. 1. 1 ~ 12. 31,2026-06-06 17:21:11
MPE4_E0002,MPE4,현대,MM,FEX699,2026년 제휴 호텔 이벤트 혜택 안내,https://www.hyundaicard.com/cpb/ev/CPBEV0101_06.hc?bnftWebEvntCd=FEX699,2026-01-01,2026-12-31,할인,대상,"대상 카드 기소지 회원
대상 호텔 리스트
호텔명
혜택
유의사항
그랜드 인터컨티넨탈 서울 파르나스
① 객실 : BFR(Best Flexible Rate, 당일 최저가) 요금 10% 할인
제외 기간 : 2026. 9. 12, 11. 21, 12. 24 ~ 12. 26, 12. 31
② F&B : 10% 할인
대상 업장 : 히노츠키, 웨이루, 그랜드 키친, 메르카토521
제외 기간 : 2026. 12. 24 ~ 12. 31
음료 및 주류 스시 카네사카, 연회 Private Dining, 메르카토521 식사 외 메뉴 제외
이벤트 상품 및 외부 아이템 중복 할인 제외
그랜드 하얏트 서울
① 객실 : 호텔 직판 패키지 예약 시 객실 업그레이드
제외 기간 : 공휴일(대체 공휴일 포함), 극성수기(7~8월), 2026. 12. 20 ~ 12. 31
② F&B : 10% 할인(델리 리테일 상품 제외)
대상 업장 : 테라스, 카우리, 스테이크하우스, 텐가이, 파리스바, 풀사이드 바베큐(시즌 운영), 델리
제외 기간 : 공휴일(대체 공휴일 포함), 2026. 12. 20 ~ 12. 31
스탠다드룸에서 한강 전망 객실로 업그레이드되며, 잔여 객실 상황에 따라 변경될 수 있음
그랜드 워커힐 서울
① 객실 : 패키지 5% 할인
제외 기간 : 2026. 12. 24, 12. 31
② F&B : 10% 할인
이벤트 메뉴, 런치박스, 리버파크, 룸서비스 및 연회 제외
더 플라자
① 객실 : 시즌 패키지 3만원 할인
일부 이벤트 패키지 제외
② F&B : 10% 할인
대상 업장 : 세븐 스퀘어, 블랑제리 더 플라자, 더라운지(음료 및 주류에 한함)
가족연(돌잔치, 장수연) 5% 할인(웨딩 제외)
③ 지스텀 더 플라자 10% 할인
더 플라자 P-Collection 상품 포함
가족연 할인은 the Black, the Purple, the Red 보유 회원에 한해 제공
세븐스퀘어, 블랑제리 더 플라자, 더라운지 : 2026년 9월 30일까지 영업 후 종료
레스케이프
① 객실 : 시즌 패키지 10% 할인
제외 기간 : 2026. 12. 24 ~ 12. 26, 12. 31
② F&B : 10% 할인
대상 업장 : 라망 시크레, 팔레드 신, 마크다모르, 티살롱, 리테일(PB상품)
룸서비스, 미바, 리테일 상품, 대관 행사, 갈라디너 제외(주류는 칵테일 등 제조 주류에 한함)
호텔 리테일 PB 상품 한정 10% 할인
③ 연회 : 돌잔치 및 웨딩 애프터파티 10% 할인
돌잔치 : 팔레드 신 돌잔치 전용 메뉴 8인 이상 이용 시 제공(1인, 20만원)
웨딩 애프터파티 : 마크 다모르 전용 메뉴 30인 이상 이용 시 제공(1인, 12만원)
④ 스파 : 스위스퍼펙션 10% 할인
일부 프로그램 및 ADD ON 상품 제외
제외 기간 : 2026. 12. 24 ~ 12. 26, 12. 31
호텔 리테일 PB 상품 한정 할인은 the Black, the Purple 보유 회원에 한해 제공
롯데호텔 월드
① 객실 : 호텔 직판 계절 패키지 5% 할인
제외 기간 : 2026. 2. 13 ~ 2. 17, 5. 1 ~ 5. 5, 7. 27 ~ 8. 2, 9. 24 ~ 9. 26, 12. 24 ~ 12. 26, 12. 30 ~ 12. 31
② F&B : 직영 업장 10% 할인
계절 패키지 할인은 the Black, the Purple, the Red, 대한항공카드 the First 보유 회원에 한해 제공되며 얼리버드, 특가 등 일부 패키지 제외
F&B 할인은 카드당 1테이블 기준으로 제공
롯데호텔 서울
① 객실 : 호텔 직판 계절 패키지 5%/10% 할인, 정상가 기준 30% 할인
제외 기간 : 2026. 5. 1 ~ 5. 5, 8. 15 ~ 8. 17, 12. 24 ~ 12. 31
② F&B : 직영 업장 10% 할인
계절 패키지 10% 할인은 the Black, 계절 패키지 5% 할인은 the Purple, the Red, 대한항공카드 the First  보유 회원에 한해 제공되며 얼리버드, 특가 등 일부 패키지 제외
F&B 할인은 카드당 1테이블 기준으로 제공
르메르디앙 & 목시 서울 명동
① 객실 : 객실 패키지 10% 할인
제외 기간 : 2026. 3. 1 ~ 3. 2, 5. 2 ~ 5. 4, 12. 24 ~ 12. 31
② F&B : 10% 할인
제외 기간 : 2026. 1. 1, 12. 24 ~ 12. 25, 12. 31
계절 패키지 할인은 연박 이용 시 제외
메리어트 이그제큐티브 아파트먼트 서울
① 객실 : 패키지 10% 할인
할인 패키지, 제휴사 패키지, 스테이 포 브렉퍼스트 등 일부 패키지 제외
② F&B : 10% 할인
이벤트 상품, 리테일 상품, 룸서비스, 주류 제외
③ 스파 : 트리트먼트 10% 할인
패키지, 리테일 상품, 일부 이벤트 상품 제외
④ 기타 : 명절 선물세트 5% 할인
명절선물세트 할인은 the Black, the Purple, the Red 보유 회원에 한해 제공
반얀트리 클럽 앤 스파 서울
① 객실 : BAR 기준 시즌 패키지 10% 할인
제외 기간 : 2026. 12. 24 ~ 12. 26, 12. 31
② F&B : 10% 할인
대상 업장 : 그라넘 다이닝 라운지, 페스타 바이 충후
제외 기간 : 2026. 12. 24 ~ 12. 26, 12. 31
③ 스파 : 10% 할인
스파 트리트먼트, 갤러지 제품 한정
비스타 워커힐 서울
① 객실 : 패키지 5% 할인
제외 기간 : 2026. 12. 24, 12. 31
② F&B : 10% 할인
이벤트 메뉴, 런치박스, 룸서비스 및 연회 제외
서울신라호텔
① 객실 : Best Available Rate 기준 5% 할인
제외 기간 : 2026. 12. 24, 12. 31 , 토요일
② F&B : 10% 할인
대상 업장 : 팔선, 아리아께, 콘티넨탈, 라연, 더 파크뷰,
더 라이브러리, 패스트리 부티크
1박당 2객실까지 혜택 제공(어번 아일랜드 제외)
서울신라호텔 공식 홈페이지 및 앱에서 예약 시 혜택 제외
소피텔 앰배서더 서울 호텔
① 객실 : 당일 판매가 기준 15% 할인 또는
객실 패키지 10% 할인
제외 기간 : 2026. 1. 1, 12. 24 ~ 12. 26, 12. 31
② F&B : 10% 할인
대상 업장 : 페메종, 미오, 쟈뎅 디베르, 레스파스, 라티튜드32
제외 기간 : 2026. 1. 1, 2. 14, 2. 17, 5. 5, 5. 8, 12. 24 ~ 12. 25, 12. 31
③ 스파 : 10% 할인
리테일 상품 제외
the Black, the Purple, the Red, 현대카드 Summit, 대한항공카드 150·the First, American Express The Platinum Card
Edition2, American Express
Gold Card Edition2, American Express
Green Card Edition2, American Express The Platinum Card
, American Express
Gold Card, American Express
Green Card, 카카오뱅크 BUSINESS 현대카드 PRIME 보유 회원에 한해 제공
쉐라톤 그랜드 인천 호텔
① 객실 : 공식  홈페이지 BAR(Best Available Rate) 기준 10% 할인
② 식음 업장 : 10% 할인
주류, 룸서비스, 미니바, 연회 제외
스위스 그랜드 호텔
① 객실 : 정상가 기준 30% 할인, Net Price 기준 패키지 5% 할인
② F&B : 10% 할인
연회장, 델리, 룸서비스, 미니바, 음료, 주류 제외
안다즈 서울 강남
① 객실 : 공식 홈페이지 BAR(Best Available Rate) 기준 10% 할인
제외 기간 : 2026. 2. 28, 3. 1, 5. 2, 5. 22 ~ 5. 24, 7. 25, 8. 1, 8. 8, 8. 14 ~ 8. 16, 10. 3 ~ 10. 4, 10. 9 ~ 10. 10, 12. 24 ~ 12. 26, 12. 31
② F&B : 10% 할인
대상 업장 : 조각보 미트앤코 스테이크 하우스, 조각보 키친, 바이츠 앤 와인
제외 기간 : 2026. 5. 5, 12. 24 ~ 25, 12. 31
앰배서더 서울 풀만 호텔
① 객실 정상가 및 BAR(Best Available Rate) 기준 15,000원 할인, 패키지 10,000원 할인
제외 기간 : 2026. 12. 24, 12. 25, 12. 31
② F&B : 10% 할인
대상 업장 : 더 킹스, 풀하우스 테라스, 더 라운지 앤 바, 1955 그로세리아(베이커리, 다이닝)
제외 기간 : 2026. 1. 1, 2. 14, 5. 5, 12. 24 ~ 12. 26, 12. 31
③ 웰니스 센터 : 필라테스 클래스 10% 할인
객실 할인은 호텔 홈페이지 또는 예약실을 통해 예약 시에 한해 제공
웨스틴 서울 파르나스
① 객실 : BFR(Best Flexible Rate, 당일 최저가) 요금 10% 할인
제외 기간 : 2026. 4. 30 ~ 5. 2, 9. 24 ~ 9. 27, 10. 3 ~ 10. 4, 10. 30 ~ 10. 31, 11. 20 ~ 11. 21, 12. 24 ~ 12. 26, 12. 31
② F&B : 10% 할인
대상 업장 : 온테이블, 아시안 라이브
이벤트 상품 및 외부 아이템 중복 할인 제외
제외 기간 : 2026. 12. 24 ~ 12. 31
음료 및 주류 스시 카네사카, 연회 Private Dining, 이벤트 상품 및 외부 아이템 중복 할인 제외
웨스틴 조선 서울
① 객실 : 정상가 기준 30% 할인 , 패키지 10% 할인
② F&B : 10% 할인
대상 업장 : 아리아, 루브리카, 홍연, 조선델리, 라운지&바, 나인스게이트, 스시조
제외 기간 : 2026. 5. 5, 12. 24 ~ 12. 25, 12. 31, 업장 이벤트 기간
③ 연회 : 웨딩 코스 메뉴 5% 할인, 케이크 50% 할인
기간(2026. 1. 1 ~ 12. 31) 내 예식 및 하객 인원 200명 이상 시 제공(토요일 점심 및 음료, 부대비용 제외)
객실 패키지 할인은 조선호텔앤리조트 공식 홈페이지 에서 판매되고 있는 상품에 한해 제공
연회 할인은 the Black, the Purple 보유 회원에 한해 제공(음료, 부대 비용 제외)
인스파이어 엔터테인먼트 리조트
① 객실 : 인스파이어 홈페이지를 통한 예약 또는 유선상 예약 시 10% 할인
② F&B : 10% 할인
대상 업장 : 셰프스 키친, 마이클 조던 스테이크 하우스, 브라세리 1783, 하이파이 코리안 소울 푸드, 가든 팜 카페, 홍반, 미나기, MJ23 스포츠 바 앤 그릴, 오로라 바, 호라이즌 라운지
③ 기타 : 스플래시 베이 이용권 20% 할인
객실 및 F&B 할인은 프리미엄 카드 회원에 한해 제공
홈페이지를 통한 객실 예약의 경우 프로모션 코드* 입력 필수
* 룸 온리 : 15HDRO / 룸+2인 조식 : 15HDBF / 룸+스플래시 베이 : 15HDSP
유선 예약 시 현대카드 전용 패키지로 예약해야 할인 가능
음료, 주류, 리테일 상품, 이벤트 상품은 할인 제외되며, 중복 할인 적용 불가
조선 팰리스 서울 강남
① 객실 : 정상가 기준 객실 정규 패키지 10% 할인(이벤트 패키지 제외)
제외 기간 : 2026. 12. 24 ~ 12. 26, 12. 31
② F&B : 10% 할인
대상 업장 : 콘스탄스, 이타닉 가든, 더 그레이트 홍연, 조선델리 더 부티크, 1914 라운지&바
주류, 음료, 이벤트 메뉴 및 인룸 다이닝, MD 및 리테일 상품 제외
제외 기간 : 2026. 1. 1, 5. 5, 12. 24, 12. 25, 12. 31, 레스토랑 이벤트, 갈라디너
객실 할인은 the Centurion® Card, the Black 보유 회원에 한해 제공
F&B 할인은 the Centurion, the Black, the Purple, American Express The Platinum Card
보유 회원에 한해 제공
콘래드 서울
① 객실 : 객실 5% 할인, 패키지 5% 할인(유선 예약 전용)
Advanced Purchase 및 일부 패키지 제외
제외 기간 : 서울세계불꽃축제 기간,
2026. 1. 1, 4. 15 ~ 4. 18, 12. 24 ~ 12. 25, 12. 31
② F&B : 10% 할인
대상 업장 : 아트리오, 제스트, 플레임즈, 숯 더 붓처스 엣지, 37바
제외 기간 : 서울세계불꽃축제 기간,
2026. 1. 1, 12. 20 ~ 12. 31
객실 및 패키지 할인은 호텔 예약실을 통한 유선 예약 시에 한해 제공
파라다이스시티/아트파라디소
① 객실 : 시즌 패키지 5% 할인
제외 기간 : 토요일, 2026. 1. 1, 2. 14 ~ 2. 18, 2. 28 ~ 3. 2, 5. 1 ~ 5. 5, 5. 23 ~ 5. 25, 6. 2 ~ 6. 3, 7. 19 ~ 8. 17, 9. 23 ~ 9. 27, 10. 2 ~ 10. 4, 10. 8 ~ 10. 11, 12. 19 ~ 12. 31
② F&B : 10% 할인
대상 업장 : 온더플레이트, 라스칼라, 가든카페, 라운지파라다이스, 라쿠, 루빅, 새라새, 라운지&바 새라새
제외 기간 : 2026. 5. 5, 12. 24 ~ 12. 25, 12. 31
③ 스파 : 10% 현장 할인
더 스칼프 컴포트 엣 파라다이스
더 스파 앳 파라다이스 스파 프로그램
④ 기타 : 씨메르 아쿠아스파 이용권 20% 할인(최대 4인), 원더박스 1일 자유이용권 20% 할인(최대 4인)
제외 기간 : 시설 정기 보수 기간
시즌 패키지 할인은 호텔 예약실을 통한 유선 예약 시에 한해 제공
파크 하얏트 서울
① 객실 : 정상가 기준 10% 할인(스탠다드 객실에 한함)
제외 기간 : 2026. 12 .24 ~ 12. 26, 12. 31
② F&B : 10% 할인
대상 업장 : 코너스톤, 더 라운지, 더 팀버 하우스
제외 기간 : 2026. 12. 24 ~ 12. 27, 12. 31 및 특별 이벤트 기간
페어몬트 앰배서더 서울
① 객실 : 공식 홈페이지 공시 가격(Published Rate) 기준 객실 패키지 10% 할인
제외 기간 : 2026. 12. 24 ~ 12. 26, 12. 31, 서울세계불꽃축제 기간
② F&B : 10% 할인
대상 업장 : 더 아트리움 라운지, 스펙트럼, 마리포사, M29
제외 기간 : 2026. 12. 24 ~ 12. 25, 12. 31, 서울세계불꽃축제 기간
호텔 예약실을 통한 유선 예약 시에 한해 제공
포시즌스 호텔 서울
① 객실 : 공식 홈페이지 공시 가격(Published Rate) 기준 주중 10% 할인
Room Only 상품에 한함
제외 기간 : 2026. 12. 24, 12. 31
② F&B : 10% 할인
대상 업장 : 보칼리노, 더 마켓 키친, 유유안, 오울
제외 기간 : 2026. 12. 20 ~ 12. 31
③ 스파 : 트리트먼트 10% 할인
리테일 상품 제외
제외 기간 : 2026. 1. 1, 2. 14 ~ 2. 18, 9. 24 ~ 9. 27, 12. 21 ~ 12. 31
the Black, the Purple, the Red, 현대카드 Summit, American Express The Platinum Card
Edition2, American Express
Gold Card Edition2, American Express Platinum Card
, American Express
Gold Card, 미래에셋 현대카드 Gold·Diamond 보유 회원에 한해 제공
하얏트 리젠시 인천 파라다이스시티
① 객실 : 하얏트 브랜드 닷컴 일일 기준 요금 5% 할인
제외 기간 : 토요일, 2026. 5. 1 ~ 5. 5, 5. 23 ~ 25, 6. 2 ~ 6. 3, 6. 5 ~ 6. 6, 7. 16 ~ 8. 17, 9. 23 ~ 9. 27, 10. 2 ~ 10. 4, 10. 8 ~ 10. 11, 12. 19 ~ 12. 31
② F&B : 10% 할인
대상 업장 : 마켓카페, 스웰라운지
마켓카페 조식 뷔페, 룸서비스, 풀하우스, 리젠시 클럽, 연회장, 음료 및 주류, 미니바, 계절 프로모션 메뉴 제외
제외 기간 : 2026. 5. 5, 12. 24 ~ 12. 25, 12. 31
객실 할인은 호텔 예약실을 통한 유선 예약 시에 한해 제공
JW메리어트 동대문 스퀘어 서울
① 객실 : 공식 홈페이지 BAR(Best Available Rate) 기준 5% 할인
제외 기간 : 2026. 5. 3 ~ 5. 4, 12. 24, 12. 31
② F&B : 10% 할인
Tavolo 24, BLT Steak 이용 시 제공(1회 최대 20명)
연회, 룸서비스, 미니바, SBC 리테일 상품 제외
③ 스파 : 10% 할인
리테일 상품 제외
JW 메리어트 호텔 서울
① 객실 : 공식 홈페이지 BAR(Best Available Rate) 기준 상시 10% 할인
제외 기간 : 2026. 5. 2 ~ 5. 4, 12. 24 ~ 12. 26
② F&B : 10% 할인
대상 업장 : 플레이버즈, 더 마고 그릴, 타마유라
제외 기간 : 2026. 5. 5, 12. 24 ~ 12. 25, 12. 31
그랜드 조선 부산
① 객실 : 정상가 기준 월~목요일 40% 할인, 금·일요일 30% 할인, 토요일 및 성수기 20% 할인
성수기 : 2026. 1. 1, 2. 13 ~ 2. 17, 2. 27 ~ 3. 1, 4. 10, 5, 1 ~ 5. 5, 5. 22 ~ 5. 24, 6. 5 ~ 6. 6, 7. 17 ~ 8. 16, 9. 24 ~ 9. 27, 10. 2 ~ 10. 5, 10. 9 ~ 10. 11, 12. 24, 12. 26
제외 기간 : 2026. 12. 25, 12. 31
② F&B : 10% 할인
대상 업장 : 아리아, 팔레드 신, 라운지앤바 테라스292, 조선 델리
음료, 주류, 연회, 인룸다이닝, 조선델리 MD, 리테일 상품 제외
제외 기간 : 2026. 1. 1, 5. 5, 12. 24 ~ 12. 26, 12. 31
③ 연회 : 웨딩 및 가족연 Food 5% 할인
주류, 음료, 부대 비용 제외 및 프로모션 행사와 중복 적용 불가
자녀 관련 연회 시 가족관계증명서 등 증빙 서류 제출 필수
연회 할인은 the Black, the Purple, the Red 보유 회원에 한해 제공
롯데호텔 부산
① 객실 : 정상가 기준 30% 할인, 객실 패키지 5% 할인
② F&B : 10% 할인(리테일 상품 및 연회성 행사 제외)
③ 기타 : 델리카한스(베이커리) 제빵, 케이크류 20% 할인
객실 패키지 할인은 the Black, the Purple, the Red, 대한항공카드 the First 보유 회원에 한해 제공
델리카한스(베이커리) 할인은 the Black, the Purple, the Red 보유 회원에 한해 제공
웨스틴 조선 부산
① 객실 : 정상가 기준 일~목요일 40% 할인, 금·토요일 및 공휴일 30% 할인, 성수기 20% 할인
30% 할인 적용 기간 : 2026. 1. 27 ~ 1. 30, 2. 28, 3. 2, 5. 1, 5. 4 ~ 5. 5, 6. 5 ~ 6. 6, 10. 2 ~ 10. 10, 12. 24
성수기 : 2026. 7. 18 ~ 8. 16
제외 기간 : 2026. 12. 31
② F&B : 10% 할인
대상 업장 : 셔블, 오스킴, 까밀리아, 파노라마라운지, 조선델리
제외 기간 : 2026. 1. 1, 5. 5, 12. 24 ~ 12. 25, 12. 31
파라다이스호텔 부산
① 객실 : 정상가 기준 일~목요일 40% 할인, 금·토요일 및 공휴일 30% 할인, 객실 패키지 5% 할인
제외 기간 : 2026. 7. 1 ~ 8. 31, 12. 24 ~ 12. 26, 12. 30 ~ 2027. 1. 2 및 부산불꽃축제 등 호텔이 지정한 국제 행사 기간
② F&B : 10% 할인
연회장, 룸서비스, 미니바, 가든행사, 레저 식음료, 라운지 파라다이스, 바닉스, 임대 업장(본앤브랜드), 부티크베이커리(일부 상품), 레스토랑 서비스 중 20인 이상의 예약 또는 연회성 행사 제외
객실 패키지 할인은 the Black, the Purple, the Red, the Green, the Pink 보유 회원에 한해 제공
파크 하얏트 부산
① 객실 : 하얏트 요금 기준 스탠다드 객실 10% 할인
제외 기간 : 부산불꽃축제 기간, 2026. 12. 24 ~ 12. 25, 12. 31
② F&B : 10% 할인
대상 업장 : 다이닝룸, 리빙룸
제외 기간 : 부산불꽃축제 기간, 2026. 12. 24 ~ 12. 27, 12. 31, 와인/갈라/사케디너 등 스페셜 이벤트 및 이벤트 기간
F&B 할인은 다른 할인 서비스 및 쿠폰, 이벤트, 제휴 카드 혜택과 중복 적용 불가
그랜드 조선 제주
① 객실 : 5% 할인
이벤트 상품 제외
②F&B : 10% 할인
대상 업장 : 아리아, 루브리카, 라운지앤바, 잇투오
제외 기간 : 2026. 5. 5, 12. 24 ~ 12. 25 및 갈라디너 등 업장 이벤트 기간
호텔 홈페이지를 통해 예약 시에 한해 제공
그랜드 하얏트 제주
① 객실 : 공식 홈페이지 요금 기준 10% 할인
② F&B : 10% 할인
대상 업장 : 갤러리 라운지, 99밸리, 차이나 하우스, 제주 핫팟, 녹나무, 그랜드 키친, 유메야마, 카페8
③ 스파 : 트리트먼트 10% 할인
이벤트 상품, 제품 구매, 찜질스파 제외
로즈베이 스파는 토요일 제외
제외 기간 : 2026. 2. 13 ~ 2. 22, 5. 1 ~ 5. 6, 7. 24 ~ 8. 23, 9. 24 ~ 9. 27, 10. 1 ~ 10. 7, 12. 24 ~ 12. 27, 12. 31 ~ 2027. 1. 3 및 모든 공휴일
롯데호텔 제주
① 객실 : 호텔 직판 상시 패키지 5%/10% 할인
얼리버드 및 특가 등 일부 패키지 제외
③ F&B : 10% 할인
호텔 직판 상시 패키지 10% 할인은 the Black, 5% 할인은 the Purple, the Red, 대한항공카드 the First 보유 회원에 한해 제공
다른 할인 서비스 및 쿠폰, 이벤트, 제휴 카드 혜택과 중복 적용 불가
F&B 할인은 카드당 1테이블 기준으로 제공
메종글래드제주
① 객실 : 정상가 기준 50% 할인, 성수기 30% 할인, 객실 패키지 10% 할인
성수기 : 2026. 7. 18 ~ 8. 24
② F&B : 20% 할인(삼다정)
제주신라호텔
① 객실 : BAR (Best Available Rate) 기준 5% 할인
이벤트 상품, 패키지 및 일부 상품 제외
② F&B : 10% 할인
대상 업장 : 히노데, 더 파크뷰, 바당, 올래 바, 패스트리 부티크
대한항공카드 이용 시 할인 제외
호텔 예약실을 통한 유선 예약 시에 한해 제공
파르나스 호텔 제주
① 객실 : BFR(Best Flexible Rate, 당일 최저가) 요금 10% 할인
제외 기간 : 2026. 2. 14 ~ 2. 18, 2. 28 ~ 3. 2, 5. 1 ~ 5. 5, 5. 23 ~ 5. 25, 7. 17 ~ 8. 17, 9. 24 ~ 9. 27
② F&B : 10% 할인
대상 업장 : 콘페티, 폰드메르 라운지&바, 바르
③ 스파 : 본에스티스 스파 10% 할인
음료 및 주류 스시 카네사카, 연회 Private Dining, 이벤트 상품 및 외부 아이템 중복 할인 제외
포도호텔
① 객실 : 정상가 기준 10~40% 할인 및 조식 제공
the Black, the Purple, the Red, the Green, 대한항공카드 the First, American Express The Platinum Card
Edition2, American Express
Gold Card Edition2, American Express
Green Card Edition2 보유 회원에 한해 제공
해비치호텔앤드리조트 제주
① 객실 : 정규 패키지 10% 할인
골프 패키지 제외
제외 기간 : 2026. 7. 16 ~ 8. 20
② F&B : 10% 할인
대상 업장 : 섬모라, 99바, 밀리우, 마고 및 해비치 C.C 클럽 하우스, 메르 & 테르
③ 스파 : 10% 할인
④ 골프 : 정상가 기준 해비치 CC 그린피 주중 20% 할인, 주말 10% 할인
넥슨 현대카드 UNLIMITED로 이용 시 할인 제외
스파 할인은 the Black, the Purple, the Red 보유 회원에 한해 제공
히든 클리프 호텔 & 네이쳐
① F&B : 10% 할인
시즌 이벤트 메뉴, 주류 및 룸서비스, 인피니티바 제외
② 스파 : 보떼에르 스파 바이 록시땅 10% 할인
이벤트 상품 제외
호텔 홈페이지를 통해 예약 시에 한해 제공
대구 메리어트 호텔
① 객실 : 패키지 상품 5% 할인
제외 기간 : 2026. 12. 24, 12. 31
② F&B : 10% 할인
대상 업장 : 어반 키친, 동문, 라운지&바
제외 기간 : 2026. 12. 24 ~ 12. 25, 12. 31
호텔 홈페이지에서 판매 중인 패키지에 한해 제공(단, 루프탑 패키지 제외)
라한셀렉트 경주
① 객실 : BAR(Best Available Rate) 기준 일~금요일 10% 할인, 토요일 및 성수기 5% 할인
② F&B : 더플레이트 10% 할인
롯데호텔 울산
① 객실 : 호텔 직판 상시 패키지 5% 할인
얼리버드 및 특가 등 일부 패키지 제외
제외 기간 : 2026. 5. 3 ~ 5. 5, 7. 26 ~ 8. 9, 8. 15~ 8. 16, 10. 3 ~ 10. 11, 12. 24, 12. 31
② F&B : 10% 할인
대상 업장 : 델리카한스, 페닌슐라
호텔 직판 상시 패키지 할인은 the Black, the Purple, the Red, 대한항공카드 the First 보유 회원에 한해 제공
F&B 할인은 카드당 1테이블 기준으로 제공
브리브 광주 바이 롯데호텔
① 객실 : 정상가 기준 일~목요일 40% 할인, 금·토요일 30% 할인
② F&B : 10% 할인
대상 업장 : 뷔페 레스토랑 파라뷰, 중식당 쉥카이
제외 기간 : 2026. 12. 20 ~ 12. 31
사우스케이프
① F&B : 업장에서 현장 결제 시 10% 할인
음료, 주류, 룸서비스, 이벤트 메뉴 제외
② 스파 : 10% 할인
이용일 1일 전까지 사전 예약 필수
the Black, the Purple, the Red, the Green, the Pink, American Express The Platinum Card
Edition2, American Express
Gold Card Edition2, American Express
Green Card Edition2, American Express The Platinum Card
, American Express
Gold Card, American Express
Green Card 보유 회원에 한해 제공
이용 전 호텔로 혜택 적용 가능 여부 확인 필수(미확인 시 혜택 적용 불가할 수 있음)
소노캄 고양
① 객실 : BAR(Best Available Rate) 기준 10% 할인
② F&B : 10% 할인
대상 업장 : 셰프스 키친, 죽림, 일라고
③ 기타 : 사우나 50% 할인
객실 할인은 예약 가능한 잔여 객실이 있는 경우에 한해 제공
사우나 할인은 본인 회원에 한해 제공
씨마크 호텔
① 객실 : BAR(Best Available Rate) 기준 프리미엄 디럭스 룸 10% 할인
② F&B : 더 레스토랑 10% 할인
the Black, the Purple, the Red, the Green 보유 회원에 한해 제공
알펜시아
① 객실 : BAR(Best Available Rate) 기준으로 25% 할인
② F&B : 음식 10% 할인
음료, 주류, 인룸다이닝, 미니바, 연회 제외
제외 기간 : 크리스마스 디너 뷔페, 추석 디너 뷔페 등 이벤트 기간
오노마 대전 오토그래프컬랙션
① 객실 : 객실 정규 패키지 10% 할인
② F&B : 5% 할인
대상 업장 : 타운하우스, 오노마 라운지
켄싱턴 스타호텔 설악
① 객실 : 정상가 기준 주중 일~목요일 30% 할인, 금·토요일 20%, 연휴 및 성수기 10% 할인
패키지 상품 제외
② F&B : 10% 할인
이벤트 및 음료, 주류, 미팅 시설 이용료 제외
호텔인터불고 엑스코
① 객실 : 정상가 기준 40% 할인
② F&B : 10% 할인
최대 5인 이용 가능(공휴일 제외)
임대 업장 및 주류 제외
호텔현대 바이 라한 울산
① 객실 : BAR(Best Available Rate) 기준 10% 상시 할인, 성수기 5% 할인
② F&B : 10% 할인
대상 업장 : 디오븐, 더플레이트, 더터번",2026-06-06 17:21:11
MPE4_E0002,MPE4,현대,MM,FEX699,2026년 제휴 호텔 이벤트 혜택 안내,https://www.hyundaicard.com/cpb/ev/CPBEV0101_06.hc?bnftWebEvntCd=FEX699,2026-01-01,2026-12-31,할인,이용 방법,"예약 시 현대카드 이벤트 이용 예정임을 알리고, 이용 시 본인 명의 대상 카드로 결제",2026-06-06 17:21:11
MPE4_E0002,MPE4,현대,MM,FEX699,2026년 제휴 호텔 이벤트 혜택 안내,https://www.hyundaicard.com/cpb/ev/CPBEV0101_06.hc?bnftWebEvntCd=FEX699,2026-01-01,2026-12-31,할인,확인사항,"확인해 주세요
위 혜택은 대상 카드로 결제 시 적용됩니다.
현대카드 Chameleon 및 앱카드, 간편결제 서비스(네이버페이 등) 이용 시 혜택 제외
호텔 사정에 따라 특정 날짜, 특정 상품은 혜택 제공이 불가할 수 있습니다.
F&B 혜택 대상에서 연회*, 인룸다이닝, 미니바, 임대 업장, 소매 상품, 음료 및 주류, 갈라 디너 등의 이벤트 메뉴는 제외됩니다.
*20인 이상의 예약 또는 연회성 행사(호텔별 적용 인원 기준이 다르니 이용 전 각 호텔로 문의)
다른 혜택(바우처, 쿠폰, 호텔 멤버십 적립, 할인 등) 및 이벤트와 중복 적용되지 않습니다.
예약 안내 및 유의사항 등 자세한 내용은 대상 호텔로 문의해 주세요.
위 혜택은 현대카드 및 제휴사 사정에 따라 변경 또는 중단될 수 있습니다.",2026-06-06 17:21:11
NXNX_E0006,NXNX,현대,넥슨,FEX699,2026년 제휴 호텔 이벤트 혜택 안내,https://www.hyundaicard.com/cpb/ev/CPBEV0101_06.hc?bnftWebEvntCd=FEX699,2026-01-01,2026-12-31,할인,혜택,"기간 내 대상 호텔 이용 시 객실 및 F&B 등 5~40% 즉시 할인
호텔별 제공 혜택, 대상 카드, 할인율은 아래 '대상 호텔'에서 확인 가능",2026-06-06 17:21:11
NXNX_E0006,NXNX,현대,넥슨,FEX699,2026년 제휴 호텔 이벤트 혜택 안내,https://www.hyundaicard.com/cpb/ev/CPBEV0101_06.hc?bnftWebEvntCd=FEX699,2026-01-01,2026-12-31,할인,기간,2026. 1. 1 ~ 12. 31,2026-06-06 17:21:11
NXNX_E0006,NXNX,현대,넥슨,FEX699,2026년 제휴 호텔 이벤트 혜택 안내,https://www.hyundaicard.com/cpb/ev/CPBEV0101_06.hc?bnftWebEvntCd=FEX699,2026-01-01,2026-12-31,할인,대상,"대상 카드 기소지 회원
대상 호텔 리스트
호텔명
혜택
유의사항
그랜드 인터컨티넨탈 서울 파르나스
① 객실 : BFR(Best Flexible Rate, 당일 최저가) 요금 10% 할인
제외 기간 : 2026. 9. 12, 11. 21, 12. 24 ~ 12. 26, 12. 31
② F&B : 10% 할인
대상 업장 : 히노츠키, 웨이루, 그랜드 키친, 메르카토521
제외 기간 : 2026. 12. 24 ~ 12. 31
음료 및 주류 스시 카네사카, 연회 Private Dining, 메르카토521 식사 외 메뉴 제외
이벤트 상품 및 외부 아이템 중복 할인 제외
그랜드 하얏트 서울
① 객실 : 호텔 직판 패키지 예약 시 객실 업그레이드
제외 기간 : 공휴일(대체 공휴일 포함), 극성수기(7~8월), 2026. 12. 20 ~ 12. 31
② F&B : 10% 할인(델리 리테일 상품 제외)
대상 업장 : 테라스, 카우리, 스테이크하우스, 텐가이, 파리스바, 풀사이드 바베큐(시즌 운영), 델리
제외 기간 : 공휴일(대체 공휴일 포함), 2026. 12. 20 ~ 12. 31
스탠다드룸에서 한강 전망 객실로 업그레이드되며, 잔여 객실 상황에 따라 변경될 수 있음
그랜드 워커힐 서울
① 객실 : 패키지 5% 할인
제외 기간 : 2026. 12. 24, 12. 31
② F&B : 10% 할인
이벤트 메뉴, 런치박스, 리버파크, 룸서비스 및 연회 제외
더 플라자
① 객실 : 시즌 패키지 3만원 할인
일부 이벤트 패키지 제외
② F&B : 10% 할인
대상 업장 : 세븐 스퀘어, 블랑제리 더 플라자, 더라운지(음료 및 주류에 한함)
가족연(돌잔치, 장수연) 5% 할인(웨딩 제외)
③ 지스텀 더 플라자 10% 할인
더 플라자 P-Collection 상품 포함
가족연 할인은 the Black, the Purple, the Red 보유 회원에 한해 제공
세븐스퀘어, 블랑제리 더 플라자, 더라운지 : 2026년 9월 30일까지 영업 후 종료
레스케이프
① 객실 : 시즌 패키지 10% 할인
제외 기간 : 2026. 12. 24 ~ 12. 26, 12. 31
② F&B : 10% 할인
대상 업장 : 라망 시크레, 팔레드 신, 마크다모르, 티살롱, 리테일(PB상품)
룸서비스, 미바, 리테일 상품, 대관 행사, 갈라디너 제외(주류는 칵테일 등 제조 주류에 한함)
호텔 리테일 PB 상품 한정 10% 할인
③ 연회 : 돌잔치 및 웨딩 애프터파티 10% 할인
돌잔치 : 팔레드 신 돌잔치 전용 메뉴 8인 이상 이용 시 제공(1인, 20만원)
웨딩 애프터파티 : 마크 다모르 전용 메뉴 30인 이상 이용 시 제공(1인, 12만원)
④ 스파 : 스위스퍼펙션 10% 할인
일부 프로그램 및 ADD ON 상품 제외
제외 기간 : 2026. 12. 24 ~ 12. 26, 12. 31
호텔 리테일 PB 상품 한정 할인은 the Black, the Purple 보유 회원에 한해 제공
롯데호텔 월드
① 객실 : 호텔 직판 계절 패키지 5% 할인
제외 기간 : 2026. 2. 13 ~ 2. 17, 5. 1 ~ 5. 5, 7. 27 ~ 8. 2, 9. 24 ~ 9. 26, 12. 24 ~ 12. 26, 12. 30 ~ 12. 31
② F&B : 직영 업장 10% 할인
계절 패키지 할인은 the Black, the Purple, the Red, 대한항공카드 the First 보유 회원에 한해 제공되며 얼리버드, 특가 등 일부 패키지 제외
F&B 할인은 카드당 1테이블 기준으로 제공
롯데호텔 서울
① 객실 : 호텔 직판 계절 패키지 5%/10% 할인, 정상가 기준 30% 할인
제외 기간 : 2026. 5. 1 ~ 5. 5, 8. 15 ~ 8. 17, 12. 24 ~ 12. 31
② F&B : 직영 업장 10% 할인
계절 패키지 10% 할인은 the Black, 계절 패키지 5% 할인은 the Purple, the Red, 대한항공카드 the First  보유 회원에 한해 제공되며 얼리버드, 특가 등 일부 패키지 제외
F&B 할인은 카드당 1테이블 기준으로 제공
르메르디앙 & 목시 서울 명동
① 객실 : 객실 패키지 10% 할인
제외 기간 : 2026. 3. 1 ~ 3. 2, 5. 2 ~ 5. 4, 12. 24 ~ 12. 31
② F&B : 10% 할인
제외 기간 : 2026. 1. 1, 12. 24 ~ 12. 25, 12. 31
계절 패키지 할인은 연박 이용 시 제외
메리어트 이그제큐티브 아파트먼트 서울
① 객실 : 패키지 10% 할인
할인 패키지, 제휴사 패키지, 스테이 포 브렉퍼스트 등 일부 패키지 제외
② F&B : 10% 할인
이벤트 상품, 리테일 상품, 룸서비스, 주류 제외
③ 스파 : 트리트먼트 10% 할인
패키지, 리테일 상품, 일부 이벤트 상품 제외
④ 기타 : 명절 선물세트 5% 할인
명절선물세트 할인은 the Black, the Purple, the Red 보유 회원에 한해 제공
반얀트리 클럽 앤 스파 서울
① 객실 : BAR 기준 시즌 패키지 10% 할인
제외 기간 : 2026. 12. 24 ~ 12. 26, 12. 31
② F&B : 10% 할인
대상 업장 : 그라넘 다이닝 라운지, 페스타 바이 충후
제외 기간 : 2026. 12. 24 ~ 12. 26, 12. 31
③ 스파 : 10% 할인
스파 트리트먼트, 갤러지 제품 한정
비스타 워커힐 서울
① 객실 : 패키지 5% 할인
제외 기간 : 2026. 12. 24, 12. 31
② F&B : 10% 할인
이벤트 메뉴, 런치박스, 룸서비스 및 연회 제외
서울신라호텔
① 객실 : Best Available Rate 기준 5% 할인
제외 기간 : 2026. 12. 24, 12. 31 , 토요일
② F&B : 10% 할인
대상 업장 : 팔선, 아리아께, 콘티넨탈, 라연, 더 파크뷰,
더 라이브러리, 패스트리 부티크
1박당 2객실까지 혜택 제공(어번 아일랜드 제외)
서울신라호텔 공식 홈페이지 및 앱에서 예약 시 혜택 제외
소피텔 앰배서더 서울 호텔
① 객실 : 당일 판매가 기준 15% 할인 또는
객실 패키지 10% 할인
제외 기간 : 2026. 1. 1, 12. 24 ~ 12. 26, 12. 31
② F&B : 10% 할인
대상 업장 : 페메종, 미오, 쟈뎅 디베르, 레스파스, 라티튜드32
제외 기간 : 2026. 1. 1, 2. 14, 2. 17, 5. 5, 5. 8, 12. 24 ~ 12. 25, 12. 31
③ 스파 : 10% 할인
리테일 상품 제외
the Black, the Purple, the Red, 현대카드 Summit, 대한항공카드 150·the First, American Express The Platinum Card
Edition2, American Express
Gold Card Edition2, American Express
Green Card Edition2, American Express The Platinum Card
, American Express
Gold Card, American Express
Green Card, 카카오뱅크 BUSINESS 현대카드 PRIME 보유 회원에 한해 제공
쉐라톤 그랜드 인천 호텔
① 객실 : 공식  홈페이지 BAR(Best Available Rate) 기준 10% 할인
② 식음 업장 : 10% 할인
주류, 룸서비스, 미니바, 연회 제외
스위스 그랜드 호텔
① 객실 : 정상가 기준 30% 할인, Net Price 기준 패키지 5% 할인
② F&B : 10% 할인
연회장, 델리, 룸서비스, 미니바, 음료, 주류 제외
안다즈 서울 강남
① 객실 : 공식 홈페이지 BAR(Best Available Rate) 기준 10% 할인
제외 기간 : 2026. 2. 28, 3. 1, 5. 2, 5. 22 ~ 5. 24, 7. 25, 8. 1, 8. 8, 8. 14 ~ 8. 16, 10. 3 ~ 10. 4, 10. 9 ~ 10. 10, 12. 24 ~ 12. 26, 12. 31
② F&B : 10% 할인
대상 업장 : 조각보 미트앤코 스테이크 하우스, 조각보 키친, 바이츠 앤 와인
제외 기간 : 2026. 5. 5, 12. 24 ~ 25, 12. 31
앰배서더 서울 풀만 호텔
① 객실 정상가 및 BAR(Best Available Rate) 기준 15,000원 할인, 패키지 10,000원 할인
제외 기간 : 2026. 12. 24, 12. 25, 12. 31
② F&B : 10% 할인
대상 업장 : 더 킹스, 풀하우스 테라스, 더 라운지 앤 바, 1955 그로세리아(베이커리, 다이닝)
제외 기간 : 2026. 1. 1, 2. 14, 5. 5, 12. 24 ~ 12. 26, 12. 31
③ 웰니스 센터 : 필라테스 클래스 10% 할인
객실 할인은 호텔 홈페이지 또는 예약실을 통해 예약 시에 한해 제공
웨스틴 서울 파르나스
① 객실 : BFR(Best Flexible Rate, 당일 최저가) 요금 10% 할인
제외 기간 : 2026. 4. 30 ~ 5. 2, 9. 24 ~ 9. 27, 10. 3 ~ 10. 4, 10. 30 ~ 10. 31, 11. 20 ~ 11. 21, 12. 24 ~ 12. 26, 12. 31
② F&B : 10% 할인
대상 업장 : 온테이블, 아시안 라이브
이벤트 상품 및 외부 아이템 중복 할인 제외
제외 기간 : 2026. 12. 24 ~ 12. 31
음료 및 주류 스시 카네사카, 연회 Private Dining, 이벤트 상품 및 외부 아이템 중복 할인 제외
웨스틴 조선 서울
① 객실 : 정상가 기준 30% 할인 , 패키지 10% 할인
② F&B : 10% 할인
대상 업장 : 아리아, 루브리카, 홍연, 조선델리, 라운지&바, 나인스게이트, 스시조
제외 기간 : 2026. 5. 5, 12. 24 ~ 12. 25, 12. 31, 업장 이벤트 기간
③ 연회 : 웨딩 코스 메뉴 5% 할인, 케이크 50% 할인
기간(2026. 1. 1 ~ 12. 31) 내 예식 및 하객 인원 200명 이상 시 제공(토요일 점심 및 음료, 부대비용 제외)
객실 패키지 할인은 조선호텔앤리조트 공식 홈페이지 에서 판매되고 있는 상품에 한해 제공
연회 할인은 the Black, the Purple 보유 회원에 한해 제공(음료, 부대 비용 제외)
인스파이어 엔터테인먼트 리조트
① 객실 : 인스파이어 홈페이지를 통한 예약 또는 유선상 예약 시 10% 할인
② F&B : 10% 할인
대상 업장 : 셰프스 키친, 마이클 조던 스테이크 하우스, 브라세리 1783, 하이파이 코리안 소울 푸드, 가든 팜 카페, 홍반, 미나기, MJ23 스포츠 바 앤 그릴, 오로라 바, 호라이즌 라운지
③ 기타 : 스플래시 베이 이용권 20% 할인
객실 및 F&B 할인은 프리미엄 카드 회원에 한해 제공
홈페이지를 통한 객실 예약의 경우 프로모션 코드* 입력 필수
* 룸 온리 : 15HDRO / 룸+2인 조식 : 15HDBF / 룸+스플래시 베이 : 15HDSP
유선 예약 시 현대카드 전용 패키지로 예약해야 할인 가능
음료, 주류, 리테일 상품, 이벤트 상품은 할인 제외되며, 중복 할인 적용 불가
조선 팰리스 서울 강남
① 객실 : 정상가 기준 객실 정규 패키지 10% 할인(이벤트 패키지 제외)
제외 기간 : 2026. 12. 24 ~ 12. 26, 12. 31
② F&B : 10% 할인
대상 업장 : 콘스탄스, 이타닉 가든, 더 그레이트 홍연, 조선델리 더 부티크, 1914 라운지&바
주류, 음료, 이벤트 메뉴 및 인룸 다이닝, MD 및 리테일 상품 제외
제외 기간 : 2026. 1. 1, 5. 5, 12. 24, 12. 25, 12. 31, 레스토랑 이벤트, 갈라디너
객실 할인은 the Centurion® Card, the Black 보유 회원에 한해 제공
F&B 할인은 the Centurion, the Black, the Purple, American Express The Platinum Card
보유 회원에 한해 제공
콘래드 서울
① 객실 : 객실 5% 할인, 패키지 5% 할인(유선 예약 전용)
Advanced Purchase 및 일부 패키지 제외
제외 기간 : 서울세계불꽃축제 기간,
2026. 1. 1, 4. 15 ~ 4. 18, 12. 24 ~ 12. 25, 12. 31
② F&B : 10% 할인
대상 업장 : 아트리오, 제스트, 플레임즈, 숯 더 붓처스 엣지, 37바
제외 기간 : 서울세계불꽃축제 기간,
2026. 1. 1, 12. 20 ~ 12. 31
객실 및 패키지 할인은 호텔 예약실을 통한 유선 예약 시에 한해 제공
파라다이스시티/아트파라디소
① 객실 : 시즌 패키지 5% 할인
제외 기간 : 토요일, 2026. 1. 1, 2. 14 ~ 2. 18, 2. 28 ~ 3. 2, 5. 1 ~ 5. 5, 5. 23 ~ 5. 25, 6. 2 ~ 6. 3, 7. 19 ~ 8. 17, 9. 23 ~ 9. 27, 10. 2 ~ 10. 4, 10. 8 ~ 10. 11, 12. 19 ~ 12. 31
② F&B : 10% 할인
대상 업장 : 온더플레이트, 라스칼라, 가든카페, 라운지파라다이스, 라쿠, 루빅, 새라새, 라운지&바 새라새
제외 기간 : 2026. 5. 5, 12. 24 ~ 12. 25, 12. 31
③ 스파 : 10% 현장 할인
더 스칼프 컴포트 엣 파라다이스
더 스파 앳 파라다이스 스파 프로그램
④ 기타 : 씨메르 아쿠아스파 이용권 20% 할인(최대 4인), 원더박스 1일 자유이용권 20% 할인(최대 4인)
제외 기간 : 시설 정기 보수 기간
시즌 패키지 할인은 호텔 예약실을 통한 유선 예약 시에 한해 제공
파크 하얏트 서울
① 객실 : 정상가 기준 10% 할인(스탠다드 객실에 한함)
제외 기간 : 2026. 12 .24 ~ 12. 26, 12. 31
② F&B : 10% 할인
대상 업장 : 코너스톤, 더 라운지, 더 팀버 하우스
제외 기간 : 2026. 12. 24 ~ 12. 27, 12. 31 및 특별 이벤트 기간
페어몬트 앰배서더 서울
① 객실 : 공식 홈페이지 공시 가격(Published Rate) 기준 객실 패키지 10% 할인
제외 기간 : 2026. 12. 24 ~ 12. 26, 12. 31, 서울세계불꽃축제 기간
② F&B : 10% 할인
대상 업장 : 더 아트리움 라운지, 스펙트럼, 마리포사, M29
제외 기간 : 2026. 12. 24 ~ 12. 25, 12. 31, 서울세계불꽃축제 기간
호텔 예약실을 통한 유선 예약 시에 한해 제공
포시즌스 호텔 서울
① 객실 : 공식 홈페이지 공시 가격(Published Rate) 기준 주중 10% 할인
Room Only 상품에 한함
제외 기간 : 2026. 12. 24, 12. 31
② F&B : 10% 할인
대상 업장 : 보칼리노, 더 마켓 키친, 유유안, 오울
제외 기간 : 2026. 12. 20 ~ 12. 31
③ 스파 : 트리트먼트 10% 할인
리테일 상품 제외
제외 기간 : 2026. 1. 1, 2. 14 ~ 2. 18, 9. 24 ~ 9. 27, 12. 21 ~ 12. 31
the Black, the Purple, the Red, 현대카드 Summit, American Express The Platinum Card
Edition2, American Express
Gold Card Edition2, American Express Platinum Card
, American Express
Gold Card, 미래에셋 현대카드 Gold·Diamond 보유 회원에 한해 제공
하얏트 리젠시 인천 파라다이스시티
① 객실 : 하얏트 브랜드 닷컴 일일 기준 요금 5% 할인
제외 기간 : 토요일, 2026. 5. 1 ~ 5. 5, 5. 23 ~ 25, 6. 2 ~ 6. 3, 6. 5 ~ 6. 6, 7. 16 ~ 8. 17, 9. 23 ~ 9. 27, 10. 2 ~ 10. 4, 10. 8 ~ 10. 11, 12. 19 ~ 12. 31
② F&B : 10% 할인
대상 업장 : 마켓카페, 스웰라운지
마켓카페 조식 뷔페, 룸서비스, 풀하우스, 리젠시 클럽, 연회장, 음료 및 주류, 미니바, 계절 프로모션 메뉴 제외
제외 기간 : 2026. 5. 5, 12. 24 ~ 12. 25, 12. 31
객실 할인은 호텔 예약실을 통한 유선 예약 시에 한해 제공
JW메리어트 동대문 스퀘어 서울
① 객실 : 공식 홈페이지 BAR(Best Available Rate) 기준 5% 할인
제외 기간 : 2026. 5. 3 ~ 5. 4, 12. 24, 12. 31
② F&B : 10% 할인
Tavolo 24, BLT Steak 이용 시 제공(1회 최대 20명)
연회, 룸서비스, 미니바, SBC 리테일 상품 제외
③ 스파 : 10% 할인
리테일 상품 제외
JW 메리어트 호텔 서울
① 객실 : 공식 홈페이지 BAR(Best Available Rate) 기준 상시 10% 할인
제외 기간 : 2026. 5. 2 ~ 5. 4, 12. 24 ~ 12. 26
② F&B : 10% 할인
대상 업장 : 플레이버즈, 더 마고 그릴, 타마유라
제외 기간 : 2026. 5. 5, 12. 24 ~ 12. 25, 12. 31
그랜드 조선 부산
① 객실 : 정상가 기준 월~목요일 40% 할인, 금·일요일 30% 할인, 토요일 및 성수기 20% 할인
성수기 : 2026. 1. 1, 2. 13 ~ 2. 17, 2. 27 ~ 3. 1, 4. 10, 5, 1 ~ 5. 5, 5. 22 ~ 5. 24, 6. 5 ~ 6. 6, 7. 17 ~ 8. 16, 9. 24 ~ 9. 27, 10. 2 ~ 10. 5, 10. 9 ~ 10. 11, 12. 24, 12. 26
제외 기간 : 2026. 12. 25, 12. 31
② F&B : 10% 할인
대상 업장 : 아리아, 팔레드 신, 라운지앤바 테라스292, 조선 델리
음료, 주류, 연회, 인룸다이닝, 조선델리 MD, 리테일 상품 제외
제외 기간 : 2026. 1. 1, 5. 5, 12. 24 ~ 12. 26, 12. 31
③ 연회 : 웨딩 및 가족연 Food 5% 할인
주류, 음료, 부대 비용 제외 및 프로모션 행사와 중복 적용 불가
자녀 관련 연회 시 가족관계증명서 등 증빙 서류 제출 필수
연회 할인은 the Black, the Purple, the Red 보유 회원에 한해 제공
롯데호텔 부산
① 객실 : 정상가 기준 30% 할인, 객실 패키지 5% 할인
② F&B : 10% 할인(리테일 상품 및 연회성 행사 제외)
③ 기타 : 델리카한스(베이커리) 제빵, 케이크류 20% 할인
객실 패키지 할인은 the Black, the Purple, the Red, 대한항공카드 the First 보유 회원에 한해 제공
델리카한스(베이커리) 할인은 the Black, the Purple, the Red 보유 회원에 한해 제공
웨스틴 조선 부산
① 객실 : 정상가 기준 일~목요일 40% 할인, 금·토요일 및 공휴일 30% 할인, 성수기 20% 할인
30% 할인 적용 기간 : 2026. 1. 27 ~ 1. 30, 2. 28, 3. 2, 5. 1, 5. 4 ~ 5. 5, 6. 5 ~ 6. 6, 10. 2 ~ 10. 10, 12. 24
성수기 : 2026. 7. 18 ~ 8. 16
제외 기간 : 2026. 12. 31
② F&B : 10% 할인
대상 업장 : 셔블, 오스킴, 까밀리아, 파노라마라운지, 조선델리
제외 기간 : 2026. 1. 1, 5. 5, 12. 24 ~ 12. 25, 12. 31
파라다이스호텔 부산
① 객실 : 정상가 기준 일~목요일 40% 할인, 금·토요일 및 공휴일 30% 할인, 객실 패키지 5% 할인
제외 기간 : 2026. 7. 1 ~ 8. 31, 12. 24 ~ 12. 26, 12. 30 ~ 2027. 1. 2 및 부산불꽃축제 등 호텔이 지정한 국제 행사 기간
② F&B : 10% 할인
연회장, 룸서비스, 미니바, 가든행사, 레저 식음료, 라운지 파라다이스, 바닉스, 임대 업장(본앤브랜드), 부티크베이커리(일부 상품), 레스토랑 서비스 중 20인 이상의 예약 또는 연회성 행사 제외
객실 패키지 할인은 the Black, the Purple, the Red, the Green, the Pink 보유 회원에 한해 제공
파크 하얏트 부산
① 객실 : 하얏트 요금 기준 스탠다드 객실 10% 할인
제외 기간 : 부산불꽃축제 기간, 2026. 12. 24 ~ 12. 25, 12. 31
② F&B : 10% 할인
대상 업장 : 다이닝룸, 리빙룸
제외 기간 : 부산불꽃축제 기간, 2026. 12. 24 ~ 12. 27, 12. 31, 와인/갈라/사케디너 등 스페셜 이벤트 및 이벤트 기간
F&B 할인은 다른 할인 서비스 및 쿠폰, 이벤트, 제휴 카드 혜택과 중복 적용 불가
그랜드 조선 제주
① 객실 : 5% 할인
이벤트 상품 제외
②F&B : 10% 할인
대상 업장 : 아리아, 루브리카, 라운지앤바, 잇투오
제외 기간 : 2026. 5. 5, 12. 24 ~ 12. 25 및 갈라디너 등 업장 이벤트 기간
호텔 홈페이지를 통해 예약 시에 한해 제공
그랜드 하얏트 제주
① 객실 : 공식 홈페이지 요금 기준 10% 할인
② F&B : 10% 할인
대상 업장 : 갤러리 라운지, 99밸리, 차이나 하우스, 제주 핫팟, 녹나무, 그랜드 키친, 유메야마, 카페8
③ 스파 : 트리트먼트 10% 할인
이벤트 상품, 제품 구매, 찜질스파 제외
로즈베이 스파는 토요일 제외
제외 기간 : 2026. 2. 13 ~ 2. 22, 5. 1 ~ 5. 6, 7. 24 ~ 8. 23, 9. 24 ~ 9. 27, 10. 1 ~ 10. 7, 12. 24 ~ 12. 27, 12. 31 ~ 2027. 1. 3 및 모든 공휴일
롯데호텔 제주
① 객실 : 호텔 직판 상시 패키지 5%/10% 할인
얼리버드 및 특가 등 일부 패키지 제외
③ F&B : 10% 할인
호텔 직판 상시 패키지 10% 할인은 the Black, 5% 할인은 the Purple, the Red, 대한항공카드 the First 보유 회원에 한해 제공
다른 할인 서비스 및 쿠폰, 이벤트, 제휴 카드 혜택과 중복 적용 불가
F&B 할인은 카드당 1테이블 기준으로 제공
메종글래드제주
① 객실 : 정상가 기준 50% 할인, 성수기 30% 할인, 객실 패키지 10% 할인
성수기 : 2026. 7. 18 ~ 8. 24
② F&B : 20% 할인(삼다정)
제주신라호텔
① 객실 : BAR (Best Available Rate) 기준 5% 할인
이벤트 상품, 패키지 및 일부 상품 제외
② F&B : 10% 할인
대상 업장 : 히노데, 더 파크뷰, 바당, 올래 바, 패스트리 부티크
대한항공카드 이용 시 할인 제외
호텔 예약실을 통한 유선 예약 시에 한해 제공
파르나스 호텔 제주
① 객실 : BFR(Best Flexible Rate, 당일 최저가) 요금 10% 할인
제외 기간 : 2026. 2. 14 ~ 2. 18, 2. 28 ~ 3. 2, 5. 1 ~ 5. 5, 5. 23 ~ 5. 25, 7. 17 ~ 8. 17, 9. 24 ~ 9. 27
② F&B : 10% 할인
대상 업장 : 콘페티, 폰드메르 라운지&바, 바르
③ 스파 : 본에스티스 스파 10% 할인
음료 및 주류 스시 카네사카, 연회 Private Dining, 이벤트 상품 및 외부 아이템 중복 할인 제외
포도호텔
① 객실 : 정상가 기준 10~40% 할인 및 조식 제공
the Black, the Purple, the Red, the Green, 대한항공카드 the First, American Express The Platinum Card
Edition2, American Express
Gold Card Edition2, American Express
Green Card Edition2 보유 회원에 한해 제공
해비치호텔앤드리조트 제주
① 객실 : 정규 패키지 10% 할인
골프 패키지 제외
제외 기간 : 2026. 7. 16 ~ 8. 20
② F&B : 10% 할인
대상 업장 : 섬모라, 99바, 밀리우, 마고 및 해비치 C.C 클럽 하우스, 메르 & 테르
③ 스파 : 10% 할인
④ 골프 : 정상가 기준 해비치 CC 그린피 주중 20% 할인, 주말 10% 할인
넥슨 현대카드 UNLIMITED로 이용 시 할인 제외
스파 할인은 the Black, the Purple, the Red 보유 회원에 한해 제공
히든 클리프 호텔 & 네이쳐
① F&B : 10% 할인
시즌 이벤트 메뉴, 주류 및 룸서비스, 인피니티바 제외
② 스파 : 보떼에르 스파 바이 록시땅 10% 할인
이벤트 상품 제외
호텔 홈페이지를 통해 예약 시에 한해 제공
대구 메리어트 호텔
① 객실 : 패키지 상품 5% 할인
제외 기간 : 2026. 12. 24, 12. 31
② F&B : 10% 할인
대상 업장 : 어반 키친, 동문, 라운지&바
제외 기간 : 2026. 12. 24 ~ 12. 25, 12. 31
호텔 홈페이지에서 판매 중인 패키지에 한해 제공(단, 루프탑 패키지 제외)
라한셀렉트 경주
① 객실 : BAR(Best Available Rate) 기준 일~금요일 10% 할인, 토요일 및 성수기 5% 할인
② F&B : 더플레이트 10% 할인
롯데호텔 울산
① 객실 : 호텔 직판 상시 패키지 5% 할인
얼리버드 및 특가 등 일부 패키지 제외
제외 기간 : 2026. 5. 3 ~ 5. 5, 7. 26 ~ 8. 9, 8. 15~ 8. 16, 10. 3 ~ 10. 11, 12. 24, 12. 31
② F&B : 10% 할인
대상 업장 : 델리카한스, 페닌슐라
호텔 직판 상시 패키지 할인은 the Black, the Purple, the Red, 대한항공카드 the First 보유 회원에 한해 제공
F&B 할인은 카드당 1테이블 기준으로 제공
브리브 광주 바이 롯데호텔
① 객실 : 정상가 기준 일~목요일 40% 할인, 금·토요일 30% 할인
② F&B : 10% 할인
대상 업장 : 뷔페 레스토랑 파라뷰, 중식당 쉥카이
제외 기간 : 2026. 12. 20 ~ 12. 31
사우스케이프
① F&B : 업장에서 현장 결제 시 10% 할인
음료, 주류, 룸서비스, 이벤트 메뉴 제외
② 스파 : 10% 할인
이용일 1일 전까지 사전 예약 필수
the Black, the Purple, the Red, the Green, the Pink, American Express The Platinum Card
Edition2, American Express
Gold Card Edition2, American Express
Green Card Edition2, American Express The Platinum Card
, American Express
Gold Card, American Express
Green Card 보유 회원에 한해 제공
이용 전 호텔로 혜택 적용 가능 여부 확인 필수(미확인 시 혜택 적용 불가할 수 있음)
소노캄 고양
① 객실 : BAR(Best Available Rate) 기준 10% 할인
② F&B : 10% 할인
대상 업장 : 셰프스 키친, 죽림, 일라고
③ 기타 : 사우나 50% 할인
객실 할인은 예약 가능한 잔여 객실이 있는 경우에 한해 제공
사우나 할인은 본인 회원에 한해 제공
씨마크 호텔
① 객실 : BAR(Best Available Rate) 기준 프리미엄 디럭스 룸 10% 할인
② F&B : 더 레스토랑 10% 할인
the Black, the Purple, the Red, the Green 보유 회원에 한해 제공
알펜시아
① 객실 : BAR(Best Available Rate) 기준으로 25% 할인
② F&B : 음식 10% 할인
음료, 주류, 인룸다이닝, 미니바, 연회 제외
제외 기간 : 크리스마스 디너 뷔페, 추석 디너 뷔페 등 이벤트 기간
오노마 대전 오토그래프컬랙션
① 객실 : 객실 정규 패키지 10% 할인
② F&B : 5% 할인
대상 업장 : 타운하우스, 오노마 라운지
켄싱턴 스타호텔 설악
① 객실 : 정상가 기준 주중 일~목요일 30% 할인, 금·토요일 20%, 연휴 및 성수기 10% 할인
패키지 상품 제외
② F&B : 10% 할인
이벤트 및 음료, 주류, 미팅 시설 이용료 제외
호텔인터불고 엑스코
① 객실 : 정상가 기준 40% 할인
② F&B : 10% 할인
최대 5인 이용 가능(공휴일 제외)
임대 업장 및 주류 제외
호텔현대 바이 라한 울산
① 객실 : BAR(Best Available Rate) 기준 10% 상시 할인, 성수기 5% 할인
② F&B : 10% 할인
대상 업장 : 디오븐, 더플레이트, 더터번",2026-06-06 17:21:11
NXNX_E0006,NXNX,현대,넥슨,FEX699,2026년 제휴 호텔 이벤트 혜택 안내,https://www.hyundaicard.com/cpb/ev/CPBEV0101_06.hc?bnftWebEvntCd=FEX699,2026-01-01,2026-12-31,할인,이용 방법,"예약 시 현대카드 이벤트 이용 예정임을 알리고, 이용 시 본인 명의 대상 카드로 결제",2026-06-06 17:21:11
NXNX_E0006,NXNX,현대,넥슨,FEX699,2026년 제휴 호텔 이벤트 혜택 안내,https://www.hyundaicard.com/cpb/ev/CPBEV0101_06.hc?bnftWebEvntCd=FEX699,2026-01-01,2026-12-31,할인,확인사항,"확인해 주세요
위 혜택은 대상 카드로 결제 시 적용됩니다.
현대카드 Chameleon 및 앱카드, 간편결제 서비스(네이버페이 등) 이용 시 혜택 제외
호텔 사정에 따라 특정 날짜, 특정 상품은 혜택 제공이 불가할 수 있습니다.
F&B 혜택 대상에서 연회*, 인룸다이닝, 미니바, 임대 업장, 소매 상품, 음료 및 주류, 갈라 디너 등의 이벤트 메뉴는 제외됩니다.
*20인 이상의 예약 또는 연회성 행사(호텔별 적용 인원 기준이 다르니 이용 전 각 호텔로 문의)
다른 혜택(바우처, 쿠폰, 호텔 멤버십 적립, 할인 등) 및 이벤트와 중복 적용되지 않습니다.
예약 안내 및 유의사항 등 자세한 내용은 대상 호텔로 문의해 주세요.
위 혜택은 현대카드 및 제휴사 사정에 따라 변경 또는 중단될 수 있습니다.",2026-06-06 17:21:11
OLVYHC_E0001,OLVYHC,현대,올리브영,1PY430,프로스포츠 입장권 할인 안내 (2026년 기준),https://www.hyundaicard.com/cpb/ev/CPBEV0101_06.hc?bnftWebEvntCd=1PY430,2026-01-01,2026-12-31,할인,확인사항,"확인해 주세요
위 혜택은 각 구단의 정규 리그 홈경기, 구단별 1일 1회 1매 제공됩니다.
위 혜택은 2026 시즌 할인 가능 입장권에 한해 적용되며, 입장권 가격은 구단 사정에 따라 변경될 수 있습니다.
[실적 기준]
당월 이용 금액은 결제일자에 청구된 대상 카드(본인+가족 카드)의 일시불 및 할부 금액입니다.
전월 이용 금액은 전월 1일부터 말일까지의 대상 카드(본인+가족 카드)의 일시불 및 할부 금액입니다.
할부, 일부결제금액이월약정(리볼빙) 이용 시 최초 결제일자 이용 금액에 포함됩니다.
결제일자 변경, 전표매입 지연, 매출 취소, 세이브-오토(선지급 포인트 서비스) 등의 경우 실적 합산 기간 및 금액이 달라질 수 있습니다.
대중교통, 하이패스, 도시가스 등 사후 승인 가맹점 이용금액은 매출전표 접수일 기준으로 해당 월의 이용금액에 포함됩니다
장기카드대출(카드론), 단기카드대출(현금서비스), 연회비, 제수수료, 이자 이용 금액은 당월/전월 이용 금액 합산 제외됩니다.
결제 대금 납부 완료 건 취소 시 매출취소 전표가 당사에 접수된 월의 실적에서 매출취소 금액 차감됩니다.",2026-06-06 17:21:35
HGEHC_E0001,HGEHC,현대,제네시스,GGE383,플래티넘카드 발레파킹서비스 안내(2026년 기준),https://www.hyundaicard.com/cpb/ev/CPBEV0101_06.hc?bnftWebEvntCd=GGE383,2026-01-01,2026-12-31,기타,혜택,"플래티넘 등급 이상의 국내외겸용 현대카드 보유 시 국내 특급호텔 및 인천국제공항 무료 발레파킹서비스 제공
위 서비스는 선택제공서비스이며, 전월 이용 금액 조건 충족 시 본인 회원에 한해 제공(대상점은 브랜드사에 따라 다름)
[Visa]
혜택 1
인천국제공항 무료 발레파킹서비스 제공
본인+가족 카드 대상 제1·2여객터미널 통합 월 3회 한도(주차비 별도)
혜택 1
인천국제공항 무료 발레파킹서비스
본인+가족 카드 대상 제1·2여객터미널 통합 월 3회 한도(주차비 별도)
혜택 1
인천국제공항 무료 발레파킹서비스
본인+가족 카드 대상 제1·2여객터미널 통합 월 3회 한도(주차비 별도)",2026-06-06 17:21:40
HGEHC_E0001,HGEHC,현대,제네시스,GGE383,플래티넘카드 발레파킹서비스 안내(2026년 기준),https://www.hyundaicard.com/cpb/ev/CPBEV0101_06.hc?bnftWebEvntCd=GGE383,2026-01-01,2026-12-31,기타,기간,2026. 1. 1 ~ 12. 31,2026-06-06 17:21:40
HGEHC_E0001,HGEHC,현대,제네시스,GGE383,플래티넘카드 발레파킹서비스 안내(2026년 기준),https://www.hyundaicard.com/cpb/ev/CPBEV0101_06.hc?bnftWebEvntCd=GGE383,2026-01-01,2026-12-31,기타,대상,"대상 카드 기소지 회원
서울
대상점
Visa
Mastercard
UnionPay
JW 메리어트 동대문 스퀘어 서울
JW 메리어트 호텔 서울
그랜드 워커힐 서울
그랜드 하얏트 서울
노보텔 앰배서더 서울 강남
노보텔 앰배서더 서울 동대문 호텔 & 레지던스
더 플라자
레스케이프 호텔
르 메르디앙 & 목시 서울 명동
메리어트 이그제큐티브 아파트먼트 서울
메이필드 호텔
몬드리안 서울 이태원
반얀트리 클럽앤스파 서울
비스타 워커힐 서울
서울신라호텔
스위스 그랜드 호텔
앰배서더 서울 풀만 호텔
파크 하얏트 서울
호텔 나루 서울 엠갤러리
소피텔 앰배서더 서울 호텔 & 서비스드 레지던스
호텔 코리아나
글래드 강남 코엑스
AC 호텔 바이 메리어트 서울 강남
그 외
대상점
Visa
Mastercard
UnionPay
그랜드 머큐어 앰배서더 창원
그랜드 하얏트 인천
대구 메리어트 호텔
웨스틴 조선 부산
파크 하얏트 부산
호텔 인터불고 대구
파라다이스 호텔 부산
힐튼 경주
공항
대상점
Visa
Mastercard
UnionPay
인천국제공항 제1여객터미널
인천국제공항 제2여객터미널",2026-06-06 17:21:40
HGEHC_E0001,HGEHC,현대,제네시스,GGE383,플래티넘카드 발레파킹서비스 안내(2026년 기준),https://www.hyundaicard.com/cpb/ev/CPBEV0101_06.hc?bnftWebEvntCd=GGE383,2026-01-01,2026-12-31,기타,확인사항,"확인해 주세요
위 서비스는 선택제공서비스*이며, 전월 이용 금액 기준 충족 시 당월 1일부터 말일까지 이용 가능합니다.
선택제공서비스란 브랜드사 서비스 중 전월 이용 금액 기준에 따라 등급별로 현대카드가 선택 제공하는 서비스로 이용 관련 자세한 내용은 해당 브랜드사 및 현대카드 홈페이지 참고
전월 이용 금액은 일시불 및 할부 금액 기준입니다.
전월 이용 금액 50만원 : 각 결제일의 이용 기간 동안 일시불 및 할부 금액
예시) 결제일이 25일인 경우, 전월 14일~당월 13일에 이용한 금액
전월 이용 금액 30만원 : 전월 1일부터 말일까지 일시불 및 할부 금액
전월 이용 금액 및 서비스 이용 한도는 보유 카드별 본인+가족 카드 합산 기준입니다.(단, 본인+가족 카드가 동일한 경우에만 합산 가능)
예시) M2 Edition2 본인 카드와 M2 Family Edition2 가족 카드 또는 M3 Edition2 본인 카드와 M3 RED MEMBERS Edition2 가족 카드의 경우 합산 불가
예시) M2 본인 카드와 M2 Lady 가족 카드 또는 M2(연회비 3만원) 본인 카드와 M2(연회비 5만원) 가족 카드의 경우 합산 불가
장기카드대출(카드론), 단기카드대출(현금서비스), 연회비, 제수수료, 이자 등은 이용 금액 합산 제외됩니다.
할부, 일부결제금액이월약정(리볼빙) 이용 시 최초 결제일에 실적 포함됩니다.
결제일자 변경 시 실적 합산 기간 및 이용 금액이 달라질 수 있습니다.
전표매입 지연, 매출 취소의 경우 이용 금액이 달라질 수 있습니다.",2026-06-06 17:21:40
MXBE2_E0006,MXBE2,현대,MX Black Edition2,WIQ382,플래티넘카드 공항 라운지서비스 안내(2026년 기준),https://www.hyundaicard.com/cpb/ev/CPBEV0101_06.hc?bnftWebEvntCd=WIQ382,2026-01-01,2026-12-31,기타,혜택,"플래티넘 등급 이상의 국내외겸용 현대카드 보유 시 공항 라운지 서비스 제공(연 2회)
위 서비스는 선택제공서비스이며, 전월 이용 금액 조건 충족 시 본인 회원에 한해 제공(대상 라운지는 브랜드사에 따라 다름)
[Visa]
혜택 제공 횟수
본인 회원 연간 2회 한도
혜택 제공 횟수
본인 회원 연간 2회 한도
혜택 제공 횟수
본인 회원 연간 2회 한도",2026-06-06 17:21:45
MXBE2_E0006,MXBE2,현대,MX Black Edition2,WIQ382,플래티넘카드 공항 라운지서비스 안내(2026년 기준),https://www.hyundaicard.com/cpb/ev/CPBEV0101_06.hc?bnftWebEvntCd=WIQ382,2026-01-01,2026-12-31,기타,기간,2026. 1. 1 ~ 12. 31,2026-06-06 17:21:45
MXBE2_E0006,MXBE2,현대,MX Black Edition2,WIQ382,플래티넘카드 공항 라운지서비스 안내(2026년 기준),https://www.hyundaicard.com/cpb/ev/CPBEV0101_06.hc?bnftWebEvntCd=WIQ382,2026-01-01,2026-12-31,기타,대상,"대상 카드 기소지 회원
인천국제공항
대상 라운지
위치
Visa/UnionPay
Mastercard
스카이 허브 라운지
제1여객터미널 동편, 서편, 탑승동
워커힐 마티나 라운지
제1여객터미널 동편, 서편
제2여객터미널 중앙
김포공항
대상 라운지
위치
Visa/UnionPay
Mastercard
스카이 허브 라운지
국제선 청사 3층",2026-06-06 17:21:45
MXBE2_E0006,MXBE2,현대,MX Black Edition2,WIQ382,플래티넘카드 공항 라운지서비스 안내(2026년 기준),https://www.hyundaicard.com/cpb/ev/CPBEV0101_06.hc?bnftWebEvntCd=WIQ382,2026-01-01,2026-12-31,기타,확인사항,"확인해 주세요
위 서비스는 선택제공서비스*이며, 전월 이용 금액 기준 충족 시 당월 1일부터 말일까지 이용 가능합니다.
선택제공서비스란 브랜드사 서비스 중 전월 이용 금액 기준에 따라 등급별로 현대카드가 선택 제공하는 서비스로 이용 관련 자세한 내용은 해당 브랜드사 및 현대카드 홈페이지 참고
전월 이용 금액은 일시불 및 할부 금액 기준입니다.
전월 이용 금액 50만원 : 각 결제일의 이용 기간 동안 일시불 및 할부 금액
예시) 결제일이 25일인 경우, 전월 14일~당월 13일에 이용한 금액
전월 이용 금액 30만원 : 전월 1일부터 말일까지 일시불 및 할부 금액
전월 이용 금액 및 서비스 이용 한도는 보유 카드별 본인+가족 카드 합산 기준입니다.(단, 본인+가족 카드가 동일한 경우에만 합산 가능)
예시) M2 Edition2 본인 카드와 M2 Family Edition2 가족 카드 또는 M3 Edition2 본인 카드와 M3 RED MEMBERS Edition2 가족 카드의 경우 합산 불가
예시) M2 본인 카드와 M2 Lady 가족 카드 또는 M2(연회비 3만원) 본인 카드와 M2(연회비 5만원) 가족 카드의 경우 합산 불가
장기카드대출(카드론), 단기카드대출(현금서비스), 연회비, 제수수료, 이자 등은 이용 금액 합산 제외됩니다.
할부, 일부결제금액이월약정(리볼빙) 이용 시 최초 결제일에 실적 포함됩니다.
결제일자 변경 시 실적 합산 기간 및 이용 금액이 달라질 수 있습니다.
전표매입 지연, 매출 취소의 경우 이용 금액이 달라질 수 있습니다.",2026-06-06 17:21:45
TRE6_E0005,TRE6,현대,the Red,MHX747,"Tom Sachs가 디자인한 현대카드 Tom Sachs ""Credit Card""",https://www.hyundaicard.com/cpb/ev/CPBEV0101_06.hc?bnftWebEvntCd=MHX747,2025-07-08,2026-06-30,기타,혜택,"대상 카드 발급 시 현대카드 Tom Sachs ""Credit Card"" 신청 가능
* 현대카드 Tom Sachs ""Credit Card""는 기본 플레이트에 추가로 신청 가능한 스페셜 디자인 플레이트입니다.
* 기본 플레이트와 스페셜 디자인 플레이트 총 2장을 보유하여 병행 이용 가능합니다.
Metal : 10만원, Plywood / Fluorescent Red / White : 1만원
연회비와 별도로 수수료 부과되는 추가 발급 유료 플레이트입니다. (기본 플레이트와 병행 이용 가능)",2026-06-06 17:22:44
TRE6_E0005,TRE6,현대,the Red,MHX747,"Tom Sachs가 디자인한 현대카드 Tom Sachs ""Credit Card""",https://www.hyundaicard.com/cpb/ev/CPBEV0101_06.hc?bnftWebEvntCd=MHX747,2025-07-08,2026-06-30,기타,기간,2025. 7. 8 ~ 2026. 6. 30,2026-06-06 17:22:44
TRE6_E0005,TRE6,현대,the Red,MHX747,"Tom Sachs가 디자인한 현대카드 Tom Sachs ""Credit Card""",https://www.hyundaicard.com/cpb/ev/CPBEV0101_06.hc?bnftWebEvntCd=MHX747,2025-07-08,2026-06-30,기타,대상,"Hyundai Originals (Visa 브랜드)
자주 묻는 질문 보러가기",2026-06-06 17:22:44
TRE6_E0005,TRE6,현대,the Red,MHX747,"Tom Sachs가 디자인한 현대카드 Tom Sachs ""Credit Card""",https://www.hyundaicard.com/cpb/ev/CPBEV0101_06.hc?bnftWebEvntCd=MHX747,2025-07-08,2026-06-30,기타,확인사항,"확인해 주세요
Tom Sachs ""Credit Card""는 국내외겸용(Visa) 본인 카드만 신청 가능합니다.
대상 카드 발급 시 기본 플레이트가 제공되며, Tom Sachs ""Credit Card"" 추가 신청 가능합니다.(카드별 기본 플레이트 포함 최대 2매 보유 가능)
메탈 플레이트가 기본 제공되는 the Black, the Purple, the Red Stripe Edition2는 Tom Sachs ""Credit Card"" 메탈 플레이트만 신청 가능합니다.
Tom Sachs ""Credit Card"" 메탈 플레이트는 카드 전체를 완전히 삽입하는 모든 결제 단말기에서의 이용이 불가합니다.
이용 불가 기기*에 카드를 투입하면 반환되지 않거나 손상되어 기기 소유주에게 손해가 발생할 수 있으니, 해당 기기에서는 다른 현대카드를 이용해 주시기 바랍니다.
*이용 불가 기기 예시
①현금인출기(ATM) ②주차 요금 정산기 ③공과금 납부기 ④티켓 발권기 ⑤병원 정산기 ⑥마트(상품권 구매 기기) 등
Tom Sachs ""Credit Card"" 신청 시 발급 수수료 별도 부과 또는 M포인트로 결제 가능합니다.(재발급 시 동일 적용)
단, M포인트 적립 및 사용 가능한 카드에 한해 M포인트로 결제 가능(the Black 및 the Purple은 불가)
플라스틱 플레이트 : 1만원 또는 1만 M포인트
메탈 플레이트 : 10만원 또는 10만 M포인트
the Black, the Purple, the Red Stripe Edition2 Tom Sachs ""Credit Card"" 메탈 플레이트는 발급 수수료 무료 대상에서 제외됩니다.
Z work Edition2를 보유한 경우 K-패스, 후불기후동행 이용 기준은 아래와 같습니다.
K-패스 : 1인 1개의 카드번호만 등록되며, 기본 플레이트와 추가 플레이트 중 하나만 이용 가능
후불기후동행은 기본 플레이트 카드번호만 신청 가능
Tom Sachs ""Credit Card"" 유효 기간은 기본 플레이트와 동일하게 발급되며, 기본 플레이트 해지 시 Tom Sachs ""Credit Card""도 동시 해지됩니다.
기본 플레이트에 대한 연회비는 일할 환불(연회비 환불 기준은 상품 약관 참고)
Tom Sachs ""Credit Card"" 발급 수수료는 환불 불가
Tom Sachs ""Credit Card""는 별도 패키지로 배송되니 카드 수령 시 참고해 주세요.
메탈 플레이트는 소재 특성상 수작업으로 제작되어 신청일로부터 발급까지 평균 3주 내외 소요됩니다. (플레이트 수급 상황에 따라 소요 기간은 달라질 수 있음)
Tom Sachs ""Credit Card""는 신청 이후 단순 변심에 따른 취소 불가합니다.
대상 카드 기소지 회원은 현대카드 앱 또는 고객센터를 통해 Tom Sachs ""Credit Card"" 신청 가능합니다.
앱 : 메뉴(좌측 상단) > 카드 관리 > 보유 카드 목록 > Tom Sachs 플레이트 추가 발급
고객센터 : 1577-6000
이벤트 기간 종료 후 재발급 시 Tom Sachs ""Credit Card""로 신청 불가할 수 있습니다.
카드 발급 여부는 현대카드의 발급 및 심사 기준에 따르며, 신청 과정에서 회원님께 확인 전화를 드릴 수 있습니다.
본 이벤트는 현대카드 사정에 따라 변경 또는 중단될 수 있습니다.
자세한 내용은 현대카드 고객센터(1577-6000)로 문의해 주세요.",2026-06-06 17:22:44
TGE3_E0006,TGE3,현대,the Green Edition3,MHX747,"Tom Sachs가 디자인한 현대카드 Tom Sachs ""Credit Card""",https://www.hyundaicard.com/cpb/ev/CPBEV0101_06.hc?bnftWebEvntCd=MHX747,2025-07-08,2026-06-30,기타,혜택,"대상 카드 발급 시 현대카드 Tom Sachs ""Credit Card"" 신청 가능
* 현대카드 Tom Sachs ""Credit Card""는 기본 플레이트에 추가로 신청 가능한 스페셜 디자인 플레이트입니다.
* 기본 플레이트와 스페셜 디자인 플레이트 총 2장을 보유하여 병행 이용 가능합니다.
Metal : 10만원, Plywood / Fluorescent Red / White : 1만원
연회비와 별도로 수수료 부과되는 추가 발급 유료 플레이트입니다. (기본 플레이트와 병행 이용 가능)",2026-06-06 17:22:44
TGE3_E0006,TGE3,현대,the Green Edition3,MHX747,"Tom Sachs가 디자인한 현대카드 Tom Sachs ""Credit Card""",https://www.hyundaicard.com/cpb/ev/CPBEV0101_06.hc?bnftWebEvntCd=MHX747,2025-07-08,2026-06-30,기타,기간,2025. 7. 8 ~ 2026. 6. 30,2026-06-06 17:22:44
TGE3_E0006,TGE3,현대,the Green Edition3,MHX747,"Tom Sachs가 디자인한 현대카드 Tom Sachs ""Credit Card""",https://www.hyundaicard.com/cpb/ev/CPBEV0101_06.hc?bnftWebEvntCd=MHX747,2025-07-08,2026-06-30,기타,대상,"Hyundai Originals (Visa 브랜드)
자주 묻는 질문 보러가기",2026-06-06 17:22:44
TGE3_E0006,TGE3,현대,the Green Edition3,MHX747,"Tom Sachs가 디자인한 현대카드 Tom Sachs ""Credit Card""",https://www.hyundaicard.com/cpb/ev/CPBEV0101_06.hc?bnftWebEvntCd=MHX747,2025-07-08,2026-06-30,기타,확인사항,"확인해 주세요
Tom Sachs ""Credit Card""는 국내외겸용(Visa) 본인 카드만 신청 가능합니다.
대상 카드 발급 시 기본 플레이트가 제공되며, Tom Sachs ""Credit Card"" 추가 신청 가능합니다.(카드별 기본 플레이트 포함 최대 2매 보유 가능)
메탈 플레이트가 기본 제공되는 the Black, the Purple, the Red Stripe Edition2는 Tom Sachs ""Credit Card"" 메탈 플레이트만 신청 가능합니다.
Tom Sachs ""Credit Card"" 메탈 플레이트는 카드 전체를 완전히 삽입하는 모든 결제 단말기에서의 이용이 불가합니다.
이용 불가 기기*에 카드를 투입하면 반환되지 않거나 손상되어 기기 소유주에게 손해가 발생할 수 있으니, 해당 기기에서는 다른 현대카드를 이용해 주시기 바랍니다.
*이용 불가 기기 예시
①현금인출기(ATM) ②주차 요금 정산기 ③공과금 납부기 ④티켓 발권기 ⑤병원 정산기 ⑥마트(상품권 구매 기기) 등
Tom Sachs ""Credit Card"" 신청 시 발급 수수료 별도 부과 또는 M포인트로 결제 가능합니다.(재발급 시 동일 적용)
단, M포인트 적립 및 사용 가능한 카드에 한해 M포인트로 결제 가능(the Black 및 the Purple은 불가)
플라스틱 플레이트 : 1만원 또는 1만 M포인트
메탈 플레이트 : 10만원 또는 10만 M포인트
the Black, the Purple, the Red Stripe Edition2 Tom Sachs ""Credit Card"" 메탈 플레이트는 발급 수수료 무료 대상에서 제외됩니다.
Z work Edition2를 보유한 경우 K-패스, 후불기후동행 이용 기준은 아래와 같습니다.
K-패스 : 1인 1개의 카드번호만 등록되며, 기본 플레이트와 추가 플레이트 중 하나만 이용 가능
후불기후동행은 기본 플레이트 카드번호만 신청 가능
Tom Sachs ""Credit Card"" 유효 기간은 기본 플레이트와 동일하게 발급되며, 기본 플레이트 해지 시 Tom Sachs ""Credit Card""도 동시 해지됩니다.
기본 플레이트에 대한 연회비는 일할 환불(연회비 환불 기준은 상품 약관 참고)
Tom Sachs ""Credit Card"" 발급 수수료는 환불 불가
Tom Sachs ""Credit Card""는 별도 패키지로 배송되니 카드 수령 시 참고해 주세요.
메탈 플레이트는 소재 특성상 수작업으로 제작되어 신청일로부터 발급까지 평균 3주 내외 소요됩니다. (플레이트 수급 상황에 따라 소요 기간은 달라질 수 있음)
Tom Sachs ""Credit Card""는 신청 이후 단순 변심에 따른 취소 불가합니다.
대상 카드 기소지 회원은 현대카드 앱 또는 고객센터를 통해 Tom Sachs ""Credit Card"" 신청 가능합니다.
앱 : 메뉴(좌측 상단) > 카드 관리 > 보유 카드 목록 > Tom Sachs 플레이트 추가 발급
고객센터 : 1577-6000
이벤트 기간 종료 후 재발급 시 Tom Sachs ""Credit Card""로 신청 불가할 수 있습니다.
카드 발급 여부는 현대카드의 발급 및 심사 기준에 따르며, 신청 과정에서 회원님께 확인 전화를 드릴 수 있습니다.
본 이벤트는 현대카드 사정에 따라 변경 또는 중단될 수 있습니다.
자세한 내용은 현대카드 고객센터(1577-6000)로 문의해 주세요.",2026-06-06 17:22:44
TPIE2_E0006,TPIE2,현대,the Pink Edition2,MHX747,"Tom Sachs가 디자인한 현대카드 Tom Sachs ""Credit Card""",https://www.hyundaicard.com/cpb/ev/CPBEV0101_06.hc?bnftWebEvntCd=MHX747,2025-07-08,2026-06-30,기타,혜택,"대상 카드 발급 시 현대카드 Tom Sachs ""Credit Card"" 신청 가능
* 현대카드 Tom Sachs ""Credit Card""는 기본 플레이트에 추가로 신청 가능한 스페셜 디자인 플레이트입니다.
* 기본 플레이트와 스페셜 디자인 플레이트 총 2장을 보유하여 병행 이용 가능합니다.
Metal : 10만원, Plywood / Fluorescent Red / White : 1만원
연회비와 별도로 수수료 부과되는 추가 발급 유료 플레이트입니다. (기본 플레이트와 병행 이용 가능)",2026-06-06 17:22:44
TPIE2_E0006,TPIE2,현대,the Pink Edition2,MHX747,"Tom Sachs가 디자인한 현대카드 Tom Sachs ""Credit Card""",https://www.hyundaicard.com/cpb/ev/CPBEV0101_06.hc?bnftWebEvntCd=MHX747,2025-07-08,2026-06-30,기타,기간,2025. 7. 8 ~ 2026. 6. 30,2026-06-06 17:22:44
TPIE2_E0006,TPIE2,현대,the Pink Edition2,MHX747,"Tom Sachs가 디자인한 현대카드 Tom Sachs ""Credit Card""",https://www.hyundaicard.com/cpb/ev/CPBEV0101_06.hc?bnftWebEvntCd=MHX747,2025-07-08,2026-06-30,기타,대상,"Hyundai Originals (Visa 브랜드)
자주 묻는 질문 보러가기",2026-06-06 17:22:44
TPIE2_E0006,TPIE2,현대,the Pink Edition2,MHX747,"Tom Sachs가 디자인한 현대카드 Tom Sachs ""Credit Card""",https://www.hyundaicard.com/cpb/ev/CPBEV0101_06.hc?bnftWebEvntCd=MHX747,2025-07-08,2026-06-30,기타,확인사항,"확인해 주세요
Tom Sachs ""Credit Card""는 국내외겸용(Visa) 본인 카드만 신청 가능합니다.
대상 카드 발급 시 기본 플레이트가 제공되며, Tom Sachs ""Credit Card"" 추가 신청 가능합니다.(카드별 기본 플레이트 포함 최대 2매 보유 가능)
메탈 플레이트가 기본 제공되는 the Black, the Purple, the Red Stripe Edition2는 Tom Sachs ""Credit Card"" 메탈 플레이트만 신청 가능합니다.
Tom Sachs ""Credit Card"" 메탈 플레이트는 카드 전체를 완전히 삽입하는 모든 결제 단말기에서의 이용이 불가합니다.
이용 불가 기기*에 카드를 투입하면 반환되지 않거나 손상되어 기기 소유주에게 손해가 발생할 수 있으니, 해당 기기에서는 다른 현대카드를 이용해 주시기 바랍니다.
*이용 불가 기기 예시
①현금인출기(ATM) ②주차 요금 정산기 ③공과금 납부기 ④티켓 발권기 ⑤병원 정산기 ⑥마트(상품권 구매 기기) 등
Tom Sachs ""Credit Card"" 신청 시 발급 수수료 별도 부과 또는 M포인트로 결제 가능합니다.(재발급 시 동일 적용)
단, M포인트 적립 및 사용 가능한 카드에 한해 M포인트로 결제 가능(the Black 및 the Purple은 불가)
플라스틱 플레이트 : 1만원 또는 1만 M포인트
메탈 플레이트 : 10만원 또는 10만 M포인트
the Black, the Purple, the Red Stripe Edition2 Tom Sachs ""Credit Card"" 메탈 플레이트는 발급 수수료 무료 대상에서 제외됩니다.
Z work Edition2를 보유한 경우 K-패스, 후불기후동행 이용 기준은 아래와 같습니다.
K-패스 : 1인 1개의 카드번호만 등록되며, 기본 플레이트와 추가 플레이트 중 하나만 이용 가능
후불기후동행은 기본 플레이트 카드번호만 신청 가능
Tom Sachs ""Credit Card"" 유효 기간은 기본 플레이트와 동일하게 발급되며, 기본 플레이트 해지 시 Tom Sachs ""Credit Card""도 동시 해지됩니다.
기본 플레이트에 대한 연회비는 일할 환불(연회비 환불 기준은 상품 약관 참고)
Tom Sachs ""Credit Card"" 발급 수수료는 환불 불가
Tom Sachs ""Credit Card""는 별도 패키지로 배송되니 카드 수령 시 참고해 주세요.
메탈 플레이트는 소재 특성상 수작업으로 제작되어 신청일로부터 발급까지 평균 3주 내외 소요됩니다. (플레이트 수급 상황에 따라 소요 기간은 달라질 수 있음)
Tom Sachs ""Credit Card""는 신청 이후 단순 변심에 따른 취소 불가합니다.
대상 카드 기소지 회원은 현대카드 앱 또는 고객센터를 통해 Tom Sachs ""Credit Card"" 신청 가능합니다.
앱 : 메뉴(좌측 상단) > 카드 관리 > 보유 카드 목록 > Tom Sachs 플레이트 추가 발급
고객센터 : 1577-6000
이벤트 기간 종료 후 재발급 시 Tom Sachs ""Credit Card""로 신청 불가할 수 있습니다.
카드 발급 여부는 현대카드의 발급 및 심사 기준에 따르며, 신청 과정에서 회원님께 확인 전화를 드릴 수 있습니다.
본 이벤트는 현대카드 사정에 따라 변경 또는 중단될 수 있습니다.
자세한 내용은 현대카드 고객센터(1577-6000)로 문의해 주세요.",2026-06-06 17:22:44
SPM_E0007,SPM,현대,Summit,MHX747,"Tom Sachs가 디자인한 현대카드 Tom Sachs ""Credit Card""",https://www.hyundaicard.com/cpb/ev/CPBEV0101_06.hc?bnftWebEvntCd=MHX747,2025-07-08,2026-06-30,기타,혜택,"대상 카드 발급 시 현대카드 Tom Sachs ""Credit Card"" 신청 가능
* 현대카드 Tom Sachs ""Credit Card""는 기본 플레이트에 추가로 신청 가능한 스페셜 디자인 플레이트입니다.
* 기본 플레이트와 스페셜 디자인 플레이트 총 2장을 보유하여 병행 이용 가능합니다.
Metal : 10만원, Plywood / Fluorescent Red / White : 1만원
연회비와 별도로 수수료 부과되는 추가 발급 유료 플레이트입니다. (기본 플레이트와 병행 이용 가능)",2026-06-06 17:22:44
SPM_E0007,SPM,현대,Summit,MHX747,"Tom Sachs가 디자인한 현대카드 Tom Sachs ""Credit Card""",https://www.hyundaicard.com/cpb/ev/CPBEV0101_06.hc?bnftWebEvntCd=MHX747,2025-07-08,2026-06-30,기타,기간,2025. 7. 8 ~ 2026. 6. 30,2026-06-06 17:22:44
SPM_E0007,SPM,현대,Summit,MHX747,"Tom Sachs가 디자인한 현대카드 Tom Sachs ""Credit Card""",https://www.hyundaicard.com/cpb/ev/CPBEV0101_06.hc?bnftWebEvntCd=MHX747,2025-07-08,2026-06-30,기타,대상,"Hyundai Originals (Visa 브랜드)
자주 묻는 질문 보러가기",2026-06-06 17:22:44
SPM_E0007,SPM,현대,Summit,MHX747,"Tom Sachs가 디자인한 현대카드 Tom Sachs ""Credit Card""",https://www.hyundaicard.com/cpb/ev/CPBEV0101_06.hc?bnftWebEvntCd=MHX747,2025-07-08,2026-06-30,기타,확인사항,"확인해 주세요
Tom Sachs ""Credit Card""는 국내외겸용(Visa) 본인 카드만 신청 가능합니다.
대상 카드 발급 시 기본 플레이트가 제공되며, Tom Sachs ""Credit Card"" 추가 신청 가능합니다.(카드별 기본 플레이트 포함 최대 2매 보유 가능)
메탈 플레이트가 기본 제공되는 the Black, the Purple, the Red Stripe Edition2는 Tom Sachs ""Credit Card"" 메탈 플레이트만 신청 가능합니다.
Tom Sachs ""Credit Card"" 메탈 플레이트는 카드 전체를 완전히 삽입하는 모든 결제 단말기에서의 이용이 불가합니다.
이용 불가 기기*에 카드를 투입하면 반환되지 않거나 손상되어 기기 소유주에게 손해가 발생할 수 있으니, 해당 기기에서는 다른 현대카드를 이용해 주시기 바랍니다.
*이용 불가 기기 예시
①현금인출기(ATM) ②주차 요금 정산기 ③공과금 납부기 ④티켓 발권기 ⑤병원 정산기 ⑥마트(상품권 구매 기기) 등
Tom Sachs ""Credit Card"" 신청 시 발급 수수료 별도 부과 또는 M포인트로 결제 가능합니다.(재발급 시 동일 적용)
단, M포인트 적립 및 사용 가능한 카드에 한해 M포인트로 결제 가능(the Black 및 the Purple은 불가)
플라스틱 플레이트 : 1만원 또는 1만 M포인트
메탈 플레이트 : 10만원 또는 10만 M포인트
the Black, the Purple, the Red Stripe Edition2 Tom Sachs ""Credit Card"" 메탈 플레이트는 발급 수수료 무료 대상에서 제외됩니다.
Z work Edition2를 보유한 경우 K-패스, 후불기후동행 이용 기준은 아래와 같습니다.
K-패스 : 1인 1개의 카드번호만 등록되며, 기본 플레이트와 추가 플레이트 중 하나만 이용 가능
후불기후동행은 기본 플레이트 카드번호만 신청 가능
Tom Sachs ""Credit Card"" 유효 기간은 기본 플레이트와 동일하게 발급되며, 기본 플레이트 해지 시 Tom Sachs ""Credit Card""도 동시 해지됩니다.
기본 플레이트에 대한 연회비는 일할 환불(연회비 환불 기준은 상품 약관 참고)
Tom Sachs ""Credit Card"" 발급 수수료는 환불 불가
Tom Sachs ""Credit Card""는 별도 패키지로 배송되니 카드 수령 시 참고해 주세요.
메탈 플레이트는 소재 특성상 수작업으로 제작되어 신청일로부터 발급까지 평균 3주 내외 소요됩니다. (플레이트 수급 상황에 따라 소요 기간은 달라질 수 있음)
Tom Sachs ""Credit Card""는 신청 이후 단순 변심에 따른 취소 불가합니다.
대상 카드 기소지 회원은 현대카드 앱 또는 고객센터를 통해 Tom Sachs ""Credit Card"" 신청 가능합니다.
앱 : 메뉴(좌측 상단) > 카드 관리 > 보유 카드 목록 > Tom Sachs 플레이트 추가 발급
고객센터 : 1577-6000
이벤트 기간 종료 후 재발급 시 Tom Sachs ""Credit Card""로 신청 불가할 수 있습니다.
카드 발급 여부는 현대카드의 발급 및 심사 기준에 따르며, 신청 과정에서 회원님께 확인 전화를 드릴 수 있습니다.
본 이벤트는 현대카드 사정에 따라 변경 또는 중단될 수 있습니다.
자세한 내용은 현대카드 고객센터(1577-6000)로 문의해 주세요.",2026-06-06 17:22:44
BTCP_E0002,BTCP,현대,Boutique - Copper,MHX747,"Tom Sachs가 디자인한 현대카드 Tom Sachs ""Credit Card""",https://www.hyundaicard.com/cpb/ev/CPBEV0101_06.hc?bnftWebEvntCd=MHX747,2025-07-08,2026-06-30,기타,혜택,"대상 카드 발급 시 현대카드 Tom Sachs ""Credit Card"" 신청 가능
* 현대카드 Tom Sachs ""Credit Card""는 기본 플레이트에 추가로 신청 가능한 스페셜 디자인 플레이트입니다.
* 기본 플레이트와 스페셜 디자인 플레이트 총 2장을 보유하여 병행 이용 가능합니다.
Metal : 10만원, Plywood / Fluorescent Red / White : 1만원
연회비와 별도로 수수료 부과되는 추가 발급 유료 플레이트입니다. (기본 플레이트와 병행 이용 가능)",2026-06-06 17:22:44
BTCP_E0002,BTCP,현대,Boutique - Copper,MHX747,"Tom Sachs가 디자인한 현대카드 Tom Sachs ""Credit Card""",https://www.hyundaicard.com/cpb/ev/CPBEV0101_06.hc?bnftWebEvntCd=MHX747,2025-07-08,2026-06-30,기타,기간,2025. 7. 8 ~ 2026. 6. 30,2026-06-06 17:22:44
BTCP_E0002,BTCP,현대,Boutique - Copper,MHX747,"Tom Sachs가 디자인한 현대카드 Tom Sachs ""Credit Card""",https://www.hyundaicard.com/cpb/ev/CPBEV0101_06.hc?bnftWebEvntCd=MHX747,2025-07-08,2026-06-30,기타,대상,"Hyundai Originals (Visa 브랜드)
자주 묻는 질문 보러가기",2026-06-06 17:22:44
BTCP_E0002,BTCP,현대,Boutique - Copper,MHX747,"Tom Sachs가 디자인한 현대카드 Tom Sachs ""Credit Card""",https://www.hyundaicard.com/cpb/ev/CPBEV0101_06.hc?bnftWebEvntCd=MHX747,2025-07-08,2026-06-30,기타,확인사항,"확인해 주세요
Tom Sachs ""Credit Card""는 국내외겸용(Visa) 본인 카드만 신청 가능합니다.
대상 카드 발급 시 기본 플레이트가 제공되며, Tom Sachs ""Credit Card"" 추가 신청 가능합니다.(카드별 기본 플레이트 포함 최대 2매 보유 가능)
메탈 플레이트가 기본 제공되는 the Black, the Purple, the Red Stripe Edition2는 Tom Sachs ""Credit Card"" 메탈 플레이트만 신청 가능합니다.
Tom Sachs ""Credit Card"" 메탈 플레이트는 카드 전체를 완전히 삽입하는 모든 결제 단말기에서의 이용이 불가합니다.
이용 불가 기기*에 카드를 투입하면 반환되지 않거나 손상되어 기기 소유주에게 손해가 발생할 수 있으니, 해당 기기에서는 다른 현대카드를 이용해 주시기 바랍니다.
*이용 불가 기기 예시
①현금인출기(ATM) ②주차 요금 정산기 ③공과금 납부기 ④티켓 발권기 ⑤병원 정산기 ⑥마트(상품권 구매 기기) 등
Tom Sachs ""Credit Card"" 신청 시 발급 수수료 별도 부과 또는 M포인트로 결제 가능합니다.(재발급 시 동일 적용)
단, M포인트 적립 및 사용 가능한 카드에 한해 M포인트로 결제 가능(the Black 및 the Purple은 불가)
플라스틱 플레이트 : 1만원 또는 1만 M포인트
메탈 플레이트 : 10만원 또는 10만 M포인트
the Black, the Purple, the Red Stripe Edition2 Tom Sachs ""Credit Card"" 메탈 플레이트는 발급 수수료 무료 대상에서 제외됩니다.
Z work Edition2를 보유한 경우 K-패스, 후불기후동행 이용 기준은 아래와 같습니다.
K-패스 : 1인 1개의 카드번호만 등록되며, 기본 플레이트와 추가 플레이트 중 하나만 이용 가능
후불기후동행은 기본 플레이트 카드번호만 신청 가능
Tom Sachs ""Credit Card"" 유효 기간은 기본 플레이트와 동일하게 발급되며, 기본 플레이트 해지 시 Tom Sachs ""Credit Card""도 동시 해지됩니다.
기본 플레이트에 대한 연회비는 일할 환불(연회비 환불 기준은 상품 약관 참고)
Tom Sachs ""Credit Card"" 발급 수수료는 환불 불가
Tom Sachs ""Credit Card""는 별도 패키지로 배송되니 카드 수령 시 참고해 주세요.
메탈 플레이트는 소재 특성상 수작업으로 제작되어 신청일로부터 발급까지 평균 3주 내외 소요됩니다. (플레이트 수급 상황에 따라 소요 기간은 달라질 수 있음)
Tom Sachs ""Credit Card""는 신청 이후 단순 변심에 따른 취소 불가합니다.
대상 카드 기소지 회원은 현대카드 앱 또는 고객센터를 통해 Tom Sachs ""Credit Card"" 신청 가능합니다.
앱 : 메뉴(좌측 상단) > 카드 관리 > 보유 카드 목록 > Tom Sachs 플레이트 추가 발급
고객센터 : 1577-6000
이벤트 기간 종료 후 재발급 시 Tom Sachs ""Credit Card""로 신청 불가할 수 있습니다.
카드 발급 여부는 현대카드의 발급 및 심사 기준에 따르며, 신청 과정에서 회원님께 확인 전화를 드릴 수 있습니다.
본 이벤트는 현대카드 사정에 따라 변경 또는 중단될 수 있습니다.
자세한 내용은 현대카드 고객센터(1577-6000)로 문의해 주세요.",2026-06-06 17:22:44
ME4_E0003,ME4,현대,M,MHX747,"Tom Sachs가 디자인한 현대카드 Tom Sachs ""Credit Card""",https://www.hyundaicard.com/cpb/ev/CPBEV0101_06.hc?bnftWebEvntCd=MHX747,2025-07-08,2026-06-30,기타,혜택,"대상 카드 발급 시 현대카드 Tom Sachs ""Credit Card"" 신청 가능
* 현대카드 Tom Sachs ""Credit Card""는 기본 플레이트에 추가로 신청 가능한 스페셜 디자인 플레이트입니다.
* 기본 플레이트와 스페셜 디자인 플레이트 총 2장을 보유하여 병행 이용 가능합니다.
Metal : 10만원, Plywood / Fluorescent Red / White : 1만원
연회비와 별도로 수수료 부과되는 추가 발급 유료 플레이트입니다. (기본 플레이트와 병행 이용 가능)",2026-06-06 17:22:44
ME4_E0003,ME4,현대,M,MHX747,"Tom Sachs가 디자인한 현대카드 Tom Sachs ""Credit Card""",https://www.hyundaicard.com/cpb/ev/CPBEV0101_06.hc?bnftWebEvntCd=MHX747,2025-07-08,2026-06-30,기타,기간,2025. 7. 8 ~ 2026. 6. 30,2026-06-06 17:22:44
ME4_E0003,ME4,현대,M,MHX747,"Tom Sachs가 디자인한 현대카드 Tom Sachs ""Credit Card""",https://www.hyundaicard.com/cpb/ev/CPBEV0101_06.hc?bnftWebEvntCd=MHX747,2025-07-08,2026-06-30,기타,대상,"Hyundai Originals (Visa 브랜드)
자주 묻는 질문 보러가기",2026-06-06 17:22:44
ME4_E0003,ME4,현대,M,MHX747,"Tom Sachs가 디자인한 현대카드 Tom Sachs ""Credit Card""",https://www.hyundaicard.com/cpb/ev/CPBEV0101_06.hc?bnftWebEvntCd=MHX747,2025-07-08,2026-06-30,기타,확인사항,"확인해 주세요
Tom Sachs ""Credit Card""는 국내외겸용(Visa) 본인 카드만 신청 가능합니다.
대상 카드 발급 시 기본 플레이트가 제공되며, Tom Sachs ""Credit Card"" 추가 신청 가능합니다.(카드별 기본 플레이트 포함 최대 2매 보유 가능)
메탈 플레이트가 기본 제공되는 the Black, the Purple, the Red Stripe Edition2는 Tom Sachs ""Credit Card"" 메탈 플레이트만 신청 가능합니다.
Tom Sachs ""Credit Card"" 메탈 플레이트는 카드 전체를 완전히 삽입하는 모든 결제 단말기에서의 이용이 불가합니다.
이용 불가 기기*에 카드를 투입하면 반환되지 않거나 손상되어 기기 소유주에게 손해가 발생할 수 있으니, 해당 기기에서는 다른 현대카드를 이용해 주시기 바랍니다.
*이용 불가 기기 예시
①현금인출기(ATM) ②주차 요금 정산기 ③공과금 납부기 ④티켓 발권기 ⑤병원 정산기 ⑥마트(상품권 구매 기기) 등
Tom Sachs ""Credit Card"" 신청 시 발급 수수료 별도 부과 또는 M포인트로 결제 가능합니다.(재발급 시 동일 적용)
단, M포인트 적립 및 사용 가능한 카드에 한해 M포인트로 결제 가능(the Black 및 the Purple은 불가)
플라스틱 플레이트 : 1만원 또는 1만 M포인트
메탈 플레이트 : 10만원 또는 10만 M포인트
the Black, the Purple, the Red Stripe Edition2 Tom Sachs ""Credit Card"" 메탈 플레이트는 발급 수수료 무료 대상에서 제외됩니다.
Z work Edition2를 보유한 경우 K-패스, 후불기후동행 이용 기준은 아래와 같습니다.
K-패스 : 1인 1개의 카드번호만 등록되며, 기본 플레이트와 추가 플레이트 중 하나만 이용 가능
후불기후동행은 기본 플레이트 카드번호만 신청 가능
Tom Sachs ""Credit Card"" 유효 기간은 기본 플레이트와 동일하게 발급되며, 기본 플레이트 해지 시 Tom Sachs ""Credit Card""도 동시 해지됩니다.
기본 플레이트에 대한 연회비는 일할 환불(연회비 환불 기준은 상품 약관 참고)
Tom Sachs ""Credit Card"" 발급 수수료는 환불 불가
Tom Sachs ""Credit Card""는 별도 패키지로 배송되니 카드 수령 시 참고해 주세요.
메탈 플레이트는 소재 특성상 수작업으로 제작되어 신청일로부터 발급까지 평균 3주 내외 소요됩니다. (플레이트 수급 상황에 따라 소요 기간은 달라질 수 있음)
Tom Sachs ""Credit Card""는 신청 이후 단순 변심에 따른 취소 불가합니다.
대상 카드 기소지 회원은 현대카드 앱 또는 고객센터를 통해 Tom Sachs ""Credit Card"" 신청 가능합니다.
앱 : 메뉴(좌측 상단) > 카드 관리 > 보유 카드 목록 > Tom Sachs 플레이트 추가 발급
고객센터 : 1577-6000
이벤트 기간 종료 후 재발급 시 Tom Sachs ""Credit Card""로 신청 불가할 수 있습니다.
카드 발급 여부는 현대카드의 발급 및 심사 기준에 따르며, 신청 과정에서 회원님께 확인 전화를 드릴 수 있습니다.
본 이벤트는 현대카드 사정에 따라 변경 또는 중단될 수 있습니다.
자세한 내용은 현대카드 고객센터(1577-6000)로 문의해 주세요.",2026-06-06 17:22:44
ZRUP_E0002,ZRUP,현대,ZERO Up,MHX747,"Tom Sachs가 디자인한 현대카드 Tom Sachs ""Credit Card""",https://www.hyundaicard.com/cpb/ev/CPBEV0101_06.hc?bnftWebEvntCd=MHX747,2025-07-08,2026-06-30,기타,혜택,"대상 카드 발급 시 현대카드 Tom Sachs ""Credit Card"" 신청 가능
* 현대카드 Tom Sachs ""Credit Card""는 기본 플레이트에 추가로 신청 가능한 스페셜 디자인 플레이트입니다.
* 기본 플레이트와 스페셜 디자인 플레이트 총 2장을 보유하여 병행 이용 가능합니다.
Metal : 10만원, Plywood / Fluorescent Red / White : 1만원
연회비와 별도로 수수료 부과되는 추가 발급 유료 플레이트입니다. (기본 플레이트와 병행 이용 가능)",2026-06-06 17:22:44
ZRUP_E0002,ZRUP,현대,ZERO Up,MHX747,"Tom Sachs가 디자인한 현대카드 Tom Sachs ""Credit Card""",https://www.hyundaicard.com/cpb/ev/CPBEV0101_06.hc?bnftWebEvntCd=MHX747,2025-07-08,2026-06-30,기타,기간,2025. 7. 8 ~ 2026. 6. 30,2026-06-06 17:22:44
ZRUP_E0002,ZRUP,현대,ZERO Up,MHX747,"Tom Sachs가 디자인한 현대카드 Tom Sachs ""Credit Card""",https://www.hyundaicard.com/cpb/ev/CPBEV0101_06.hc?bnftWebEvntCd=MHX747,2025-07-08,2026-06-30,기타,대상,"Hyundai Originals (Visa 브랜드)
자주 묻는 질문 보러가기",2026-06-06 17:22:44
ZRUP_E0002,ZRUP,현대,ZERO Up,MHX747,"Tom Sachs가 디자인한 현대카드 Tom Sachs ""Credit Card""",https://www.hyundaicard.com/cpb/ev/CPBEV0101_06.hc?bnftWebEvntCd=MHX747,2025-07-08,2026-06-30,기타,확인사항,"확인해 주세요
Tom Sachs ""Credit Card""는 국내외겸용(Visa) 본인 카드만 신청 가능합니다.
대상 카드 발급 시 기본 플레이트가 제공되며, Tom Sachs ""Credit Card"" 추가 신청 가능합니다.(카드별 기본 플레이트 포함 최대 2매 보유 가능)
메탈 플레이트가 기본 제공되는 the Black, the Purple, the Red Stripe Edition2는 Tom Sachs ""Credit Card"" 메탈 플레이트만 신청 가능합니다.
Tom Sachs ""Credit Card"" 메탈 플레이트는 카드 전체를 완전히 삽입하는 모든 결제 단말기에서의 이용이 불가합니다.
이용 불가 기기*에 카드를 투입하면 반환되지 않거나 손상되어 기기 소유주에게 손해가 발생할 수 있으니, 해당 기기에서는 다른 현대카드를 이용해 주시기 바랍니다.
*이용 불가 기기 예시
①현금인출기(ATM) ②주차 요금 정산기 ③공과금 납부기 ④티켓 발권기 ⑤병원 정산기 ⑥마트(상품권 구매 기기) 등
Tom Sachs ""Credit Card"" 신청 시 발급 수수료 별도 부과 또는 M포인트로 결제 가능합니다.(재발급 시 동일 적용)
단, M포인트 적립 및 사용 가능한 카드에 한해 M포인트로 결제 가능(the Black 및 the Purple은 불가)
플라스틱 플레이트 : 1만원 또는 1만 M포인트
메탈 플레이트 : 10만원 또는 10만 M포인트
the Black, the Purple, the Red Stripe Edition2 Tom Sachs ""Credit Card"" 메탈 플레이트는 발급 수수료 무료 대상에서 제외됩니다.
Z work Edition2를 보유한 경우 K-패스, 후불기후동행 이용 기준은 아래와 같습니다.
K-패스 : 1인 1개의 카드번호만 등록되며, 기본 플레이트와 추가 플레이트 중 하나만 이용 가능
후불기후동행은 기본 플레이트 카드번호만 신청 가능
Tom Sachs ""Credit Card"" 유효 기간은 기본 플레이트와 동일하게 발급되며, 기본 플레이트 해지 시 Tom Sachs ""Credit Card""도 동시 해지됩니다.
기본 플레이트에 대한 연회비는 일할 환불(연회비 환불 기준은 상품 약관 참고)
Tom Sachs ""Credit Card"" 발급 수수료는 환불 불가
Tom Sachs ""Credit Card""는 별도 패키지로 배송되니 카드 수령 시 참고해 주세요.
메탈 플레이트는 소재 특성상 수작업으로 제작되어 신청일로부터 발급까지 평균 3주 내외 소요됩니다. (플레이트 수급 상황에 따라 소요 기간은 달라질 수 있음)
Tom Sachs ""Credit Card""는 신청 이후 단순 변심에 따른 취소 불가합니다.
대상 카드 기소지 회원은 현대카드 앱 또는 고객센터를 통해 Tom Sachs ""Credit Card"" 신청 가능합니다.
앱 : 메뉴(좌측 상단) > 카드 관리 > 보유 카드 목록 > Tom Sachs 플레이트 추가 발급
고객센터 : 1577-6000
이벤트 기간 종료 후 재발급 시 Tom Sachs ""Credit Card""로 신청 불가할 수 있습니다.
카드 발급 여부는 현대카드의 발급 및 심사 기준에 따르며, 신청 과정에서 회원님께 확인 전화를 드릴 수 있습니다.
본 이벤트는 현대카드 사정에 따라 변경 또는 중단될 수 있습니다.
자세한 내용은 현대카드 고객센터(1577-6000)로 문의해 주세요.",2026-06-06 17:22:44
XCUT_E0002,XCUT,현대,X Cut,MHX747,"Tom Sachs가 디자인한 현대카드 Tom Sachs ""Credit Card""",https://www.hyundaicard.com/cpb/ev/CPBEV0101_06.hc?bnftWebEvntCd=MHX747,2025-07-08,2026-06-30,기타,혜택,"대상 카드 발급 시 현대카드 Tom Sachs ""Credit Card"" 신청 가능
* 현대카드 Tom Sachs ""Credit Card""는 기본 플레이트에 추가로 신청 가능한 스페셜 디자인 플레이트입니다.
* 기본 플레이트와 스페셜 디자인 플레이트 총 2장을 보유하여 병행 이용 가능합니다.
Metal : 10만원, Plywood / Fluorescent Red / White : 1만원
연회비와 별도로 수수료 부과되는 추가 발급 유료 플레이트입니다. (기본 플레이트와 병행 이용 가능)",2026-06-06 17:22:44
XCUT_E0002,XCUT,현대,X Cut,MHX747,"Tom Sachs가 디자인한 현대카드 Tom Sachs ""Credit Card""",https://www.hyundaicard.com/cpb/ev/CPBEV0101_06.hc?bnftWebEvntCd=MHX747,2025-07-08,2026-06-30,기타,기간,2025. 7. 8 ~ 2026. 6. 30,2026-06-06 17:22:44
XCUT_E0002,XCUT,현대,X Cut,MHX747,"Tom Sachs가 디자인한 현대카드 Tom Sachs ""Credit Card""",https://www.hyundaicard.com/cpb/ev/CPBEV0101_06.hc?bnftWebEvntCd=MHX747,2025-07-08,2026-06-30,기타,대상,"Hyundai Originals (Visa 브랜드)
자주 묻는 질문 보러가기",2026-06-06 17:22:44
XCUT_E0002,XCUT,현대,X Cut,MHX747,"Tom Sachs가 디자인한 현대카드 Tom Sachs ""Credit Card""",https://www.hyundaicard.com/cpb/ev/CPBEV0101_06.hc?bnftWebEvntCd=MHX747,2025-07-08,2026-06-30,기타,확인사항,"확인해 주세요
Tom Sachs ""Credit Card""는 국내외겸용(Visa) 본인 카드만 신청 가능합니다.
대상 카드 발급 시 기본 플레이트가 제공되며, Tom Sachs ""Credit Card"" 추가 신청 가능합니다.(카드별 기본 플레이트 포함 최대 2매 보유 가능)
메탈 플레이트가 기본 제공되는 the Black, the Purple, the Red Stripe Edition2는 Tom Sachs ""Credit Card"" 메탈 플레이트만 신청 가능합니다.
Tom Sachs ""Credit Card"" 메탈 플레이트는 카드 전체를 완전히 삽입하는 모든 결제 단말기에서의 이용이 불가합니다.
이용 불가 기기*에 카드를 투입하면 반환되지 않거나 손상되어 기기 소유주에게 손해가 발생할 수 있으니, 해당 기기에서는 다른 현대카드를 이용해 주시기 바랍니다.
*이용 불가 기기 예시
①현금인출기(ATM) ②주차 요금 정산기 ③공과금 납부기 ④티켓 발권기 ⑤병원 정산기 ⑥마트(상품권 구매 기기) 등
Tom Sachs ""Credit Card"" 신청 시 발급 수수료 별도 부과 또는 M포인트로 결제 가능합니다.(재발급 시 동일 적용)
단, M포인트 적립 및 사용 가능한 카드에 한해 M포인트로 결제 가능(the Black 및 the Purple은 불가)
플라스틱 플레이트 : 1만원 또는 1만 M포인트
메탈 플레이트 : 10만원 또는 10만 M포인트
the Black, the Purple, the Red Stripe Edition2 Tom Sachs ""Credit Card"" 메탈 플레이트는 발급 수수료 무료 대상에서 제외됩니다.
Z work Edition2를 보유한 경우 K-패스, 후불기후동행 이용 기준은 아래와 같습니다.
K-패스 : 1인 1개의 카드번호만 등록되며, 기본 플레이트와 추가 플레이트 중 하나만 이용 가능
후불기후동행은 기본 플레이트 카드번호만 신청 가능
Tom Sachs ""Credit Card"" 유효 기간은 기본 플레이트와 동일하게 발급되며, 기본 플레이트 해지 시 Tom Sachs ""Credit Card""도 동시 해지됩니다.
기본 플레이트에 대한 연회비는 일할 환불(연회비 환불 기준은 상품 약관 참고)
Tom Sachs ""Credit Card"" 발급 수수료는 환불 불가
Tom Sachs ""Credit Card""는 별도 패키지로 배송되니 카드 수령 시 참고해 주세요.
메탈 플레이트는 소재 특성상 수작업으로 제작되어 신청일로부터 발급까지 평균 3주 내외 소요됩니다. (플레이트 수급 상황에 따라 소요 기간은 달라질 수 있음)
Tom Sachs ""Credit Card""는 신청 이후 단순 변심에 따른 취소 불가합니다.
대상 카드 기소지 회원은 현대카드 앱 또는 고객센터를 통해 Tom Sachs ""Credit Card"" 신청 가능합니다.
앱 : 메뉴(좌측 상단) > 카드 관리 > 보유 카드 목록 > Tom Sachs 플레이트 추가 발급
고객센터 : 1577-6000
이벤트 기간 종료 후 재발급 시 Tom Sachs ""Credit Card""로 신청 불가할 수 있습니다.
카드 발급 여부는 현대카드의 발급 및 심사 기준에 따르며, 신청 과정에서 회원님께 확인 전화를 드릴 수 있습니다.
본 이벤트는 현대카드 사정에 따라 변경 또는 중단될 수 있습니다.
자세한 내용은 현대카드 고객센터(1577-6000)로 문의해 주세요.",2026-06-06 17:22:44
ZFE2_E0003,ZFE2,현대,Z family Edition2,MHX747,"Tom Sachs가 디자인한 현대카드 Tom Sachs ""Credit Card""",https://www.hyundaicard.com/cpb/ev/CPBEV0101_06.hc?bnftWebEvntCd=MHX747,2025-07-08,2026-06-30,기타,혜택,"대상 카드 발급 시 현대카드 Tom Sachs ""Credit Card"" 신청 가능
* 현대카드 Tom Sachs ""Credit Card""는 기본 플레이트에 추가로 신청 가능한 스페셜 디자인 플레이트입니다.
* 기본 플레이트와 스페셜 디자인 플레이트 총 2장을 보유하여 병행 이용 가능합니다.
Metal : 10만원, Plywood / Fluorescent Red / White : 1만원
연회비와 별도로 수수료 부과되는 추가 발급 유료 플레이트입니다. (기본 플레이트와 병행 이용 가능)",2026-06-06 17:22:44
ZFE2_E0003,ZFE2,현대,Z family Edition2,MHX747,"Tom Sachs가 디자인한 현대카드 Tom Sachs ""Credit Card""",https://www.hyundaicard.com/cpb/ev/CPBEV0101_06.hc?bnftWebEvntCd=MHX747,2025-07-08,2026-06-30,기타,기간,2025. 7. 8 ~ 2026. 6. 30,2026-06-06 17:22:44
ZFE2_E0003,ZFE2,현대,Z family Edition2,MHX747,"Tom Sachs가 디자인한 현대카드 Tom Sachs ""Credit Card""",https://www.hyundaicard.com/cpb/ev/CPBEV0101_06.hc?bnftWebEvntCd=MHX747,2025-07-08,2026-06-30,기타,대상,"Hyundai Originals (Visa 브랜드)
자주 묻는 질문 보러가기",2026-06-06 17:22:44
ZFE2_E0003,ZFE2,현대,Z family Edition2,MHX747,"Tom Sachs가 디자인한 현대카드 Tom Sachs ""Credit Card""",https://www.hyundaicard.com/cpb/ev/CPBEV0101_06.hc?bnftWebEvntCd=MHX747,2025-07-08,2026-06-30,기타,확인사항,"확인해 주세요
Tom Sachs ""Credit Card""는 국내외겸용(Visa) 본인 카드만 신청 가능합니다.
대상 카드 발급 시 기본 플레이트가 제공되며, Tom Sachs ""Credit Card"" 추가 신청 가능합니다.(카드별 기본 플레이트 포함 최대 2매 보유 가능)
메탈 플레이트가 기본 제공되는 the Black, the Purple, the Red Stripe Edition2는 Tom Sachs ""Credit Card"" 메탈 플레이트만 신청 가능합니다.
Tom Sachs ""Credit Card"" 메탈 플레이트는 카드 전체를 완전히 삽입하는 모든 결제 단말기에서의 이용이 불가합니다.
이용 불가 기기*에 카드를 투입하면 반환되지 않거나 손상되어 기기 소유주에게 손해가 발생할 수 있으니, 해당 기기에서는 다른 현대카드를 이용해 주시기 바랍니다.
*이용 불가 기기 예시
①현금인출기(ATM) ②주차 요금 정산기 ③공과금 납부기 ④티켓 발권기 ⑤병원 정산기 ⑥마트(상품권 구매 기기) 등
Tom Sachs ""Credit Card"" 신청 시 발급 수수료 별도 부과 또는 M포인트로 결제 가능합니다.(재발급 시 동일 적용)
단, M포인트 적립 및 사용 가능한 카드에 한해 M포인트로 결제 가능(the Black 및 the Purple은 불가)
플라스틱 플레이트 : 1만원 또는 1만 M포인트
메탈 플레이트 : 10만원 또는 10만 M포인트
the Black, the Purple, the Red Stripe Edition2 Tom Sachs ""Credit Card"" 메탈 플레이트는 발급 수수료 무료 대상에서 제외됩니다.
Z work Edition2를 보유한 경우 K-패스, 후불기후동행 이용 기준은 아래와 같습니다.
K-패스 : 1인 1개의 카드번호만 등록되며, 기본 플레이트와 추가 플레이트 중 하나만 이용 가능
후불기후동행은 기본 플레이트 카드번호만 신청 가능
Tom Sachs ""Credit Card"" 유효 기간은 기본 플레이트와 동일하게 발급되며, 기본 플레이트 해지 시 Tom Sachs ""Credit Card""도 동시 해지됩니다.
기본 플레이트에 대한 연회비는 일할 환불(연회비 환불 기준은 상품 약관 참고)
Tom Sachs ""Credit Card"" 발급 수수료는 환불 불가
Tom Sachs ""Credit Card""는 별도 패키지로 배송되니 카드 수령 시 참고해 주세요.
메탈 플레이트는 소재 특성상 수작업으로 제작되어 신청일로부터 발급까지 평균 3주 내외 소요됩니다. (플레이트 수급 상황에 따라 소요 기간은 달라질 수 있음)
Tom Sachs ""Credit Card""는 신청 이후 단순 변심에 따른 취소 불가합니다.
대상 카드 기소지 회원은 현대카드 앱 또는 고객센터를 통해 Tom Sachs ""Credit Card"" 신청 가능합니다.
앱 : 메뉴(좌측 상단) > 카드 관리 > 보유 카드 목록 > Tom Sachs 플레이트 추가 발급
고객센터 : 1577-6000
이벤트 기간 종료 후 재발급 시 Tom Sachs ""Credit Card""로 신청 불가할 수 있습니다.
카드 발급 여부는 현대카드의 발급 및 심사 기준에 따르며, 신청 과정에서 회원님께 확인 전화를 드릴 수 있습니다.
본 이벤트는 현대카드 사정에 따라 변경 또는 중단될 수 있습니다.
자세한 내용은 현대카드 고객센터(1577-6000)로 문의해 주세요.",2026-06-06 17:22:44
MBTO_E0001,MBTO,현대,"연회비Visa250,000원국내전용250,000원",5VL936,현대카드MY BUSINESS the Orange 신규 회원 연회비 캐시백 이벤트,https://www.hyundaicard.com/cpb/ev/CPBEV0101_06.hc?bnftWebEvntCd=5VL936,2026-06-01,2026-06-30,캐시백,혜택,"기간 내 현대카드 홈페이지 및 앱에서 현대카드MY BUSINESS the Orange 신규 발급 후
조건 충족 시 발급 첫해 연회비 캐시백
현대카드 최초 발급 및 재가입(탈회 후 1년 초과하여 발급) 회원
발급월 포함 2개월간 100만원 이상 이용
앱카드 등록* 또는 Apple Pay에 카드 추가
*안드로이드/iOS 기종 모두 등록 가능
마케팅 수신 동의
Online/1_홈페이지&인터넷
STEP1
현대카드 홈페이지 및
앱에서 카드 신청
ServiceDetail/23_일부결제금액이월약정&상환스케줄조정서비스
STEP2
발급 다음 달까지 100만원 이상 이용
앱카드 등록 또는 Apple Pay에 카드 추가
마케팅 수신 동의
Cashback/5_캐시백
STEP3
발급 다음 달부터 3개월 이내
캐시백 제공(결제 계좌로 입금)
앱카드 바로가기",2026-06-07 07:41:47
MBTO_E0001,MBTO,현대,"연회비Visa250,000원국내전용250,000원",5VL936,현대카드MY BUSINESS the Orange 신규 회원 연회비 캐시백 이벤트,https://www.hyundaicard.com/cpb/ev/CPBEV0101_06.hc?bnftWebEvntCd=5VL936,2026-06-01,2026-06-30,캐시백,기간,2026. 6. 1 ~ 6. 30(카드 신청일 기준),2026-06-07 07:41:47
MBTO_E0001,MBTO,현대,"연회비Visa250,000원국내전용250,000원",5VL936,현대카드MY BUSINESS the Orange 신규 회원 연회비 캐시백 이벤트,https://www.hyundaicard.com/cpb/ev/CPBEV0101_06.hc?bnftWebEvntCd=5VL936,2026-06-01,2026-06-30,캐시백,이용 방법,"홈페이지 > 카드 > 카드 신청
앱 > 메뉴(좌측 상단) > 카드 신청",2026-06-07 07:41:47
MBTO_E0001,MBTO,현대,"연회비Visa250,000원국내전용250,000원",5VL936,현대카드MY BUSINESS the Orange 신규 회원 연회비 캐시백 이벤트,https://www.hyundaicard.com/cpb/ev/CPBEV0101_06.hc?bnftWebEvntCd=5VL936,2026-06-01,2026-06-30,캐시백,혜택,"조건 충족 시 발급 다음 달 기준 3개월 이내 본인 명의 결제 계좌로 입금
예시) 2026년 6월 발급 후 7월 31일까지 조건 충족 시 9월 30일경 입금",2026-06-07 07:41:47
SPMMB_E0001,SPMMB,현대,"연회비Visa250,000원국내전용250,000원",Z0V730,현대카드MY BUSINESS Summit 신규 회원 연회비 캐시백 이벤트,https://www.hyundaicard.com/cpb/ev/CPBEV0101_06.hc?bnftWebEvntCd=Z0V730,2026-06-01,2026-06-30,캐시백,혜택,"기간 내 현대카드 홈페이지 및 앱에서 대상 카드 신규 발급 후 조건 총족 시 발급 첫해 연회비 캐시백
현대카드 최초 발급 및 재가입(탈회 후 1년 초과하여 발급) 회원
발급월 포함 2개월간 100만원 이상 이용
앱카드 등록* 또는 Apple Pay에 카드 추가
*안드로이드/iOS 기종 모두 등록 가능
마케팅 수신 동의
Online/1_홈페이지&인터넷
STEP1
현대카드 홈페이지 및
앱에서 카드 신청
ServiceDetail/23_일부결제금액이월약정&상환스케줄조정서비스
STEP2
발급 다음 달까지 100만원 이용
앱카드 등록* 또는
Apple Pay에 카드 추가
마케팅 수신 동의
Cashback/5_캐시백
STEP3
발급 다음 달부터 3개월 이내
캐시백 제공(결제 계좌로 입금)
앱카드 바로가기",2026-06-07 07:41:47
SPMMB_E0001,SPMMB,현대,"연회비Visa250,000원국내전용250,000원",Z0V730,현대카드MY BUSINESS Summit 신규 회원 연회비 캐시백 이벤트,https://www.hyundaicard.com/cpb/ev/CPBEV0101_06.hc?bnftWebEvntCd=Z0V730,2026-06-01,2026-06-30,캐시백,기간,2026. 6. 1 ~ 6. 30(카드 신청일 기준),2026-06-07 07:41:47
SPMMB_E0001,SPMMB,현대,"연회비Visa250,000원국내전용250,000원",Z0V730,현대카드MY BUSINESS Summit 신규 회원 연회비 캐시백 이벤트,https://www.hyundaicard.com/cpb/ev/CPBEV0101_06.hc?bnftWebEvntCd=Z0V730,2026-06-01,2026-06-30,캐시백,이용 방법,"홈페이지 > 카드 > 카드 신청
앱 > 메뉴(좌측 상단) > 카드 신청",2026-06-07 07:41:47
SPMMB_E0001,SPMMB,현대,"연회비Visa250,000원국내전용250,000원",Z0V730,현대카드MY BUSINESS Summit 신규 회원 연회비 캐시백 이벤트,https://www.hyundaicard.com/cpb/ev/CPBEV0101_06.hc?bnftWebEvntCd=Z0V730,2026-06-01,2026-06-30,캐시백,혜택,"조건 충족 시 발급 다음 달 기준 3개월 이내 본인 명의 결제 계좌로 입금
예시) 2026년 6월 발급 후 7월 31일까지 조건 충족 시 9월 30일경 입금",2026-06-07 07:41:47
SPMMB_E0001,SPMMB,현대,"연회비Visa250,000원국내전용250,000원",Z0V730,현대카드MY BUSINESS Summit 신규 회원 연회비 캐시백 이벤트,https://www.hyundaicard.com/cpb/ev/CPBEV0101_06.hc?bnftWebEvntCd=Z0V730,2026-06-01,2026-06-30,캐시백,확인사항,"확인해 주세요
위 혜택은 현대카드 홈페이지 및 앱에서 발급한 회원에 한해 1회 제공됩니다.(오프라인 발급 시 혜택 제외)
다음의 경우 혜택을 받을 수 없습니다.
본인 명의 카드 신규 발급 외 본인 카드 추가ㆍ교체 발급, 가족 카드 발급 회원
대상 카드 발급월부터 1년(2025년 7월 ~ 2026년 6월) 내 탈회 또는 본인ㆍ가족 카드 해지 이력이 있는 회원
혜택을 받기 위한 최소 결제 금액은 기간 내 승인 건에 한하며, 본인 명의 현대카드MY BUSINESS Summit의 누적 이용 금액(일시불 및 할부 합산) 기준입니다.
장기카드대출(카드론), 단기카드대출(현금서비스), 연회비, 제수수료, 이자 제외
혜택 제공 일정은 현대카드 또는 회원 사정에 따라 변경될 수 있습니다.
카드 이용 대금 결제일과 캐시백 제공일이 동일한 경우 캐시백 금액이 이용 대금으로 납부될 수 있습니다.
혜택 제공 시점에 대상 카드 해지, 교체(재발급 등), 정지(연체 등), 탈회 등의 경우 혜택이 제공되지 않습니다.(카드 상태가 정상인 경우에 한해 제공)
현대카드에서 진행하는 다른 이벤트(연회비 캐시백, 발급ㆍ이용 유도 등) 혜택과 중복 적용 불가합니다.
카드 발급 여부는 현대카드의 발급 및 심사 기준에 따릅니다.
신청 과정 중 회원님께 확인 전화를 드릴 수 있습니다.
자세한 내용은 현대카드 고객센터(1577-6000)로 문의해 주세요.
위 혜택은 현대카드 사정에 따라 변경 또는 중단될 수 있습니다.
Apple Pay 결제 대상 현대카드 및 이용 가능 브랜드는 현대카드 앱 및 홈페이지에서 확인해 주세요.",2026-06-07 07:41:47
