notice_id,card_id,notice_content,updated_at
FCDY_N0001,FCDY,"[카드 이용 유의사항]

[기타 안내]
결제 계좌 개설기관의 영업 마감 시간(오후 4시) 이후 결제 계좌에 입금된 금액에 대해서는 결제 계좌 개설기관의 사정에 따라 당일 출금되지 못하여 연체로 처리될 수 있으니 유의하시기 바랍니다.
자동납부 업무 마감 시간 이후 현대카드 홈페이지 및 앱에서 즉시결제 또는 입금전용(가상) 계좌 입금(송금납부)을 통해 당일 결제가 가능합니다.
(카드 대금 납부 관련한 자세한 내용은 홈페이지 > My Account > 이용 내역 > 이용 대금 명세서 또는 앱 > 메뉴(좌측 상단) > 카드 이용 내역 > 이용 대금 명세서 참고)

[민원 접수 안내]
현대카드 홈페이지, 고객센터, 팩스, 이메일 또는 방문, 우편을 통해 가능
홈페이지
> 고객지원 > 소비자보호 > 전자민원 접수
고객센터
1577-6000(해외 82-2-3015-9000)
팩스
02-2165-9454
이메일
hc_VOC@hyundaicard.com
방문/우편
서울시 영등포구 의사당대로 3 현대카드빌딩 카드소비자보호팀 담당자

[이용 안내]
모든 가맹점은 현대카드 가맹점 등록 및 업종 분류 기준입니다.
당사는 상품설명서의 내용을 준수합니다.
동일 기간 내 다수의 신용카드를 신청할 경우 개인신용평점, 이용 한도 등에 영향을 미칠 수 있습니다.
카드 이용 시 제공되는 포인트 및 할인 혜택 등의 부가서비스는 카드 신규 출시(2024년 11월 27일) 이후 3년 이상 축소·폐지 없이 유지됩니다. 상기에도 불구하고 다음과 같은 사유가 발생한 경우 카드사는 부가서비스를 변경할 수 있습니다. 카드사의 휴업·파산·경영상의 위기 등에 따른 불가피한 경우 제휴업체의 휴업·파산·경영상의 위기로 인해 불가피하게 부가서비스를 축소·변경하는 경우로서 다른 제휴업체를 통해 동종의 유사한 부가서비스 제공이 불가한 경우 제휴업체가 카드사의 의사에 반하여 해당 부가서비스를 축소하거나 변경 시, 당초 부가서비스에 상응하는 다른 부가서비스를 제공하는 경우 부가서비스를 3년 이상 제공한 상태에서 해당 부가서비스로 인해 상품의 수익성이 현저히 낮아진 경우
  - 카드사의 휴업·파산·경영상의 위기 등에 따른 불가피한 경우
  - 제휴업체의 휴업·파산·경영상의 위기로 인해 불가피하게 부가서비스를 축소·변경하는 경우로서 다른 제휴업체를 통해 동종의 유사한 부가서비스 제공이 불가한 경우
  - 제휴업체가 카드사의 의사에 반하여 해당 부가서비스를 축소하거나 변경 시, 당초 부가서비스에 상응하는 다른 부가서비스를 제공하는 경우
  - 부가서비스를 3년 이상 제공한 상태에서 해당 부가서비스로 인해 상품의 수익성이 현저히 낮아진 경우
카드사가 부가서비스를 변경하는 경우에는 부가서비스 변경 사유, 변경 내용 등을 사유 발생 즉시 홈페이지에 게시하고, 개별 고지 방법 중 2가지 이상의 방법으로 고지하여 드립니다.
					특히 카드 신규 출시 이후 3년 이상 경과했고, 해당 카드의 수익성 유지가 어려워져 부가서비스를 변경하는 경우에는 변경일 6개월 전부터 2가지 이상의 방법으로 매월 개별 고지해
					드립니다. 개별 고지 방법 : 서면 교부, 우편 또는 이메일, 전화 또는 팩스, 휴대폰 메시지 또는 이에 준하는 전자적 의사표시
  - 개별 고지 방법 : 서면 교부, 우편 또는 이메일, 전화 또는 팩스, 휴대폰 메시지 또는 이에 준하는 전자적 의사표시
연회비는 카드 발급 시 선청구됩니다.
카드 연회비(기본연회비 + 제휴연회비)는 보유 카드별로 청구됩니다.
후불교통 기능이 탑재되는 상품입니다.
카드 이용 대금 연체 시 약정 금리 + 연체 가산 금리 3%의 연체 금리가 적용됩니다.(회원별, 이용 상품별 차등 적용/법정 최고 금리 20% 이내) 단, 연체 발생 시점에 약정 금리가 없는 경우 아래와 같이 적용 일시불 : 거래 발생 시점 기준 최소 기간(2개월)의 유이자 할부 약정 금리 + 연체 가산 금리 3% 무이자 할부 : 거래 발생 시점 기준 동일한 할부 계약 기간의 유이자 할부 약정 금리 + 연체 가산 금리 3%
  - 일시불 : 거래 발생 시점 기준 최소 기간(2개월)의 유이자 할부 약정 금리 + 연체 가산 금리 3%
  - 무이자 할부 : 거래 발생 시점 기준 동일한 할부 계약 기간의 유이자 할부 약정 금리 + 연체 가산 금리 3%
상환 능력에 비해 신용카드 이용금액이 과도할 경우, 귀하의 개인신용평점이 하락할 수 있습니다.
개인신용평점 하락 시 금융거래와 관련된 불이익이 발생할 수 있습니다.
일정 기간 원리금을 연체할 경우, 모든 원리금을 변제할 의무가 발생할 수 있습니다.
신용카드 발급이 부적정한 경우(연체금 보유, 개인신용평점 낮음 등) 카드 발급이 제한될 수 있습니다.
카드 이용대금과 이에 수반되는 모든 수수료를 지정된 대금 결제일에 상환합니다.
금융소비자는 금융소비자보호법 제19조 제1항에 따라 해당 상품 또는 서비스에 대하여 설명을 받을 권리가 있습니다.
자세한 내용 및 이용 조건은 카드 신청 전 현대카드 홈페이지 및 상품설명서, 약관 참고
준법감시심의필 제 251111-048호 (2025.11.11~2026.11.10)
여신금융협회 심의필 제 2025-C1h-16848호 (2025.11.11~2026.11.10)",2026-06-03 14:51:45
TO_N0001,TO,"[카드 이용 유의사항]

[해외 결제 이용 안내]
국내외겸용 카드로 해외 이용 시(해외사이트 거래 포함) 미화(USD) 기준 거래미화금액에 접수일의 (대외결제대행은행) 최초 고시 전신환매도율을
                    적용한 후, 국제브랜드사가 부과하는 국제브랜드 수수료(Visa 1.1%)와 현대카드가 부과하는 해외서비스 수수료(0.2%)를 포함하여 원화로 청구됩니다. 국제브랜드 수수료 및
                    대외결제대행은행 관련 자세한 내용은 현대카드 홈페이지를 참고해 주세요.
해외 이용 시 청구금액 산출 방법
* 해외 이용 시 청구 금액=(거래미화금액ⅹ전신환매도율¹)+국제브랜드 수수료²+해외서비스 수수료³
1. 전신환매도율 : 접수일의 대외결제대행은행 최초 고시 전신환매도율
2. 국제브랜드 수수료=(거래미화금액ⅹ국제브랜드 수수료율 1.1%)ⅹ전신환매도율
3. 해외서비스 수수료=(거래미화금액ⅹ해외서비스 수수료율 0.2%)ⅹ전신환매도율
해외원화결제차단서비스 신청 방법
해외 가맹점에서 원화거래(DCC) 시 추가 수수료가 부과되므로 현지통화 또는 미화로 거래하시기 바랍니다.
홈페이지 > Account > 카드 관리 > 해외원화결제차단서비스
앱 > 메뉴(좌측 상단) > 카드 관리 > 해외원화결제차단 신청

[기타 안내]
결제 계좌 개설기관의 영업 마감 시간(오후 4시) 이후 결제 계좌에 입금된 금액에 대해서는 결제 계좌 개설기관의 사정에 따라 당일 출금되지 못하여 연체로 처리될 수 있으니
                    유의하시기 바랍니다.
자동납부 업무 마감 시간 이후 현대카드 홈페이지 및 앱에서 즉시결제 또는 입금전용(가상)계좌 입금(송금납부)을 통해 당일 결제가 가능합니다.
(카드 대금 납부 관련한 자세한 내용은 홈페이지 > Account > 카드 이용 내역 > 이용대금 명세서 또는 앱 > 메뉴(좌측 상단) > 카드 이용
                    내역 > 이용 대금 명세서 참고)

[민원 접수 안내]
현대카드 홈페이지, 고객센터, 팩스, 이메일 또는 방문, 우편을 통해 가능
홈페이지
> 고객지원 > 소비자보호 > 전자민원 접수
고객센터
1577-6000(해외 82-2-3015-9000)
팩스
02-2165-9454
이메일
hc_VOC@hyundaicard.com
방문/우편
서울시 영등포구 의사당대로 3 현대카드빌딩 카드소비자보호팀 담당자

[가족 카드 이용 안내]
가족 카드 연회비는 각 상품별 연회비 부과 기준을 따름
가족 회원 기준 5매까지 발급 가능하며 본인 카드 국제브랜드와 동일하게 발급
부가 서비스별 이용 실적 및 이용 한도는 본인+가족 카드 합산 적용되며, 그 외 이용 기준은 본인 카드와 동일
연말정산 시 가족 카드 이용 금액은 가족 회원(카드 플레이트에 표기된 명의자)의 이용 금액에 포함되며, 연간 소득 금액은 국세청 기준에 따름
본인 회원이 가족 카드 이용 내역에 대한 알림을 받고자 하는 경우 고객센터(1577-6000)를 통해 별도 신청 필요
가족 카드 이용대금명세서는 본인 카드 신청 시 지정한 주소 및 방법과 동일 적용
가족 카드 이용으로 적립된 M포인트는 현대카드 홈페이지를 통해 양도 가능하며, 포인트 선물로 상속·증여세가 발생할 수 있음
홈페이지 > 혜택 > 보유 포인트 > M포인트 > M포인트 가족양도
가족관계 변동(이혼, 사망, 파양 등) 시 현대카드 홈페이지 및 앱, 고객센터를 통해 가족 카드 정지 및 해지 가능
단, 해지의 경우 홈페이지 및 앱은 본인 회원만 가능하며, 정지는 고객센터를 통해서만 가능
홈페이지 > Account > 카드 관리 > 보유 카드 목록 > 해지
앱 : 메뉴(좌측 상단) > 카드 관리 > 보유 카드 목록 > 해지
고객센터 : 1577-6000
본인 회원이 요청할 경우 가족 회원 동의 없이 가족 카드의 한도가 변경되거나 정지/해지될 수 있음
가족관계 변동이 되었음에도 가족 카드 정지 및 해지를 하지 않은 경우 본인 회원에게 의도하지 않은 카드 이용 및 책임이 발생할 수 있음
본인 카드 해지 시 가족 카드도 약 7영업일 후 자동 해지

[이용 안내]
모든 가맹점은 현대카드 가맹점 등록 및 업종 분류 기준입니다.
당사는 상품설명서의 내용을 준수합니다.
동일 기간 내 다수의 신용카드를 신청할 경우 개인신용평점, 이용 한도 등에 영향을 미칠 수 있습니다.
카드 이용 시 제공되는 포인트 및 할인 혜택 등의 부가서비스는 카드 신규 출시(2026년 1월 28일) 이후 다음과 같은 사유를 제외하고는 변경할 수 없습니다. 카드사의 휴업·파산·경영상의 위기 등에 따른 불가피한 경우 제휴업체의 휴업·파산·경영상의 위기로 인해 불가피하게 부가서비스를 축소·변경하는 경우로서 다른 제휴업체를 통해 동종의 유사한 부가서비스 제공이 불가한 경우 제휴업체가 카드사의 의사에 반하여 해당 부가서비스를 축소하거나 변경 시, 당초 부가서비스에 상응하는 다른 부가서비스를 제공하는 경우 부가서비스를 3년 이상 제공한 상태에서 해당 부가서비스로 인해 상품의 수익성이 현저히 낮아진 경우
  - 카드사의 휴업·파산·경영상의 위기 등에 따른 불가피한 경우
  - 제휴업체의 휴업·파산·경영상의 위기로 인해 불가피하게 부가서비스를 축소·변경하는 경우로서 다른 제휴업체를 통해 동종의 유사한 부가서비스 제공이 불가한 경우
  - 제휴업체가 카드사의 의사에 반하여 해당 부가서비스를 축소하거나 변경 시, 당초 부가서비스에 상응하는 다른 부가서비스를 제공하는 경우
  - 부가서비스를 3년 이상 제공한 상태에서 해당 부가서비스로 인해 상품의 수익성이 현저히 낮아진 경우
카드사가 부가서비스를 변경하는 경우에는 부가서비스 변경 사유, 변경 내용 등을 사유 발생 즉시 홈페이지에 게시하고, 개별 고지 방법 중 서로 다른 2가지 이상의 방법으로 고지하여 드립니다. 특히
          카드 신규 출시 이후 3년 이상 경과했고, 해당 카드의 수익성 유지가 어려워져 부가서비스를 변경하는 경우에는 변경일 6개월 전부터 서로 다른 2가지 이상의 방법으로 매월 개별 고지해 드립니다. 개별 고지 방법 : 서면 교부, 전자우편 또는 이메일, 전화 또는 팩스, 휴대폰 메시지 또는 이에 준하는 전자적 의사표시
  - 개별 고지 방법 : 서면 교부, 전자우편 또는 이메일, 전화 또는 팩스, 휴대폰 메시지 또는 이에 준하는 전자적 의사표시
연회비는 카드 발급 시 선청구됩니다.
카드 연회비(기본연회비+제휴연회비)는 보유 카드별로 청구됩니다.
카드 이용 대금 연체 시 약정 금리 + 연체 가산 금리 3%의 연체 금리가 적용됩니다.(회원별, 이용 상품별 차등 적용/법정 최고 금리 20% 이내) 단, 연체 발생 시점에 약정 금리가
          없는 경우 아래와 같이 적용 일시불 : 거래 발생 시점 기준 최소 기간(2개월)의 유이자 할부 약정 금리 + 연체 가산 금리 3% 무이자 할부 : 거래 발생 시점 기준 동일한 할부 계약 기간의 유이자 할부 약정 금리 + 연체 가산 금리 3%
  - 일시불 : 거래 발생 시점 기준 최소 기간(2개월)의 유이자 할부 약정 금리 + 연체 가산 금리 3%
  - 무이자 할부 : 거래 발생 시점 기준 동일한 할부 계약 기간의 유이자 할부 약정 금리 + 연체 가산 금리 3%
상환 능력에 비해 신용카드 이용금액이 과도할 경우, 귀하의 개인신용평점이 하락할 수 있습니다.
개인신용평점 하락 시 금융거래와 관련된 불이익이 발생할 수 있습니다.
일정 기간 원리금을 연체할 경우, 모든 원리금을 변제할 의무가 발생할 수 있습니다.
신용카드 발급이 부적정한 경우(연체금 보유, 개인신용평점 낮음 등) 카드 발급이 제한될 수 있습니다.
카드 이용대금과 이에 수반되는 모든 수수료를 지정된 대금 결제일에 상환합니다.
금융소비자는 금융소비자보호법 제19조 제1항에 따라 해당 상품 또는 서비스에 대하여 설명을 받을 권리가 있습니다.
자세한 내용 및 이용 조건은 카드 신청 전 현대카드 홈페이지 및 상품설명서, 약관 참고
준법감시심의필 제 260421-049호 (2026.04.21 ~ 2027.04.20)
여신금융협회 심의필 제 2026 - C1h - 03244호 (2026.03.11 ~ 2027.03.10)",2026-06-03 14:53:13
HDSHE2_N0001,HDSHE2,"[카드 이용 유의사항]

[해외 결제 이용 안내]
국내외겸용 카드로 해외 이용 시(해외사이트 거래 포함) 미화(USD) 기준 거래미화금액에 접수일의 (대외결제대행은행) 최초 고시 전신환매도율을 적용한 후, 국제브랜드사가 부과하는 국제브랜드 수수료(Visa 1.1%)와 현대카드가 부과하는 해외서비스 수수료(0.2%)를 포함하여 원화로 청구됩니다. 
                                      국제브랜드 수수료 및 대외결제대행은행 자세한 내용은 현대카드 홈페이지를 참고해 주세요.
해외 이용 시 청구 금액 산출 방법
* 해외 이용 시 청구 금액=(거래미화금액 x 전신환매도율¹)+국제브랜드 수수료²+해외서비스 수수료³
1. 전신환매도율 : 접수일의 대외결제대행은행 최초 고시 전신환매도율
2. 국제브랜드 수수료=(거래미화금액 x 국제브랜드 수수료율 1.1%) x 전신환매도율
3. 해외서비스 수수료=(거래미화금액 x 해외서비스 수수료율 0.2%) x 전신환매도율
해외원화결제차단서비스 신청 방법
해외 가맹점에서 원화거래(DCC) 시 추가 수수료가 부과되므로 현지통화 또는 미화로 거래하시기 바랍니다.
홈페이지 > Account > 카드 관리 > 해외원화결제차단서비스
앱 > 메뉴(좌측 상단) > 카드 관리 > 해외원화결제차단 신청

[기타 안내]
결제 계좌 개설기관의 영업 마감 시간(오후 4시) 이후 결제 계좌에 입금된 금액에 대해서는 결제 계좌 개설기관의 사정에 따라 당일 출금되지 못하여 연체로 처리될 수 있으니 유의하시기 바랍니다.
자동납부 업무 마감 시간 이후 현대카드 홈페이지 및 앱에서 즉시결제 또는 입금전용(가상)계좌 입금(송금납부)을 통해 당일 결제가 가능합니다.
(카드 대금 납부 관련한 자세한 내용은 홈페이지 > Account > 카드 이용 내역 > 이용 대금 명세서 또는 앱 > 메뉴(좌측 상단) > 카드 이용 내역 > 이용 대금 명세서 참고)

[민원 접수 안내]
현대카드 홈페이지, 고객센터, 팩스, 이메일 또는 방문, 우편을 통해 가능
홈페이지
> 고객 지원 > 소비자보호 > 전자민원 접수
고객센터
1577-6000(해외 82-2-3015-9000)
팩스
02-2165-9454
이메일
hc_VOC@hyundaicard.com
방문/우편
서울시 영등포구 의사당대로 3 현대카드빌딩 카드소비자보호팀 담당자

[가족 카드 이용 안내]
가족 카드 연회비는 각 상품별 연회비 부과 기준을 따름
가족 회원 기준 5매까지 발급 가능하며 본인 카드 국제브랜드와 동일하게 발급
부가 서비스별 이용 실적 및 이용 한도는 본인+가족 카드 합산 적용되며, 그 외 이용 기준은 본인 카드와 동일
연말정산 시 가족 카드 이용 금액은 가족 회원(카드 플레이트에 표기된 명의자)의 이용 금액에 포함되며, 연간 소득 금액은 국세청 기준에 따름
본인 회원이 가족 카드 이용 내역에 대한 알림을 받고자 하는 경우 고객센터(1577-6000)를 통해 별도 신청 필요
가족 카드 이용대금명세서는 본인 카드 신청 시 지정한 주소 및 방법과 동일 적용
가족관계 변동(이혼, 사망, 파양 등) 시 현대카드 홈페이지 및 앱, 고객센터를 통해 가족 카드 정지 및 해지 가능
단, 해지의 경우 홈페이지 및 앱은 본인 회원만 가능하며, 정지는 고객센터를 통해서만 가능
홈페이지 > Account > 카드 관리 > 보유 카드 목록 > 해지
앱 > 메뉴(좌측 상단) > 카드 관리 > 보유 카드 목록 > 해지
고객센터 : 1577-6000
본인 회원이 요청할 경우 가족 회원 동의 없이 가족 카드의 한도가 변경되거나 정지/해지될 수 있음
가족관계 변동이 되었음에도 가족 카드 정지 및 해지를 하지 않은 경우 본인 회원에게 의도하지 않은 카드 이용 및 책임이 발생할 수 있음
본인 카드 해지 시 가족 카드도 약 7영업일 후 자동 해지

[이용 안내]
모든 가맹점은 현대카드 가맹점 등록 및 업종 분류 기준입니다.
당사는 상품설명서의 내용을 준수합니다.
동일 기간 내 다수의 신용카드를 신청할 경우 개인신용평점, 이용 한도 등에 영향을 미칠 수 있습니다.
카드 이용 시 제공되는 포인트 및 할인 혜택 등의 부가서비스는 카드 신규 출시(2025년 12월 24일) 이후 다음과 같은 사유를 제외하고는 변경할 수 없습니다. 카드사의 휴업·파산·경영상의 위기 등에 따른 불가피한 경우 제휴업체의 휴업·파산·경영상의 위기로 인해 불가피하게 부가서비스를 축소·변경하는 경우로서 다른 제휴업체를 통해 동종의 유사한 부가서비스 제공이 불가한 경우 제휴업체가 카드사의 의사에 반하여 해당 부가서비스를 축소하거나 변경 시, 당초 부가서비스에 상응하는 다른 부가서비스를 제공하는 경우 부가서비스를 3년 이상 제공한 상태에서 해당 부가서비스로 인해 상품의 수익성이 현저히 낮아진 경우
  - 카드사의 휴업·파산·경영상의 위기 등에 따른 불가피한 경우
  - 제휴업체의 휴업·파산·경영상의 위기로 인해 불가피하게 부가서비스를 축소·변경하는 경우로서 다른 제휴업체를 통해 동종의 유사한 부가서비스 제공이 불가한 경우
  - 제휴업체가 카드사의 의사에 반하여 해당 부가서비스를 축소하거나 변경 시, 당초 부가서비스에 상응하는 다른 부가서비스를 제공하는 경우
  - 부가서비스를 3년 이상 제공한 상태에서 해당 부가서비스로 인해 상품의 수익성이 현저히 낮아진 경우
카드사가 부가서비스를 변경하는 경우에는 부가서비스 변경 사유, 변경 내용 등을 사유 발생 즉시 홈페이지에 게시하고, 개별 고지 방법 중 서로 다른 2가지 이상의 방법으로 고지하여 드립니다. 특히 카드 신규 출시 이후 3년 이상 경과했고, 해당 카드의 수익성 유지가 어려워져 부가서비스를 변경하는 경우에는 변경일 6개월 전부터 서로 다른 2가지 이상의 방법으로 매월 개별 고지해 드립니다. 개별 고지 방법 : 서면 교부, 우편 또는 이메일, 전화 또는 팩스, 휴대폰 메시지 또는 이에 준하는 전자적 의사표시
  - 개별 고지 방법 : 서면 교부, 우편 또는 이메일, 전화 또는 팩스, 휴대폰 메시지 또는 이에 준하는 전자적 의사표시
연회비는 카드 발급 시 선청구됩니다.
카드 연회비(기본연회비 + 제휴연회비)는 보유 카드별로 청구됩니다.
카드 이용 대금 연체 시 약정 금리 + 연체 가산 금리 3%의 연체 금리가 적용됩니다.(회원별, 이용 상품별 차등 적용/법정 최고 금리 20% 이내) 단, 연체 발생 시점에 약정 금리가 없는 경우 아래와 같이 적용 일시불 : 거래 발생 시점 기준 최소 기간(2개월)의 유이자 할부 약정 금리 + 연체 가산 금리 3% 무이자 할부 : 거래 발생 시점 기준 동일한 할부 계약 기간의 유이자 할부 약정 금리 + 연체 가산 금리 3%
  - 일시불 : 거래 발생 시점 기준 최소 기간(2개월)의 유이자 할부 약정 금리 + 연체 가산 금리 3%
  - 무이자 할부 : 거래 발생 시점 기준 동일한 할부 계약 기간의 유이자 할부 약정 금리 + 연체 가산 금리 3%
상환 능력에 비해 신용카드 이용금액이 과도할 경우, 귀하의 개인신용평점이 하락할 수 있습니다.
개인신용평점 하락 시 금융거래와 관련된 불이익이 발생할 수 있습니다.
일정 기간 원리금을 연체할 경우, 모든 원리금을 변제할 의무가 발생할 수 있습니다.
신용카드 발급이 부적정한 경우(연체금 보유, 개인신용평점 낮음 등) 카드 발급이 제한될 수 있습니다.
카드 이용대금과 이에 수반되는 모든 수수료를 지정된 대금 결제일에 상환합니다.
금융소비자는 금융소비자보호법 제19조 제1항에 따라 해당 상품 또는 서비스에 대하여 설명을 받을 권리가 있습니다.
자세한 내용 및 이용 조건은 카드 신청 전 현대카드 홈페이지 및 상품설명서, 약관 참고
준법감시심의필 제 260316-040호 (2026.03.16 ~ 2027.03.15)
여신금융협회 심의필 제 2026-C1h-01835호 (2026.02.09 ~ 2027.02.08)",2026-06-03 14:53:50
TBE4_N0001,TBE4,"[카드 이용 유의사항]

[해외 결제 이용 안내]
국내외겸용 카드로 해외 이용 시(해외사이트 거래 포함) 미화(USD) 기준 거래미화금액에 접수일의 (대외결제대행은행) 최초 고시 전신환매도율을 적용한 후, 국제브랜드사가 부과하는 국제브랜드 수수료(Visa 1.1%)와 현대카드가 부과하는 해외서비스 수수료(0.2%)를 포함하여 원화로 청구됩니다. 국제브랜드 수수료 및 대외결제대행은행 관련 자세한 내용은 현대카드 홈페이지를 참고해 주세요.
해외 이용 시 청구 금액 산출 방법
* 해외 이용 시 청구 금액=(거래미화금액ⅹ전신환매도율¹)+국제브랜드 수수료²+해외서비스 수수료³
1. 전신환매도율 : 접수일의 대외결제대행은행 최초 고시 전신환매도율
2. 국제브랜드 수수료=(거래미화금액ⅹ국제브랜드 수수료율 1.1%)ⅹ전신환매도율
3. 해외서비스 수수료=(거래미화금액ⅹ해외서비스 수수료율 0.2%)ⅹ전신환매도율
해외원화결제차단서비스 신청 방법
해외 가맹점에서 원화거래(DCC) 시 추가 수수료가 부과되므로 현지통화 또는 미화로 거래하시기 바랍니다.
홈페이지 > Account > 카드 관리 > 해외원화결제차단서비스
앱 > 메뉴(좌측 상단) > 카드 관리 > 해외원화결제차단 신청

[기타 안내]
메탈 플레이트 특성상 일부 ATM 기기에서 이용이 제한될 수 있습니다.
결제 계좌 개설기관의 영업 마감 시간(오후 4시) 이후 결제 계좌에 입금된 금액에 대해서는 결제 계좌 개설기관의 사정에 따라 당일 출금되지 못하여 연체로 처리될 수 있으니 유의하시기 바랍니다.
자동납부 업무 마감 시간 이후 현대카드 홈페이지 및 앱에서 즉시결제 또는 입금전용(가상)계좌 입금(송금납부)을 통해 당일 결제가 가능합니다.(카드 대금 납부 관련한 자세한 내용은 홈페이지 > Account > 카드 이용 내역 > 이용 대금 명세서 또는 앱 > 메뉴(좌측 상단) > 카드 이용 내역 > 이용 대금 명세서 참고)

[민원 접수 안내]
현대카드 홈페이지, 고객센터, 팩스, 이메일 또는 방문, 우편을 통해 가능
홈페이지
> 고객지원 > 소비자보호 > 전자민원 접수
고객센터
1577-6000(해외 82-2-3015-9000)
팩스
02-2165-9454
이메일
hc_VOC@hyundaicard.com
방문/우편
서울시 영등포구 의사당대로 3 현대카드빌딩 카드소비자보호팀 담당자

[가족 카드 이용 안내]
가족 카드 연회비는 각 상품별 연회비 부과 기준을 따름
가족 카드는 카드 소지자인 본인 회원의 배우자에 한해 발급 가능
부가 서비스별 이용 실적 및 이용 한도는 본인+가족+법인 카드 합산 적용되며, 그 외 이용 기준은 본인 카드와 동일
연말정산 시 가족 카드 이용 금액은 가족 회원(카드 플레이트에 표기된 명의자)의 이용 금액에 포함되며, 연간 소득 금액은 국세청 기준에 따름
본인 회원이 가족 카드 이용 내역에 대한 알림을 받고자 하는 경우 고객센터(1577-6000)를 통해 별도 신청 필요
가족 카드 이용대금명세서는 본인 카드 신청 시 지정한 주소 및 방법과 동일 적용
대한항공 마일리지는 카드 보유 회원의 스카이패스번호 기준으로 적립
(가족 카드 이용 시 가족 회원의 스카이패스번호로 별도 적립)
가족 카드 이용으로 적립된 대한항공 마일리지 양도 기준은 대한항공 정책을 따름
대한항공 홈페이지 ‘가족 마일리지 제도’ 참고
M포인트는 카드 보유 회원의 주민등록번호 기준으로 적립(가족 카드 이용 시 가족 회원의 주민등록번호로 별도 적립)
가족 카드 이용으로 적립된 M포인트는 현대카드 홈페이지를 통해 양도 가능하며, 포인트 선물로 상속·증여세가 발생할 수 있음
홈페이지 > 혜택 > 보유 포인트 > M포인트 > M포인트 가족양도
가족관계 변동(이혼, 사망, 파양 등) 시 현대카드 홈페이지 및 앱, 고객센터를 통해 가족 카드 정지 및 해지 가능
단, 해지의 경우 홈페이지 및 앱은 본인 회원만 가능하며, 정지는 고객센터를 통해서만 가능
홈페이지
> Account > 카드 관리 > 보유 카드 목록 > 해지
앱
: 메뉴(좌측 상단) > 카드 관리 > 보유 카드 목록 > 해지
고객센터
: 1577-6000
본인 회원이 요청할 경우 가족 회원 동의 없이 가족 카드의 한도가 변경되거나 정지/해지될 수 있음
가족관계 변동이 되었음에도 가족 카드 정지 및 해지를 하지 않은 경우 본인 회원에게 의도하지 않은 카드 이용 및 책임이 발생할 수 있음
본인 카드 해지 시 가족 카드도 약 7영업일 후 자동 해지

[이용 안내]
모든 가맹점은 현대카드 가맹점 등록 및 업종 분류 기준입니다.
당사는 상품설명서의 내용을 준수합니다.
동일 기간 내 다수의 신용카드를 신청할 경우 개인신용평점, 이용한도 등에 영향을 미칠 수 있습니다.
카드 이용 시 제공되는 포인트 및 할인 혜택 등의 부가서비스는 카드 신규 출시(2024년 9월 25일) 이후 다음과 같은 사유를 제외하고는 변경할 수 없습니다. 카드사의 휴업·파산·경영상의 위기 등에 따른 불가피한 경우 제휴업체의 휴업·파산·경영상의 위기로 인해 불가피하게 부가서비스를 축소·변경하는 경우로서 다른 제휴업체를 통해 동종의 유사한 부가서비스 제공이 불가한 경우 제휴업체가 카드사의 의사에 반하여 해당 부가서비스를 축소하거나 변경 시, 당초 부가서비스에 상응하는 다른 부가서비스를 제공하는 경우 부가서비스를 3년 이상 제공한 상태에서 해당 부가서비스로 인해 상품의 수익성이 현저히 낮아진 경우
  - 카드사의 휴업·파산·경영상의 위기 등에 따른 불가피한 경우
  - 제휴업체의 휴업·파산·경영상의 위기로 인해 불가피하게 부가서비스를 축소·변경하는 경우로서 다른 제휴업체를 통해 동종의 유사한 부가서비스 제공이 불가한 경우
  - 제휴업체가 카드사의 의사에 반하여 해당 부가서비스를 축소하거나 변경 시, 당초 부가서비스에 상응하는 다른 부가서비스를 제공하는 경우
  - 부가서비스를 3년 이상 제공한 상태에서 해당 부가서비스로 인해 상품의 수익성이 현저히 낮아진 경우
카드사가 부가서비스를 변경하는 경우에는 부가서비스 변경 사유, 변경 내용 등을 사유 발생 즉시 홈페이지에 게시하고, 개별 고지 방법 중 서로 다른 2가지 이상의 방법으로 고지하여 드립니다. 특히 카드 신규 출시 이후 3년 이상 경과했고, 해당 카드의 수익성 유지가 어려워져 부가서비스를 변경하는 경우에는 변경일 6개월 전부터 서로 다른 2가지 이상의 방법으로 매월 개별 고지해 드립니다. 개별 고지 방법 : 서면 교부, 우편 또는 이메일, 전화 또는 팩스, 휴대폰 메시지 또는 이에 준하는 전자적 의사표시
  - 개별 고지 방법 : 서면 교부, 우편 또는 이메일, 전화 또는 팩스, 휴대폰 메시지 또는 이에 준하는 전자적 의사표시
카드 이용 대금 연체 시 약정 금리+연체 가산 금리 3%의 연체 금리가 적용됩니다.(회원별, 이용 상품별 차등 적용/법정 최고 금리 20% 이내) 단, 연체 발생 시점에
                    약정 금리가 없는 경우 아래와 같이 적용 일시불 : 거래 발생 시점 기준 최소 기간(2개월)의 유이자 할부 약정 금리 + 연체 가산 금리 3% 무이자 할부 : 거래 발생 시점 기준 동일한 할부 계약 기간의 유이자 할부 약정 금리 + 연체 가산 금리 3%
  - 일시불 : 거래 발생 시점 기준 최소 기간(2개월)의 유이자 할부 약정 금리 + 연체 가산 금리 3%
  - 무이자 할부 : 거래 발생 시점 기준 동일한 할부 계약 기간의 유이자 할부 약정 금리 + 연체 가산 금리 3%
상환 능력에 비해 신용카드 이용금액이 과도할 경우, 귀하의 개인신용평점이 하락할 수 있습니다.
개인신용평점 하락 시 금융거래와 관련된 불이익이 발생할 수 있습니다.
일정 기간 원리금을 연체할 경우, 모든 원리금을 변제할 의무가 발생할 수 있습니다.
신용카드 발급이 부적정한 경우(연체금 보유, 개인신용평점 낮음 등) 카드 발급이 제한될 수 있습니다.
카드 이용대금과 이에 수반되는 모든 수수료를 지정된 대금 결제일에 상환합니다.
금융소비자는 금융소비자보호법 제19조 제1항에 따라 해당 상품 또는 서비스에 대하여 설명을 받을 권리가 있습니다.
자세한 내용 및 이용 조건은 카드 신청 전 현대카드 홈페이지 및 상품설명서, 약관 참고
준법감시심의필 제 260520-035호 (2026.05.20 ~ 2027.05.19)
여신금융협회 심의필 제 2026-C1h-06141호 (2026.04.20 ~ 2027.04.19)",2026-06-03 14:55:19
TPE4_N0001,TPE4,"[카드 이용 유의사항]

[해외 결제 이용 안내]
국내외겸용 카드로 해외 이용 시(해외사이트 거래 포함) 미화(USD) 기준 거래미화금액에 접수일의 (대외결제대행은행) 최초 고시 전신환매도율을 적용한 후, 국제브랜드사가 부과하는 국제브랜드 수수료(Visa 1.1%)와 현대카드가 부과하는 해외서비스 수수료(0.2%)를 포함하여 원화로 청구됩니다.
국제브랜드 수수료 및 대외결제대행은행 관련 자세한 내용은 현대카드 홈페이지를 참고해 주세요.
해외 이용 시 청구금액 산출 방법
* 해외 이용 시 청구 금액=(거래미화금액ⅹ전신환매도율¹)+국제브랜드 수수료²+해외서비스 수수료³
1. 전신환매도율 : 접수일의 대외결제대행은행 최초 고시 전신환매도율
2. 국제브랜드 수수료=(거래미화금액ⅹ국제브랜드 수수료율 1.1%)ⅹ전신환매도율
3. 해외서비스 수수료=(거래미화금액ⅹ해외서비스 수수료율 0.2%)ⅹ전신환매도율
해외원화결제차단서비스 신청 방법
해외 가맹점에서 원화거래(DCC) 시 추가 수수료가 부과되므로 현지통화 또는 미화로 거래하시기 바랍니다.
홈페이지 > Account > 카드 관리 > 해외원화결제차단서비스
앱 > 메뉴(좌측 상단) > 카드 관리 > 해외원화결제차단 신청

[기타 안내]
결제 계좌 개설기관의 영업 마감 시간(오후 4시) 이후 결제 계좌에 입금된 금액에 대해서는 결제 계좌 개설기관의 사정에 따라 당일 출금되지 못하여 연체로 처리될 수 있으니 유의하시기 바랍니다.
자동납부 업무 마감 시간 이후 현대카드 홈페이지 및 앱에서 즉시결제 또는 입금전용(가상)계좌 입금(송금납부)을 통해 당일 결제가 가능합니다.(카드 대금 납부 관련한 자세한 내용은 홈페이지 > My Account > 이용내역 > 이용대금명세서 또는 앱 > 메뉴(좌측 상단) > 카드 이용 내역 > 이용 대금 명세서 참고)

[민원 접수 안내]
현대카드 홈페이지, 고객센터, 팩스, 이메일 또는 방문, 우편을 통해 가능
홈페이지
> 고객지원 > 소비자보호 > 전자민원 접수
고객센터
1577-6000(해외 82-2-3015-9000)
팩스
02-2165-9454
이메일
hc_VOC@hyundaicard.com
방문/우편
서울시 영등포구 의사당대로 3 현대카드빌딩 카드소비자보호팀 담당자

[가족 카드 이용 안내]
가족 카드 연회비는 각 상품별 연회비 부과 기준을 따름
가족 회원 기준 5매까지 발급 가능하며 본인 카드 국제브랜드와 동일하게 발급
부가 서비스별 이용 실적 및 이용 한도는 본인+가족 카드 합산 적용되며, 그 외 이용 기준은 본인 카드와 동일
연말정산 시 가족 카드 이용 금액은 가족 회원(카드 플레이트에 표기된 명의자)의 이용 금액에 포함되며, 연간 소득 금액은 국세청 기준에 따름
본인 회원이 가족 카드 이용 내역에 대한 알림을 받고자 하는 경우 고객센터(1577-6000)를 통해 별도 신청 필요
가족 카드 이용대금명세서는 본인 카드 신청 시 지정한 주소 및 방법과 동일 적용
대한항공 마일리지는 카드 보유 회원의 스카이패스번호 기준으로 적립
(가족 카드 이용 시 가족 회원의 스카이패스번호로 별도 적립)
가족 카드 이용으로 적립된 대한항공 마일리지 양도 기준은 대한항공 정책을 따름
대한항공 홈페이지 ‘가족 마일리지 제도’ 참고
M포인트는 카드 보유 회원의 주민등록번호 기준으로 적립(가족 카드 이용 시 가족 회원의 주민등록번호로 별도 적립)
가족 카드 이용으로 적립된 M포인트는 현대카드 홈페이지를 통해 양도 가능하며, 포인트 선물로 상속·증여세가 발생할 수 있음
홈페이지 > 혜택 > 보유 포인트 > M포인트 > M포인트 가족양도
가족관계 변동(이혼, 사망, 파양 등) 시 현대카드 홈페이지 및 앱, 고객센터를 통해 가족 카드 정지 및 해지 가능
단, 해지의 경우 홈페이지 및 앱은 본인 회원만 가능하며, 정지는 고객센터를 통해서만 가능
홈페이지 > My Account > 내 카드 관리 > 내 카드 목록 > 해지
앱 : 메뉴(좌측 상단) > 카드 관리 > 보유 카드 목록 > 해지
고객센터 : 1577-6000
본인 회원이 요청할 경우 가족 회원 동의 없이 가족 카드의 한도가 변경되거나 정지/해지될 수 있음
가족관계 변동이 되었음에도 가족 카드 정지 및 해지를 하지 않은 경우 본인 회원에게 의도하지 않은 카드 이용 및 책임이 발생할 수 있음
본인 카드 해지 시 가족 카드도 약 7영업일 후 자동 해지

[이용 안내]
모든 가맹점은 현대카드 가맹점 등록 및 업종 분류 기준입니다.
당사는 상품설명서의 내용을 준수합니다.
2개 이상 카드사의 카드를 소지할 경우, 보유 카드 정보가 한국신용정보원을 통해 신용카드사간 공유되므로 회원님의 개인신용평점, 이용한도 등에 영향을 미칠 수 있습니다.
카드 이용 시 제공되는 포인트 및 할인 혜택 등의 부가서비스는 카드 신규 출시(2024년 9월 25일) 이후 3년 이상 축소·폐지 없이 유지됩니다. 상기에도 불구하고 다음과 같은 사유가 발생한 경우 카드사는 부가서비스를 변경할 수 있습니다. 카드사의 휴업·파산·경영상의 위기 등에 따른 불가피한 경우 제휴업체의 휴업·파산·경영상의 위기로 인해 불가피하게 부가서비스를 축소·변경하는 경우로서 다른 제휴업체를 통해 동종의 유사한 부가서비스 제공이 불가한 경우 제휴업체가 카드사의 의사에 반하여 해당 부가서비스를 축소하거나 변경 시, 당초 부가서비스에 상응하는 다른 부가서비스를 제공하는 경우 부가서비스를 3년 이상 제공한 상태에서 해당 부가서비스로 인해 상품의 수익성이 현저히 낮아진 경우
  - 카드사의 휴업·파산·경영상의 위기 등에 따른 불가피한 경우
  - 제휴업체의 휴업·파산·경영상의 위기로 인해 불가피하게 부가서비스를 축소·변경하는 경우로서 다른 제휴업체를 통해 동종의 유사한 부가서비스 제공이 불가한 경우
  - 제휴업체가 카드사의 의사에 반하여 해당 부가서비스를 축소하거나 변경 시, 당초 부가서비스에 상응하는 다른 부가서비스를 제공하는 경우
  - 부가서비스를 3년 이상 제공한 상태에서 해당 부가서비스로 인해 상품의 수익성이 현저히 낮아진 경우
카드사가 부가서비스를 변경하는 경우에는 부가서비스 변경 사유, 변경 내용 등 사유 발생 즉시 홈페이지에 게시하고, 개별 고지 방법 중 2가지 이상의 방법으로 고지하여 드립니다. 특히 카드 신규 출시 이후 3년 이상 경과했고, 해당 카드의 수익성 유지가 어려워져 부가서비스를 변경하는 경우에는 변경일 6개월 전부터 2가지 이상의 방법으로 매월 개별 고지해 드립니다. 개별 고지 방법 : 서면 교부, 우편 또는 이메일, 전화 또는 팩스, 휴대폰 메시지 또는 이에 준하는 전자적 의사표시
  - 개별 고지 방법 : 서면 교부, 우편 또는 이메일, 전화 또는 팩스, 휴대폰 메시지 또는 이에 준하는 전자적 의사표시
카드 연회비(기본연회비+제휴연회비)는 보유 카드별로 청구됩니다.
카드 이용 대금 연체 시 약정 금리+연체 가산 금리 3%의 연체 금리가 적용됩니다.(회원별, 이용 상품별 차등 적용/법정 최고 금리 20% 이내) 단, 연체 발생 시점에 약정 금리가 없는 경우 아래와 같이 적용 일시불 : 거래 발생 시점 기준 최소 기간(2개월)의 유이자 할부 약정 금리 + 연체 가산 금리 3% 무이자 할부 : 거래 발생 시점 기준 동일한 할부 계약 기간의 유이자 할부 약정 금리 + 연체 가산 금리 3%
  - 일시불 : 거래 발생 시점 기준 최소 기간(2개월)의 유이자 할부 약정 금리 + 연체 가산 금리 3%
  - 무이자 할부 : 거래 발생 시점 기준 동일한 할부 계약 기간의 유이자 할부 약정 금리 + 연체 가산 금리 3%
상환 능력에 비해 신용카드 이용금액이 과도할 경우, 귀하의 개인신용평점이 하락할 수 있습니다.
개인신용평점 하락 시 금융거래와 관련된 불이익이 발생할 수 있습니다.
일정 기간 원리금을 연체할 경우, 모든 원리금을 변제할 의무가 발생할 수 있습니다.
신용카드 발급이 부적정한 경우(연체금 보유, 개인신용평점 낮음 등) 카드 발급이 제한될 수 있습니다.
카드 이용대금과 이에 수반되는 모든 수수료를 지정된 대금 결제일에 상환합니다.
금융소비자는 금융소비자보호법 제19조 제1항에 따라 해당 상품 또는 서비스에 대하여 설명을 받을 권리가 있습니다.
자세한 내용 및 이용 조건은 카드 신청 전 현대카드 홈페이지 및 상품설명서, 약관 참고
준법감시심의필 제 260507-037호(2026.05.07 ~ 2026.05.06)
여신금융협회 심의필 제 2026-C1h-07067호(2026.05.14 ~ 2027.05.13)",2026-06-03 14:57:03
TPIE2_N0001,TPIE2,"[카드 이용 유의사항]

[해외 결제 이용 안내]
국내외겸용 카드로 해외 이용 시(해외사이트 거래 포함) 미화(USD) 기준 거래미화금액에 접수일의 (대외결제대행은행) 최초 고시 전신환매도율을 적용한 후, 국제브랜드사가 부과하는 국제브랜드 수수료(VISA 1.1%)와 현대카드가 부과하는 해외서비스 수수료(0.2%)를 포함하여 원화로 청구됩니다.
국제브랜드 수수료 및 대외결제대행은행 관련 자세한 내용은 현대카드 홈페이지를 참고해 주세요.
해외 이용 시 청구 금액 산출 방법
* 해외 이용 시 청구 금액=(거래미화금액ⅹ전신환매도율¹)+국제브랜드 수수료²+해외서비스 수수료³
1. 전신환매도율 : 접수일의 대외결제대행은행 최초 고시 전신환매도율
2. 국제브랜드 수수료=(거래미화금액ⅹ국제브랜드 수수료율 1.1%)ⅹ전신환매도율
3. 해외서비스 수수료=(거래미화금액ⅹ해외서비스 수수료율 0.2%)ⅹ전신환매도율
해외원화결제차단서비스 신청 방법
해외 가맹점에서 원화거래(DCC) 시 추가 수수료가 부과되므로 현지통화 또는 미화로 거래하시기 바랍니다.
홈페이지 > Account > 카드 관리 > 해외원화결제차단서비스
앱 > 메뉴(좌측 상단) > 카드 관리 > 해외원화결제차단 신청

[기타 안내]
결제 계좌 개설기관의 영업 마감 시간(오후 4시) 이후 결제 계좌에 입금된 금액에 대해서는 결제 계좌 개설기관의 사정에 따라 당일 출금되지 못하여 연체로 처리될 수 있으니 유의하시기 바랍니다.
자동납부 업무 마감 시간 이후 현대카드 홈페이지 및 앱에서 즉시결제 또는 입금전용(가상) 계좌 입금(송금납부)을 통해 당일 결제가 가능합니다.
(카드 대금 납부 관련한 자세한 내용은 홈페이지 > My Account > 이용 내역 > 이용 대금 명세서 또는 앱 > 메뉴(좌측 상단) > 카드 이용 내역 > 이용 대금 명세서 참고)

[민원 접수 안내]
현대카드 홈페이지, 고객센터, 팩스, 이메일 또는 방문, 우편을 통해 가능
홈페이지
> 고객지원 > 소비자보호 > 전자민원 접수
고객센터
1577-6000(해외 82-2-3015-9000)
팩스
02-2165-9454
이메일
hc_VOC@hyundaicard.com
방문/우편
서울시 영등포구 의사당대로 3 현대카드빌딩 카드소비자보호팀 담당자

[가족카드 이용 안내]
가족 카드 연회비는 각 상품별 연회비 부과 기준을 따름
가족 회원 기준 5매까지 발급 가능하며 본인 카드 국제브랜드와 동일하게 발급
부가 서비스별 이용 실적 및 이용 한도는 본인+가족 카드 합산 적용되며, 그 외 이용 기준은 본인 카드와 동일
연말정산 시 가족 카드 이용 금액은 가족 회원(카드 플레이트에 표기된 명의자)의 이용 금액에 포함되며, 연간 소득 금액은 국세청 기준에 따름
본인 회원이 가족 카드 이용 내역에 대한 알림을 받고자 하는 경우 고객센터(1577-6000)를 통해 별도 신청 필요
가족 카드 이용대금명세서는 본인 카드 신청 시 지정한 주소 및 방법과 동일 적용
가족 카드 이용으로 적립된 M포인트는 현대카드 홈페이지를 통해 양도 가능하며, 포인트 선물로 상속·증여세가 발생할 수 있음
홈페이지 > 혜택 > 보유 포인트 > M포인트 > M포인트 가족양도
가족관계 변동(이혼, 사망, 파양 등) 시 현대카드 홈페이지 및 앱, 고객센터를 통해 가족 카드 정지 및 해지 가능
단, 해지의 경우 홈페이지 및 앱은 본인 회원만 가능하며, 정지는 고객센터를 통해서만 가능
홈페이지 > My Account > 내 카드 관리 > 내 카드 목록 > 해지
앱 : 메뉴(좌측 상단) > 카드 관리 > 보유 카드 목록 > 해지
고객센터 : 1577-6000
본인 회원이 요청할 경우 가족 회원 동의 없이 가족 카드의 한도가 변경되거나 정지/해지될 수 있음
가족관계 변동이 되었음에도 가족 카드 정지 및 해지를 하지 않은 경우 본인 회원에게 의도하지 않은 카드 이용 및 책임이 발생할 수 있음
본인 카드 해지 시 가족 카드도 약 7영업일 후 자동 해지

[이용 안내]
모든 가맹점은 현대카드 가맹점 등록 및 업종 분류 기준입니다.
당사는 상품설명서의 내용을 준수합니다.
동일 기간 내 다수의 신용카드를 신청할 경우 개인 신용등급 또는 개인신용평점, 이용한도 등에 영향을 미칠 수 있습니다.
카드 이용 시 제공되는 포인트 및 할인 혜택 등의 부가서비스는 카드 신규 출시(2024년 8월 16일) 이후 다음과 같은 사유를 제외하고는 변경할 수 없습니다. 카드사의 휴업·파산·경영상의 위기 등에 따른 불가피한 경우 제휴업체의 휴업·파산·경영상의 위기로 인해 불가피하게 부가서비스를 축소·변경하는 경우로서 다른 제휴업체를 통해 동종의 유사한 부가서비스 제공이 불가한 경우 제휴업체가 카드사의 의사에 반하여 해당 부가서비스를 축소하거나 변경 시, 당초 부가서비스에 상응하는 다른 부가서비스를 제공하는 경우 부가서비스를 3년 이상 제공한 상태에서 해당 부가서비스로 인해 상품의 수익성이 현저히 낮아진 경우
  - 카드사의 휴업·파산·경영상의 위기 등에 따른 불가피한 경우
  - 제휴업체의 휴업·파산·경영상의 위기로 인해 불가피하게 부가서비스를 축소·변경하는 경우로서 다른 제휴업체를 통해 동종의 유사한 부가서비스 제공이 불가한 경우
  - 제휴업체가 카드사의 의사에 반하여 해당 부가서비스를 축소하거나 변경 시, 당초 부가서비스에 상응하는 다른 부가서비스를 제공하는 경우
  - 부가서비스를 3년 이상 제공한 상태에서 해당 부가서비스로 인해 상품의 수익성이 현저히 낮아진 경우
카드사가 부가서비스를 변경하는 경우에는 부가서비스 변경 사유, 변경 내용 등을 사유 발생 즉시 홈페이지에 게시하고, 개별 고지 방법 중 서로 다른 2가지 이상의 방법으로 고지하여 드립니다. 특히 카드 신규 출시 이후 3년 이상 경과했고, 해당 카드의 수익성 유지가 어려워져 부가서비스를 변경하는 경우에는 변경일 6개월 전부터 서로 다른 2가지 이상의 방법으로 매월 개별 고지해 드립니다. 개별 고지 방법 : 서면 교부, 우편 또는 이메일, 전화 또는 팩스, 휴대폰 메시지 또는 이에 준하는 전자적 의사표시
  - 개별 고지 방법 : 서면 교부, 우편 또는 이메일, 전화 또는 팩스, 휴대폰 메시지 또는 이에 준하는 전자적 의사표시
연회비는 카드 발급 시 선청구됩니다.
카드 연회비(기본연회비 + 제휴연회비)는 보유 카드별로 청구됩니다.
카드 이용 대금 연체 시 약정 금리 + 연체 가산 금리 3%의 연체 금리가 적용됩니다.(회원별, 이용 상품별 차등 적용/법정 최고 금리 20% 이내) 단, 연체 발생 시점에 약정 금리가 없는 경우 아래와 같이 적용 일시불 : 거래 발생 시점 기준 최소 기간(2개월)의 유이자 할부 약정 금리 + 연체 가산 금리 3% 무이자 할부 : 거래 발생 시점 기준 동일한 할부 계약 기간의 유이자 할부 약정 금리 + 연체 가산 금리 3%
  - 일시불 : 거래 발생 시점 기준 최소 기간(2개월)의 유이자 할부 약정 금리 + 연체 가산 금리 3%
  - 무이자 할부 : 거래 발생 시점 기준 동일한 할부 계약 기간의 유이자 할부 약정 금리 + 연체 가산 금리 3%
상환 능력에 비해 신용카드 이용금액이 과도할 경우, 귀하의 개인신용평점이 하락할 수 있습니다.
개인신용평점 하락 시 금융거래와 관련된 불이익이 발생할 수 있습니다.
일정 기간 원리금을 연체할 경우, 모든 원리금을 변제할 의무가 발생할 수 있습니다.
신용카드 발급이 부적정한 경우(연체금 보유, 개인신용평점 낮음 등) 카드 발급이 제한될 수 있습니다.
카드 이용 대금과 이에 수반되는 모든 수수료를 지정된 대금 결제일에 상환합니다.
금융소비자는 금융소비자보호법 제19조 제1항에 따라 해당 상품 또는 서비스에 대하여 설명을 받을 권리가 있습니다.
자세한 내용 및 이용 조건은 카드 신청 전 현대카드 홈페이지 및 상품설명서, 약관 참고
준법감시심의필 제 260511-002호 (2026.05.11 ~ 2027.05.10)
여신금융협회 심의필 제 2026-C1h-07166호 (2026.05.15 ~ 2027.05.14)",2026-06-03 15:06:23
SPM_N0001,SPM,"[카드 이용 유의사항]

[해외 결제 이용 안내]
국내외겸용 카드로 해외 이용 시(해외사이트 거래 포함) 미화(USD) 기준 거래미화금액에 접수일의 (대외결제대행은행) 최초 고시 전신환매도율을 적용한 후, 국제브랜드사가 부과하는 국제브랜드 수수료(Visa 1.1%)와 현대카드가 부과하는 해외서비스 수수료(0.2%)를 포함하여 원화로 청구됩니다. 국제브랜드 수수료 및 대외결제대행은행 관련 자세한 내용은 현대카드 홈페이지를 참고해 주세요.
해외 이용 시 청구금액 산출 방법
＊ 해외 이용 시 청구 금액=(거래미화금액ⅹ전신환매도율¹)+국제브랜드 수수료²+해외서비스 수수료³
1. 전신환매도율 : 접수일의 대외결제대행은행 최초 고시 전신환매도율
2. 국제브랜드 수수료=(거래미화금액ⅹ국제브랜드 수수료율 1.1%)ⅹ전신환매도율
3. 해외서비스 수수료=(거래미화금액ⅹ해외서비스 수수료율 0.2%)ⅹ전신환매도율
해외원화결제차단서비스 신청 방법
해외 가맹점에서 원화거래(DCC) 시 추가 수수료가 부과되므로 현지통화 또는 미화로 거래하시기 바랍니다.
홈페이지 > Account > 카드 관리 > 해외원화결제차단서비스
앱 > 메뉴(좌측 상단) > 카드 관리 > 해외원화결제차단 신청

[기타 안내]
결제 계좌 개설기관의 영업 마감 시간(오후 4시) 이후 결제 계좌에 입금된 금액에 대해서는 결제 계좌 개설기관의 사정에 따라 당일 출금되지 못하여 연체로 처리될 수 있으니 유의하시기 바랍니다.
자동납부 업무 마감 시간 이후 현대카드 홈페이지 및 앱에서 즉시결제 또는 입금전용(가상)계좌 입금(송금납부)을 통해 당일 결제가 가능합니다.
(카드 대금 납부 관련한 자세한 내용은 홈페이지 > Account > 카드 이용 내역 > 이용대금 명세서 또는 앱 > 메뉴(좌측 상단) > 카드 이용 내역 > 이용 대금 명세서 참고)

[민원 접수 안내]
현대카드 홈페이지, 고객센터, 팩스, 이메일 또는 방문, 우편을 통해 가능
홈페이지
> 고객지원 > 소비자보호 > 전자민원 접수
고객센터
1577-6000(해외 82-2-3015-9000)
팩스
02-2165-9454
이메일
hc_VOC@hyundaicard.com
방문/우편
서울시 영등포구 의사당대로 3 현대카드빌딩 카드소비자보호팀 담당자

[가족 카드 이용 안내]
가족 카드 연회비는 각 상품별 연회비 부과 기준을 따름
가족 회원 기준 5매까지 발급 가능하며 본인 카드 국제브랜드와 동일하게 발급
부가 서비스별 이용 실적 및 이용 한도는 본인+가족 카드 합산 적용되며, 그 외 이용 기준은 본인 카드와 동일
연말정산 시 가족 카드 이용 금액은 가족 회원(카드 플레이트에 표기된 명의자)의 이용 금액에 포함되며, 연간 소득 금액은 국세청 기준에 따름
본인 회원이 가족 카드 이용 내역에 대한 알림을 받고자 하는 경우 고객센터(1577-6000)를 통해 별도 신청 필요
가족 카드 이용대금명세서는 본인 카드 신청 시 지정한 주소 및 방법과 동일 적용
가족 카드 이용으로 적립된 M포인트는 현대카드 홈페이지를 통해 양도 가능하며, 포인트 선물로 상속·증여세가 발생할 수 있음
홈페이지 > 혜택 > 혜택 안내 > 보유 포인트 > M포인트 > M포인트 가족양도
가족관계 변동(이혼, 사망, 파양 등) 시 현대카드 홈페이지 및 앱, 고객센터를 통해 가족 카드 정지 및 해지 가능
단, 해지의 경우 홈페이지 및 앱은 본인 회원만 가능하며, 정지는 고객센터를 통해서만 가능
홈페이지 > Account > 카드 관리 > 보유 카드  목록 > 해지
앱 : 메뉴(좌측 상단) > 카드 관리 > 보유 카드 목록 > 해지
고객센터 : 1577-6000
본인 회원이 요청할 경우 가족 회원 동의 없이 가족 카드의 한도가 변경되거나 정지/해지될 수 있음
가족관계 변동이 되었음에도 가족 카드 정지 및 해지를 하지 않은 경우 본인 회원에게 의도하지 않은 카드 이용 및 책임이 발생할 수 있음
본인 카드 해지 시 가족 카드도 약 7영업일 후 자동 해지

[이용 안내]
모든 가맹점은 현대카드 가맹점 등록 및 업종 분류 기준입니다.
당사는 상품설명서의 내용을 준수합니다.
동일 기간 내 다수의 신용카드를 신청할 경우 개인신용평점, 이용 한도 등에 영향을 미칠 수 있습니다.
카드 이용 시 제공되는 포인트 및 할인 혜택 등의 부가서비스는 카드 신규 출시(2024년 4월 25일) 이후 다음과 같은 사유를 제외하고는 변경할 수 없습니다. 카드사의 휴업·파산·경영상의 위기 등에 따른 불가피한 경우 제휴업체의 휴업·파산·경영상의 위기로 인해 불가피하게 부가서비스를 축소·변경하는 경우로서 다른 제휴업체를 통해 동종의 유사한 부가서비스 제공이 불가한 경우 제휴업체가 카드사의 의사에 반하여 해당 부가서비스를 축소하거나 변경 시, 당초 부가서비스에 상응하는 다른 부가서비스를 제공하는 경우 부가서비스를 3년 이상 제공한 상태에서 해당 부가서비스로 인해 상품의 수익성이 현저히 낮아진 경우
  - 카드사의 휴업·파산·경영상의 위기 등에 따른 불가피한 경우
  - 제휴업체의 휴업·파산·경영상의 위기로 인해 불가피하게 부가서비스를 축소·변경하는 경우로서 다른 제휴업체를 통해 동종의 유사한 부가서비스 제공이 불가한 경우
  - 제휴업체가 카드사의 의사에 반하여 해당 부가서비스를 축소하거나 변경 시, 당초 부가서비스에 상응하는 다른 부가서비스를 제공하는 경우
  - 부가서비스를 3년 이상 제공한 상태에서 해당 부가서비스로 인해 상품의 수익성이 현저히 낮아진 경우
카드사가 부가서비스를 변경하는 경우에는 부가서비스 변경 사유, 변경 내용 등을 사유 발생 즉시 홈페이지에 게시하고, 개별 고지 방법 중 서로 다른 2가지 이상의 방법으로 고지하여 드립니다.
                    특히 카드 신규 출시 이후 3년 이상 경과했고, 해당 카드의 수익성 유지가 어려워져 부가서비스를 변경하는 경우에는 변경일 6개월 전부터 서로 다른 2가지 이상의 방법으로 매월 개별 고지해
                    드립니다. 개별 고지 방법 : 서면 교부, 우편 또는 이메일, 전화 또는 팩스, 휴대폰 메시지 또는 이에 준하는 전자적 의사표시
  - 개별 고지 방법 : 서면 교부, 우편 또는 이메일, 전화 또는 팩스, 휴대폰 메시지 또는 이에 준하는 전자적 의사표시
연회비는 카드 발급 시 선청구됩니다.
카드 연회비(기본연회비+제휴연회비)는 보유 카드별로 청구됩니다.
카드 이용 대금 연체 시 약정 금리 + 연체 가산 금리 3%의 연체 금리가 적용됩니다. (회원별, 이용 상품별 차등 적용/법정 최고 금리 20% 이내) 단, 연체 발생 시점에 약정 금리가 없는 경우 아래와 같이 적용 일시불 : 거래 발생 시점 기준 최소 기간(2개월)의 유이자 할부 약정 금리 + 연체 가산 금리 3% 무이자 할부 : 거래 발생 시점 기준 동일한 할부 계약 기간의 유이자 할부 약정 금리 + 연체 가산 금리 3%
  - 일시불 : 거래 발생 시점 기준 최소 기간(2개월)의 유이자 할부 약정 금리 + 연체 가산 금리 3%
  - 무이자 할부 : 거래 발생 시점 기준 동일한 할부 계약 기간의 유이자 할부 약정 금리 + 연체 가산 금리 3%
상환 능력에 비해 신용카드 이용금액이 과도할 경우, 귀하의 개인신용평점이 하락할 수 있습니다.
개인신용평점 하락 시 금융거래와 관련된 불이익이 발생할 수 있습니다.
일정 기간 원리금을 연체할 경우, 모든 원리금을 변제할 의무가 발생할 수 있습니다.
신용카드 발급이 부적정한 경우(연체금 보유, 개인신용평점 낮음 등) 카드 발급이 제한될 수 있습니다.
카드 이용대금과 이에 수반되는 모든 수수료를 지정된 대금 결제일에 상환합니다.
금융소비자는 금융소비자보호법 제19조 제1항에 따라 해당 상품 또는 서비스에 대하여 설명을 받을 권리가 있습니다.
자세한 내용 및 이용 조건은 카드 신청 전 현대카드 홈페이지 및 상품설명서, 약관 참고
준법감시심의필 제 260511-004호 (2026.05.11 ~ 2027.05.10)
여신금융협회 심의필 제 2026-C1h-07176호 (2026.05.15 ~ 2027.05.14)",2026-06-03 15:08:22
MPE4_N0001,MPE4,"[카드 이용 유의사항]

[해외 결제 이용 안내]
국내외겸용 카드로 해외 이용 시(해외사이트 거래 포함) 달러(USD) 기준 거래미화금액에 접수일의 (대외결제대행은행) 최초 고시 전신환매도율을 적용한 후, 국제브랜드사가 부과하는 국제브랜드 수수료(Visa 1.1%/Amex 1.4%)와 현대카드가 부과하는 해외서비스 수수료(0.2%)를 포함하여 원화로 청구됩니다. 국제브랜드 수수료 및 대외결제대행은행 관련 자세한 내용은 현대카드 홈페이지를 참고해 주세요.
해외 이용 시 청구금액 산출 방법
* 해외 이용 시 청구금액=(거래미화금액ⅹ전신환매도율¹)+국제브랜드 수수료²+해외서비스 수수료³
1. 전신환매도율 : 접수일의 대외결제대행은행 최초 고시 전신환매도율
2. 국제브랜드 수수료=(거래미화금액ⅹ국제브랜드 수수료율 1.1%/1.4%)ⅹ전신환매도율
3. 해외서비스 수수료=(거래미화금액ⅹ해외서비스 수수료율 0.2%)ⅹ전신환매도율
해외원화결제차단서비스 신청 방법
해외 가맹점에서 원화거래(DCC) 시 추가 수수료가 부과되므로 현지통화 또는 미화로 거래하시기 바랍니다.
홈페이지 > Account > 카드 관리 > 해외원화결제차단 서비스
앱 > 메뉴(좌측 상단) > 편의·안심서비스 > 해외 원화 결제 차단

[기타 안내]
결제 계좌 개설기관의 영업 마감 시간(오후 4시) 이후 결제 계좌에 입금된 금액에 대해서는 결제 계좌 개설기관의
                                        사정에 따라 당일 출금되지 못하여 연체로 처리될 수 있으니 유의하시기 바랍니다.
자동납부 업무 마감 시간 이후 현대카드 홈페이지 및 앱에서
                                        즉시결제 또는 입금전용(가상)계좌 입금(송금납부)을 통해 당일 결제가 가능합니다.
(카드 대금 납부 관련한 자세한 내용은 홈페이지 > My Account > 이용내역 > 이용대금 명세서 또는
                                        앱 > 메뉴(좌측 상단) > 카드 이용 내역 > 월별 명세서 참고)

[민원 접수 안내]
현대카드 홈페이지, 고객센터, 팩스, 이메일 또는 방문, 우편을 통해 가능
홈페이지 > 고객지원 > 소비자보호 > 전자민원 접수
고객센터 : 1577-6000(해외 82-2-3015-9000)
팩스 : 02-2165-9454
이메일 : hc_VOC@hyundaicard.com
방문/우편 : 서울시 영등포구 의사당대로 3 현대카드빌딩 카드소비자보호팀 담당자

[가족 카드 이용 안내]
가족 카드 연회비는 각 상품별 연회비 부과 기준을 따름
가족 회원 기준 5매까지 발급 가능하며 본인 카드 국제브랜드와 동일하게 발급
부가 서비스별 이용 실적 및 이용 한도는 본인+가족 카드 합산 적용되며, 그 외 이용 기준은 본인 카드와 동일
연말정산 시 가족 카드 이용 금액은 가족 회원(카드 플레이트에 표기된 명의자)의 이용 금액에 포함되며, 연간 소득 금액은 국세청 기준에 따름
본인 회원이 가족 카드 이용 내역에 대한 알림을 받고자 하는 경우 고객센터(1577-6000)를 통해 별도 신청 필요
가족 카드 이용대금명세서는 본인 카드 신청 시 지정한 주소 및 방법과 동일 적용
가족 카드 이용으로 적립된 M포인트는 현대카드 홈페이지를 통해 양도 가능하며, 포인트 선물로 상속·증여세가 발생할 수 있음
홈페이지 > 혜택 > 보유 포인트 > M포인트 > M포인트 가족양도
가족관계 변동(이혼, 사망, 파양 등) 시 현대카드 홈페이지 및 앱, 고객센터를 통해 가족 카드 정지 및 해지 가능
단, 해지의 경우 홈페이지 및 앱은 본인 회원만 가능하며, 정지는 고객센터를 통해서만 가능
홈페이지 > My Account > 내 카드 관리 > 내 카드 목록 > 해지
앱 : 메뉴(좌측 상단) > 내 카드 관리 > 내 카드 목록 > 해지
고객센터 : 1577-6000
본인 회원이 요청할 경우 가족 회원 동의 없이 가족 카드의 한도가 변경되거나 정지/해지될 수 있음
가족관계 변동이 되었음에도 가족 카드 정지 및 해지를 하지 않은 경우 본인 회원에게 의도하지 않은 카드 이용 및 책임이 발생할 수 있음
본인 카드 해지 시 가족 카드도 약 7영업일 후 자동 해지

[이용 안내]
모든 가맹점은 현대카드 가맹점 등록 및 업종 분류 기준입니다.
당사는 상품설명서의 내용을 준수합니다.
동일 기간 내 다수의 신용카드를 신청할 경우 개인신용평점, 이용 한도 등에 영향을 미칠 수 있습니다.
카드 이용 시 제공되는 포인트 및 할인 혜택 등의 부가서비스는 카드 신규 출시(2024년 1월 19일) 이후 3년 이상 축소·폐지 없이 유지됩니다. 상기에도 불구하고 다음과 같은
                    사유가 발생한 경우 카드사는 부가서비스를 변경할 수 있습니다. 카드사의 휴업·파산·경영상의 위기 등에 따른 불가피한 경우 제휴업체의 휴업·파산·경영상의 위기로 인해 불가피하게 부가서비스를 축소·변경하는 경우로서 다른 제휴업체를 통해 동종의 유사한 부가서비스 제공이 불가한 경우 제휴업체가 카드사의 의사에 반하여 해당 부가서비스를 축소하거나 변경 시, 당초 부가서비스에 상응하는 다른 부가서비스를 제공하는 경우 부가서비스를 3년 이상 제공한 상태에서 해당 부가서비스로 인해 상품의 수익성이 현저히 낮아진 경우
  - 카드사의 휴업·파산·경영상의 위기 등에 따른 불가피한 경우
  - 제휴업체의 휴업·파산·경영상의 위기로 인해 불가피하게 부가서비스를 축소·변경하는 경우로서 다른 제휴업체를 통해 동종의 유사한 부가서비스 제공이 불가한 경우
  - 제휴업체가 카드사의 의사에 반하여 해당 부가서비스를 축소하거나 변경 시, 당초 부가서비스에 상응하는 다른 부가서비스를 제공하는 경우
  - 부가서비스를 3년 이상 제공한 상태에서 해당 부가서비스로 인해 상품의 수익성이 현저히 낮아진 경우
카드사가 부가서비스를 변경하는 경우에는 부가서비스 변경 사유, 변경 내용 등을 사유 발생 즉시 홈페이지에 게시하고, 개별 고지 방법 중 서로 다른 2가지 이상의 방법으로 고지하여 드립니다.
                    특히 카드 신규 출시 이후 3년 이상 경과했고, 해당 카드의 수익성 유지가 어려워져 부가서비스를 변경하는 경우에는 변경일 6개월 전부터 서로 다른 2가지 이상의 방법으로 매월 개별 고지해 드립니다. 개별 고지 방법 : 서면 교부, 우편 또는 이메일, 전화 또는 팩스, 휴대폰 메시지 또는 이에 준하는 전자적 의사표시
  - 개별 고지 방법 : 서면 교부, 우편 또는 이메일, 전화 또는 팩스, 휴대폰 메시지 또는 이에 준하는 전자적 의사표시
연회비는 카드 발급 시 선청구됩니다.
카드 연회비(기본연회비+제휴연회비)는 보유 카드별로 청구됩니다.
카드 이용 대금 연체 시 약정 금리 + 연체 가산 금리 3%의 연체 금리가 적용됩니다. (회원별, 이용 상품별 차등 적용/법정 최고 금리 20% 이내) 단, 연체 발생 시점에 약정 금리가 없는 경우 아래와 같이 적용 일시불 : 거래 발생 시점 기준 최소 기간(2개월)의 유이자 할부 약정 금리 + 연체 가산 금리 3% 무이자 할부 : 거래 발생 시점 기준 동일한 할부 계약 기간의 유이자 할부 약정 금리 + 연체 가산 금리 3%
  - 일시불 : 거래 발생 시점 기준 최소 기간(2개월)의 유이자 할부 약정 금리 + 연체 가산 금리 3%
  - 무이자 할부 : 거래 발생 시점 기준 동일한 할부 계약 기간의 유이자 할부 약정 금리 + 연체 가산 금리 3%
상환 능력에 비해 신용카드 이용금액이 과도할 경우, 귀하의 개인신용평점이 하락할 수 있습니다.
개인신용평점 하락 시 금융거래와 관련된 불이익이 발생할 수 있습니다.
일정 기간 원리금을 연체할 경우, 모든 원리금을 변제할 의무가 발생할 수 있습니다.
신용카드 발급이 부적정한 경우(연체금 보유, 개인신용평점 낮음 등) 카드 발급이 제한될 수 있습니다.
카드 이용대금과 이에 수반되는 모든 수수료를 지정된 대금 결제일에 상환합니다.
금융소비자는 금융소비자보호법 제19조 제1항에 따라 해당 상품 또는 서비스에 대하여 설명을 받을 권리가 있습니다.
자세한 내용 및 이용 조건은 카드 신청 전 현대카드 홈페이지 및 상품설명서, 약관 참고
준법감시심의필 제 260325-010호 (2026.03.25 ~ 2027.03.24)
여신금융협회 심의필 제 2025-C1h-18340호 (2025.12.15 ~ 2026.12.14)",2026-06-03 15:20:55
XCUT_N0001,XCUT,"[카드 이용 유의사항]

[해외 결제 이용 안내]
국내외겸용 카드로 해외 이용 시(해외사이트 거래 포함) 미화(USD) 기준 거래미화금액에 접수일의 (대외결제대행은행) 최고 고시 전신환매도율을 적용한 후, 국제브랜드사가 부과하는 국제브랜드 수수료(Visa 1.1%/Amex 1.4%)와 현대카드가 부과하는 해외서비스 수수료(0.2%)를 포함하여 원화로 청구됩니다. 국제브랜드 수수료 및 대외결제대행은행 관련 자세한 내용은 현대카드 홈페이지를 참고해 주세요.
해외 이용 시 청구 금액 산출 방법
* 해외 이용 시 청구 금액=(거래미화금액 x 전신환매도율¹)+국제브랜드 수수료²+해외서비스 수수료³
1. 전신환매도율 : 접수일의 대외결제대행은행 최초 고시 전신환매도율
2. 국제브랜드 수수료=(거래 미화 금액 x 국제브랜드 수수료율 1.1%/1.4%) x 전신환매도율
3. 해외서비스 수수료=(거래 미화 금액 x 해외서비스 수수료율 0.2%) x 전신환매도율
해외원화결제차단서비스 신청 방법
해외 가맹점에서 원화거래(DCC) 시 추가 수수료가 부과되므로 현지통화 또는 미화로 거래하시기 바랍니다.
홈페이지 > Account > 카드 관리 > 해외원화결제차단서비스
앱 > 메뉴(좌측 상단) > 카드 관리 > 해외원화결제차단 신청

[기타 안내]
결제 계좌 개설기관의 영업 마감 시간(오후 4시) 이후 결제 계좌에 입금된 금액에 대해서는 결제 계좌 개설기관의 사정에 따라 당일 출금되지 못하여 연체로 처리될 수 있으니 유의하시기 바랍니다.
자동납부 업무 마감 시간 이후 당사 홈페이지 및 앱에서 즉시결제 또는 입금전용(가상)계좌 입금(송금납부)을 통해 당일 결제가 가능합니다.
(카드 대금 납부 관련 자세한 내용은 홈페이지 > Account > 카드 이용 내역 > 이용 대금 명세서 또는 앱 > 메뉴(좌측 상단) > 카드 이용 내역 > 이용 대금 명세서 참고)

[민원 접수 안내]
현대카드 홈페이지, 고객센터, 팩스, 이메일 또는 방문, 우편을 통해 가능
홈페이지 > 고객지원 > 소비자보호 > 전자민원 접수
고객센터 : 1577-6000(해외 82-2-3015-9000)
팩스 : 02-2165-9454
이메일 : hc_VOC@hyundaicard.com
방문/우편 : 서울시 영등포구 의사당대로 3 현대카드빌딩 카드소비자보호팀 담당자

[가족 카드 이용 안내]
가족 카드 연회비는 각 상품별 연회비 부과 기준을 따름
가족 회원 기준 5매까지 발급 가능하며 본인 카드 국제브랜드와 동일하게 발급
부가 서비스별 이용 실적 및 이용 한도는 본인+가족 카드 합산 적용되며, 그 외 이용 기준은 본인 카드와 동일
연말정산 시 가족 카드 이용 금액은 가족 회원(카드 플레이트에 표기된 명의자)의 이용 금액에 포함되며, 연간 소득 금액은 국세청 기준에 따름
본인 회원이 가족 카드 이용 내역에 대한 알림을 받고자 하는 경우 고객센터(1577-6000)를 통해 별도 신청 필요
가족 카드 이용대금명세서는 본인 카드 신청 시 지정한 주소 및 방법과 동일 적용
가족관계 변동(이혼, 사망, 파양 등) 시 현대카드 홈페이지 및 앱, 고객센터를 통해 가족 카드 정지 및 해지 가능
단, 해지의 경우 홈페이지 및 앱은 본인 회원만 가능하며, 정지는 고객센터를 통해서만 가능
홈페이지 > Account > 카드 관리 > 보유 카드 목록 > 해지
앱 : 메뉴(좌측 상단) > 카드 관리 > 보유 카드 목록 > 해지
고객센터 : 1577-6000
본인 회원이 요청할 경우 가족 회원 동의 없이 가족 카드의 한도가 변경되거나 정지/해지될 수 있음
가족관계 변동이 되었음에도 가족 카드 정지 및 해지를 하지 않은 경우 본인 회원에게 의도하지 않은 카드 이용 및 책임이 발생할 수 있음
본인 카드 해지 시 가족 카드도 약 7영업일 후 자동 해지

[이용 안내]
전월 이용 금액 50만원 이상 시 기본 헤택 적용됩니다. 1회 및 연간 할인 한도 제한 없음
  - 1회 및 연간 할인 한도 제한 없음
전월 이용 금액 100만원 이상 시 추가 혜택 적용됩니다. 대상점 통합해 월 1만원 할인 한도(본인+가족 카드 합산 기준, 할인 한도 초과 시 기본 혜택 할인율 적용) 추가 혜택 가맹점 이용 시 추가 혜택 우선 적용되며 기본 혜택과 중복 적용되지 않음
  - 대상점 통합해 월 1만원 할인 한도(본인+가족 카드 합산 기준, 할인 한도 초과 시 기본 혜택 할인율 적용)
  - 추가 혜택 가맹점 이용 시 추가 혜택 우선 적용되며 기본 혜택과 중복 적용되지 않음
모든 가맹점은 현대카드 가맹점 등록 및 업종 분류 기준입니다.
당사는 상품설명서의 내용을 준수합니다.
동일 기간 내 다수의 신용카드를 신청할 경우 개인신용평점, 이용한도 등에 영향을 미칠 수 있습니다.
카드 이용 시 제공되는 포인트 및 할인 혜택 등의 부가서비스는 카드 신규 출시(2025년 4월 11일) 이후 다음과 같은 사유를 제외하고는 변경할 수 없습니다. 카드사의 휴업·파산·경영상의 위기 등에 따른 불가피한 경우 제휴업체의 휴업·파산·경영상의 위기로 인해 불가피하게 부가서비스를 축소ㆍ변경하는 경우로서 다른 제휴업체를 통해 동종의 유사한 부가서비스 제공이 불가한 경우 제휴업체가 카드사의 의사에 반하여 해당 부가서비스를 축소하거나 변경 시, 당초 부가서비스에 상응하는 다른 부가서비스를 제공하는 경우 부가서비스를 3년 이상 제공한 상태에서 해당 부가서비스로 인해 상품의 수익성이 현저히 낮아진 경우
  - 카드사의 휴업·파산·경영상의 위기 등에 따른 불가피한 경우
  - 제휴업체의 휴업·파산·경영상의 위기로 인해 불가피하게 부가서비스를 축소ㆍ변경하는 경우로서 다른 제휴업체를 통해 동종의 유사한 부가서비스 제공이 불가한 경우
  - 제휴업체가 카드사의 의사에 반하여 해당 부가서비스를 축소하거나 변경 시, 당초 부가서비스에 상응하는 다른 부가서비스를 제공하는 경우
  - 부가서비스를 3년 이상 제공한 상태에서 해당 부가서비스로 인해 상품의 수익성이 현저히 낮아진 경우
카드사가 부가서비스를 변경하는 경우에는 부가서비스 변경 사유, 변경 내용 등을 사유 발생 즉시 홈페이지에 게시하고, 개별 고지 방법 중 서로 다른 2가지 이상의 방법으로 고지하여 드립니다. 특히 카드 신규 출시 이후 3년 이상 경과했고, 해당 카드의 수익성 유지가 어려워져 부가서비스를 변경하는 경우에는 변경일 6개월 전부터 서로 다른 2가지 이상의 방법으로 매월 개별 고지해드립니다. 개별 고지 방법 : 서면 교부, 우편 또는 이메일, 전화 또는 팩스, 휴대폰 메시지 또는 이에 준하는 전자적 의사표시
  - 개별 고지 방법 : 서면 교부, 우편 또는 이메일, 전화 또는 팩스, 휴대폰 메시지 또는 이에 준하는 전자적 의사표시
연회비는 카드 발급 시 선청구됩니다.
카드 연회비(기본연회비 + 제휴연회비)는 보유 카드별로 청구됩니다.
카드 이용대금 연체 시 약정 금리 + 연체 가산 금리 3%의 연체 금리가 적용됩니다.(회원별, 이용 상품별 차등 적용/법정 최고 금리 20% 이내) 단, 연체 발생 시점에 약정 금리가 없는
                    경우 아래와 같이 적용 일시불 : 거래 발생 시점 기준 최소 기간(2개월)의 유이자 할부 약정 금리 + 연체 가산 금리 3% 무이자할부 : 거래 발생 시점 기준 동일한 할부 계약 기간의 유이자 할부 약정 금리 + 연체 가산 금리 3%
  - 일시불 : 거래 발생 시점 기준 최소 기간(2개월)의 유이자 할부 약정 금리 + 연체 가산 금리 3%
  - 무이자할부 : 거래 발생 시점 기준 동일한 할부 계약 기간의 유이자 할부 약정 금리 + 연체 가산 금리 3%
상환 능력에 비해 신용카드 이용금액이 과도할 경우, 귀하의 개인신용평점이 하락할 수 있습니다.
개인신용평점 하락 시 금융거래와 관련된 불이익이 발생할 수 있습니다.
일정 기간 원리금을 연체할 경우, 모든 원리금을 변제할 의무가 발생할 수 있습니다.
신용카드 발급이 부적정한 경우(연체금 보유, 개인신용평점 낮음 등) 카드 발급이 제한될 수 있습니다.
카드 이용대금과 이에 수반되는 모든 수수료를 지정된 대금 결제일에 상환합니다.
금융소비자는 금융소비자보호법 제19조 제1항에 따라 해당 상품 또는 서비스에 대하여 설명을 받을 권리가 있습니다.
자세한 내용 및 이용 조건은 카드 신청 전 현대카드 홈페이지 및 상품설명서, 약관 참고
준법감시심의필 제 260331-034호 (2026.03.31 ~ 2027.03.30)
여신금융협회 심의필 제 2026-C1h-05093호 (2026.03.31 ~ 2027.03.30)",2026-06-03 15:21:33
XSAV_N0001,XSAV,"[카드 이용 유의사항]

[해외 결제 이용 안내]
국내외겸용 카드로 해외 이용 시(해외사이트 거래 포함) 미화(USD) 기준 거래미화금액에 접수일의 (대외결제대행은행) 최고 고시 전신환매도율을 적용한 후, 국제브랜드사가 부과하는 국제브랜드 수수료(Visa 1.1%/Amex 1.4%)와 현대카드가 부과하는 해외서비스 수수료(0.2%)를 포함하여 원화로 청구됩니다. 국제브랜드 수수료 및 대외결제대행은행 관련 자세한 내용은 현대카드 홈페이지를 참고해 주세요.
해외 이용 시 청구 금액 산출 방법
* 해외 이용 시 청구 금액=(거래미화금액 x 전신환매도율¹)+국제브랜드 수수료²+해외서비스 수수료³
1. 전신환매도율 : 접수일의 대외결제대행은행 최초 고시 전신환매도율
2. 국제브랜드 수수료=(거래 미화 금액 x 국제브랜드 수수료율 1.1%/1.4%) x 전신환매도율
3. 해외서비스 수수료=(거래 미화 금액 x 해외서비스 수수료율 0.2%) x 전신환매도율
해외원화결제차단서비스 신청 방법
해외 가맹점에서 원화거래(DCC) 시 추가 수수료가 부과되므로 현지통화 또는 미화로 거래하시기 바랍니다.
홈페이지 > Account > 카드 관리 > 해외원화결제차단서비스
앱 > 메뉴(좌측 상단) > 카드 관리 > 해외원화결제차단 신청

[기타 안내]
결제 계좌 개설기관의 영업 마감 시간(오후 4시) 이후 결제 계좌에 입금된 금액에 대해서는 결제 계좌 개설기관의 사정에 따라 당일 출금되지 못하여 연체로 처리될 수 있으니 유의하시기 바랍니다.
자동납부 업무 마감 시간 이후 당사 홈페이지 및 앱에서 즉시결제 또는 입금전용(가상)계좌 입금(송금납부)을 통해 당일 결제가 가능합니다.
(카드 대금 납부 관련 자세한 내용은 홈페이지 > Account > 카드 이용 내역 > 이용 대금 명세서 또는 앱 > 메뉴(좌측 상단) > 카드 이용 내역 > 이용 대금 명세서 참고)

[민원 접수 안내]
현대카드 홈페이지, 고객센터, 팩스, 이메일 또는 방문, 우편을 통해 가능
홈페이지 > 고객지원 > 소비자보호 > 전자민원 접수
고객센터 : 1577-6000(해외 82-2-3015-9000)
팩스 : 02-2165-9454
이메일 : hc_VOC@hyundaicard.com
방문/우편 : 서울시 영등포구 의사당대로 3 현대카드빌딩 카드소비자보호팀 담당자

[가족 카드 이용 안내]
가족 카드 연회비는 각 상품별 연회비 부과 기준을 따름
가족 회원 기준 5매까지 발급 가능하며 본인 카드 국제브랜드와 동일하게 발급
부가 서비스별 이용 실적 및 이용 한도는 본인+가족 카드 합산 적용되며, 그 외 이용 기준은 본인 카드와 동일
연말정산 시 가족 카드 이용 금액은 가족 회원(카드 플레이트에 표기된 명의자)의 이용 금액에 포함되며, 연간 소득 금액은 국세청 기준에 따름
본인 회원이 가족 카드 이용 내역에 대한 알림을 받고자 하는 경우 고객센터(1577-6000)를 통해 별도 신청 필요
가족 카드 이용대금명세서는 본인 카드 신청 시 지정한 주소 및 방법과 동일 적용
가족관계 변동(이혼, 사망, 파양 등) 시 현대카드 홈페이지 및 앱, 고객센터를 통해 가족 카드 정지 및 해지 가능
단, 해지의 경우 홈페이지 및 앱은 본인 회원만 가능하며, 정지는 고객센터를 통해서만 가능
홈페이지 > Account > 카드 관리 > 보유 카드 목록 > 해지
앱 : 메뉴(좌측 상단) > 카드 관리 > 보유 카드 목록 > 해지
고객센터 : 1577-6000
본인 회원이 요청할 경우 가족 회원 동의 없이 가족 카드의 한도가 변경되거나 정지/해지될 수 있음
가족관계 변동이 되었음에도 가족 카드 정지 및 해지를 하지 않은 경우 본인 회원에게 의도하지 않은 카드 이용 및 책임이 발생할 수 있음
본인 카드 해지 시 가족 카드도 약 7영업일 후 자동 해지

[이용 안내]
전월 이용 금액 50만원 이상 시 기본 헤택 적용됩니다. 1회 및 연간 할인 한도 제한 없음
  - 1회 및 연간 할인 한도 제한 없음
전월 이용 금액 100만원 이상 시 추가 혜택 적용됩니다. 대상점 통합해 월 1만원 할인 한도(본인+가족 카드 합산 기준, 할인 한도 초과 시 기본 혜택 할인율 적용) 추가 혜택 가맹점 이용 시 추가 혜택 우선 적용되며 기본 혜택과 중복 적용되지 않음
  - 대상점 통합해 월 1만원 할인 한도(본인+가족 카드 합산 기준, 할인 한도 초과 시 기본 혜택 할인율 적용)
  - 추가 혜택 가맹점 이용 시 추가 혜택 우선 적용되며 기본 혜택과 중복 적용되지 않음
모든 가맹점은 현대카드 가맹점 등록 및 업종 분류 기준입니다.
당사는 상품설명서의 내용을 준수합니다.
동일 기간 내 다수의 신용카드를 신청할 경우 개인신용평점, 이용한도 등에 영향을 미칠 수 있습니다.
카드 이용 시 제공되는 포인트 및 할인 혜택 등의 부가서비스는 카드 신규 출시(2025년 4월 11일) 이후 다음과 같은 사유를 제외하고는 변경할 수 없습니다. 카드사의 휴업·파산·경영상의 위기 등에 따른 불가피한 경우 제휴업체의 휴업·파산·경영상의 위기로 인해 불가피하게 부가서비스를 축소ㆍ변경하는 경우로서 다른 제휴업체를 통해 동종의 유사한 부가서비스 제공이 불가한 경우 제휴업체가 카드사의 의사에 반하여 해당 부가서비스를 축소하거나 변경 시, 당초 부가서비스에 상응하는 다른 부가서비스를 제공하는 경우 부가서비스를 3년 이상 제공한 상태에서 해당 부가서비스로 인해 상품의 수익성이 현저히 낮아진 경우
  - 카드사의 휴업·파산·경영상의 위기 등에 따른 불가피한 경우
  - 제휴업체의 휴업·파산·경영상의 위기로 인해 불가피하게 부가서비스를 축소ㆍ변경하는 경우로서 다른 제휴업체를 통해 동종의 유사한 부가서비스 제공이 불가한 경우
  - 제휴업체가 카드사의 의사에 반하여 해당 부가서비스를 축소하거나 변경 시, 당초 부가서비스에 상응하는 다른 부가서비스를 제공하는 경우
  - 부가서비스를 3년 이상 제공한 상태에서 해당 부가서비스로 인해 상품의 수익성이 현저히 낮아진 경우
카드사가 부가서비스를 변경하는 경우에는 부가서비스 변경 사유, 변경 내용 등을 사유 발생 즉시 홈페이지에 게시하고, 개별 고지 방법 중 서로 다른 2가지 이상의 방법으로 고지하여 드립니다. 특히 카드 신규 출시 이후 3년 이상 경과했고, 해당 카드의 수익성 유지가 어려워져 부가서비스를 변경하는 경우에는 변경일 6개월 전부터 서로 다른 2가지 이상의 방법으로 매월 개별 고지해드립니다. 개별 고지 방법 : 서면 교부, 우편 또는 이메일, 전화 또는 팩스, 휴대폰 메시지 또는 이에 준하는 전자적 의사표시
  - 개별 고지 방법 : 서면 교부, 우편 또는 이메일, 전화 또는 팩스, 휴대폰 메시지 또는 이에 준하는 전자적 의사표시
연회비는 카드 발급 시 선청구됩니다.
카드 연회비(기본연회비 + 제휴연회비)는 보유 카드별로 청구됩니다.
카드 이용대금 연체 시 약정 금리 + 연체 가산 금리 3%의 연체 금리가 적용됩니다.(회원별, 이용 상품별 차등 적용/법정 최고 금리 20% 이내) 단, 연체 발생 시점에 약정 금리가 없는
                    경우 아래와 같이 적용 일시불 : 거래 발생 시점 기준 최소 기간(2개월)의 유이자 할부 약정 금리 + 연체 가산 금리 3% 무이자할부 : 거래 발생 시점 기준 동일한 할부 계약 기간의 유이자 할부 약정 금리 + 연체 가산 금리 3%
  - 일시불 : 거래 발생 시점 기준 최소 기간(2개월)의 유이자 할부 약정 금리 + 연체 가산 금리 3%
  - 무이자할부 : 거래 발생 시점 기준 동일한 할부 계약 기간의 유이자 할부 약정 금리 + 연체 가산 금리 3%
상환 능력에 비해 신용카드 이용금액이 과도할 경우, 귀하의 개인신용평점이 하락할 수 있습니다.
개인신용평점 하락 시 금융거래와 관련된 불이익이 발생할 수 있습니다.
일정 기간 원리금을 연체할 경우, 모든 원리금을 변제할 의무가 발생할 수 있습니다.
신용카드 발급이 부적정한 경우(연체금 보유, 개인신용평점 낮음 등) 카드 발급이 제한될 수 있습니다.
카드 이용대금과 이에 수반되는 모든 수수료를 지정된 대금 결제일에 상환합니다.
금융소비자는 금융소비자보호법 제19조 제1항에 따라 해당 상품 또는 서비스에 대하여 설명을 받을 권리가 있습니다.
자세한 내용 및 이용 조건은 카드 신청 전 현대카드 홈페이지 및 상품설명서, 약관 참고
준법감시심의필 제 260331-033호 (2026.03.31 ~ 2027.03.30)
여신금융협회 심의필 제 2026-C1h-05016호 (2026.03.31 ~ 2027.03.30)",2026-06-03 15:22:03
ZRUP_N0001,ZRUP,"[카드 이용 유의사항]

[해외 결제 이용 안내]
국내외겸용 카드로 해외 이용 시(해외사이트 거래 포함) 미화(USD) 기준 거래미화금액에 접수일의 (대외결제대행은행) 최초 고시 전신환매도율을 적용한 후, 국제브랜드사가 부과하는 국제브랜드 수수료(Visa 1.1%/Amex 1.4%)와 현대카드가 부과하는 해외서비스 수수료(0.2%)를 포함하여 원화로 청구됩니다. 국제브랜드 수수료 및 대외결제대행은행 관련 자세한 내용은 현대카드 홈페이지를 참고해 주세요.
해외 이용 시 청구 금액 산출 방법
* 해외 이용 시 청구 금액=(거래미화금액ⅹ전신환매도율¹)+국제브랜드 수수료²+해외서비스 수수료³
1. 전신환매도율 : 접수일의 대외결제대행은행 최초 고시 전신환매도율
2. 국제브랜드 수수료=(거래미화금액ⅹ국제브랜드 수수료율 1.1%/1.4%)ⅹ전신환매도율
3. 해외서비스 수수료=(거래미화금액 ⅹ 해외서비스 수수료율 0.2%) ⅹ 전신환매도율
해외원화결제차단서비스 신청 방법
해외 가맹점에서 원화거래(DCC) 시 추가 수수료가 부과되므로 현지통화 또는 미화로 거래하시기 바랍니다.
홈페이지 > Account > 카드 관리  > 해외원화결제차단 서비스
앱 > 메뉴(좌측 상단) > 카드 관리 > 해외원화결제차단 신청

[기타 안내]
결제 계좌 개설기관의 영업 마감 시간(오후 4시) 이후 결제 계좌에 입금된 금액에 대해서는 결제 계좌 개설기관의 사정에 따라 당일 출금되지 못하여 연체로 처리될 수 있으니 유의하시기 바랍니다.
자동납부 업무 마감 시간 이후 현대카드 홈페이지 및 앱에서 즉시결제 또는 입금전용(가상)계좌 입금 (송금납부)을 통해 당일 결제가 가능합니다.
(카드 대금 납부 관련한 자세한 내용은 홈페이지 > Account > 카드 이용 내역 > 이용 대금 명세서 또는 앱 > 메뉴(좌측 상단) > 카드 이용 내역 > 이용 대금 명세서 참고)

[민원 접수 안내]
현대카드 홈페이지, 고객센터, 팩스, 이메일 또는 방문, 우편을 통해 가능
홈페이지 > 고객 지원 > 소비자보호 > 전자민원 접수
고객센터 : 1577-6000(해외 82-2-3015-9000)
팩스 : 02-2165-9454
이메일 : hc_VOC@hyundaicard.com
방문/우편 : 서울시 영등포구 의사당대로 3 현대카드빌딩 카드소비자보호팀 담당자

[가족 카드 이용 안내]
가족 카드 연회비는 각 상품별 연회비 부과 기준을 따름
가족 회원 기준 5매까지 발급 가능하며 본인 카드 국제브랜드와 동일하게 발급
부가 서비스별 이용 실적 및 이용 한도는 본인+가족 카드 합산 적용되며, 그 외 이용 기준은 본인 카드와 동일
연말정산 시 가족 카드 이용 금액은 가족 회원(카드 플레이트에 표기된 명의자)의 이용 금액에 포함되며, 연간 소득 금액은 국세청 기준에 따름
본인 회원이 가족 카드 이용 내역에 대한 알림을 받고자 하는 경우 고객센터(1577-6000)를 통해 별도 신청 필요
가족 카드 이용대금명세서는 본인 카드 신청 시 지정한 주소 및 방법과 동일 적용
가족관계 변동(이혼, 사망, 파양 등) 시 현대카드 홈페이지 및 앱, 고객센터를 통해 가족 카드 정지 및 해지 가능
단, 해지의 경우 홈페이지 및 앱은 본인 회원만 가능하며, 정지는 고객센터를 통해서만 가능
홈페이지 > Account > 카드 관리 > 보유 카드 목록 > 해지
앱 : 메뉴(좌측 상단) > 카드 관리 > 보유 카드 목록 > 해지
고객센터 : 1577-6000
본인 회원이 요청할 경우 가족 회원 동의 없이 가족 카드의 한도가 변경되거나 정지/해지될 수 있음
가족관계 변동이 되었음에도 가족 카드 정지 및 해지를 하지 않은 경우 본인 회원에게 의도하지 않은 카드 이용 및 책임이 발생할 수 있음
본인 카드 해지 시 가족 카드도 약 7영업일 후 자동 해지

[이용 안내]
추가 혜택 적용을 위한 최소 결제 금액은 10만원 이상 단일 결제 건 기준입니다.(결제 금액 합산 불가)
대상점에서 10만원 이상 결제 후 부분 취소 금액 발생으로 최종 결제 금액이 10만원 미만으로 변경된 경우 기본 혜택 적용됩니다.
추가 혜택 가맹점 이용 시 추가 혜택 우선 적용되며 기본 혜택과 중복 적용되지 않습니다.
모든 가맹점은 현대카드 가맹점 등록 및 업종 분류 기준입니다.
당사는 상품설명서의 내용을 준수합니다.
동일 기간 내 다수의 신용카드를 신청할 경우 개인신용평점, 이용 한도 등에 영향을 미칠 수 있습니다.
카드 이용 시 제공되는 포인트 및 할인 혜택 등의 부가서비스는 카드 신규 출시(2025년 04월 10일) 이후 다음과 같은 사유를 제외하고는 변경할 수 없습니다. 카드사의 휴업·파산·경영상의 위기 등에 따른 불가피한 경우 제휴업체의 휴업·파산·경영상의 위기로 인해 불가피하게 부가서비스를 축소·변경하는 경우로서 다른 제휴업체를 통해 동종의 유사한 부가서비스 제공이 불가한 경우 제휴업체가 카드사의 의사에 반하여 해당 부가서비스를 축소하거나 변경 시, 당초 부가서비스에 상응하는 다른 부가서비스를 제공하는 경우 부가서비스를 3년 이상 제공한 상태에서 해당 부가서비스로 인해 상품의 수익성이 현저히 낮아진 경우
  - 카드사의 휴업·파산·경영상의 위기 등에 따른 불가피한 경우
  - 제휴업체의 휴업·파산·경영상의 위기로 인해 불가피하게 부가서비스를 축소·변경하는 경우로서 다른 제휴업체를 통해 동종의 유사한 부가서비스 제공이 불가한 경우
  - 제휴업체가 카드사의 의사에 반하여 해당 부가서비스를 축소하거나 변경 시, 당초 부가서비스에 상응하는 다른 부가서비스를 제공하는 경우
  - 부가서비스를 3년 이상 제공한 상태에서 해당 부가서비스로 인해 상품의 수익성이 현저히 낮아진 경우
카드사가 부가서비스를 변경하는 경우에는 부가서비스 변경 사유, 변경 내용 등을 사유 발생 즉시 홈페이지에 게시하고, 개별 고지 방법 중 서로 다른 2가지 이상의 방법으로 고지하여 드립니다. 특히 카드 신규 출시 이후 3년 이상 경과했고, 해당 카드의 수익성 유지가 어려워져 부가서비스를 변경하는 경우에는 변경일 6개월 전부터 서로 다른 2가지 이상의 방법으로 매월 개별 고지해 드립니다. 개별 고지 방법 : 서면 교부, 우편 또는 이메일, 전화 또는 팩스, 휴대폰 메시지 또는 이에 준하는 전자적 의사표시
  - 개별 고지 방법 : 서면 교부, 우편 또는 이메일, 전화 또는 팩스, 휴대폰 메시지 또는 이에 준하는 전자적 의사표시
연회비는 카드 발급 시 선청구됩니다.
카드 연회비(기본연회비+제휴연회비)는 보유 카드별로 청구됩니다.
카드 이용 대금 연체 시 약정 금리 + 연체 가산 금리 3%의 연체 금리가 적용됩니다. (회원별, 이용 상품별 차등 적용/법정 최고 금리 20% 이내) 단, 연체 발생 시점에 약정 금리가 없는 경우 아래와 같이 적용 일시불 : 거래 발생 시점 기준 최소 기간(2개월)의 유이자 할부 약정 금리 + 연체 가산 금리 3% 무이자 할부 : 거래 발생 시점 기준 동일한 할부 계약 기간의 유이자 할부 약정 금리 + 연체 가산 금리 3%
  - 일시불 : 거래 발생 시점 기준 최소 기간(2개월)의 유이자 할부 약정 금리 + 연체 가산 금리 3%
  - 무이자 할부 : 거래 발생 시점 기준 동일한 할부 계약 기간의 유이자 할부 약정 금리 + 연체 가산 금리 3%
상환 능력에 비해 신용카드 이용금액이 과도할 경우, 귀하의 개인신용평점이 하락할 수 있습니다.
개인신용평점 하락 시 금융거래와 관련된 불이익이 발생할 수 있습니다.
일정 기간 원리금을 연체할 경우, 모든 원리금을 변제할 의무가 발생할 수 있습니다.
신용카드 발급이 부적정한 경우(연체금 보유, 개인신용평점 낮음 등) 카드 발급이 제한될 수 있습니다.
카드 이용대금과 이에 수반되는 모든 수수료를 지정된 대금 결제일에 상환합니다.
금융소비자는 금융소비자보호법 제19조 제1항에 따라 해당 상품 또는 서비스에 대하여 설명을 받을 권리가 있습니다.
자세한 내용 및 이용 조건은 카드 신청 전 현대카드 홈페이지 및 상품설명서, 약관 참고
준법감시심의필 제 260401-004호 (2026.04.01 ~ 2027.03.31)
여신금융협회 심의필 제 2026-C1h-05153호 (2026.04.01 ~ 2027.03.31)",2026-06-03 15:24:38
MZROE3_N0001,MZROE3,"[카드 이용 유의사항]

[해외 결제 이용 안내]
국내외겸용 카드로 해외 이용 시(해외사이트 거래 포함) 미화(USD) 기준 거래미화금액에 접수일의 (대외결제대행은행) 최초 고시 전신환매도율을 적용한 후, 국제브랜드사가 부과하는 국제브랜드 수수료(Visa 1.1% / Amex 1.4%)와 현대카드가 부과하는 해외서비스 수수료(0.18%)를 포함하여 원화로 청구됩니다. 국제브랜드 수수료 및 대외결제대행은행 관련 자세한 내용은 현대카드 홈페이지를 참고해 주세요.
해외 이용 시 청구 금액 산출 방법
* 해외 이용 시 청구 금액=(거래미화금액ⅹ전신환매도율¹)+국제브랜드 수수료²+해외서비스 수수료³
1. 전신환매도율 : 접수일의 대외결제대행은행 최초 고시 전신환매도율
2. 국제브랜드 수수료=(거래미화금액ⅹ국제브랜드 수수료율 1.1%/1.4%)ⅹ전신환매도율
3. 해외서비스 수수료=(거래미화금액ⅹ해외서비스 수수료율 0.18%)ⅹ전신환매도율
해외원화결제차단서비스 신청 방법
해외 가맹점에서 원화거래(DCC) 시 추가 수수료가 부과되므로 현지통화 또는 미화로 거래하시기 바랍니다.
홈페이지 > Account > 카드 관리 > 해외원화결제차단서비스
앱 > 메뉴(좌측 상단) > 카드 관리 > 해외원화결제차단 신청

[기타 안내]
결제 계좌 개설기관의 영업 마감 시간(오후 4시) 이후 결제 계좌에 입금된 금액에 대해서는 결제 계좌 개설기관의
                                        사정에 따라 당일 출금되지 못하여 연체로 처리될 수 있으니 유의하시기 바랍니다.
자동납부 업무 마감 시간 이후 현대카드 홈페이지 및 앱에서
                                        즉시결제 또는 입금전용(가상)계좌 입금(송금납부)을 통해 당일 결제가 가능합니다.
(카드 대금 납부 자세한 내용은 홈페이지 > Account > 카드 이용 내역 > 이용 대금 명세서 또는 앱 > 메뉴(좌측 상단) > 카드 이용 내역 > 이용 대금 명세서 참고)

[민원 접수 안내]
현대카드 홈페이지, 고객센터, 팩스, 이메일 또는 방문, 우편을 통해 가능
홈페이지 > 고객지원 > 소비자보호 > 전자민원 접수
고객센터 : 1577-6000(해외 82-2-3015-9000)
팩스 : 02-2165-9454
이메일 : hc_VOC@hyundaicard.com
방문/우편 : 서울시 영등포구 의사당대로 3 현대카드빌딩 카드소비자보호팀 담당자

[가족 카드 이용 안내]
가족 카드 연회비는 각 상품별 연회비 부과 기준을 따름
가족 회원 기준 5매까지 발급 가능하며 본인 카드 국제브랜드와 동일하게 발급
부가 서비스별 이용 실적 및 이용 한도는 본인+가족 카드 합산 적용되며, 그 외 이용 기준은 본인 카드와 동일
연말정산 시 가족 카드 이용 금액은 가족 회원(카드 플레이트에 표기된 명의자)의 이용 금액에 포함되며, 연간 소득 금액은 국세청 기준에 따름
본인 회원이 가족 카드 이용 내역에 대한 알림을 받고자 하는 경우 고객센터(1577-6000)를 통해 별도 신청 필요
가족 카드 이용대금명세서는 본인 카드 신청 시 지정한 주소 및 방법과 동일 적용
가족 카드 이용으로 적립된 M포인트는 현대카드 홈페이지를 통해 양도 가능하며, 포인트 선물로 상속·증여세가 발생할 수 있음
홈페이지 > 혜택 > 보유 포인트 > M포인트 > M포인트 가족양도
가족관계 변동(이혼, 사망, 파양 등) 시 현대카드 홈페이지 및 앱, 고객센터를 통해 가족 카드 정지 및 해지 가능
단, 해지의 경우 홈페이지 및 앱은 본인 회원만 가능하며, 정지는 고객센터를 통해서만 가능
홈페이지 > Account > 카드 관리 > 보유  카드 목록 > 해지
앱 > 메뉴(좌측 상단) > 카드 관리 > 보유 카드 목록 > 해지
고객센터 : 1577-6000
본인 회원이 요청할 경우 가족 회원 동의 없이 가족 카드의 한도가 변경되거나 정지/해지될 수 있음
가족관계 변동이 되었음에도 가족 카드 정지 및 해지를 하지 않은 경우 본인 회원에게 의도하지 않은 카드 이용 및 책임이 발생할 수 있음
본인 카드 해지 시 가족 카드도 약 7영업일 후 자동 해지

[이용 안내]
모든 가맹점은 현대카드 가맹점 등록 및 업종 분류 기준입니다.
당사는 상품설명서의 내용을 준수합니다.
동일 기간 내 다수의 신용카드를 신청할 경우 개인신용평점, 이용 한도 등에 영향을 미칠 수 있습니다.
카드 이용 시 제공되는 포인트 및 할인 혜택 등의 부가서비스는 카드 신규 출시(2024년 1월 5일) 이후 3년 이상 축소·폐지 없이 유지됩니다. 상기에도 불구하고 다음과 같은 사유가 발생한 경우 카드사는 부가서비스를 변경할 수 있습니다. 카드사의 휴업·파산·경영상의 위기 등에 따른 불가피한 경우 제휴업체의 휴업·파산·경영상의 위기로 인해 불가피하게 부가서비스를 축소·변경하는 경우로서 다른 제휴업체를 통해 동종의 유사한 부가서비스 제공이 불가한 경우 제휴업체가 카드사의 의사에 반하여 해당 부가서비스를 축소하거나 변경 시, 당초 부가서비스에 상응하는 다른 부가서비스를 제공하는 경우 부가서비스를 3년 이상 제공한 상태에서 해당 부가서비스로 인해 상품의 수익성이 현저히 낮아진 경우
  - 카드사의 휴업·파산·경영상의 위기 등에 따른 불가피한 경우
  - 제휴업체의 휴업·파산·경영상의 위기로 인해 불가피하게 부가서비스를 축소·변경하는 경우로서 다른 제휴업체를 통해 동종의 유사한 부가서비스 제공이 불가한 경우
  - 제휴업체가 카드사의 의사에 반하여 해당 부가서비스를 축소하거나 변경 시, 당초 부가서비스에 상응하는 다른 부가서비스를 제공하는 경우
  - 부가서비스를 3년 이상 제공한 상태에서 해당 부가서비스로 인해 상품의 수익성이 현저히 낮아진 경우
카드사가 부가서비스를 변경하는 경우에는 부가서비스 변경 사유, 변경 내용 등을 사유 발생 즉시 홈페이지에 게시하고, 개별 고지 방법 중 2가지 이상의 방법으로 고지하여 드립니다.
					특히 카드 신규 출시 이후 3년 이상 경과했고, 해당 카드의 수익성 유지가 어려워져 부가서비스를 변경하는 경우에는 변경일 6개월 전부터 2가지 이상의 방법으로 매월 개별 고지해
					드립니다. 개별 고지 방법 : 서면 교부, 우편 또는 이메일, 전화 또는 팩스, 휴대폰 메시지 또는 이에 준하는 전자적 의사표시
  - 개별 고지 방법 : 서면 교부, 우편 또는 이메일, 전화 또는 팩스, 휴대폰 메시지 또는 이에 준하는 전자적 의사표시
연회비는 카드 발급 시 선청구됩니다.
카드 연회비(기본연회비 + 제휴연회비)는 보유 카드별로 청구됩니다.
카드 이용대금 연체 시 약정 금리 + 연체 가산 금리 3%의 연체 금리가 적용됩니다.(회원별, 이용 상품별 차등 적용/법정 최고 금리 20% 이내) 단, 연체 발생 시점에 약정 금리가 없는 경우 아래와 같이 적용 일시불 : 거래 발생 시점 기준 최소 기간(2개월)의 유이자 할부 약정 금리 + 연체 가산 금리 3% 무이자할부 : 거래 발생 시점 기준 동일한 할부 계약 기간의 유이자 할부 약정 금리 + 연체 가산 금리 3%
  - 일시불 : 거래 발생 시점 기준 최소 기간(2개월)의 유이자 할부 약정 금리 + 연체 가산 금리 3%
  - 무이자할부 : 거래 발생 시점 기준 동일한 할부 계약 기간의 유이자 할부 약정 금리 + 연체 가산 금리 3%
상환 능력에 비해 신용카드 이용금액이 과도할 경우, 귀하의 개인신용평점이 하락할 수 있습니다.
개인신용평점 하락 시 금융거래와 관련된 불이익이 발생할 수 있습니다.
일정 기간 원리금을 연체할 경우, 모든 원리금을 변제할 의무가 발생할 수 있습니다.
신용카드 발급이 부적정한 경우(연체금 보유, 개인신용평점 낮음 등) 카드 발급이 제한될 수 있습니다.
카드 이용대금과 이에 수반되는 모든 수수료를 지정된 대금 결제일에 상환합니다.
금융소비자는 금융소비자보호법 제19조 제1항에 따라 해당 상품 또는 서비스에 대하여 설명을 받을 권리가 있습니다.
자세한 내용 및 이용 조건은 카드 신청 전 현대카드 홈페이지 및 상품설명서, 약관 참고
준법감시심의필 제 260323-031호 (2026.03.23 ~ 2027.03.22)
여신금융협회 심의필 제 2025-C1h-18698호 (2025.12.30 ~ 2026.12.29)",2026-06-03 15:25:55
ZROE3_N0001,ZROE3,"[카드 이용 유의사항]

[해외 결제 이용 안내]
국내외겸용 카드로 해외 이용 시(해외사이트 거래 포함) 미화(USD) 기준 거래미화금액에 접수일의 (대외결제대행은행) 최초 고시 전신환매도율을 적용한 후, 국제브랜드사가 부과하는 국제브랜드 수수료(Visa 1.1% / Amex 1.4%)와 현대카드가 부과하는 해외서비스 수수료(0.18%)를 포함하여 원화로 청구됩니다. 국제브랜드 수수료 및 대외결제대행은행 관련 자세한 내용은 현대카드 홈페이지를 참고해 주세요.
해외 이용 시 청구 금액 산출 방법
* 해외 이용 시 청구 금액=(거래미화금액ⅹ전신환매도율¹)+국제브랜드 수수료²+해외서비스 수수료³
1. 전신환매도율 : 접수일의 대외결제대행은행 최초 고시 전신환매도율
2. 국제브랜드 수수료=(거래미화금액ⅹ국제브랜드 수수료율 1.1%/1.4%)ⅹ전신환매도율
3. 해외서비스 수수료=(거래미화금액ⅹ해외서비스 수수료율 0.18%)ⅹ전신환매도율
해외원화결제차단서비스 신청 방법
해외 가맹점에서 원화거래(DCC) 시 추가 수수료가 부과되므로 현지통화 또는 미화로 거래하시기 바랍니다.
홈페이지 > Account > 카드 관리 > 해외원화결제차단서비스
앱 > 메뉴(좌측 상단) > 카드 관리 > 해외원화결제차단 신청

[기타 안내]
결제 계좌 개설기관의 영업 마감 시간(오후 4시) 이후 결제 계좌에 입금된 금액에 대해서는 결제 계좌 개설기관의
                                        사정에 따라 당일 출금되지 못하여 연체로 처리될 수 있으니 유의하시기 바랍니다.
자동납부 업무 마감 시간 이후 현대카드 홈페이지 및 앱에서
                                        즉시결제 또는 입금전용(가상)계좌 입금(송금납부)을 통해 당일 결제가 가능합니다.
(카드 대금 납부 자세한 내용은 홈페이지 > Account > 카드 이용 내역 > 이용 대금 명세서 또는 앱 > 메뉴(좌측 상단) > 카드 이용 내역 > 이용 대금 명세서 참고)

[민원 접수 안내]
현대카드 홈페이지, 고객센터, 팩스, 이메일 또는 방문, 우편을 통해 가능
홈페이지 > 고객지원 > 소비자보호 > 전자민원 접수
고객센터 : 1577-6000(해외 82-2-3015-9000)
팩스 : 02-2165-9454
이메일 : hc_VOC@hyundaicard.com
방문/우편 : 서울시 영등포구 의사당대로 3 현대카드빌딩 카드소비자보호팀 담당자

[가족 카드 이용 안내]
가족 카드 연회비는 각 상품별 연회비 부과 기준을 따름
가족 회원 기준 5매까지 발급 가능하며 본인 카드 국제브랜드와 동일하게 발급
부가 서비스별 이용 실적 및 이용 한도는 본인+가족 카드 합산 적용되며, 그 외 이용 기준은 본인 카드와 동일
연말정산 시 가족 카드 이용 금액은 가족 회원(카드 플레이트에 표기된 명의자)의 이용 금액에 포함되며, 연간 소득 금액은 국세청 기준에 따름
본인 회원이 가족 카드 이용 내역에 대한 알림을 받고자 하는 경우 고객센터(1577-6000)를 통해 별도 신청 필요
가족 카드 이용대금명세서는 본인 카드 신청 시 지정한 주소 및 방법과 동일 적용
가족관계 변동(이혼, 사망, 파양 등) 시 현대카드 홈페이지 및 앱, 고객센터를 통해 가족 카드 정지 및 해지 가능
단, 해지의 경우 홈페이지 및 앱은 본인 회원만 가능하며, 정지는 고객센터를 통해서만 가능
홈페이지 > Account > 카드 관리 > 보유  카드 목록 > 해지
앱 > 메뉴(좌측 상단) > 카드 관리 > 보유 카드 목록 > 해지
고객센터 : 1577-6000
본인 회원이 요청할 경우 가족 회원 동의 없이 가족 카드의 한도가 변경되거나 정지/해지될 수 있음
가족관계 변동이 되었음에도 가족 카드 정지 및 해지를 하지 않은 경우 본인 회원에게 의도하지 않은 카드 이용 및 책임이 발생할 수 있음
본인 카드 해지 시 가족 카드도 약 7영업일 후 자동 해지

[이용 안내]
모든 가맹점은 현대카드 가맹점 등록 및 업종 분류 기준입니다.
당사는 상품설명서의 내용을 준수합니다.
동일 기간 내 다수의 신용카드를 신청할 경우 개인신용평점, 이용 한도 등에 영향을 미칠 수 있습니다.
카드 이용 시 제공되는 포인트 및 할인 혜택 등의 부가서비스는 카드 신규 출시(2024년 1월 5일) 이후 3년 이상 축소·폐지 없이 유지됩니다. 상기에도 불구하고 다음과 같은 사유가 발생한 경우 카드사는 부가서비스를 변경할 수 있습니다. 카드사의 휴업·파산·경영상의 위기 등에 따른 불가피한 경우 제휴업체의 휴업·파산·경영상의 위기로 인해 불가피하게 부가서비스를 축소·변경하는 경우로서 다른 제휴업체를 통해 동종의 유사한 부가서비스 제공이 불가한 경우 제휴업체가 카드사의 의사에 반하여 해당 부가서비스를 축소하거나 변경 시, 당초 부가서비스에 상응하는 다른 부가서비스를 제공하는 경우 부가서비스를 3년 이상 제공한 상태에서 해당 부가서비스로 인해 상품의 수익성이 현저히 낮아진 경우
  - 카드사의 휴업·파산·경영상의 위기 등에 따른 불가피한 경우
  - 제휴업체의 휴업·파산·경영상의 위기로 인해 불가피하게 부가서비스를 축소·변경하는 경우로서 다른 제휴업체를 통해 동종의 유사한 부가서비스 제공이 불가한 경우
  - 제휴업체가 카드사의 의사에 반하여 해당 부가서비스를 축소하거나 변경 시, 당초 부가서비스에 상응하는 다른 부가서비스를 제공하는 경우
  - 부가서비스를 3년 이상 제공한 상태에서 해당 부가서비스로 인해 상품의 수익성이 현저히 낮아진 경우
카드사가 부가서비스를 변경하는 경우에는 부가서비스 변경 사유, 변경 내용 등을 사유 발생 즉시 홈페이지에 게시하고, 개별 고지 방법 중 2가지 이상의 방법으로 고지하여 드립니다.
					특히 카드 신규 출시 이후 3년 이상 경과했고, 해당 카드의 수익성 유지가 어려워져 부가서비스를 변경하는 경우에는 변경일 6개월 전부터 2가지 이상의 방법으로 매월 개별 고지해
					드립니다. 개별 고지 방법 : 서면 교부, 우편 또는 이메일, 전화 또는 팩스, 휴대폰 메시지 또는 이에 준하는 전자적 의사표시
  - 개별 고지 방법 : 서면 교부, 우편 또는 이메일, 전화 또는 팩스, 휴대폰 메시지 또는 이에 준하는 전자적 의사표시
연회비는 카드 발급 시 선청구됩니다.
카드 연회비(기본연회비 + 제휴연회비)는 보유 카드별로 청구됩니다.
카드 이용대금 연체 시 약정 금리 + 연체 가산 금리 3%의 연체 금리가 적용됩니다.(회원별, 이용 상품별 차등 적용/법정 최고 금리 20% 이내) 단, 연체 발생 시점에 약정 금리가 없는 경우 아래와 같이 적용 일시불 : 거래 발생 시점 기준 최소 기간(2개월)의 유이자 할부 약정 금리 + 연체 가산 금리 3% 무이자할부 : 거래 발생 시점 기준 동일한 할부 계약 기간의 유이자 할부 약정 금리 + 연체 가산 금리 3%
  - 일시불 : 거래 발생 시점 기준 최소 기간(2개월)의 유이자 할부 약정 금리 + 연체 가산 금리 3%
  - 무이자할부 : 거래 발생 시점 기준 동일한 할부 계약 기간의 유이자 할부 약정 금리 + 연체 가산 금리 3%
상환 능력에 비해 신용카드 이용금액이 과도할 경우, 귀하의 개인신용평점이 하락할 수 있습니다.
개인신용평점 하락 시 금융거래와 관련된 불이익이 발생할 수 있습니다.
일정 기간 원리금을 연체할 경우, 모든 원리금을 변제할 의무가 발생할 수 있습니다.
신용카드 발급이 부적정한 경우(연체금 보유, 개인신용평점 낮음 등) 카드 발급이 제한될 수 있습니다.
카드 이용대금과 이에 수반되는 모든 수수료를 지정된 대금 결제일에 상환합니다.
금융소비자는 금융소비자보호법 제19조 제1항에 따라 해당 상품 또는 서비스에 대하여 설명을 받을 권리가 있습니다.
자세한 내용 및 이용 조건은 카드 신청 전 현대카드 홈페이지 및 상품설명서, 약관 참고
준법감시심의필 제 260323-031호 (2026.03.23 ~ 2027.03.22)
여신금융협회 심의필 제 2025-C1h-18697호 (2025.12.30 ~ 2026.12.29)",2026-06-03 15:26:32
AMPTE2_N0001,AMPTE2,"[카드 이용 유의사항]

[해외 결제 이용 안내]
해외 이용 시(해외사이트 거래 포함) 미화(USD) 기준 거래미화금액에 접수일의 (대외결제대행은행) 최초 고시 
                                        전신환매도율을 적용한 후, 국제브랜드사가 부과하는 국제브랜드 수수료(Amex 1.4%)와 현대카드가 부과하는 해외서비스 수수료(0.18%)를
                                        포함하여 원화로 청구됩니다. 국제브랜드 수수료 및 대외결제대행은행 관련 자세한 내용은 현대카드 홈페이지를 참고해 주세요.
해외 이용 시 청구 금액 산출 방법
* 해외 이용 시 청구 금액=(거래미화금액ⅹ전신환매도율¹)+국제브랜드 수수료²+해외서비스 수수료³
1. 전신환매도율 : 접수일의 대외결제대행은행 최초 고시 전신환매도율
2. 국제브랜드 수수료=(거래미화금액ⅹ국제브랜드 수수료율 1.4%)ⅹ전신환매도율
3. 해외서비스 수수료=(거래미화금액ⅹ해외서비스 수수료율 0.18%)ⅹ전신환매도율
해외원화결제차단서비스 신청 방법
해외 가맹점에서 원화거래(DCC) 시 추가 수수료가 부과되므로 현지통화 또는 미화로 거래하시기 바랍니다.
홈페이지 > Account > 카드 관리 > 해외원화결제차단서비스
앱 > 메뉴(좌측 상단) > 카드 관리 > 해외원화결제차단 신청

[가족 카드 이용 안내]
가족 카드 연회비는 각 상품별 연회비 부과 기준을 따름
가족 회원 기준 5매까지 발급 가능하며 본인 카드 국제브랜드와 동일하게 발급
부가 서비스별 이용 실적 및 이용 한도는 본인+가족 카드 합산 적용되며, 그 외 이용 기준은 본인 카드와 동일
연말정산 시 가족 카드 이용 금액은 가족 회원(카드 플레이트에 표기된 명의자)의 이용 금액에 포함되며, 연간 소득 금액은 국세청 기준에
                                            따름
본인 회원이 가족 카드 이용 내역에 대한 알림을 받고자 하는 경우 고객센터(1577-6000)를 통해 별도 신청 필요
가족 카드 이용대금명세서는 본인 카드 신청 시 지정한 주소 및 방법과 동일 적용
가족 카드 이용으로 적립된 멤버십 리워즈(MR) 양도 기준은 Amex 정책을 따름
가족관계 변동(이혼, 사망, 파양 등) 시 현대카드 홈페이지 및 앱, 고객센터를 통해 가족 카드 정지 및 해지 가능
단, 해지의 경우 홈페이지 및 앱은 본인 회원만 가능하며, 정지는 고객센터를 통해서만 가능
홈페이지 > Account > 카드 관리 > 보유 카드 목록 > 카드 해지 신청
앱 : 메뉴(좌측 상단) > 카드 관리 > 보유 카드 목록 > 해지
고객센터 : 1577-6000
본인 회원이 요청할 경우 가족 회원 동의 없이 가족 카드의 한도가 변경되거나 정지/해지될 수 있음
가족관계 변동이 되었음에도 가족 카드 정지 및 해지를 하지 않은 경우 본인 회원에게 의도하지 않은 카드 이용 및 책임이 발생할 수 있음
본인 카드 해지 시 가족 카드도 약 7영업일 후 자동 해지

[기타 안내]
결제 계좌 개설기관의 영업 마감 시간(오후 4시) 이후 결제 계좌에 입금된 금액에 대해서는 결제 계좌 개설기관의 사정에 따라 당일 출금되지
                                        못하여 연체로 처리될 수 있으니 유의하시기 바랍니다.
자동납부 업무 마감 시간 이후 현대카드 홈페이지 및 앱에서 즉시결제 또는 입금전용(가상)계좌 입금(송금납부)을 통해 당일 결제가
                                        가능합니다.
(카드대금 납부 관련 자세한 내용은 홈페이지 > Account > 카드 이용 내역 > 이용 대금 명세서 또는 앱 > 메뉴(좌측 상단) > 카드 이용 내역 > 이용 대금 명세서 참고)

[민원 접수 안내]
현대카드 홈페이지, 고객센터, 팩스, 이메일 또는 방문, 우편을 통해 가능
홈페이지 > 고객지원 > 소비자보호 > 전자민원 접수
고객센터 1577-6000(해외 82-2-3015-9000)
팩스 02-2165-9454
이메일 hc_VOC@hyundaicard.com
방문/우편 서울시 영등포구 의사당대로 3 현대카드빌딩 카드소비자보호팀 담당자

[이용 안내]
모든 가맹점은 현대카드 가맹점 등록 및 업종 분류 기준입니다.
당사는 상품설명서의 내용을 준수합니다.
동일 기간 내 다수의 신용카드를 신청할 경우 개인신용평점, 이용 한도 등에 영향을 미칠 수 있습니다.
카드 이용 시 제공되는 포인트 및 할인 혜택 등의 부가서비스는 카드 신규 출시(2023년 11월 27일) 이후 다음과 같은 사유를 제외하고는 변경할 수 없습니다. 카드사의 휴업·파산·경영상의 위기 등에 따른 불가피한 경우 제휴업체의 휴업·파산·경영상의 위기로 인해 불가피하게 부가서비스를 축소·변경하는 경우로서 다른 제휴업체를 통해 동종의 유사한 부가서비스 제공이 불가한 경우 제휴업체가 카드사의 의사에 반하여 해당 부가서비스를 축소하거나 변경 시, 당초 부가서비스에 상응하는 다른 부가서비스를 제공하는 경우 부가서비스를 3년 이상 제공한 상태에서 해당 부가서비스로 인해 상품의 수익성이 현저히 낮아진 경우
  - 카드사의 휴업·파산·경영상의 위기 등에 따른 불가피한 경우
  - 제휴업체의 휴업·파산·경영상의 위기로 인해 불가피하게 부가서비스를 축소·변경하는 경우로서 다른 제휴업체를 통해 동종의 유사한 부가서비스 제공이 불가한 경우
  - 제휴업체가 카드사의 의사에 반하여 해당 부가서비스를 축소하거나 변경 시, 당초 부가서비스에 상응하는 다른 부가서비스를 제공하는 경우
  - 부가서비스를 3년 이상 제공한 상태에서 해당 부가서비스로 인해 상품의 수익성이 현저히 낮아진 경우
카드사가 부가서비스를 변경하는 경우에는 부가서비스 변경 사유, 변경 내용 등을 사유 발생 즉시 홈페이지에 게시하고, 
                  개별 고지 방법 중 서로 다른 2가지 이상의 방법으로 고지하여 드립니다. 특히 카드 신규 출시 이후 3년 이상 경과했고, 
                  해당 카드의 수익성 유지가 어려워져 부가서비스를 변경하는 경우에는 변경일 6개월 전부터 서로 다른 2가지 이상의 방법으로 매월 개별 고지해 드립니다. 개별 고지 방법 : 서면 교부, 우편 또는 이메일, 전화 또는 팩스, 휴대폰 메시지 또는 이에 준하는 전자적 의사표시
  - 개별 고지 방법 : 서면 교부, 우편 또는 이메일, 전화 또는 팩스, 휴대폰 메시지 또는 이에 준하는 전자적 의사표시
연회비는 카드 발급 시 선청구됩니다.
카드 연회비(기본연회비 + 제휴연회비)는 보유 카드별로 청구됩니다.
카드 이용대금 연체 시 약정금리 + 연체가산금리 3%의 연체 금리 적용(회원별, 이용 상품별 차등 적용/법정 최고금리 20% 이내) 단, 연체 발생시점에 약정금리가 없는 경우 아래와 같이 적용 일시불 : 거래 발생시점 기준 최소 기간(2개월)의 유이자할부 약정금리 + 연체가산금리 3% 무이자할부 : 거래 발생시점 기준 동일한 할부 계약 기간의 유이자할부 약정금리 + 연체가산금리 3%
  - 일시불 : 거래 발생시점 기준 최소 기간(2개월)의 유이자할부 약정금리 + 연체가산금리 3%
  - 무이자할부 : 거래 발생시점 기준 동일한 할부 계약 기간의 유이자할부 약정금리 + 연체가산금리 3%
상환 능력에 비해 신용카드 이용금액이 과도할 경우, 귀하의 개인신용평점이 하락할 수 있습니다.
개인신용평점 하락 시 금융거래와 관련된 불이익이 발생할 수 있습니다.
일정 기간 원리금을 연체할 경우, 모든 원리금을 변제할 의무가 발생할 수 있습니다.
신용카드 발급이 부적정한 경우(연체금 보유, 개인신용평점 낮음 등) 카드 발급이 제한될 수 있습니다.
카드 이용대금과 이에 수반되는 모든 수수료를 지정된 대금 결제일에 상환합니다.
금융소비자는 금융소비자보호법 제19조 제1항에 따라 해당 상품 또는 서비스에 대하여 설명을 받을 권리가 있습니다.
자세한 내용 및 이용 조건은 카드 신청 전 현대카드 홈페이지 및 상품설명서, 약관 참고
여신금융협회 심의필 제 2026-C1h-07571호(2026.05.22 ~ 2027.05.21)",2026-06-03 15:28:40
AMGLE2_N0001,AMGLE2,"[카드 이용 유의사항]

[해외 결제 이용 안내]
해외 이용 시(해외사이트 거래 포함) 미화(USD) 기준 거래미화금액에 접수일의 (대외결제대행은행) 최초 고시
                                        전신환매도율을 적용한 후, 국제브랜드사가 부과하는 국제브랜드 수수료(Amex 1.4%)와 현대카드가 부과하는 해외서비스 수수료(0.18%)를
                                        포함하여 원화로 청구됩니다. 국제브랜드 수수료 및 대외결제대행은행 관련 자세한 내용은 현대카드 홈페이지를 참고해 주세요.
해외 이용 시 청구 금액 산출 방법
* 해외 이용 시 청구 금액=(거래미화금액ⅹ전신환매도율¹)+국제브랜드 수수료²+해외서비스 수수료³
1. 전신환매도율 : 접수일의 대외결제대행은행 최초 고시 전신환매도율
2. 국제브랜드 수수료=(거래미화금액ⅹ국제브랜드 수수료율 1.4%)ⅹ전신환매도율
3. 해외서비스 수수료=(거래미화금액ⅹ해외서비스 수수료율 0.18%)ⅹ전신환매도율
해외원화결제차단서비스 신청 방법
해외 가맹점에서 원화거래(DCC) 시 추가 수수료가 부과되므로 현지통화 또는 미화로 거래하시기 바랍니다.
홈페이지 > Account > 카드 관리 > 해외원화결제차단서비스
앱 > 메뉴(좌측 상단) > 카드 관리 > 해외원화결제차단 신청

[가족 카드 이용 안내]
가족 카드 연회비는 각 상품별 연회비 부과 기준을 따름
가족 회원 기준 5매까지 발급 가능하며 본인 카드 국제브랜드와 동일하게 발급
부가 서비스별 이용 실적 및 이용 한도는 본인+가족 카드 합산 적용되며, 그 외 이용 기준은 본인 카드와 동일
연말정산 시 가족 카드 이용 금액은 가족 회원(카드 플레이트에 표기된 명의자)의 이용 금액에 포함되며, 연간 소득 금액은 국세청 기준에
                                            따름
본인 회원이 가족 카드 이용 내역에 대한 알림을 받고자 하는 경우 고객센터(1577-6000)를 통해 별도 신청 필요
가족 카드 이용대금명세서는 본인 카드 신청 시 지정한 주소 및 방법과 동일 적용
가족 카드 이용으로 적립된 멤버십 리워즈(MR) 양도 기준은 Amex 정책을 따름
가족관계 변동(이혼, 사망, 파양 등) 시 현대카드 홈페이지 및 앱, 고객센터를 통해 가족 카드 정지 및 해지 가능
단, 해지의 경우 홈페이지 및 앱은 본인 회원만 가능하며, 정지는 고객센터를 통해서만 가능
홈페이지 > Account > 카드 관리 > 보유 카드 목록 > 카드 해지 신청
앱 : 메뉴(좌측 상단) > 카드 관리 > 보유 카드 목록 > 해지
고객센터 : 1577-6000
본인 회원이 요청할 경우 가족 회원 동의 없이 가족 카드의 한도가 변경되거나 정지/해지될 수 있음
가족관계 변동이 되었음에도 가족 카드 정지 및 해지를 하지 않은 경우 본인 회원에게 의도하지 않은 카드 이용 및 책임이 발생할 수 있음
본인 카드 해지 시 가족 카드도 약 7영업일 후 자동 해지

[기타 안내]
결제 계좌 개설기관의 영업 마감 시간(오후 4시) 이후 결제 계좌에 입금된 금액에 대해서는 결제 계좌 개설기관의 사정에 따라 당일 출금되지
                                        못하여 연체로 처리될 수 있으니 유의하시기 바랍니다.
자동납부 업무 마감 시간 이후 현대카드 홈페이지 및 앱에서 즉시결제 또는 입금전용(가상)계좌 입금(송금납부)을 통해 당일 결제가
                                        가능합니다.
(카드대금 납부 관련 자세한 내용은 홈페이지 > Account > 카드 이용 내역 > 이용 대금 명세서 또는 앱 > 메뉴(좌측 상단) > 카드 이용 내역 > 이용 대금 명세서 참고)

[민원 접수 안내]
현대카드 홈페이지, 고객센터, 팩스, 이메일 또는 방문, 우편을 통해 가능
홈페이지 > 고객지원 > 소비자보호 > 전자민원 접수
고객센터 1577-6000(해외 82-2-3015-9000)
팩스 02-2165-9454
이메일 hc_VOC@hyundaicard.com
방문/우편 서울시 영등포구 의사당대로 3 현대카드빌딩 카드소비자보호팀 담당자

[이용 안내]
모든 가맹점은 현대카드 가맹점 등록 및 업종 분류 기준입니다.
당사는 상품설명서의 내용을 준수합니다.
동일 기간 내 다수의 신용카드를 신청할 경우 개인신용평점, 이용 한도 등에 영향을 미칠 수 있습니다.
카드 이용 시 제공되는 포인트 및 할인 혜택 등의 부가서비스는 카드 신규 출시(2023년 11월 27일) 이후 다음과 같은 사유를 제외하고는 변경할 수 없습니다. 카드사의 휴업·파산·경영상의 위기 등에 따른 불가피한 경우 제휴업체의 휴업·파산·경영상의 위기로 인해 불가피하게 부가서비스를 축소·변경하는 경우로서 다른 제휴업체를 통해 동종의 유사한 부가서비스 제공이 불가한 경우 제휴업체가 카드사의 의사에 반하여 해당 부가서비스를 축소하거나 변경 시, 당초 부가서비스에 상응하는 다른 부가서비스를 제공하는 경우 부가서비스를 3년 이상 제공한 상태에서 해당 부가서비스로 인해 상품의 수익성이 현저히 낮아진 경우
  - 카드사의 휴업·파산·경영상의 위기 등에 따른 불가피한 경우
  - 제휴업체의 휴업·파산·경영상의 위기로 인해 불가피하게 부가서비스를 축소·변경하는 경우로서 다른 제휴업체를 통해 동종의 유사한 부가서비스 제공이 불가한 경우
  - 제휴업체가 카드사의 의사에 반하여 해당 부가서비스를 축소하거나 변경 시, 당초 부가서비스에 상응하는 다른 부가서비스를 제공하는 경우
  - 부가서비스를 3년 이상 제공한 상태에서 해당 부가서비스로 인해 상품의 수익성이 현저히 낮아진 경우
카드사가 부가서비스를 변경하는 경우에는 부가서비스 변경 사유, 변경 내용 등을 사유 발생 즉시 홈페이지에 게시하고, 개별 고지 방법 중 서로 다른 2가지 이상의 방법으로 고지하여 드립니다. 특히 카드 신규 출시 이후 3년 이상 경과했고, 해당 카드의 수익성 유지가 어려워져 부가서비스를 변경하는 경우에는 변경일 6개월 전부터 서로 다른 2가지 이상의 방법으로 매월 개별 고지해 드립니다. 개별 고지 방법 : 서면 교부, 우편 또는 이메일, 전화 또는 팩스, 휴대폰 메시지 또는 이에 준하는 전자적 의사표시
  - 개별 고지 방법 : 서면 교부, 우편 또는 이메일, 전화 또는 팩스, 휴대폰 메시지 또는 이에 준하는 전자적 의사표시
연회비는 카드 발급 시 선청구됩니다.
카드 연회비(기본연회비 + 제휴연회비)는 보유 카드별로 청구됩니다.
카드 이용대금 연체 시 약정금리 + 연체가산금리 3%의 연체 금리 적용(회원별, 이용 상품별 차등 적용/법정 최고금리 20% 이내) 단, 연체
                    발생시점에 약정금리가 없는 경우 아래와 같이 적용 일시불 : 거래 발생시점 기준 최소 기간(2개월)의 유이자할부 약정금리 + 연체가산금리 3% 무이자할부 : 거래 발생시점 기준 동일한 할부 계약 기간의 유이자할부 약정금리 + 연체가산금리 3%
  - 일시불 : 거래 발생시점 기준 최소 기간(2개월)의 유이자할부 약정금리 + 연체가산금리 3%
  - 무이자할부 : 거래 발생시점 기준 동일한 할부 계약 기간의 유이자할부 약정금리 + 연체가산금리 3%
상환 능력에 비해 신용카드 이용금액이 과도할 경우, 귀하의 개인신용평점이 하락할 수 있습니다.
개인신용평점 하락 시 금융거래와 관련된 불이익이 발생할 수 있습니다.
일정 기간 원리금을 연체할 경우, 모든 원리금을 변제할 의무가 발생할 수 있습니다.
신용카드 발급이 부적정한 경우(연체금 보유, 개인신용평점 낮음 등) 카드 발급이 제한될 수 있습니다.
카드 이용대금과 이에 수반되는 모든 수수료를 지정된 대금 결제일에 상환합니다.
금융소비자는 금융소비자보호법 제19조 제1항에 따라 해당 상품 또는 서비스에 대하여 설명을 받을 권리가 있습니다.
자세한 내용 및 이용 조건은 카드 신청 전 현대카드 홈페이지 및 상품설명서, 약관 참고
여신금융협회 심의필 제 2026-C1h-07577호(2026.05.22 ~ 2027.05.21)",2026-06-03 15:30:34
AMGRE2_N0001,AMGRE2,"[카드 이용 유의사항]

[해외 결제 이용 안내]
해외 이용 시(해외사이트 거래 포함) 미화(USD) 기준 거래미화금액에 접수일의 (대외결제대행은행) 최초 고시 전신환매도율을 적용한 후,
                                        국제브랜드사가 부과하는 국제브랜드 수수료(Amex 1.4%)와 현대카드가
                                        부과하는 해외서비스 수수료(0.18%)를 포함하여 원화로 청구됩니다. 
                                        국제브랜드 수수료 및 대외결제대행은행 관련 자세한 내용은 현대카드 홈페이지를 참고해 주세요.
해외 이용 시 청구 금액 산출 방법
* 해외 이용 시 청구 금액=(거래미화금액ⅹ전신환매도율¹)+국제브랜드 수수료²+해외서비스 수수료³
1. 전신환매도율 : 접수일의 대외결제대행은행 최초 고시 전신환매도율
2. 국제브랜드 수수료=(거래미화금액ⅹ국제브랜드 수수료율 1.4%)ⅹ전신환매도율
3. 해외서비스 수수료=(거래미화금액ⅹ해외서비스 수수료율 0.18%)ⅹ전신환매도율
해외원화결제차단서비스 신청 방법
해외 가맹점에서 원화거래(DCC) 시 추가 수수료가 부과되므로 현지통화 또는 미화로 거래하시기 바랍니다.
홈페이지 > Account > 카드 관리 > 해외원화결제차단서비스
앱 > 메뉴(좌측 상단) > 카드 관리 > 해외원화결제차단 신청

[가족 카드 이용 안내]
가족 카드 연회비는 각 상품별 연회비 부과 기준을 따름
가족 회원 기준 5매까지 발급 가능하며 본인 카드 국제브랜드와 동일하게 발급
부가 서비스별 이용 실적 및 이용 한도는 본인+가족 카드 합산 적용되며, 그 외 이용 기준은 본인 카드와 동일
연말정산 시 가족 카드 이용 금액은 가족 회원(카드 플레이트에 표기된 명의자)의 이용 금액에 포함되며, 연간 소득 금액은 국세청 기준에
                                            따름
본인 회원이 가족 카드 이용 내역에 대한 알림을 받고자 하는 경우 고객센터(1577-6000)를 통해 별도 신청 필요
가족 카드 이용대금명세서는 본인 카드 신청 시 지정한 주소 및 방법과 동일 적용
가족 카드 이용으로 적립된 멤버십 리워즈(MR) 양도 기준은 Amex 정책을 따름
가족관계 변동(이혼, 사망, 파양 등) 시 현대카드 홈페이지 및 앱, 고객센터를 통해 가족 카드 정지 및 해지 가능
단, 해지의 경우 홈페이지 및 앱은 본인 회원만 가능하며, 정지는 고객센터를 통해서만 가능
홈페이지 > Account > 카드 관리 > 보유 카드 목록 > 카드 해지 신청
앱 : 메뉴(좌측 상단) > 카드 관리 > 보유 카드 목록 > 해지
고객센터 : 1577-6000
본인 회원이 요청할 경우 가족 회원 동의 없이 가족 카드의 한도가 변경되거나 정지/해지될 수 있음
가족관계 변동이 되었음에도 가족 카드 정지 및 해지를 하지 않은 경우 본인 회원에게 의도하지 않은 카드 이용 및 책임이 발생할 수 있음
본인 카드 해지 시 가족 카드도 약 7영업일 후 자동 해지

[기타 안내]
결제 계좌 개설기관의 영업 마감 시간(오후 4시) 이후 결제 계좌에 입금된 금액에 대해서는 결제 계좌 개설기관의 사정에 따라 당일 출금되지
                                        못하여 연체로 처리될 수 있으니 유의하시기 바랍니다.
자동납부 업무 마감 시간 이후 현대카드 홈페이지 및 앱에서 즉시결제 또는 입금전용(가상)계좌 입금(송금납부)을 통해 당일 결제가
                                        가능합니다.
(카드대금 납부 관련 자세한 내용은 홈페이지 > Account > 카드 이용 내역 > 이용 대금 명세서 또는 앱 > 메뉴(좌측 상단) > 카드 이용 내역 > 이용 대금 명세서 참고)

[민원 접수 안내]
현대카드 홈페이지, 고객센터, 팩스, 이메일 또는 방문, 우편을 통해 가능
홈페이지 > 고객지원 > 소비자보호 > 전자민원 접수
고객센터 : 1577-6000(해외 82-2-3015-9000)
팩스 : 02-2165-9454
이메일 : hc_VOC@hyundaicard.com
방문/우편 : 서울시 영등포구 의사당대로 3 현대카드빌딩 카드소비자보호팀 담당자

[이용 안내]
모든 가맹점은 현대카드 가맹점 등록 및 업종 분류 기준입니다.
당사는 상품설명서의 내용을 준수합니다.
동일 기간 내 다수의 신용카드를 신청할 경우 개인신용평점, 이용 한도 등에 영향을 미칠 수 있습니다.
카드 이용 시 제공되는 포인트 및 할인 혜택 등의 부가서비스는 카드 신규 출시(2023년 11월 27일) 이후 다음과 같은 사유를 제외하고는 변경할 수 없습니다. 카드사의 휴업·파산·경영상의 위기 등에 따른 불가피한 경우 제휴업체의 휴업·파산·경영상의 위기로 인해 불가피하게 부가서비스를 축소·변경하는 경우로서 다른 제휴업체를 통해 동종의 유사한 부가서비스 제공이 불가한 경우 제휴업체가 카드사의 의사에 반하여 해당 부가서비스를 축소하거나 변경 시, 당초 부가서비스에 상응하는 다른 부가서비스를 제공하는 경우 부가서비스를 3년 이상 제공한 상태에서 해당 부가서비스로 인해 상품의 수익성이 현저히 낮아진 경우
  - 카드사의 휴업·파산·경영상의 위기 등에 따른 불가피한 경우
  - 제휴업체의 휴업·파산·경영상의 위기로 인해 불가피하게 부가서비스를 축소·변경하는 경우로서 다른 제휴업체를 통해 동종의 유사한 부가서비스 제공이 불가한 경우
  - 제휴업체가 카드사의 의사에 반하여 해당 부가서비스를 축소하거나 변경 시, 당초 부가서비스에 상응하는 다른 부가서비스를 제공하는 경우
  - 부가서비스를 3년 이상 제공한 상태에서 해당 부가서비스로 인해 상품의 수익성이 현저히 낮아진 경우
카드사가 부가서비스를 변경하는 경우에는 부가서비스 변경 사유, 변경 내용 등을 사유 발생 즉시 홈페이지에 게시하고, 
                  개별 고지 방법 중 서로 다른 2가지 이상의 방법으로 고지하여 드립니다. 특히 카드 신규 출시 이후 3년 이상 경과했고, 
                  해당 카드의 수익성 유지가 어려워져 부가서비스를 변경하는 경우에는 변경일 6개월 전부터 서로 다른 2가지 이상의 방법으로 매월 개별 고지해 드립니다. 개별 고지 방법 : 서면 교부, 우편 또는 이메일, 전화 또는 팩스, 휴대폰 메시지 또는 이에 준하는 전자적 의사표시
  - 개별 고지 방법 : 서면 교부, 우편 또는 이메일, 전화 또는 팩스, 휴대폰 메시지 또는 이에 준하는 전자적 의사표시
연회비는 카드 발급 시 선청구됩니다.
카드 연회비(기본연회비 + 제휴연회비)는 보유 카드별로 청구됩니다.
카드 이용 대금 연체 시 약정금리 + 연체가산금리 3%의 연체 금리 적용(회원별, 이용 상품별 차등 적용/법정 최고금리 20% 이내) 단, 연체 발생시점에 약정금리가 없는 경우 아래와 같이 적용 일시불 : 거래 발생시점 기준 최소 기간(2개월)의 유이자할부 약정금리 + 연체가산금리 3% 무이자할부 : 거래 발생시점 기준 동일한 할부 계약 기간의 유이자할부 약정금리 + 연체가산금리 3%
  - 일시불 : 거래 발생시점 기준 최소 기간(2개월)의 유이자할부 약정금리 + 연체가산금리 3%
  - 무이자할부 : 거래 발생시점 기준 동일한 할부 계약 기간의 유이자할부 약정금리 + 연체가산금리 3%
상환 능력에 비해 신용카드 이용금액이 과도할 경우, 귀하의 개인신용평점이 하락할 수 있습니다.
개인신용평점 하락 시 금융거래와 관련된 불이익이 발생할 수 있습니다.
일정 기간 원리금을 연체할 경우, 모든 원리금을 변제할 의무가 발생할 수 있습니다.
신용카드 발급이 부적정한 경우(연체금 보유, 개인신용평점 낮음 등) 카드 발급이 제한될 수 있습니다.
카드 이용대금과 이에 수반되는 모든 수수료를 지정된 대금 결제일에 상환합니다.
금융소비자는 금융소비자보호법 제19조 제1항에 따라 해당 상품 또는 서비스에 대하여 설명을 받을 권리가 있습니다.
자세한 내용 및 이용 조건은 카드 신청 전 현대카드 홈페이지 및 상품설명서, 약관 참고
여신금융협회 심의필 제 2026-C1h-07573호(2026.05.22 ~ 2027.05.21)",2026-06-03 15:32:02
NVE2_N0001,NVE2,"[카드 이용 유의사항]

[해외 결제 이용 안내]
국내외겸용 카드로 해외 이용 시(해외사이트 거래 포함) 미화(USD) 기준 거래 미화 금액에 접수일의 (대외결제대행은행) 최초 고시 전신환매도율을 적용한 후, 국제브랜드사가 부과하는 국제브랜드 수수료(Visa 1.1%/Amex 1.4%)와 현대카드가 부과하는 해외서비스 수수료(0.2%)를 포함하여 원화로 청구됩니다.
국제브랜드 수수료 및 대외결제대행은행 관련 자세한 내용은 현대카드 홈페이지를 참고해 주세요.
해외 이용 시 청구금액 산출 방법
* 해외 이용 시 청구 금액=(거래 미화 금액ⅹ전신환매도율¹)+국제브랜드 수수료²+해외서비스 수수료³
1. 전신환매도율 : 접수일의 대외결제대행은행 최초 고시 전신환매도율
2. 국제브랜드 수수료=(거래 미화 금액ⅹ국제브랜드 수수료율 1.1%/1.4%)ⅹ전신환매도율
3. 해외서비스 수수료=(거래 미화 금액ⅹ해외서비스 수수료율 0.2%)ⅹ전신환매도율
해외원화결제차단서비스 신청 방법
해외 가맹점에서 원화거래(DCC) 시 추가 수수료가 부과되므로 현지통화 또는 미화로 거래하시기 바랍니다.
홈페이지 > Account > 카드 관리 > 해외원화결제차단서비스
앱 > 메뉴(좌측 상단) > 카드 관리 > 해외원화결제차단 신청

[기타 안내]
결제 계좌 개설기관의 영업 마감 시간(오후 4시) 이후 결제 계좌에 입금된 금액에 대해서는 결제 계좌 개설기관의 사정에 따라 당일 출금되지 못하여 연체로 처리될 수 있으니 유의하시기 바랍니다.
자동납부 업무 마감 시간 이후 당사 홈페이지 및 앱에서 즉시결제 또는 입금전용(가상) 계좌 입금(송금납부)을 통해 당일 결제가 가능합니다.
(카드 대금 납부 관련한 자세한 내용은 홈페이지 > Account > 카드 이용 내역 > 이용 대금 명세서 또는 앱 > 메뉴(좌측 상단) > 카드 이용 내역 > 이용 대금 명세서 참고)

[민원 접수 안내]
현대카드 홈페이지, 고객센터, 팩스, 이메일 또는 방문, 우편을 통해 가능
홈페이지
> 고객 지원 > 소비자보호 > 전자민원 접수
고객센터
1577-6000(해외 82-2-3015-9000)
팩스
02-2165-9454
이메일
hc_VOC@hyundaicard.com
방문/우편
서울시 영등포구 의사당대로 3 현대카드빌딩 카드소비자보호팀 담당자

[이용 안내]
모든 가맹점은 현대카드 가맹점 등록 및 업종 분류 기준입니다.
당사는 상품설명서의 내용을 준수합니다.
동일 기간 내 다수의 신용카드를 신청할 경우 개인신용평점, 이용한도 등에 영향을 미칠 수 있습니다.
카드 이용 시 제공되는 포인트 및 할인 혜택 등의 부가서비스는 카드 신규 출시(2024년 11월 22일) 이후 다음과 같은 사유를 제외하고는 변경할 수 없습니다. 카드사의 휴업·파산·경영상의 위기 등에 따른 불가피한 경우 제휴업체의 휴업·파산·경영상의 위기로 인해 불가피하게 부가서비스를 축소·변경하는 경우로서 다른 제휴업체를 통해 동종의 유사한 부가서비스 제공이 불가한 경우 제휴업체가 카드사의 의사에 반하여 해당 부가서비스를 축소하거나 변경 시, 당초 부가서비스에 상응하는 다른 부가서비스를 제공하는 경우 부가서비스를 3년 이상 제공한 상태에서 해당 부가서비스로 인해 상품의 수익성이 현저히 낮아진 경우
  - 카드사의 휴업·파산·경영상의 위기 등에 따른 불가피한 경우
  - 제휴업체의 휴업·파산·경영상의 위기로 인해 불가피하게 부가서비스를 축소·변경하는 경우로서 다른 제휴업체를 통해 동종의 유사한 부가서비스 제공이 불가한 경우
  - 제휴업체가 카드사의 의사에 반하여 해당 부가서비스를 축소하거나 변경 시, 당초 부가서비스에 상응하는 다른 부가서비스를 제공하는 경우
  - 부가서비스를 3년 이상 제공한 상태에서 해당 부가서비스로 인해 상품의 수익성이 현저히 낮아진 경우
카드사가 부가서비스를 변경하는 경우에는 부가서비스 변경 사유, 변경 내용 등 사유 발생 즉시 홈페이지에 게시하고 개별 고지 방법 중 2가지 이상의 방법으로 고지하여 드립니다. 특히 카드 신규 출시 이후 3년 이상 경과했고, 해당 카드의 수익성 유지가 어려워져 부가서비스를 변경하는 경우에는 변경일 6개월 전부터 2가지 이상의 방법으로 매월 개별 고지해 드립니다. 개별 고지 방법 : 서면 교부, 우편 또는 이메일, 전화 또는 팩스, 휴대폰 메시지 또는 이에 준하는 전자적 의사표시
  - 개별 고지 방법 : 서면 교부, 우편 또는 이메일, 전화 또는 팩스, 휴대폰 메시지 또는 이에 준하는 전자적 의사표시
연회비는 카드 발급 시 선청구됩니다.
카드 연회비(기본연회비 + 제휴연회비)는 보유 카드별로 청구됩니다.
카드 이용 대금 연체 시 약정 금리 + 연체 가산 금리 3%의 연체 금리가 적용됩니다.(회원별, 이용 상품별 차등 적용/법정 최고 금리 20% 이내) 단, 연체 발생 시점에 약정 금리가 없는 경우 아래와 같이 적용 일시불 : 거래 발생 시점 기준 최소 기간(2개월)의 유이자 할부 약정 금리 + 연체 가산 금리 3% 무이자 할부 : 거래 발생 시점 기준 동일한 할부 계약 기간의 유이자 할부 약정 금리 + 연체 가산 금리 3%
  - 일시불 : 거래 발생 시점 기준 최소 기간(2개월)의 유이자 할부 약정 금리 + 연체 가산 금리 3%
  - 무이자 할부 : 거래 발생 시점 기준 동일한 할부 계약 기간의 유이자 할부 약정 금리 + 연체 가산 금리 3%
상환 능력에 비해 신용카드 이용금액이 과도할 경우, 귀하의 개인신용평점이 하락할 수 있습니다.
개인신용평점 하락 시 금융거래와 관련된 불이익이 발생할 수 있습니다.
일정 기간 원리금을 연체할 경우, 모든 원리금을 변제할 의무가 발생할 수 있습니다.
신용카드 발급이 부적정한 경우(연체금 보유, 개인신용평점 낮음 등) 카드 발급이 제한될 수 있습니다.
카드 이용대금과 이에 수반되는 모든 수수료를 지정된 대금 결제일에 상환합니다.
금융소비자는 금융소비자보호법 제19조 제1항에 따라 해당 상품 또는 서비스에 대하여 설명을 받을 권리가 있습니다.
자세한 내용 및 이용 조건은 카드 신청 전 현대카드 홈페이지 및 상품설명서, 약관 참고
준법감시심의필 제 260325-036호 (2026.03.25 ~ 2027.03.24)
여신금융협회 심의필 제 2026-C1h-03636호 (2026.03.18 ~ 2027.03.17)",2026-06-03 15:32:51
OLVYHC_N0001,OLVYHC,"[카드 이용 유의사항]

[해외 결제 이용 안내]
국내외겸용 카드로 해외 이용 시(해외사이트 거래 포함) 미화(USD) 기준 거래미화금액에 접수일의 (대외결제대행은행) 최초 고시 전신환매도율을 적용한 후, 국제브랜드사가 부과하는 국제브랜드 수수료(Visa 1.1%/Amex 1.4%)와 현대카드가 부과하는 해외서비스 수수료(0.2%)를 포함하여 원화로 청구됩니다.
국제브랜드 수수료 및 대외결제대행은행 관련 자세한 내용은 현대카드 홈페이지를 참고해 주세요.
해외 이용 시 청구 금액 산출 방법
* 해외 이용 시 청구 금액=(거래미화금액ⅹ전신환매도율¹)+국제브랜드 수수료²+해외서비스 수수료³
1. 전신환매도율 : 접수일의 대외결제대행은행 최초 고시 전신환매도율
2. 국제브랜드 수수료=(거래미화금액ⅹ국제브랜드 수수료율 1.1%/1.4%)ⅹ전신환매도율
3. 해외서비스 수수료=(거래미화금액ⅹ해외서비스 수수료율 0.2%)ⅹ전신환매도율
해외원화결제차단서비스 신청 방법
해외 가맹점에서 원화거래(DCC) 시 추가 수수료가 부과되므로 현지통화 또는 미화로 거래하시기 바랍니다.
홈페이지 > Account > 카드 관리 > 해외원화결제차단서비스
앱 > 메뉴(좌측 상단) > 카드 관리 > 해외원화결제차단 신청

[가족 카드 이용 안내]
가족 카드 연회비는 각 상품별 연회비 부과 기준을 따름
가족 회원 기준 5매까지 발급 가능하며 본인 카드 국제브랜드와 동일하게 발급
부가 서비스별 이용 실적 및 이용 한도는 본인+가족 카드 합산 적용되며, 그 외 이용 기준은 본인 카드와 동일
연말정산 시 가족 카드 이용 금액은 가족 회원(카드 플레이트에 표기된 명의자)의 이용 금액에 포함되며, 연간 소득 금액은 국세청 기준에 따름
본인 회원이 가족 카드 이용 내역에 대한 알림을 받고자 하는 경우 현대카드 고객센터(1577-6000)를 통해 별도 신청 필요
가족 카드 이용대금명세서는 본인 카드 신청 시 지정한 주소 및 방법과 동일 적용
가족관계 변동(이혼, 사망, 파양 등) 시 현대카드 홈페이지 및 앱, 고객센터를 통해 가족 카드 정지 및 해지 가능
단, 해지의 경우 홈페이지 및 앱은 본인 회원만 가능하며, 정지는 고객센터를 통해서만 가능
홈페이지 > Account > 보유 카드 목록 > 해지  > 카드 해지
앱 : 메뉴(좌측 상단) > 카드 관리 > 보유 카드 목록 > 해지
현대카드 고객센터(1577-6000)
본인 회원이 요청할 경우 가족 회원 동의 없이 가족 카드의 한도가 변경되거나 정지/해지될 수 있음
가족관계 변동이 되었음에도 가족 카드 정지 및 해지를 하지 않은 경우 본인 회원에게 의도하지 않은 카드 이용 및 책임이 발생할 수 있음
본인 카드 해지 시 가족 카드도 약 7영업일 후 자동 해지

[기타 안내]
결제 계좌 개설기관의 영업 마감 시간(오후 4시) 이후 결제 계좌에 입금된 금액에 대해서는 결제 계좌 개설기관의 사정에 따라 당일 출금되지 못하여 연체로 처리될 수 있으니 유의하시기 바랍니다.
자동납부 업무 마감 시간 이후 현대카드 홈페이지 및 앱에서 즉시결제 또는 입금전용(가상) 계좌 입금(송금납부)을 통해 당일 결제가 가능합니다.
(카드 대금 납부 관련한 자세한 내용은 홈페이지 > Account > 카드 이용 내역 > 이용 대금 명세서 또는 앱 > 메뉴(좌측 상단) > 카드 이용 내역 > 이용 대금 명세서 참고)

[민원 접수 안내]
현대카드 홈페이지, 고객센터, 팩스, 이메일 또는 방문, 우편을 통해 가능
홈페이지
> 고객지원 > 소비자보호 > 전자민원 접수
고객센터
1577-6000(해외 82-2-3015-9000)
팩스
02-2165-9454
이메일
hc_VOC@hyundaicard.com
방문/우편
서울시 영등포구 의사당대로 3 현대카드빌딩 카드소비자보호팀 담당자

[이용 안내]
모든 가맹점은 현대카드 가맹점 등록 및 업종 분류 기준입니다.
당사는 상품설명서의 내용을 준수합니다.
동일 기간 내 다수의 신용카드를 신청할 경우 개인신용평점, 이용 한도 등에 영향을 미칠 수 있습니다.
카드 이용 시 제공되는 포인트 및 할인 혜택 등의 부가서비스는 카드 신규 출시(2024년 8월 19일) 이후 다음과 같은 사유를 제외하고는 변경할 수 없습니다. 카드사의 휴업·파산·경영상의 위기 등에 따른 불가피한 경우 제휴업체의 휴업·파산·경영상의 위기로 인해 불가피하게 부가서비스를 축소·변경하는 경우로서 다른 제휴업체를 통해 동종의 유사한 부가서비스 제공이 불가한 경우 제휴업체가 카드사의 의사에 반하여 해당 부가서비스를 축소하거나 변경 시, 당초 부가서비스에 상응하는 다른 부가서비스를 제공하는 경우 부가서비스를 3년 이상 제공한 상태에서 해당 부가서비스로 인해 상품의 수익성이 현저히 낮아진 경우
  - 카드사의 휴업·파산·경영상의 위기 등에 따른 불가피한 경우
  - 제휴업체의 휴업·파산·경영상의 위기로 인해 불가피하게 부가서비스를 축소·변경하는 경우로서 다른 제휴업체를 통해 동종의 유사한 부가서비스 제공이 불가한 경우
  - 제휴업체가 카드사의 의사에 반하여 해당 부가서비스를 축소하거나 변경 시, 당초 부가서비스에 상응하는 다른 부가서비스를 제공하는 경우
  - 부가서비스를 3년 이상 제공한 상태에서 해당 부가서비스로 인해 상품의 수익성이 현저히 낮아진 경우
카드사가 부가서비스를 변경하는 경우에는 부가서비스 변경 사유, 변경 내용 등을 사유 발생 즉시 홈페이지에 게시하고, 개별 고지 방법 중 서로 다른 2가지 이상의 방법으로 고지하여 드립니다.
                    특히 카드 신규 출시 이후 3년 이상 경과했고, 해당 카드의 수익성 유지가 어려워져 부가서비스를 변경하는 경우에는 변경일 6개월 전부터 서로 다른 2가지 이상의 방법으로 매월 개별 고지해
                    드립니다. 개별 고지 방법 : 서면 교부, 우편 또는 이메일, 전화 또는 팩스, 휴대폰 메시지 또는 이에 준하는 전자적 의사표시
  - 개별 고지 방법 : 서면 교부, 우편 또는 이메일, 전화 또는 팩스, 휴대폰 메시지 또는 이에 준하는 전자적 의사표시
연회비는 카드 발급 시 선청구됩니다.
카드 연회비(기본연회비+제휴연회비)는 보유 카드별로 청구됩니다.
카드 이용 대금 연체 시 약정 금리 + 연체 가산 금리 3%의 연체 금리가 적용됩니다.(회원별, 이용 상품별 차등 적용/법정 최고 금리 20% 이내) 단, 연체 발생 시점에 약정 금리가 없는 경우 아래와 같이 적용 일시불 : 거래 발생 시점 기준 최소 기간(2개월)의 유이자 할부 약정 금리 + 연체 가산 금리 3% 무이자 할부 : 거래 발생 시점 기준 동일한 할부 계약 기간의 유이자 할부 약정 금리 + 연체 가산 금리 3%
  - 일시불 : 거래 발생 시점 기준 최소 기간(2개월)의 유이자 할부 약정 금리 + 연체 가산 금리 3%
  - 무이자 할부 : 거래 발생 시점 기준 동일한 할부 계약 기간의 유이자 할부 약정 금리 + 연체 가산 금리 3%
상환 능력에 비해 신용카드 이용금액이 과도할 경우, 귀하의 개인신용평점이 하락할 수 있습니다.
개인신용평점 하락 시 금융거래와 관련된 불이익이 발생할 수 있습니다.
일정 기간 원리금을 연체할 경우, 모든 원리금을 변제할 의무가 발생할 수 있습니다.
신용카드 발급이 부적정한 경우(연체금 보유, 개인신용평점 낮음 등) 카드 발급이 제한될 수 있습니다.
카드 이용대금과 이에 수반되는 모든 수수료를 지정된 대금 결제일에 상환합니다.
금융소비자는 금융소비자보호법 제19조 제1항에 따라 해당 상품 또는 서비스에 대하여 설명을 받을 권리가 있습니다.
자세한 내용 및 이용 조건은 카드 신청 전 현대카드 홈페이지 및 상품설명서, 약관 참고
준법감시심의필 제 260420-054호 (2026.04.20 ~ 2027.04.19)
여신금융협회 심의필 제 2026-C1h-06170호 (2026.04.28 ~ 2027.04.27)",2026-06-03 15:33:21
NXNX_N0001,NXNX,"[카드 이용 유의사항]

[해외 결제 이용 안내]
국내외겸용 카드로 해외 이용 시(해외사이트 거래 포함) 미화(USD) 기준 거래미화금액에 접수일의 (대외결제대행은행) 최초 고시 전신환매도율을 적용한 후, 국제브랜드사가 부과하는 국제브랜드 수수료(Mastercard 1 %/Amex 1.4%)와 현대카드가 부과하는 해외서비스 수수료(0.2%)를 포함하여 원화로 청구됩니다.
국제브랜드 수수료 및 대외결제대행은행 관련 자세한 내용은 현대카드 홈페이지를 참고해 주세요.
해외 이용 시 청구 금액 산출 방법
* 해외 이용 시 청구 금액=(거래미화금액ⅹ전신환매도율¹)+국제브랜드 수수료²+해외서비스 수수료³
1. 전신환매도율 : 접수일의 대외결제대행은행 최초 고시 전신환매도율
2. 국제브랜드 수수료=(거래미화금액ⅹ국제브랜드 수수료율 1%/1.4%)ⅹ전신환매도율
3. 해외서비스 수수료=(거래미화금액ⅹ해외서비스 수수료율 0.2%)ⅹ전신환매도율
해외원화결제차단서비스 신청 방법
해외 가맹점에서 원화거래(DCC) 시 추가 수수료가 부과되므로 현지통화 또는 미화로 거래하시기 바랍니다.
홈페이지 > Account  > 카드 관리 > 해외원화결제차단서비스
앱 > 메뉴(좌측 상단) > 카드 관리 > 해외원화결제차단 신청

[가족 카드 이용 안내]
가족 카드 연회비는 각 상품별 연회비 부과 기준을 따름
가족 회원 기준 5매까지 발급 가능하며 본인 카드 국제브랜드와 동일하게 발급
부가서비스별 이용 실적 및 이용 한도는 본인+가족 카드 합산 적용되며, 그 외 이용 기준은 본인 카드와 동일
연말정산 시 가족 카드 이용 금액은 가족 회원(카드 플레이트에 표기된 명의자)의 이용 금액에 포함되며, 연간 소득 금액은 국세청 기준에 따름
본인 회원이 가족 카드 이용 내역에 대한 알림을 받고자 하는 경우 현대카드 고객센터 (1577-6000)를 통해 별도 신청 필요
가족 카드 이용 대금 명세서는 본인 카드 신청 시 지정한 주소 및 방법과 동일 적용
가족 카드 이용으로 본인 회원에게 적립된 넥슨 현대카드 M캐시 또는 넥슨 현대카드 포인트2 양도 불가
가족관계 변동(이혼, 사망, 파양 등) 시 현대카드 홈페이지 및 앱, 고객센터를 통해 가족 카드 정지 및 해지 가능
단, 해지의 경우 홈페이지 및 앱은 본인 회원만 가능하며, 정지는 고객센터를 통해서만 가능
홈페이지 > Account > 카드 관리 > 보유 카드 목록 > 해지
앱 > 메뉴(좌측 상단) > 카드 관리 > 보유 카드 목록 > 해지
고객센터 : 1577-6000
본인 회원이 요청할 경우 가족 회원 동의 없이 가족 카드의 한도가 변경되거나 정지/해지될 수 있음
가족관계 변동이 되었음에도 가족 카드 정지 및 해지를 하지 않은 경우 본인 회원에게 의도하지 않은 카드 이용 및 책임이 발생할 수 있음
본인 카드 해지 시 가족 카드도 약 7영업일 후 자동 해지

[기타 안내]
결제 계좌 개설기관의 영업 마감 시간(오후 4시) 이후 결제 계좌에 입금된 금액에 대해서는 결제 계좌 개설기관의 사정에 따라 당일 출금되지 못하여 연체로 처리될 수 있으니 유의하시기 바랍니다.
자동납부 업무 마감 시간 이후 현대카드 홈페이지 및 앱에서 즉시결제 또는 입금전용(가상) 계좌 입금(송금납부)을 통해 당일 결제가 가능합니다.
(카드 대금 납부 관련한 자세한 내용은 홈페이지 > Account > 카드 이용 내역 > 이용 대금 명세서 또는 앱 > 메뉴(좌측 상단) > 카드 이용 내역 > 이용 대금 명세서 참고)

[민원 접수 안내]
현대카드 홈페이지, 고객센터, 팩스, 이메일 또는 방문, 우편을 통해 가능
홈페이지
> 고객 지원 > 소비자보호 > 전자민원 접수
고객센터
1577-6000(해외 82-2-3015-9000)
팩스
02-2165-9454
이메일
hc_VOC@hyundaicard.com
방문/우편
서울시 영등포구 의사당대로 3 현대카드빌딩 카드소비자보호팀 담당자

[이용 안내]
모든 가맹점은 현대카드 가맹점 등록 및 업종 분류 기준입니다.
당사는 상품설명서의 내용을 준수합니다.
동일 기간 내 다수의 신용카드를 신청할 경우 개인신용평점, 이용 한도 등에 영향을 미칠 수 있습니다.
카드 이용 시 제공되는 포인트 및 할인 혜택 등의 부가서비스는 카드 신규 출시(2025년 11월 25일) 이후 다음과 같은 사유를 제외하고는 변경할 수 없습니다. 카드사의 휴업·파산·경영상의 위기 등에 따른 불가피한 경우 제휴업체의 휴업·파산·경영상의 위기로 인해 불가피하게 부가서비스를 축소·변경하는 경우로서 다른 제휴업체를 통해 동종의 유사한 부가서비스 제공이 불가한 경우 제휴업체가 카드사의 의사에 반하여 해당 부가서비스를 축소하거나 변경 시, 당초 부가서비스에 상응하는 다른 부가서비스를 제공하는 경우 부가서비스를 3년 이상 제공한 상태에서 해당 부가서비스로 인해 상품의 수익성이 현저히 낮아진 경우
  - 카드사의 휴업·파산·경영상의 위기 등에 따른 불가피한 경우
  - 제휴업체의 휴업·파산·경영상의 위기로 인해 불가피하게 부가서비스를 축소·변경하는 경우로서 다른 제휴업체를 통해 동종의 유사한 부가서비스 제공이 불가한 경우
  - 제휴업체가 카드사의 의사에 반하여 해당 부가서비스를 축소하거나 변경 시, 당초 부가서비스에 상응하는 다른 부가서비스를 제공하는 경우
  - 부가서비스를 3년 이상 제공한 상태에서 해당 부가서비스로 인해 상품의 수익성이 현저히 낮아진 경우
카드사가 부가서비스를 변경하는 경우에는 부가서비스 변경 사유, 변경 내용 등을 사유 발생 즉시 홈페이지에 게시하고, 개별 고지 방법 중 서로 다른 2가지 이상의 방법으로 고지하여 드립니다. 특히 카드 신규 출시 이후 3년 이상 경과했고, 해당 카드의 수익성 유지가 어려워져 부가서비스를 변경하는 경우에는 변경일 6개월 전부터 서로 다른 2가지 이상의 방법으로 매월 개별 고지해 드립니다. 개별 고지 방법 : 서면 교부, 우편 또는 이메일, 전화 또는 팩스, 휴대폰 메시지 또는 이에 준하는 전자적 의사표시
  - 개별 고지 방법 : 서면 교부, 우편 또는 이메일, 전화 또는 팩스, 휴대폰 메시지 또는 이에 준하는 전자적 의사표시
연회비는 카드 발급 시 선청구됩니다.
카드 연회비(기본연회비+제휴연회비)는 보유 카드별로 청구됩니다.
카드 이용 대금 연체 시 약정 금리 + 연체 가산 금리 3%의 연체 금리가 적용됩니다. (회원별, 이용 상품별 차등 적용/법정 최고 금리 20% 이내) 단, 연체 발생 시점에 약정 금리가 없는 경우 아래와 같이 적용 일시불 : 거래 발생 시점 기준 최소 기간(2개월)의 유이자 할부 약정 금리 + 연체 가산 금리 3% 무이자 할부 : 거래 발생 시점 기준 동일한 할부 계약 기간의 유이자 할부 약정 금리 + 연체 가산 금리 3%
  - 일시불 : 거래 발생 시점 기준 최소 기간(2개월)의 유이자 할부 약정 금리 + 연체 가산 금리 3%
  - 무이자 할부 : 거래 발생 시점 기준 동일한 할부 계약 기간의 유이자 할부 약정 금리 + 연체 가산 금리 3%
상환 능력에 비해 신용카드 이용금액이 과도할 경우, 귀하의 개인신용평점이 하락할 수 있습니다.
개인신용평점 하락 시 금융거래와 관련된 불이익이 발생할 수 있습니다.
일정 기간 원리금을 연체할 경우, 모든 원리금을 변제할 의무가 발생할 수 있습니다.
신용카드 발급이 부적정한 경우(연체금 보유, 개인신용평점 낮음 등) 카드 발급이 제한될 수 있습니다.
카드 이용대금과 이에 수반되는 모든 수수료를 지정된 대금 결제일에 상환합니다.
금융소비자는 금융소비자보호법 제19조 제1항에 따라 해당 상품 또는 서비스에 대하여 설명을 받을 권리가 있습니다.
자세한 내용 및 이용 조건은 카드 신청 전 현대카드 홈페이지 및 상품설명서, 약관 참고
준법감시심의필 제 260325-039호(2026.03.25~2027.03.24)
여신금융협회 심의필 제 2026-C1h-03895호(2026.03.23~2027.03.22)",2026-06-03 15:34:06
GEPHC_N0001,GEPHC,"[카드 이용 유의사항]

[해외 결제 이용 안내]
국내외겸용 카드로 해외 이용 시(해외사이트 거래 포함) 미화(USD) 기준 거래미화금액에 접수일의 (신한은행) 최초 고시 전신환매도율을 적용한 후, 국제브랜드사가 부과하는 국제브랜드 수수료(Visa 1.1%/Amex 1.4%)와 현대카드가 부과하는 해외서비스 수수료(0.2%)를 포함하여 원화로 청구됩니다.
국제브랜드 수수료 관련 자세한 내용은 현대카드 홈페이지를 참고해 주세요.
해외 이용 시 청구 금액 산출 방법
* 해외 이용 시 청구 금액=(거래미화금액ⅹ전신환매도율¹)+국제브랜드 수수료²+해외서비스 수수료³
1. 전신환매도율 : 접수일의 신한은행 최초 고시 전신환매도율
2. 국제브랜드 수수료=(거래미화금액ⅹ국제브랜드 수수료율 1.1%/1.4%)ⅹ전신환매도율
3. 해외서비스 수수료=(거래미화금액ⅹ해외서비스 수수료율 0.2%)ⅹ전신환매도율
해외원화결제차단서비스 신청 방법
해외 가맹점에서 원화거래(DCC) 시 추가 수수료가 부과되므로 현지통화 또는 미화로 거래하시기 바랍니다.
홈페이지 > 혜택 > 혜택 안내 > 해외 이용 혜택 > 해외원화결제차단서비스
앱 > 메뉴(좌측 상단) > 카드 관리 > 해외원화결제차단 신청

[가족 카드 이용 안내]
가족 카드 연회비는 각 상품별 연회비 부과 기준을 따름
가족 회원 기준 5매까지 발급 가능하며 본인 카드 국제브랜드와 동일하게 발급
부가 서비스별 이용 실적 및 이용 한도는 본인+가족 카드 합산 적용되며, 그 외 이용 기준은 본인 카드와 동일
연말정산 시 가족 카드 이용 금액은 가족 회원(카드 플레이트에 표기된 명의자)의 이용 금액에 포함되며, 연간 소득 금액은 국세청 기준에 따름
본인 회원이 가족 카드 이용 내역에 대한 알림을 받고자 하는 경우 고객센터(1577-6000)를 통해 별도 신청 필요
가족 카드 이용대금명세서는 본인 카드 신청 시 지정한 주소 및 방법과 동일 적용
가족관계 변동(이혼, 사망, 파양 등) 시 현대카드 홈페이지 및 앱, 고객센터를 통해 가족 카드 정지 및 해지 가능
단, 해지의 경우 홈페이지 및 앱은 본인 회원만 가능하며, 정지는 고객센터를 통해서만 가능
홈페이지 > Account > 카드 관리 > 보유 카드 목록 > 해지
앱 > 메뉴(좌측 상단) > 카드 관리 > 보유 카드 목록 > 해지
고객센터 (1577-6000)
본인 회원이 요청할 경우 가족 회원 동의 없이 가족 카드의 한도가 변경되거나 정지/해지될 수 있음
가족관계 변동이 되었음에도 가족 카드 정지 및 해지를 하지 않은 경우 본인 회원에게 의도하지 않은 카드 이용 및 책임이 발생할 수 있음
본인 카드 해지 시 가족 카드도 약 7영업일 후 자동 해지

[기타
                  안내]
결제 계좌 개설기관의 영업 마감 시간(오후 4시) 이후 결제 계좌에 입금된 금액에 대해서는 결제 계좌 개설기관의 사정에 따라 당일 출금되지 못하여 연체로 처리될 수 있으니 유의하시기 바랍니다.
자동납부 업무 마감 시간 이후 현대카드 홈페이지 및 앱에서 즉시결제 또는 입금전용(가상) 계좌 입금(송금납부)을 통해 당일 결제가 가능합니다.
(카드 대금 납부 관련한 자세한 내용은 홈페이지 > Account > 카드 이용 내역 > 이용 대금 명세서 또는 앱 > 메뉴(좌측 상단) > 카드 이용 내역 > 이용 대금 명세서 참고)

[민원 접수 안내]
현대카드 홈페이지, 고객센터, 팩스, 이메일 또는 방문, 우편을 통해 가능
홈페이지
> 고객 지원 > 소비자보호 > 전자민원 접수
고객센터
1577-6000(해외 82-2-3015-9000)
팩스
02-2165-9454
이메일
hc_VOC@hyundaicard.com
방문/우편
서울시 영등포구 의사당대로 3 현대카드빌딩 카드소비자보호팀 담당자

[이용 안내]
모든 가맹점은 현대카드 가맹점 등록 및 업종 분류 기준입니다.
당사는 상품설명서의 내용을 준수합니다.
동일 기간 내 다수의 신용카드를 신청할 경우 개인신용평점, 이용 한도 등에 영향을 미칠 수 있습니다.
카드 이용 시 제공되는 포인트 및 할인 혜택 등의 부가서비스는 카드 신규 출시(2025년 10월 1일) 이후 다음과 같은 사유를 제외하고는 변경할 수 없습니다. 카드사의 휴업·파산·경영상의 위기 등에 따른 불가피한 경우 제휴업체의 휴업·파산·경영상의 위기로 인해 불가피하게 부가서비스를 축소·변경하는 경우로서 다른 제휴업체를 통해 동종의 유사한 부가서비스 제공이 불가한 경우 제휴업체가 카드사의 의사에 반하여 해당 부가서비스를 축소하거나 변경 시, 당초 부가서비스에 상응하는 다른 부가서비스를 제공하는 경우 부가서비스를 3년 이상 제공한 상태에서 해당 부가서비스로 인해 상품의 수익성이 현저히 낮아진 경우
  - 카드사의 휴업·파산·경영상의 위기 등에 따른 불가피한 경우
  - 제휴업체의 휴업·파산·경영상의 위기로 인해 불가피하게 부가서비스를 축소·변경하는 경우로서 다른 제휴업체를 통해 동종의 유사한 부가서비스 제공이 불가한 경우
  - 제휴업체가 카드사의 의사에 반하여 해당 부가서비스를 축소하거나 변경 시, 당초 부가서비스에 상응하는 다른 부가서비스를 제공하는 경우
  - 부가서비스를 3년 이상 제공한 상태에서 해당 부가서비스로 인해 상품의 수익성이 현저히 낮아진 경우
카드사가 부가서비스를 변경하는 경우에는 부가서비스 변경 사유, 변경 내용 등을 사유 발생 즉시 홈페이지에 게시하고, 개별 고지 방법 중 서로 다른 2가지 이상의 방법으로 고지하여 드립니다. 특히
          카드 신규 출시 이후 3년 이상 경과했고, 해당 카드의 수익성 유지가 어려워져 부가서비스를 변경하는 경우에는 변경일 6개월 전부터 서로 다른 2가지 이상의 방법으로 매월 개별 고지해 드립니다. 개별 고지 방법 : 서면 교부, 우편 또는 이메일, 전화 또는 팩스, 휴대폰 메시지 또는 이에 준하는 전자적 의사표시
  - 개별 고지 방법 : 서면 교부, 우편 또는 이메일, 전화 또는 팩스, 휴대폰 메시지 또는 이에 준하는 전자적 의사표시
연회비는 카드 발급 시 선청구됩니다.
카드 연회비(기본연회비+제휴연회비)는 보유 카드별로 청구됩니다.
카드 이용 대금 연체 시 약정 금리 + 연체 가산 금리 3%의 연체 금리가 적용됩니다. (회원별, 이용 상품별 차등 적용/법정 최고 금리 20% 이내) 단, 연체 발생 시점에 약정 금리가 없는 경우 아래와 같이 적용 일시불 : 거래 발생 시점 기준 최소 기간(2개월)의 유이자 할부 약정 금리 + 연체 가산 금리 3% 무이자 할부 : 거래 발생 시점 기준 동일한 할부 계약 기간의 유이자 할부 약정 금리 + 연체 가산 금리 3%
  - 일시불 : 거래 발생 시점 기준 최소 기간(2개월)의 유이자 할부 약정 금리 + 연체 가산 금리 3%
  - 무이자 할부 : 거래 발생 시점 기준 동일한 할부 계약 기간의 유이자 할부 약정 금리 + 연체 가산 금리 3%
상환 능력에 비해 신용카드 이용금액이 과도할 경우, 귀하의 개인신용평점이 하락할 수 있습니다.
개인신용평점 하락 시 금융거래와 관련된 불이익이 발생할 수 있습니다.
일정 기간 원리금을 연체할 경우, 모든 원리금을 변제할 의무가 발생할 수 있습니다.
신용카드 발급이 부적정한 경우(연체금 보유, 개인신용평점 낮음 등) 카드 발급이 제한될 수 있습니다.
카드 이용대금과 이에 수반되는 모든 수수료를 지정된 대금 결제일에 상환합니다.
금융소비자는 금융소비자보호법 제19조 제1항에 따라 해당 상품 또는 서비스에 대하여 설명을 받을 권리가 있습니다.
자세한 내용 및 이용 조건은 카드 신청 전 현대카드 홈페이지 및 상품설명서, 약관 참고
준법감시심의필 제 260514-023호(2026.05.14~2027.05.13)
여신금융협회 심의필 제 2026-C1h-06244호(2026.04.29~2027.04.28)",2026-06-03 15:34:53
TGE3_N0001,TGE3,"[카드 이용 유의사항]

[해외 결제 이용 안내]
국내외겸용 카드로 해외 이용 시(해외사이트 거래 포함) 미화(USD) 기준 거래미화금액에 접수일의 (대외결제대행은행) 최초 고시 전신환매도율을 적용한 후, 국제브랜드사가 부과하는 국제브랜드 수수료(VISA 1.1%)와 현대카드가 부과하는 해외서비스 수수료(0.2%)를 포함하여 원화로 청구됩니다.
국제브랜드 수수료 및 대외결제대행은행 관련 자세한 내용은 현대카드 홈페이지를 참고해 주세요.
해외 이용 시 청구 금액 산출 방법
* 해외 이용 시 청구 금액=(거래미화금액ⅹ전신환매도율¹)+국제브랜드 수수료²+해외서비스 수수료³
1. 전신환매도율 : 접수일의 대외결제대행은행 최초 고시 전신환매도율
2. 국제브랜드 수수료=(거래미화금액ⅹ국제브랜드 수수료율 1.1%)ⅹ전신환매도율
3. 해외서비스 수수료=(거래미화금액ⅹ해외서비스 수수료율 0.2%)ⅹ전신환매도율
해외원화결제차단서비스 신청 방법
해외 가맹점에서 원화거래(DCC) 시 추가 수수료가 부과되므로 현지통화 또는 미화로 거래하시기 바랍니다.
홈페이지 > Account > 카드 관리 > 해외원화결제차단서비스
앱 > 메뉴(좌측 상단) > 카드 관리 > 해외원화결제차단 신청

[기타 안내]
결제 계좌 개설기관의 영업 마감 시간(오후 4시) 이후 결제 계좌에 입금된 금액에 대해서는 결제 계좌 개설기관의 사정에 따라 당일 출금되지 못하여 연체로 처리될 수 있으니 유의하시기 바랍니다.
자동납부 업무 마감 시간 이후 현대카드 홈페이지 및 앱에서 즉시결제 또는 입금전용(가상) 계좌 입금(송금납부)을 통해 당일 결제가 가능합니다.
(카드 대금 납부 관련한 자세한 내용은 홈페이지 > My Account > 이용 내역 > 이용 대금 명세서 또는 앱 > 메뉴(좌측 상단) > 카드 이용 내역 > 이용 대금 명세서 참고)

[민원 접수 안내]
현대카드 홈페이지, 고객센터, 팩스, 이메일 또는 방문, 우편을 통해 가능
홈페이지
> 고객지원 > 소비자보호 > 전자민원 접수
고객센터
1577-6000(해외 82-2-3015-9000)
팩스
02-2165-9454
이메일
hc_VOC@hyundaicard.com
방문/우편
서울시 영등포구 의사당대로 3 현대카드빌딩 카드소비자보호팀 담당자

[가족카드 이용 안내]
가족 카드 연회비는 각 상품별 연회비 부과 기준을 따름
가족 회원 기준 5매까지 발급 가능하며 본인 카드 국제브랜드와 동일하게 발급
부가 서비스별 이용 실적 및 이용 한도는 본인+가족 카드 합산 적용되며, 그 외 이용 기준은 본인 카드와 동일
연말정산 시 가족 카드 이용 금액은 가족 회원(카드 플레이트에 표기된 명의자)의 이용 금액에 포함되며, 연간 소득 금액은 국세청 기준에 따름
본인 회원이 가족 카드 이용 내역에 대한 알림을 받고자 하는 경우 고객센터(1577-6000)를 통해 별도 신청 필요
가족 카드 이용대금명세서는 본인 카드 신청 시 지정한 주소 및 방법과 동일 적용
가족 카드 이용으로 적립된 M포인트는 현대카드 홈페이지를 통해 양도 가능하며, 포인트 선물로 상속·증여세가 발생할 수 있음
홈페이지 > 혜택 > 보유 포인트 > M포인트 > M포인트 가족양도
가족관계 변동(이혼, 사망, 파양 등) 시 현대카드 홈페이지 및 앱, 고객센터를 통해 가족 카드 정지 및 해지 가능
단, 해지의 경우 홈페이지 및 앱은 본인 회원만 가능하며, 정지는 고객센터를 통해서만 가능
홈페이지 > My Account > 내 카드 관리 > 내 카드 목록 > 해지
앱 : 메뉴(좌측 상단) > 카드 관리 > 보유 카드 목록 > 해지
고객센터 : 1577-6000
본인 회원이 요청할 경우 가족 회원 동의 없이 가족 카드의 한도가 변경되거나 정지/해지될 수 있음
가족관계 변동이 되었음에도 가족 카드 정지 및 해지를 하지 않은 경우 본인 회원에게 의도하지 않은 카드 이용 및 책임이 발생할 수 있음
본인 카드 해지 시 가족 카드도 약 7영업일 후 자동 해지

[이용 안내]
모든 가맹점은 현대카드 가맹점 등록 및 업종 분류 기준입니다.
당사는 상품설명서의 내용을 준수합니다.
동일 기간 내 다수의 신용카드를 신청할 경우 개인 신용등급 또는 개인신용평점, 이용한도 등에 영향을 미칠 수 있습니다.
카드 이용 시 제공되는 포인트 및 할인 혜택 등의 부가서비스는 카드 신규 출시(2024년 8월 16일) 이후 다음과 같은 사유를 제외하고는 변경할 수 없습니다. 카드사의 휴업·파산·경영상의 위기 등에 따른 불가피한 경우 제휴업체의 휴업·파산·경영상의 위기로 인해 불가피하게 부가서비스를 축소·변경하는 경우로서 다른 제휴업체를 통해 동종의 유사한 부가서비스 제공이 불가한 경우 제휴업체가 카드사의 의사에 반하여 해당 부가서비스를 축소하거나 변경 시, 당초 부가서비스에 상응하는 다른 부가서비스를 제공하는 경우 부가서비스를 3년 이상 제공한 상태에서 해당 부가서비스로 인해 상품의 수익성이 현저히 낮아진 경우
  - 카드사의 휴업·파산·경영상의 위기 등에 따른 불가피한 경우
  - 제휴업체의 휴업·파산·경영상의 위기로 인해 불가피하게 부가서비스를 축소·변경하는 경우로서 다른 제휴업체를 통해 동종의 유사한 부가서비스 제공이 불가한 경우
  - 제휴업체가 카드사의 의사에 반하여 해당 부가서비스를 축소하거나 변경 시, 당초 부가서비스에 상응하는 다른 부가서비스를 제공하는 경우
  - 부가서비스를 3년 이상 제공한 상태에서 해당 부가서비스로 인해 상품의 수익성이 현저히 낮아진 경우
카드사가 부가서비스를 변경하는 경우에는 부가서비스 변경 사유, 변경 내용 등을 사유 발생 즉시 홈페이지에 게시하고, 개별 고지 방법 중 서로 다른 2가지 이상의 방법으로 고지하여 드립니다. 특히 카드 신규 출시 이후 3년 이상 경과했고, 해당 카드의 수익성 유지가 어려워져 부가서비스를 변경하는 경우에는 변경일 6개월 전부터 서로 다른 2가지 이상의 방법으로 매월 개별 고지해 드립니다. 개별 고지 방법 : 서면 교부, 우편 또는 이메일, 전화 또는 팩스, 휴대폰 메시지 또는 이에 준하는 전자적 의사표시
  - 개별 고지 방법 : 서면 교부, 우편 또는 이메일, 전화 또는 팩스, 휴대폰 메시지 또는 이에 준하는 전자적 의사표시
연회비는 카드 발급 시 선청구됩니다.
카드 연회비(기본연회비 + 제휴연회비)는 보유 카드별로 청구됩니다.
카드 이용 대금 연체 시 약정 금리 + 연체 가산 금리 3%의 연체 금리가 적용됩니다.(회원별, 이용 상품별 차등 적용/법정 최고 금리 20% 이내) 단, 연체 발생 시점에 약정 금리가 없는 경우 아래와 같이 적용 일시불 : 거래 발생 시점 기준 최소 기간(2개월)의 유이자 할부 약정 금리 + 연체 가산 금리 3% 무이자 할부 : 거래 발생 시점 기준 동일한 할부 계약 기간의 유이자 할부 약정 금리 + 연체 가산 금리 3%
  - 일시불 : 거래 발생 시점 기준 최소 기간(2개월)의 유이자 할부 약정 금리 + 연체 가산 금리 3%
  - 무이자 할부 : 거래 발생 시점 기준 동일한 할부 계약 기간의 유이자 할부 약정 금리 + 연체 가산 금리 3%
상환 능력에 비해 신용카드 이용금액이 과도할 경우, 귀하의 개인신용평점이 하락할 수 있습니다.
개인신용평점 하락 시 금융거래와 관련된 불이익이 발생할 수 있습니다.
일정 기간 원리금을 연체할 경우, 모든 원리금을 변제할 의무가 발생할 수 있습니다.
신용카드 발급이 부적정한 경우(연체금 보유, 개인신용평점 낮음 등) 카드 발급이 제한될 수 있습니다.
카드 이용 대금과 이에 수반되는 모든 수수료를 지정된 대금 결제일에 상환합니다.
금융소비자는 금융소비자보호법 제19조 제1항에 따라 해당 상품 또는 서비스에 대하여 설명을 받을 권리가 있습니다.
자세한 내용 및 이용 조건은 카드 신청 전 현대카드 홈페이지 및 상품설명서, 약관 참고
준법감시심의필 제 260511-003호 (2026.05.11 ~ 2027.05.10)
여신금융협회 심의필 제 2026-C1h-07165호 (2026.05.15 ~ 2027.05.14)",2026-06-03 16:02:06
ZWE2_N0001,ZWE2,"[카드 이용 유의사항]

[해외 결제 이용 안내]
국내외겸용 카드로 해외 이용 시(해외사이트 거래 포함) 미화(USD) 기준 거래미화금액에 접수일의 (대외결제대행은행) 최초 고시 전신환매도율을 적용한 후, 국제브랜드사가 부과하는 국제브랜드 수수료(Visa 1.1%/Amex 1.4%)와 현대카드가 부과하는 해외서비스 수수료(0.2%)를 포함하여 원화로 청구됩니다. 국제브랜드 수수료 및 대외결제대행은행 관련 자세한 내용은 현대카드 홈페이지를 참고해 주세요.
해외 이용 시 청구 금액 산출 방법
* 해외 이용 시 청구 금액=(거래미화금액ⅹ전신환매도율¹)+국제브랜드 수수료²+해외서비스 수수료³
1. 전신환매도율 : 접수일의 대외결제대행은행 최초 고시 전신환매도율
2. 국제브랜드 수수료=(거래 미화 금액 x 국제브랜드 수수료율 1.1%/1.4%) x 전신환매도율
3. 해외서비스 수수료=(거래 미화 금액 x 해외서비스 수수료율 0.2%) x 전신환매도율
해외원화결제차단서비스 신청 방법
해외 가맹점에서 원화거래(DCC) 시 추가 수수료가 부과되므로 현지통화 또는 미화로 거래하시기 바랍니다.
홈페이지 > Account > 카드 관리 > 해외원화결제차단서비스
앱 > 메뉴(좌측 상단) > 카드 관리 > 해외원화결제차단 신청

[기타 안내]
결제 계좌 개설기관의 영업 마감 시간(오후 4시) 이후 결제 계좌에 입금된 금액에 대해서는 결제 계좌 개설기관의 사정에 따라 당일 출금되지 못하여 연체로 처리될 수 있으니 유의하시기 바랍니다.
자동납부 업무 마감 시간 이후 현대카드 홈페이지 및 앱에서 즉시결제 또는 입금전용(가상)계좌 입금(송금납부)을 통해 당일 결제가 가능합니다.
(카드 대금 납부 자세한 내용은 홈페이지 > Account > 카드 이용 내역 > 이용 대금 명세서 또는 앱 > 메뉴(좌측 상단) > 카드 이용 내역 > 이용 대금 명세서 참고)

[민원 접수 안내]
현대카드 홈페이지, 고객센터, 팩스, 이메일 또는 방문, 우편을 통해 가능
홈페이지
> 고객지원 > 소비자보호 > 전자민원 접수
고객센터
1577-6000(해외 82-2-3015-9000)
팩스
02-2165-9454
이메일
hc_VOC@hyundaicard.com
방문/우편
서울시 영등포구 의사당대로 3 현대카드빌딩 카드소비자보호팀 담당자

[가족 카드 이용 안내]
가족 카드 연회비는 각 상품별 연회비 부과 기준을 따름
가족 회원 기준 5매까지 발급 가능하며 본인 카드 국제브랜드와 동일하게 발급
부가 서비스별 이용 실적 및 이용 한도는 본인+가족 카드 합산 적용되며, 그 외 이용 기준은 본인 카드와 동일
연말정산 시 가족 카드 이용 금액은 가족 회원(카드 플레이트에 표기된 명의자)의 이용 금액에 포함되며, 연간 소득 금액은 국세청 기준에 따름
본인 회원이 가족 카드 이용 내역에 대한 알림을 받고자 하는 경우 고객센터(1577-6000)를 통해 별도 신청 필요
가족 카드 이용대금명세서는 본인 카드 신청 시 지정한 주소 및 방법과 동일 적용
가족관계 변동(이혼, 사망, 파양 등) 시 현대카드 홈페이지 및 앱, 고객센터를 통해 가족 카드 정지 및 해지 가능
단, 해지의 경우 홈페이지 및 앱은 본인 회원만 가능하며, 정지는 고객센터를 통해서만 가능
홈페이지 > Account > 카드 관리 > 보유 카드 목록 > 해지
앱 > 메뉴(좌측 상단) > 카드 관리 > 보유 카드 목록 > 해지
고객센터 : 1577-6000
본인 회원이 요청할 경우 가족 회원 동의 없이 가족 카드의 한도가 변경되거나 정지/해지될 수 있음
가족관계 변동이 되었음에도 가족 카드 정지 및 해지를 하지 않은 경우 본인 회원에게 의도하지 않은 카드 이용 및 책임이 발생할 수 있음
본인 카드 해지 시 가족 카드도 약 7영업일 후 자동 해지

[이용 안내]
모든 가맹점은 현대카드 가맹점 등록 및 업종 분류 기준입니다.
당사는 상품설명서의 내용을 준수합니다.
동일 기간 내 다수의 신용카드를 신청할 경우 개인신용평점, 이용 한도 등에 영향을 미칠 수 있습니다.
카드 이용 시 제공되는 포인트 및 할인 혜택 등의 부가서비스는 카드 신규 출시(2024년 1월 19일) 이후 3년 이상 축소·폐지 없이 유지됩니다. 상기에도 불구하고 다음과 같은 사유가 발생한 경우 카드사는 부가서비스를 변경할 수 있습니다. 카드사의 휴업·파산·경영상의 위기 등에 따른 불가피한 경우 제휴업체의 휴업·파산·경영상의 위기로 인해 불가피하게 부가서비스를 축소·변경하는 경우로서 다른 제휴업체를 통해 동종의 유사한 부가서비스 제공이 불가한 경우 제휴업체가 카드사의 의사에 반하여 해당 부가서비스를 축소하거나 변경 시, 당초 부가서비스에 상응하는 다른 부가서비스를 제공하는 경우 부가서비스를 3년 이상 제공한 상태에서 해당 부가서비스로 인해 상품의 수익성이 현저히 낮아진 경우
  - 카드사의 휴업·파산·경영상의 위기 등에 따른 불가피한 경우
  - 제휴업체의 휴업·파산·경영상의 위기로 인해 불가피하게 부가서비스를 축소·변경하는 경우로서 다른 제휴업체를 통해 동종의 유사한 부가서비스 제공이 불가한 경우
  - 제휴업체가 카드사의 의사에 반하여 해당 부가서비스를 축소하거나 변경 시, 당초 부가서비스에 상응하는 다른 부가서비스를 제공하는 경우
  - 부가서비스를 3년 이상 제공한 상태에서 해당 부가서비스로 인해 상품의 수익성이 현저히 낮아진 경우
카드사가 부가서비스를 변경하는 경우에는 부가서비스 변경 사유, 변경 내용 등 사유 발생 즉시 홈페이지에 게시하고 개별 고지 방법 중 2가지 이상의 방법으로 고지하여 드립니다. 특히 카드 신규 출시 이후 3년 이상 경과했고, 해당 카드의 수익성 유지가 어려워져 부가서비스를 변경하는 경우에는 변경일 6개월 전부터 2가지 이상의 방법으로 매월 개별 고지해 드립니다. 개별 고지 방법 : 서면 교부, 우편 또는 이메일, 전화 또는 팩스, 휴대폰 메시지 또는 이에 준하는 전자적 의사표시
  - 개별 고지 방법 : 서면 교부, 우편 또는 이메일, 전화 또는 팩스, 휴대폰 메시지 또는 이에 준하는 전자적 의사표시
연회비는 카드 발급 시 선청구됩니다.
카드 연회비(기본연회비 + 제휴연회비)는 보유 카드별로 청구됩니다.
카드 이용 대금 연체 시 약정 금리 + 연체 가산 금리 3%의 연체 금리가 적용됩니다.(회원별, 이용 상품별 차등 적용/법정 최고 금리 20% 이내) 단, 연체 발생 시점에 약정 금리가 없는 경우 아래와 같이 적용 일시불 : 거래 발생 시점 기준 최소 기간(2개월)의 유이자 할부 약정 금리 + 연체 가산 금리 3% 무이자 할부 : 거래 발생 시점 기준 동일한 할부 계약 기간의 유이자 할부 약정 금리 + 연체 가산 금리 3%
  - 일시불 : 거래 발생 시점 기준 최소 기간(2개월)의 유이자 할부 약정 금리 + 연체 가산 금리 3%
  - 무이자 할부 : 거래 발생 시점 기준 동일한 할부 계약 기간의 유이자 할부 약정 금리 + 연체 가산 금리 3%
상환 능력에 비해 신용카드 이용금액이 과도할 경우, 귀하의 개인신용평점이 하락할 수 있습니다.
개인신용평점 하락 시 금융거래와 관련된 불이익이 발생할 수 있습니다.
일정 기간 원리금을 연체할 경우, 모든 원리금을 변제할 의무가 발생할 수 있습니다.
신용카드 발급이 부적정한 경우(연체금 보유, 개인신용평점 낮음 등) 카드 발급이 제한될 수 있습니다.
카드 이용대금과 이에 수반되는 모든 수수료를 지정된 대금 결제일에 상환합니다.
금융소비자는 금융소비자보호법 제19조 제1항에 따라 해당 상품 또는 서비스에 대하여 설명을 받을 권리가 있습니다.
자세한 내용 및 이용 조건은 카드 신청 전 현대카드 홈페이지 및 상품설명서, 약관 참고
준법감시심의필 제 260324-007호 (2026.03.24 ~ 2027.03.23)
여신금융협회 심의필 제 2026-C1h-04550호 (2026.04.01 ~ 2027.03.31)",2026-06-03 16:05:34
ZOE2_N0001,ZOE2,"[카드 이용 유의사항]

[해외 결제 이용 안내]
국내외겸용 카드로 해외 이용 시(해외사이트 거래 포함) 미화(USD) 기준 거래미화금액에 접수일의 (대외결제대행은행) 최초 고시 전신환매도율을 적용한 후, 국제브랜드사가 부과하는 국제브랜드 수수료(Visa 1.1%/Amex 1.4%)와 현대카드가 부과하는 해외서비스 수수료(0.2%)를 포함하여 원화로 청구됩니다. 국제브랜드 수수료 및 대외결제대행은행 관련 자세한 내용은 현대카드 홈페이지를 참고해 주세요.
해외 이용 시 청구 금액 산출 방법
* 해외 이용 시 청구 금액=(거래미화금액ⅹ전신환매도율¹)+국제브랜드 수수료²+해외서비스 수수료³
1. 전신환매도율 : 접수일의 대외결제대행은행 최초 고시 전신환매도율
2. 국제브랜드 수수료=(거래 미화 금액 x 국제브랜드 수수료율 1.1%/1.4%) x 전신환매도율
3. 해외서비스 수수료=(거래 미화 금액 x 해외서비스 수수료율 0.2%) x 전신환매도율
해외원화결제차단서비스 신청 방법
해외 가맹점에서 원화거래(DCC) 시 추가 수수료가 부과되므로 현지통화 또는 미화로 거래하시기 바랍니다.
홈페이지 > Account > 카드 관리 > 해외원화결제차단서비스
앱 > 메뉴(좌측 상단) > 카드 관리 > 해외원화결제차단 신청

[기타 안내]
결제 계좌 개설기관의 영업 마감 시간(오후 4시) 이후 결제 계좌에 입금된 금액에 대해서는 결제 계좌 개설기관의 사정에 따라 당일 출금되지 못하여 연체로 처리될 수 있으니 유의하시기 바랍니다.
자동납부 업무 마감 시간 이후 현대카드 홈페이지 및 앱에서 즉시결제 또는 입금전용(가상)계좌 입금(송금납부)을 통해 당일 결제가 가능합니다.
(카드 대금 납부 자세한 내용은 홈페이지 > Account > 카드 이용 내역 > 이용 대금 명세서 또는 앱 > 메뉴(좌측 상단) > 카드 이용 내역 > 이용 대금 명세서 참고)

[민원 접수 안내]
현대카드 홈페이지, 고객센터, 팩스, 이메일 또는 방문, 우편을 통해 가능
홈페이지
> 고객지원 > 소비자보호 > 전자민원 접수
고객센터
1577-6000(해외 82-2-3015-9000)
팩스
02-2165-9454
이메일
hc_VOC@hyundaicard.com
방문/우편
서울시 영등포구 의사당대로 3 현대카드빌딩 카드소비자보호팀 담당자

[가족 카드 이용 안내]
가족 카드 연회비는 각 상품별 연회비 부과 기준을 따름
가족 회원 기준 5매까지 발급 가능하며 본인 카드 국제브랜드와 동일하게 발급
부가 서비스별 이용 실적 및 이용 한도는 본인+가족 카드 합산 적용되며, 그 외 이용 기준은 본인 카드와 동일
연말정산 시 가족 카드 이용 금액은 가족 회원(카드 플레이트에 표기된 명의자)의 이용 금액에 포함되며, 연간 소득 금액은 국세청 기준에 따름
본인 회원이 가족 카드 이용 내역에 대한 알림을 받고자 하는 경우 고객센터(1577-6000)를 통해 별도 신청 필요
가족 카드 이용대금명세서는 본인 카드 신청 시 지정한 주소 및 방법과 동일 적용
가족관계 변동(이혼, 사망, 파양 등) 시 현대카드 홈페이지 및 앱, 고객센터를 통해 가족 카드 정지 및 해지 가능
단, 해지의 경우 홈페이지 및 앱은 본인 회원만 가능하며, 정지는 고객센터를 통해서만 가능
홈페이지 > Account > 카드 관리 > 보유  카드 목록 > 해지
앱 > 메뉴(좌측 상단) > 카드 관리 > 보유 카드 목록 > 해지
고객센터 : 1577-6000
본인 회원이 요청할 경우 가족 회원 동의 없이 가족 카드의 한도가 변경되거나 정지/해지될 수 있음
가족관계 변동이 되었음에도 가족 카드 정지 및 해지를 하지 않은 경우 본인 회원에게 의도하지 않은 카드 이용 및 책임이 발생할 수 있음
본인 카드 해지 시 가족 카드도 약 7영업일 후 자동 해지

[이용 안내]
모든 가맹점은 현대카드 가맹점 등록 및 업종 분류 기준입니다.
당사는 상품설명서의 내용을 준수합니다.
동일 기간 내 다수의 신용카드를 신청할 경우 개인신용평점, 이용 한도 등에 영향을 미칠 수 있습니다.
카드 이용 시 제공되는 포인트 및 할인 혜택 등의 부가서비스는 카드 신규 출시(2024년 1월 19일) 이후 3년 이상 축소·폐지 없이 유지됩니다. 상기에도 불구하고 다음과 같은 사유가 발생한 경우 카드사는 부가서비스를 변경할 수 있습니다. 카드사의 휴업·파산·경영상의 위기 등에 따른 불가피한 경우 제휴업체의 휴업·파산·경영상의 위기로 인해 불가피하게 부가서비스를 축소·변경하는 경우로서 다른 제휴업체를 통해 동종의 유사한 부가서비스 제공이 불가한 경우 제휴업체가 카드사의 의사에 반하여 해당 부가서비스를 축소하거나 변경 시, 당초 부가서비스에 상응하는 다른 부가서비스를 제공하는 경우 부가서비스를 3년 이상 제공한 상태에서 해당 부가서비스로 인해 상품의 수익성이 현저히 낮아진 경우
  - 카드사의 휴업·파산·경영상의 위기 등에 따른 불가피한 경우
  - 제휴업체의 휴업·파산·경영상의 위기로 인해 불가피하게 부가서비스를 축소·변경하는 경우로서 다른 제휴업체를 통해 동종의 유사한 부가서비스 제공이 불가한 경우
  - 제휴업체가 카드사의 의사에 반하여 해당 부가서비스를 축소하거나 변경 시, 당초 부가서비스에 상응하는 다른 부가서비스를 제공하는 경우
  - 부가서비스를 3년 이상 제공한 상태에서 해당 부가서비스로 인해 상품의 수익성이 현저히 낮아진 경우
카드사가 부가서비스를 변경하는 경우에는 부가서비스 변경 사유, 변경 내용 등 사유 발생 즉시 홈페이지에 게시하고 개별 고지 방법 중 2가지 이상의 방법으로 고지하여 드립니다. 특히 카드 신규 출시 이후
                    3년 이상 경과했고, 해당 카드의 수익성 유지가 어려워져 부가서비스를 변경하는 경우에는 변경일 6개월 전부터 2가지 이상의 방법으로 매월 개별 고지해 드립니다. 개별 고지 방법 : 서면 교부, 우편 또는 이메일, 전화 또는 팩스, 휴대폰 메시지 또는 이에 준하는 전자적 의사표시
  - 개별 고지 방법 : 서면 교부, 우편 또는 이메일, 전화 또는 팩스, 휴대폰 메시지 또는 이에 준하는 전자적 의사표시
연회비는 카드 발급 시 선청구됩니다.
카드 연회비(기본연회비 + 제휴연회비)는 보유 카드별로 청구됩니다.
카드 이용 대금 연체 시 약정 금리 + 연체 가산 금리 3%의 연체 금리가 적용됩니다.(회원별, 이용 상품별 차등 적용/법정 최고 금리 20% 이내) 단, 연체 발생 시점에 약정 금리가 없는 경우 아래와 같이 적용 일시불 : 거래 발생 시점 기준 최소 기간(2개월)의 유이자 할부 약정 금리 + 연체 가산 금리 3% 무이자 할부 : 거래 발생 시점 기준 동일한 할부 계약 기간의 유이자 할부 약정 금리 + 연체 가산 금리 3%
  - 일시불 : 거래 발생 시점 기준 최소 기간(2개월)의 유이자 할부 약정 금리 + 연체 가산 금리 3%
  - 무이자 할부 : 거래 발생 시점 기준 동일한 할부 계약 기간의 유이자 할부 약정 금리 + 연체 가산 금리 3%
상환 능력에 비해 신용카드 이용금액이 과도할 경우, 귀하의 개인신용평점이 하락할 수 있습니다.
개인신용평점 하락 시 금융거래와 관련된 불이익이 발생할 수 있습니다.
일정 기간 원리금을 연체할 경우, 모든 원리금을 변제할 의무가 발생할 수 있습니다.
신용카드 발급이 부적정한 경우(연체금 보유, 개인신용평점 낮음 등) 카드 발급이 제한될 수 있습니다.
카드 이용대금과 이에 수반되는 모든 수수료를 지정된 대금 결제일에 상환합니다.
금융소비자는 금융소비자보호법 제19조 제1항에 따라 해당 상품 또는 서비스에 대하여 설명을 받을 권리가 있습니다.
자세한 내용 및 이용 조건은 카드 신청 전 현대카드 홈페이지 및 상품설명서, 약관 참고
준법감시심의필 제 260323-032호 (2026.03.23 ~ 2027.03.22)
여신금융협회 심의필 제 2026-C1h-04548호 (2026.04.01 ~ 2027.03.31)",2026-06-03 16:06:59
ESPE3_N0001,ESPE3,"[카드 이용 유의사항]

[해외 결제 이용 안내]
해외 이용 시(해외사이트 거래 포함) 미화(USD) 기준 거래 미화 금액에 접수일의 (대외결제대행은행) 최초 고시 전신환매도율을 적용한 후, 국제브랜드사가 부과하는 국제브랜드 수수료(Visa 1.1%/Amex 1.4%)와 현대카드가 부과하는 해외서비스 수수료(0.18%)를 포함하여 원화로 청구됩니다. 국제브랜드 수수료 및 대외결제대행은행 관련 자세한 내용은 현대카드 홈페이지를 참고해 주세요.
해외 이용 시 청구금액 산출 방법
* 해외 이용 시 청구금액=(거래미화금액ⅹ전신환매도율¹)+국제브랜드 수수료²+해외서비스 수수료³
1. 전신환매도율 : 접수일의 대외결제대행은행 최초 고시 전신환매도율
2. 국제브랜드 수수료=(거래미화금액ⅹ국제브랜드 수수료율 1.1%/1.4%)전신환매도율
3. 해외서비스 수수료=(거래미화금액ⅹ해외서비스 수수료율 0.18%)ⅹ전신환매도율
해외 가맹점에서 원화거래(DCC) 시 추가 수수료가 부과되므로 현지통화 또는 미화로 거래하시기 바랍니다.
해외원화결제차단서비스 신청 방법
홈페이지 > Account > 카드 관리 > 해외원화결제차단서비스
앱 > 메뉴(좌측 상단) > 카드 관리 > 해외원화결제차단 신청

[기타
                                    안내]
결제계좌 개설기관의 영업 마감시간(오후 4시) 이후 결제계좌에 입금된 금액에 대해서는 결제계좌 개설기관의
                                        사정에 따라 당일 출금되지 못하여 연체로 처리될 수 있으니
                                        유의하시기 바랍니다.
자동납부 업무 마감시간 이후 당사 홈페이지 및 앱에서 즉시결제 또는 입금전용(가상)계좌 입금(송금납부)을 통해 당일 결제가 가능합니다.
(카드 대금 납부 관련한 자세한 내용은 홈페이지 > Account > 카드 이용 내역 > 이용 대금 명세서 또는 앱 > 메뉴(좌측 상단) >  카드 이용 내역 > 이용 대금 명세서 참고)

[민원 접수 안내]
현대카드 홈페이지, 고객센터, 팩스, 이메일 또는 방문, 우편을 통해 가능
홈페이지 > 고객 지원 > 소비자보호 > 전자민원 접수
스마일카드 고객센터 1522-0080
팩스 02-2165-9454
이메일 hc_VOC@hyundaicard.com
방문/우편 서울시 영등포구 의사당대로 3 현대카드빌딩 카드소비자보호팀 담당자

[문자메시지 전송서비스]
카드 승인내역 및 누적 이용금액을 실시간 문자메시지로 확인
월 300원 이용료 부담
5만원 이상 결제 건에 한해 문자메시지 무료 전송
신청 방법
홈페이지 > Account > 카드 관리 > 카드이용알림 신청
앱 > 메뉴(좌측 상단) > 카드 관리 > 카드이용알림 신청
스마일카드 고객센터 1522-0080

[이용 안내]
모든 가맹점은 현대카드 가맹점 등록 및 업종 분류 기준입니다.
당사는 상품설명서의 내용을 준수합니다.
동일 기간 내 다수의 신용카드를 신청할 경우 개인 신용등급 또는 개인신용평점, 이용한도 등에 영향을 미칠 수 있습니다.
카드 이용 시 제공되는 포인트 및 할인 혜택 등의 부가서비스는 카드 신규 출시(2023년 7월 31일) 이후 다음과 같은 사유를 제외하고는 변경할 수 없습니다. 카드사의 휴업·파산·경영상의 위기 등에 따른 불가피한 경우 제휴업체의 휴업·파산·경영상의 위기로 인해 불가피하게 부가서비스를 축소·변경하는 경우로서 다른 제휴업체를 통해 동종의 유사한 부가서비스 제공이 불가한 경우 제휴업체가 카드사의 의사에 반하여 해당 부가서비스를 축소하거나 변경 시, 당초 부가서비스에 상응하는 다른 부가서비스를 제공하는 경우 부가서비스를 3년 이상 제공한 상태에서 해당 부가서비스로 인해 상품의 수익성이 현저히 낮아진 경우
  - 카드사의 휴업·파산·경영상의 위기 등에 따른 불가피한 경우
  - 제휴업체의 휴업·파산·경영상의 위기로 인해 불가피하게 부가서비스를 축소·변경하는 경우로서 다른 제휴업체를 통해 동종의 유사한 부가서비스 제공이 불가한 경우
  - 제휴업체가 카드사의 의사에 반하여 해당 부가서비스를 축소하거나 변경 시, 당초 부가서비스에 상응하는 다른 부가서비스를 제공하는 경우
  - 부가서비스를 3년 이상 제공한 상태에서 해당 부가서비스로 인해 상품의 수익성이 현저히 낮아진 경우
카드사가 부가서비스를 변경하는 경우에는 부가서비스 변경 사유, 변경 내용 등 사유 발생 즉시 홈페이지에 게시하고 개별 고지 방법 중 서로 다른 2가지 이상의 방법으로 고지하여 드립니다. 특히 카드 신규 출시 이후 3년 이상 경과했고, 해당 카드의 수익성 유지가 어려워져 부가서비스를 변경하는 경우에는 변경일 6개월 전부터 서로 다른 2가지 이상의 방법으로 매월 개별 고지해 드립니다. 개별 고지 방법 : 서면 교부, 우편 또는 이메일, 전화 또는 팩스, 휴대폰 메시지 또는 이에 준하는 전자적 의사표시
  - 개별 고지 방법 : 서면 교부, 우편 또는 이메일, 전화 또는 팩스, 휴대폰 메시지 또는 이에 준하는 전자적 의사표시
연회비는 카드 발급 시 선청구됩니다.
카드 연회비(기본연회비 + 제휴연회비)는 보유 카드별로 청구됩니다.
카드 이용대금 연체 시 약정금리 + 연체가산금리 3%의 연체 금리가 적용(회원별, 이용 상품별 차등 적용/법정 최고금리 20% 이내) 단, 연체 발생시점에 약정금리가 없는 경우 아래와 같이 적용 일시불 : 거래 발생시점 기준 최소 기간(2개월)의 유이자할부 약정금리 + 연체가산금리 3% 무이자할부 : 거래 발생시점 기준 동일한 할부 계약 기간의 유이자할부 약정금리 + 연체가산금리 3% 그 외의 경우 약정금리는 상법상 상사법정이율과 상호금융 가계자금 대출금리*중 높은 금리 적용 * 한국은행에서 매월 발표하는 가장 최근의 비은행금융기관 가중평균 대출금리(신규 대출 기준)
  - 일시불 : 거래 발생시점 기준 최소 기간(2개월)의 유이자할부 약정금리 + 연체가산금리 3%
  - 무이자할부 : 거래 발생시점 기준 동일한 할부 계약 기간의 유이자할부 약정금리 + 연체가산금리 3%
  - 그 외의 경우 약정금리는 상법상 상사법정이율과 상호금융 가계자금 대출금리*중 높은 금리 적용 * 한국은행에서 매월 발표하는 가장 최근의 비은행금융기관 가중평균 대출금리(신규 대출 기준)
상환 능력에 비해 신용카드 이용금액이 과도할 경우, 귀하의 개인신용평점이 하락할 수 있습니다.
개인신용평점 하락 시 금융거래와 관련된 불이익이 발생할 수 있습니다.
일정 기간 원리금을 연체할 경우, 모든 원리금을 변제할 의무가 발생할 수 있습니다.
신용카드 발급이 부적정한 경우(연체금 보유, 개인신용평점 낮음 등) 카드 발급이 제한될 수 있습니다.
카드 이용대금과 이에 수반되는 모든 수수료를 지정된 대금 결제일에 상환합니다.
금융소비자는 금융소비자보호법 제19조 제1항에 따라 해당 상품 또는 서비스에 대하여 설명을 받을 권리가 있습니다.
자세한 내용 및 이용 조건은 카드 신청 전 현대카드 홈페이지 및 상품설명서, 약관 참고
준법감시심의필 제 260413-011호 (2026.04.13 ~ 2027.04.12)
여신금융협회 심의필 제 2026-C1h-05590호 (2026.04.20 ~ 2027.04.19)",2026-06-03 16:25:36
NOLHC_N0001,NOLHC,"[카드 이용 유의사항]

[해외 결제 이용 안내]
해외 이용 시(해외사이트 거래 포함) 미화(USD) 기준 거래 미화 금액에 접수일의 (대외결제대행은행) 최초 고시 전신환매도율을 적용한 후, 국제브랜드사가 부과하는 국제브랜드
                    수수료(Visa 1.1%/Amex 1.4%)와 현대카드가 부과하는 해외서비스 수수료(0.18%)를 포함하여
                    원화로 청구됩니다.
                    국제브랜드 수수료 및 대외결제대행은행 관련 자세한 내용은 현대카드 홈페이지를 참고해 주세요.
해외 이용 시 청구금액 산출 방법
* 해외 이용 시 청구 금액=(거래 미화 금액ⅹ전신환매도율¹)+국제브랜드 수수료²+
                    해외서비스 수수료³
1. 전신환매도율 : 접수일의 대외결제대행은행 최초 고시 전신환매도율
2. 국제브랜드 수수료=(거래 미화 금액ⅹ국제브랜드 수수료율 1.1%/1.4%)ⅹ전신환매도율
3. 해외서비스 수수료=(거래 미화 금액ⅹ해외서비스 수수료율 0.18%)ⅹ전신환매도율
해외 가맹점에서 원화거래(DCC) 시 추가 수수료가 부과되므로 현지통화 또는 미화로
                    거래하시기 바랍니다.
해외원화결제차단서비스 신청 방법
홈페이지 > Account > 카드 관리 > 해외원화결제차단서비스
앱 > 메뉴(좌측 상단) > 카드 관리 > 해외원화결제차단 신청

[가족 카드 이용
                  안내]
가족 카드 연회비는 각 상품별 연회비 부과 기준을 따름
가족 회원 기준 5매까지 발급 가능하며 본인 카드 국제브랜드와 동일하게 발급
부가 서비스별 이용 실적 및 이용 한도는 본인+가족 카드 합산 적용되며, 그 외 이용 기준은 본인 카드와 동일
연말정산 시 가족 카드 이용 금액은 가족 회원(카드 플레이트에 표기된 명의자)의 이용 금액에 포함되며, 연간 소득 금액은 국세청 기준에 따름
본인 회원이 가족 카드 이용 내역에 대한 알림을 받고자 하는 경우 현대카드 고객센터(1577-6000)를 통해 별도 신청 필요
가족 카드 이용대금명세서는 본인 카드 신청 시 지정한 주소 및 방법과 동일 적용
가족 카드 이용으로 본인 회원에게 적립된 NOL 포인트는 양도 불가
가족관계 변동(이혼, 사망, 파양 등) 시 현대카드 홈페이지 및 앱, 고객센터를 통해 가족 카드 정지 및 해지 가능
단, 해지의 경우 홈페이지 및 앱은 본인 회원만 가능하며, 정지는 고객센터를 통해서만 가능
홈페이지 > Account > 카드 관리 > 보유 카드 목록 > 해지
앱 : 메뉴(좌측 상단) > 카드 관리 > 보유 카드 목록 > 해지
현대카드 고객센터(1577-6000)
본인 회원이 요청할 경우 가족 회원 동의 없이 가족 카드의 한도가 변경되거나 정지/해지될 수 있음
가족관계 변동이 되었음에도 가족 카드 정지 및 해지를 하지 않은 경우 본인 회원에게 의도하지 않은 카드 이용 및 책임이 발생할 수 있음
본인 카드 해지 시 가족 카드도 약 7영업일 후 자동 해지

[기타
                  안내]
결제 계좌 개설기관의 영업 마감 시간(오후 4시) 이후 결제 계좌에 입금된 금액에 대해서는
                    결제 계좌 개설기관의 사정에 따라 당일 출금되지 못하여 연체로 처리될 수 있으니
                    유의하시기 바랍니다.
자동납부 업무 마감 시간 이후 당사 홈페이지 및 앱에서 즉시결제 또는 입금전용(가상) 계좌 입금(송금납부)을 통해 당일 결제가 가능합니다.
(카드 대금 납부 관련한 자세한 내용은 홈페이지 > Account > 카드 이용 내역 > 이용 대금 명세서 또는 앱 > 메뉴(좌측 상단) >  카드 이용 내역 > 이용 대금 명세서 참고)

[민원 접수 안내]
현대카드 홈페이지, 고객센터, 팩스, 이메일 또는 방문, 우편을 통해 가능
홈페이지 > 고객 지원 > 소비자보호 > 전자민원 접수
현대카드 고객센터 1577-6000
팩스 02-2615-9454
이메일 hc_VOC@hyundaicard.com
방문/우편 서울시 영등포구 의사당대로 3 현대카드빌딩 카드소비자보호팀 담당자

[문자메시지
                  전송서비스]
카드 승인 내역 및 누적 이용 금액을 실시간 문자메시지로 확인
월 300원 이용료 부담
5만원 이상 결제 건에 한해 문자메시지 무료 전송
신청 방법
홈페이지 > Account > 카드 관리 > 카드이용알림 신청
앱 > 메뉴(좌측 상단) > 카드 관리 > 카드이용알림 신청
현대카드 고객센터 1577-6000

[이용 안내]
모든 가맹점은 현대카드 가맹점 등록 및 업종 분류 기준입니다.
당사는 상품설명서의 내용을 준수합니다.
동일 기간 내 다수의 신용카드를 신청할 경우 개인 신용등급 또는 개인신용평점, 이용한도 등에 영향을 미칠 수 있습니다.
카드 이용 시 제공되는 포인트 및 할인 혜택 등의 부가서비스는 카드 신규 출시 (2023년 1월 10일) 이후 다음과 같은 사유를 제외하고는 변경할 수 없습니다. 카드사의 휴업·파산·경영상의 위기 등에 따른 불가피한 경우 제휴업체의 휴업·파산·경영상의 위기로 인해 불가피하게 부가서비스를 축소·변경하는 경우로서 다른 제휴업체를 통해 동종의 유사한 부가서비스 제공이 불가한 경우 제휴업체가 카드사의 의사에 반하여 해당 부가서비스를 축소하거나 변경 시, 당초 부가서비스에 상응하는 다른 부가서비스를 제공하는 경우 부가서비스를 3년 이상 제공한 상태에서 해당 부가서비스로 인해 상품의 수익성이 현저히 낮아진 경우
  - 카드사의 휴업·파산·경영상의 위기 등에 따른 불가피한 경우
  - 제휴업체의 휴업·파산·경영상의 위기로 인해 불가피하게 부가서비스를 축소·변경하는 경우로서 다른 제휴업체를 통해 동종의 유사한 부가서비스 제공이 불가한 경우
  - 제휴업체가 카드사의 의사에 반하여 해당 부가서비스를 축소하거나 변경 시, 당초 부가서비스에 상응하는 다른 부가서비스를 제공하는 경우
  - 부가서비스를 3년 이상 제공한 상태에서 해당 부가서비스로 인해 상품의 수익성이 현저히 낮아진 경우
카드사가 부가서비스를 변경하는 경우에는 부가서비스 변경 사유, 변경 내용 등 사유 발생 즉시 홈페이지에 게시하고 개별 고지 방법 중 서로 다른 2가지 이상의 방법으로 고지하여 드립니다. 특히 카드 신규 출시 이후 3년 이상 경과했고, 해당 카드의 수익성 유지가 어려워져 부가서비스를 변경하는 경우에는 변경일 6개월 전부터 서로 다른 2가지 이상의 방법으로 매월 개별 고지해 드립니다. 개별 고지 방법 : 서면 교부, 우편 또는 이메일, 전화 또는 팩스, 휴대폰 메시지 또는 이에 준하는 전자적 의사표시
  - 개별 고지 방법 : 서면 교부, 우편 또는 이메일, 전화 또는 팩스, 휴대폰 메시지 또는 이에 준하는 전자적 의사표시
연회비는 카드 발급 시 선청구됩니다.
카드 연회비(기본연회비 + 제휴연회비)는 보유 카드별로 청구됩니다.
카드 이용 대금 연체 시 약정 금리+연체 가산 금리 3%의 연체 금리가 적용됩니다.(회원별, 이용 상품별 차등 적용/법정 최고 금리 20% 이내) 단, 연체
          발생 시점에 약정 금리가 없는 경우 아래와 같이 적용 일시불 : 거래 발생 시점 기준 최소 기간(2개월)의 유이자 할부 약정 금리 + 연체 가산 금리 3% 무이자 할부 : 거래 발생 시점 기준 동일한 할부 계약 기간의 유이자 할부 약정 금리 + 연체 가산 금리 3%
  - 일시불 : 거래 발생 시점 기준 최소 기간(2개월)의 유이자 할부 약정 금리 + 연체 가산 금리 3%
  - 무이자 할부 : 거래 발생 시점 기준 동일한 할부 계약 기간의 유이자 할부 약정 금리 + 연체 가산 금리 3%
상환 능력에 비해 신용카드 이용금액이 과도할 경우, 귀하의 개인신용평점이 하락할 수 있습니다.
개인신용평점 하락 시 금융거래와 관련된 불이익이 발생할 수 있습니다.
일정 기간 원리금을 연체할 경우, 모든 원리금을 변제할 의무가 발생할 수 있습니다.
신용카드 발급이 부적정한 경우(연체금 보유, 개인신용평점 낮음 등) 카드 발급이 제한될 수 있습니다.
카드 이용대금과 이에 수반되는 모든 수수료를 지정된 대금 결제일에 상환합니다.
금융소비자는 금융소비자보호법 제19조 제1항에 따라 해당 상품 또는 서비스에 대하여 설명을 받을 권리가 있습니다.
자세한 내용 및 이용 조건은 카드 신청 전 현대카드 홈페이지 및 상품설명서, 약관 참고
준법감시심의필 제 260326-034호 (2026.03.26 ~ 2027.03.25)
여신금융협회 심의필 제 2026-C1h-04821호 (2026.04.07 ~ 2027.04.06)",2026-06-03 16:29:48
CWYHC_N0001,CWYHC,"[카드 이용 유의사항]

[해외 결제 이용 안내]
국내외겸용 카드로 해외 이용 시(해외사이트 거래 포함) 미화(USD) 기준 거래미화금액에 접수일의 (대외결제대행은행) 최초 고시 전신환매도율을 적용한 후, 국제브랜드사가 부과하는 국제브랜드 수수료(Visa 1.1%)와 현대카드가 부과하는 해외서비스 수수료(0.2%)를 포함하여 원화로
                                        청구됩니다. 국제브랜드 수수료 및 대외결제대행은행 관련 자세한 내용은 현대카드 홈페이지를 참고해 주세요.
해외 이용 시 청구 금액 산출 방법
* 해외 이용 시 청구 금액=(거래미화금액 x 전신환매도율¹)+국제브랜드 수수료²+해외서비스 수수료³
1. 전신환매도율 : 접수일의 대외결제대행은행 최초 고시 전신환매도율
2. 국제브랜드 수수료=(거래미화금액 x 국제브랜드 수수료율 1.1%) x 전신환매도율
3. 해외서비스 수수료=(거래미화금액 x 해외서비스 수수료율 0.2%) x 전신환매도율
해외원화결제차단서비스 신청 방법
해외 가맹점에서 원화거래(DCC) 시 추가 수수료가 부과되므로 현지통화 또는 미화로 거래하시기 바랍니다.
홈페이지 > Account > 카드 관리 > 해외원화결제차단서비스
앱 > 메뉴(좌측 상단) > 카드 관리 > 해외원화결제차단 신청

[기타 안내]
결제 계좌 개설기관의 영업 마감 시간(오후 4시) 이후 결제 계좌에 입금된 금액에 대해서는 결제 계좌 개설기관의 사정에 따라 당일 출금되지 못하여 연체로 처리될 수 있으니 유의하시기 바랍니다.
자동납부 업무 마감 시간 이후 현대카드 홈페이지 및 앱에서 즉시결제 또는 입금전용(가상)계좌 입금(송금납부)을 통해 당일 결제가 가능합니다.
(카드 대금 납부 관련한 자세한 내용은 홈페이지 > Account > 카드 이용 내역 > 이용 대금 명세서 또는 앱 > 메뉴(좌측 상단) > 카드 이용 내역 > 이용 대금 명세서 참고)

[민원 접수 안내]
현대카드 홈페이지, 고객센터, 팩스, 이메일 또는 방문, 우편을 통해 가능
홈페이지
> 고객 지원 > 소비자보호 > 전자민원 접수
고객센터
1577-6000(해외 82-2-3015-9000)
팩스
02-2165-9454
이메일
hc_VOC@hyundaicard.com
방문/우편
서울시 영등포구 의사당대로 3 현대카드빌딩 카드소비자보호팀 담당자

[가족 카드 이용 안내]
가족 카드 연회비는 각 상품별 연회비 부과 기준을 따름
가족 회원 기준 5매까지 발급 가능하며 본인 카드 국제브랜드와 동일하게 발급
부가 서비스별 이용 실적 및 이용 한도는 본인+가족 카드 합산 적용되며, 그 외 이용 기준은 본인 카드와 동일
연말정산 시 가족 카드 이용 금액은 가족 회원(카드 플레이트에 표기된 명의자)의 이용 금액에 포함되며, 연간 소득 금액은 국세청 기준에 따름
본인 회원이 가족 카드 이용 내역에 대한 알림을 받고자 하는 경우 고객센터(1577-6000)를 통해 별도 신청 필요
가족 카드 이용대금명세서는 본인 카드 신청 시 지정한 주소 및 방법과 동일 적용
가족 카드 이용으로 적립된 M포인트는 현대카드 홈페이지를 통해 양도 가능하며, 포인트 선물로 상속·증여세가 발생할 수 있음
홈페이지 > 혜택 > 혜택 안내 > 보유 포인트 > M포인트 > M포인트 가족양도
가족관계 변동(이혼, 사망, 파양 등) 시 현대카드 홈페이지 및 앱, 고객센터를 통해 가족 카드 정지 및 해지 가능
단, 해지의 경우 홈페이지 및 앱은 본인 회원만 가능하며, 정지는 고객센터를 통해서만 가능
홈페이지 > Account > 카드 관리 > 보유 카드 목록 > 해지
앱 : 메뉴(좌측 상단) > 카드 관리 > 보유 카드 목록 > 해지
고객센터 : 1577-6000
본인 회원이 요청할 경우 가족 회원 동의 없이 가족 카드의 한도가 변경되거나 정지/해지될 수 있음
가족관계 변동이 되었음에도 가족 카드 정지 및 해지를 하지 않은 경우 본인 회원에게 의도하지 않은 카드 이용 및 책임이 발생할 수 있음
본인 카드 해지 시 가족 카드도 약 7영업일 후 자동 해지

[이용 안내]
모든 가맹점은 현대카드 가맹점 등록 및 업종 분류 기준입니다.
당사는 상품설명서의 내용을 준수합니다.
동일 기간 내 다수의 신용카드를 신청할 경우 개인신용평점, 이용 한도 등에 영향을 미칠 수 있습니다.
카드 이용 시 제공되는 포인트 및 할인 혜택 등의 부가서비스는 카드 신규 출시(2026년 2월 25일) 이후 다음과 같은 사유를 제외하고는 변경할 수 없습니다. 카드사의 휴업·파산·경영상의 위기 등에 따른 불가피한 경우 제휴업체의 휴업·파산·경영상의 위기로 인해 불가피하게 부가서비스를 축소·변경하는 경우로서 다른 제휴업체를 통해 동종의 유사한 부가서비스 제공이 불가한 경우 제휴업체가 카드사의 의사에 반하여 해당 부가서비스를 축소하거나 변경 시, 당초 부가서비스에 상응하는 다른 부가서비스를 제공하는 경우 부가서비스를 3년 이상 제공한 상태에서 해당 부가서비스로 인해 상품의 수익성이 현저히 낮아진 경우
  - 카드사의 휴업·파산·경영상의 위기 등에 따른 불가피한 경우
  - 제휴업체의 휴업·파산·경영상의 위기로 인해 불가피하게 부가서비스를 축소·변경하는 경우로서 다른 제휴업체를 통해 동종의 유사한 부가서비스 제공이 불가한 경우
  - 제휴업체가 카드사의 의사에 반하여 해당 부가서비스를 축소하거나 변경 시, 당초 부가서비스에 상응하는 다른 부가서비스를 제공하는 경우
  - 부가서비스를 3년 이상 제공한 상태에서 해당 부가서비스로 인해 상품의 수익성이 현저히 낮아진 경우
카드사가 부가서비스를 변경하는 경우에는 부가서비스 변경 사유, 변경 내용 등을 사유 발생 즉시 홈페이지에 게시하고, 개별 고지 방법 중 서로 다른 2가지 이상의 방법으로 고지하여 드립니다. 특히 카드 신규 출시 이후 3년 이상 경과했고, 해당 카드의 수익성 유지가 어려워져 부가서비스를
                    변경하는 경우에는 변경일 6개월 전부터 서로 다른 2가지 이상의 방법으로 매월 개별 고지해 드립니다. 개별 고지 방법 : 서면 교부, 우편 또는 이메일, 전화 또는 팩스, 휴대폰 메시지 또는 이에 준하는 전자적 의사표시
  - 개별 고지 방법 : 서면 교부, 우편 또는 이메일, 전화 또는 팩스, 휴대폰 메시지 또는 이에 준하는 전자적 의사표시
연회비는 카드 발급 시 선청구됩니다.
카드 연회비(기본연회비 + 제휴연회비)는 보유 카드별로 청구됩니다.
카드 이용 대금 연체 시 약정 금리 + 연체 가산 금리 3%의 연체 금리가 적용됩니다.(회원별, 이용 상품별 차등 적용/법정 최고 금리 20% 이내) 단, 연체 발생 시점에 약정 금리가 없는 경우 아래와 같이 적용 일시불 : 거래 발생 시점 기준 최소 기간(2개월)의 유이자 할부 약정 금리 + 연체 가산 금리 3% 무이자 할부 : 거래 발생 시점 기준 동일한 할부 계약 기간의 유이자 할부 약정 금리 + 연체 가산 금리 3%
  - 일시불 : 거래 발생 시점 기준 최소 기간(2개월)의 유이자 할부 약정 금리 + 연체 가산 금리 3%
  - 무이자 할부 : 거래 발생 시점 기준 동일한 할부 계약 기간의 유이자 할부 약정 금리 + 연체 가산 금리 3%
상환 능력에 비해 신용카드 이용금액이 과도할 경우, 귀하의 개인신용평점이 하락할 수 있습니다.
개인신용평점 하락 시 금융거래와 관련된 불이익이 발생할 수 있습니다.
일정 기간 원리금을 연체할 경우, 모든 원리금을 변제할 의무가 발생할 수 있습니다.
신용카드 발급이 부적정한 경우(연체금 보유, 개인신용평점 낮음 등) 카드 발급이 제한될 수 있습니다.
카드 이용대금과 이에 수반되는 모든 수수료를 지정된 대금 결제일에 상환합니다.
금융소비자는 금융소비자보호법 제19조 제1항에 따라 해당 상품 또는 서비스에 대하여 설명을 받을 권리가 있습니다.
자세한 내용 및 이용 조건은 카드 신청 전 현대카드 홈페이지 및 상품설명서, 약관 참고
준법감시심의필 제 260401-008호 (2026.04.01 ~ 2027.03.31)
여신금융협회 심의필 제 2026-C1h-05080호 (2026.04.10 ~ 2027.04.09)",2026-06-03 16:32:24
LGEHC_N0001,LGEHC,"[카드 이용 유의사항]

[해외 결제 이용 안내]
국내외겸용 카드로 해외 이용 시(해외사이트 거래 포함) 미화(USD) 기준 거래미화금액에 접수일의 (대외결제대행은행) 최초 고시 전신환매도율을 적용한 후, 국제브랜드사가 부과하는 국제브랜드 수수료(Visa 1.1%)와 현대카드가 부과하는 해외서비스 수수료(0.2%)를 포함하여 원화로
                                        청구됩니다. 국제브랜드 수수료 및 대외결제대행은행 관련 자세한 내용은 현대카드 홈페이지를 참고해 주세요.
해외 이용 시 청구 금액 산출 방법
* 해외 이용 시 청구 금액=(거래미화금액 x 전신환매도율¹)+국제브랜드 수수료²+해외서비스 수수료³
1. 전신환매도율 : 접수일의 대외결제대행은행 최초 고시 전신환매도율
2. 국제브랜드 수수료=(거래미화금액 x 국제브랜드 수수료율 1.1%) x 전신환매도율
3. 해외서비스 수수료=(거래미화금액 x 해외서비스 수수료율 0.2%) x 전신환매도율
해외원화결제차단서비스 신청 방법
해외 가맹점에서 원화거래(DCC) 시 추가 수수료가 부과되므로 현지통화 또는 미화로 거래하시기 바랍니다.
홈페이지 > Account > 카드 관리 > 해외원화결제차단서비스
앱 > 메뉴(좌측 상단) > 카드 관리 > 해외원화결제차단 신청

[기타 안내]
결제 계좌 개설기관의 영업 마감 시간(오후 4시) 이후 결제 계좌에 입금된 금액에 대해서는 결제 계좌 개설기관의 사정에 따라 당일 출금되지 못하여 연체로 처리될 수 있으니 유의하시기 바랍니다.
자동납부 업무 마감 시간 이후 현대카드 홈페이지 및 앱에서 즉시결제 또는 입금전용(가상)계좌 입금(송금납부)을 통해 당일 결제가 가능합니다.
(카드 대금 납부 관련한 자세한 내용은 홈페이지 > Account > 카드 이용 내역 > 이용 대금 명세서 또는 앱 > 메뉴(좌측 상단) > 카드 이용 내역 > 이용 대금 명세서 참고)

[민원 접수 안내]
현대카드 홈페이지, 고객센터, 팩스, 이메일 또는 방문, 우편을 통해 가능
홈페이지
> 고객 지원 > 소비자보호 > 전자민원 접수
고객센터
1577-6000(해외 82-2-3015-9000)
팩스
02-2165-9454
이메일
hc_VOC@hyundaicard.com
방문/우편
서울시 영등포구 의사당대로 3 현대카드빌딩 카드소비자보호팀 담당자

[가족 카드 이용 안내]
가족 카드 연회비는 각 상품별 연회비 부과 기준을 따름
가족 회원 기준 5매까지 발급 가능하며 본인 카드 국제브랜드와 동일하게 발급
부가 서비스별 이용 실적 및 이용 한도는 본인+가족 카드 합산 적용되며, 그 외 이용 기준은 본인 카드와 동일
연말정산 시 가족 카드 이용 금액은 가족 회원(카드 플레이트에 표기된 명의자)의 이용 금액에 포함되며, 연간 소득 금액은 국세청 기준에 따름
본인 회원이 가족 카드 이용 내역에 대한 알림을 받고자 하는 경우 고객센터(1577-6000)를 통해 별도 신청 필요
가족 카드 이용대금명세서는 본인 카드 신청 시 지정한 주소 및 방법과 동일 적용
가족 카드 이용으로 적립된 M포인트는 현대카드 홈페이지를 통해 양도 가능하며, 포인트 선물로 상속·증여세가 발생할 수 있음
홈페이지 > 혜택 > 혜택 안내 > 보유 포인트 > M포인트 > M포인트 가족양도
가족관계 변동(이혼, 사망, 파양 등) 시 현대카드 홈페이지 및 앱, 고객센터를 통해 가족 카드 정지 및 해지 가능
단, 해지의 경우 홈페이지 및 앱은 본인 회원만 가능하며, 정지는 고객센터를 통해서만 가능
홈페이지 > Account > 카드 관리 > 보유 카드 목록 > 해지
앱 : 메뉴(좌측 상단) > 카드 관리 > 보유 카드 목록 > 해지
고객센터 : 1577-6000
본인 회원이 요청할 경우 가족 회원 동의 없이 가족 카드의 한도가 변경되거나 정지/해지될 수 있음
가족관계 변동이 되었음에도 가족 카드 정지 및 해지를 하지 않은 경우 본인 회원에게 의도하지 않은 카드 이용 및 책임이 발생할 수 있음
본인 카드 해지 시 가족 카드도 약 7영업일 후 자동 해지

[이용 안내]
모든 가맹점은 현대카드 가맹점 등록 및 업종 분류 기준입니다.
당사는 상품설명서의 내용을 준수합니다.
동일 기간 내 다수의 신용카드를 신청할 경우 개인신용평점, 이용 한도 등에 영향을 미칠 수 있습니다.
카드 이용 시 제공되는 포인트 및 할인 혜택 등의 부가서비스는 카드 신규 출시(2026년 2월 25일) 이후 다음과 같은 사유를 제외하고는 변경할 수 없습니다. 카드사의 휴업·파산·경영상의 위기 등에 따른 불가피한 경우 제휴업체의 휴업·파산·경영상의 위기로 인해 불가피하게 부가서비스를 축소·변경하는 경우로서 다른 제휴업체를 통해 동종의 유사한 부가서비스 제공이 불가한 경우 제휴업체가 카드사의 의사에 반하여 해당 부가서비스를 축소하거나 변경 시, 당초 부가서비스에 상응하는 다른 부가서비스를 제공하는 경우 부가서비스를 3년 이상 제공한 상태에서 해당 부가서비스로 인해 상품의 수익성이 현저히 낮아진 경우
  - 카드사의 휴업·파산·경영상의 위기 등에 따른 불가피한 경우
  - 제휴업체의 휴업·파산·경영상의 위기로 인해 불가피하게 부가서비스를 축소·변경하는 경우로서 다른 제휴업체를 통해 동종의 유사한 부가서비스 제공이 불가한 경우
  - 제휴업체가 카드사의 의사에 반하여 해당 부가서비스를 축소하거나 변경 시, 당초 부가서비스에 상응하는 다른 부가서비스를 제공하는 경우
  - 부가서비스를 3년 이상 제공한 상태에서 해당 부가서비스로 인해 상품의 수익성이 현저히 낮아진 경우
카드사가 부가서비스를 변경하는 경우에는 부가서비스 변경 사유, 변경 내용 등을 사유 발생 즉시 홈페이지에 게시하고, 개별 고지 방법 중 서로 다른 2가지 이상의 방법으로 고지하여 드립니다. 특히 카드 신규 출시 이후 3년 이상 경과했고, 해당 카드의 수익성 유지가 어려워져 부가서비스를 변경하는 경우에는 변경일 6개월 전부터 서로 다른 2가지 이상의 방법으로 매월 개별 고지해 드립니다. 개별 고지 방법 : 서면 교부, 우편 또는 이메일, 전화 또는 팩스, 휴대폰 메시지 또는 이에 준하는 전자적 의사표시
  - 개별 고지 방법 : 서면 교부, 우편 또는 이메일, 전화 또는 팩스, 휴대폰 메시지 또는 이에 준하는 전자적 의사표시
연회비는 카드 발급 시 선청구됩니다.
카드 연회비(기본연회비+제휴연회비)는 보유 카드별로 청구됩니다.
카드 이용 대금 연체 시 약정 금리 + 연체 가산 금리 3%의 연체 금리가 적용됩니다. (회원별, 이용 상품별 차등 적용/법정 최고 금리 20% 이내) 단, 연체 발생 시점에 약정 금리가 없는 경우 아래와 같이 적용 일시불 : 거래 발생 시점 기준 최소 기간(2개월)의 유이자 할부 약정 금리 + 연체 가산 금리 3% 무이자 할부 : 거래 발생 시점 기준 동일한 할부 계약 기간의 유이자 할부 약정 금리 + 연체 가산 금리 3%
  - 일시불 : 거래 발생 시점 기준 최소 기간(2개월)의 유이자 할부 약정 금리 + 연체 가산 금리 3%
  - 무이자 할부 : 거래 발생 시점 기준 동일한 할부 계약 기간의 유이자 할부 약정 금리 + 연체 가산 금리 3%
상환 능력에 비해 신용카드 이용금액이 과도할 경우, 귀하의 개인신용평점이 하락할 수 있습니다.
개인신용평점 하락 시 금융거래와 관련된 불이익이 발생할 수 있습니다.
일정 기간 원리금을 연체할 경우, 모든 원리금을 변제할 의무가 발생할 수 있습니다.
신용카드 발급이 부적정한 경우(연체금 보유, 개인신용평점 낮음 등) 카드 발급이 제한될 수 있습니다.
카드 이용대금과 이에 수반되는 모든 수수료를 지정된 대금 결제일에 상환합니다.
금융소비자는 금융소비자보호법 제19조 제1항에 따라 해당 상품 또는 서비스에 대하여 설명을 받을 권리가 있습니다.
자세한 내용 및 이용 조건은 카드 신청 전 현대카드 홈페이지 및 상품설명서, 약관 참고
준법감시심의필 제 260319-017호 (2026.03.19 ~ 2027.03.18)
여신금융협회 심의필 제 2026-C1h-04379호 (2026.03.30 ~ 2027.03.29)",2026-06-03 16:32:52
SKIHC_N0001,SKIHC,"[카드 이용 유의사항]

[해외 결제 이용 안내]
국내외겸용 카드로 해외 이용 시(해외사이트 거래 포함) 미화(USD) 기준 거래미화금액에 접수일의 (대외결제대행은행) 최초 고시 전신환매도율을 적용한 후, 국제브랜드사가 부과하는 국제브랜드 수수료(Visa 1.1%)와 현대카드가 부과하는 해외서비스 수수료(0.2%)를 포함하여 원화로 청구됩니다. 국제브랜드 수수료 및 대외결제대행은행 관련 자세한 내용은 현대카드 홈페이지를 참고해 주세요.
해외 이용 시 청구 금액 산출 방법
* 해외 이용 시 청구 금액=(거래미화금액 x 전신환매도율¹)+국제브랜드 수수료²+해외서비스 수수료³
1. 전신환매도율 : 접수일의 대외결제대행은행 최초 고시 전신환매도율
2. 국제브랜드 수수료=(거래미화금액 x 국제브랜드 수수료율 1.1%) x 전신환매도율
3. 해외서비스 수수료=(거래미화금액 x 해외서비스 수수료율 0.2%) x 전신환매도율
해외원화결제차단서비스 신청 방법
해외 가맹점에서 원화거래(DCC) 시 추가 수수료가 부과되므로 현지통화 또는 미화로 거래하시기 바랍니다.
홈페이지 > Account > 카드 관리 > 해외원화결제차단서비스
앱 > 메뉴(좌측 상단) > 카드 관리 > 해외원화결제차단 신청

[기타 안내]
결제 계좌 개설기관의 영업 마감 시간(오후 4시) 이후 결제 계좌에 입금된 금액에 대해서는 결제 계좌 개설기관의 사정에 따라 당일 출금되지 못하여 연체로 처리될 수 있으니 유의하시기 바랍니다.
자동납부 업무 마감 시간 이후 현대카드 홈페이지 및 앱에서 즉시결제 또는 입금전용(가상)계좌 입금(송금납부)을 통해 당일 결제가 가능합니다.
(카드 대금 납부 관련한 자세한 내용은 홈페이지 > Account > 카드 이용 내역 > 이용 대금 명세서 또는 앱 > 메뉴(좌측 상단) > 카드 이용 내역 > 이용 대금 명세서 참고)

[민원 접수 안내]
현대카드 홈페이지, 고객센터, 팩스, 이메일 또는 방문, 우편을 통해 가능
홈페이지
> 고객 지원 > 소비자보호 > 전자민원 접수
고객센터
1577-6000(해외 82-2-3015-9000)
팩스
02-2165-9454
이메일
hc_VOC@hyundaicard.com
방문/우편
서울시 영등포구 의사당대로 3 현대카드빌딩 카드소비자보호팀 담당자

[가족 카드 이용 안내]
가족 카드 연회비는 각 상품별 연회비 부과 기준을 따름
가족 회원 기준 5매까지 발급 가능하며 본인 카드 국제브랜드와 동일하게 발급
부가 서비스별 이용 실적 및 이용 한도는 본인+가족 카드 합산 적용되며, 그 외 이용 기준은 본인 카드와 동일
연말정산 시 가족 카드 이용 금액은 가족 회원(카드 플레이트에 표기된 명의자)의 이용 금액에 포함되며, 연간 소득 금액은 국세청 기준에 따름
본인 회원이 가족 카드 이용 내역에 대한 알림을 받고자 하는 경우 고객센터(1577-6000)를 통해 별도 신청 필요
가족 카드 이용대금명세서는 본인 카드 신청 시 지정한 주소 및 방법과 동일 적용
가족 카드 이용으로 적립된 M포인트는 현대카드 홈페이지를 통해 양도 가능하며, 포인트 선물로 상속·증여세가 발생할 수 있음
홈페이지 > 혜택 > 혜택 안내 > 보유 포인트 > M포인트 > M포인트 가족양도
가족관계 변동(이혼, 사망, 파양 등) 시 현대카드 홈페이지 및 앱, 고객센터를 통해 가족 카드 정지 및 해지 가능
단, 해지의 경우 홈페이지 및 앱은 본인 회원만 가능하며, 정지는 고객센터를 통해서만 가능
홈페이지 > Account > 카드 관리 > 보유 카드 목록 > 해지
앱 : 메뉴(좌측 상단) > 카드 관리 > 보유 카드 목록 > 해지
고객센터 : 1577-6000
본인 회원이 요청할 경우 가족 회원 동의 없이 가족 카드의 한도가 변경되거나 정지/해지될 수 있음
가족관계 변동이 되었음에도 가족 카드 정지 및 해지를 하지 않은 경우 본인 회원에게 의도하지 않은 카드 이용 및 책임이 발생할 수 있음
본인 카드 해지 시 가족 카드도 약 7영업일 후 자동 해지

[이용 안내]
모든 가맹점은 현대카드 가맹점 등록 및 업종 분류 기준입니다.
당사는 상품설명서의 내용을 준수합니다.
동일 기간 내 다수의 신용카드를 신청할 경우 개인신용평점, 이용 한도 등에 영향을 미칠 수 있습니다.
카드 이용 시 제공되는 포인트 및 할인 혜택 등의 부가서비스는 카드 신규 출시(2026년 2월 25일) 이후 다음과 같은 사유를 제외하고는 변경할 수 없습니다. 카드사의 휴업·파산·경영상의 위기 등에 따른 불가피한 경우 제휴업체의 휴업·파산·경영상의 위기로 인해 불가피하게 부가서비스를 축소·변경하는 경우로서 다른 제휴업체를 통해 동종의 유사한 부가서비스 제공이 불가한 경우 제휴업체가 카드사의 의사에 반하여 해당 부가서비스를 축소하거나 변경 시, 당초 부가서비스에 상응하는 다른 부가서비스를 제공하는 경우 부가서비스를 3년 이상 제공한 상태에서 해당 부가서비스로 인해 상품의 수익성이 현저히 낮아진 경우
  - 카드사의 휴업·파산·경영상의 위기 등에 따른 불가피한 경우
  - 제휴업체의 휴업·파산·경영상의 위기로 인해 불가피하게 부가서비스를 축소·변경하는 경우로서 다른 제휴업체를 통해 동종의 유사한 부가서비스 제공이 불가한 경우
  - 제휴업체가 카드사의 의사에 반하여 해당 부가서비스를 축소하거나 변경 시, 당초 부가서비스에 상응하는 다른 부가서비스를 제공하는 경우
  - 부가서비스를 3년 이상 제공한 상태에서 해당 부가서비스로 인해 상품의 수익성이 현저히 낮아진 경우
카드사가 부가서비스를 변경하는 경우에는 부가서비스 변경 사유, 변경 내용 등을 사유 발생 즉시 홈페이지에 게시하고, 개별 고지 방법 중 서로 다른 2가지 이상의 방법으로 고지하여 드립니다. 특히 카드 신규 출시 이후 3년 이상 경과했고, 해당 카드의 수익성 유지가 어려워져 부가서비스를 변경하는 경우에는 변경일 6개월 전부터 서로 다른 2가지 이상의 방법으로 매월 개별 고지해 드립니다. 개별 고지 방법 : 서면 교부, 우편 또는 이메일, 전화 또는 팩스, 휴대폰 메시지 또는 이에 준하는 전자적 의사표시
  - 개별 고지 방법 : 서면 교부, 우편 또는 이메일, 전화 또는 팩스, 휴대폰 메시지 또는 이에 준하는 전자적 의사표시
연회비는 카드 발급 시 선청구됩니다.
카드 연회비(기본연회비+제휴연회비)는 보유 카드별로 청구됩니다.
카드 이용 대금 연체 시 약정 금리 + 연체 가산 금리 3%의 연체 금리가 적용됩니다. (회원별, 이용 상품별 차등 적용/법정 최고 금리 20% 이내)) 단, 연체 발생 시점에 약정 금리가 없는 경우 아래와 같이 적용 일시불 : 거래 발생 시점 기준 최소 기간(2개월)의 유이자 할부 약정 금리 + 연체 가산 금리 3% 무이자 할부 : 거래 발생 시점 기준 동일한 할부 계약 기간의 유이자 할부 약정 금리 + 연체 가산 금리 3%
  - 일시불 : 거래 발생 시점 기준 최소 기간(2개월)의 유이자 할부 약정 금리 + 연체 가산 금리 3%
  - 무이자 할부 : 거래 발생 시점 기준 동일한 할부 계약 기간의 유이자 할부 약정 금리 + 연체 가산 금리 3%
상환 능력에 비해 신용카드 이용금액이 과도할 경우, 귀하의 개인신용평점이 하락할 수 있습니다.
개인신용평점 하락 시 금융거래와 관련된 불이익이 발생할 수 있습니다.
일정 기간 원리금을 연체할 경우, 모든 원리금을 변제할 의무가 발생할 수 있습니다.
신용카드 발급이 부적정한 경우(연체금 보유, 개인신용평점 낮음 등) 카드 발급이 제한될 수 있습니다.
카드 이용대금과 이에 수반되는 모든 수수료를 지정된 대금 결제일에 상환합니다.
금융소비자는 금융소비자보호법 제19조 제1항에 따라 해당 상품 또는 서비스에 대하여 설명을 받을 권리가 있습니다.
자세한 내용 및 이용 조건은 카드 신청 전 현대카드 홈페이지 및 상품설명서, 약관 참고
준법감시심의필 제 260319-022호 (2026.03.19 ~ 2027.03.18)
여신금융협회 심의필 제 2026-C1h-04381호 (2026.03.30 ~ 2027.03.29)",2026-06-03 16:33:05
CCKHC_N0001,CCKHC,"[카드 이용 유의사항]

[해외 결제 이용 안내]
국내외겸용 카드로 해외 이용 시(해외사이트 거래 포함) 미화(USD) 기준 거래미화금액에 접수일의 (대외결제대행은행) 최초 고시 전신환매도율을 적용한 후, 국제브랜드사가 부과하는 국제브랜드 수수료(Visa 1.1%)와 현대카드가 부과하는 해외서비스 수수료(0.2%)를 포함하여 원화로
                                        청구됩니다.
국제브랜드 수수료 및 대외결제대행은행 관련 자세한 내용은 현대카드 홈페이지를 참고해 주세요.
해외 이용 시 청구 금액 산출 방법
* 해외 이용 시 청구 금액=(거래미화금액 x 전신환매도율¹)+국제브랜드 수수료²+해외서비스 수수료³
1. 전신환매도율 : 접수일의 대외결제대행은행 최초 고시 전신환매도율
2. 국제브랜드 수수료=(거래미화금액 x 국제브랜드 수수료율 1.1%) x 전신환매도율
3. 해외서비스 수수료=(거래미화금액 x 해외서비스 수수료율 0.2%) x 전신환매도율
해외원화결제차단서비스 신청 방법
해외 가맹점에서 원화거래(DCC) 시 추가 수수료가 부과되므로 현지통화 또는 미화로 거래하시기 바랍니다.
홈페이지 > Account > 카드 관리 > 해외원화결제차단서비스
앱 > 메뉴(좌측 상단) > 카드 관리 > 해외원화결제차단 신청

[기타 안내]
결제 계좌 개설기관의 영업 마감 시간(오후 4시) 이후 결제 계좌에 입금된 금액에 대해서는 결제 계좌 개설기관의 사정에 따라 당일 출금되지 못하여 연체로 처리될 수 있으니 유의하시기 바랍니다.
자동납부 업무 마감 시간 이후 현대카드 홈페이지 및 앱에서 즉시결제 또는 입금전용(가상)계좌 입금(송금납부)을 통해 당일 결제가 가능합니다.
(카드 대금 납부 관련한 자세한 내용은 홈페이지 > Account > 카드 이용 내역 > 이용 대금 명세서 또는 앱 > 메뉴(좌측 상단) > 카드 이용 내역 > 이용 대금 명세서 참고)

[민원 접수 안내]
현대카드 홈페이지, 고객센터, 팩스, 이메일 또는 방문, 우편을 통해 가능
홈페이지
> 고객 지원 > 소비자보호 > 전자민원 접수
고객센터
1577-6000(해외 82-2-3015-9000)
팩스
02-2165-9454
이메일
hc_VOC@hyundaicard.com
방문/우편
서울시 영등포구 의사당대로 3 현대카드빌딩 카드소비자보호팀 담당자

[가족 카드 이용 안내]
가족 카드 연회비는 각 상품별 연회비 부과 기준을 따름
가족 회원 기준 5매까지 발급 가능하며 본인 카드 국제브랜드와 동일하게 발급
부가 서비스별 이용 실적 및 이용 한도는 본인+가족 카드 합산 적용되며, 그 외 이용 기준은 본인 카드와 동일
연말정산 시 가족 카드 이용 금액은 가족 회원(카드 플레이트에 표기된 명의자)의 이용 금액에 포함되며, 연간 소득 금액은 국세청 기준에 따름
본인 회원이 가족 카드 이용 내역에 대한 알림을 받고자 하는 경우 고객센터(1577-6000)를 통해 별도 신청 필요
가족 카드 이용대금명세서는 본인 카드 신청 시 지정한 주소 및 방법과 동일 적용
가족 카드 이용으로 적립된 M포인트는 현대카드 홈페이지를 통해 양도 가능하며, 포인트 선물로 상속·증여세가 발생할 수 있음
홈페이지 > 혜택 > 혜택 안내 > 보유 포인트 > M포인트 > M포인트 가족양도
가족관계 변동(이혼, 사망, 파양 등) 시 현대카드 홈페이지 및 앱, 고객센터를 통해 가족 카드 정지 및 해지 가능
단, 해지의 경우 홈페이지 및 앱은 본인 회원만 가능하며, 정지는 고객센터를 통해서만 가능
홈페이지 > Account > 카드 관리 > 보유 카드 목록 > 해지
앱 : 메뉴(좌측 상단) > 카드 관리 > 보유 카드 목록 > 해지
고객센터 : 1577-6000
본인 회원이 요청할 경우 가족 회원 동의 없이 가족 카드의 한도가 변경되거나 정지/해지될 수 있음
가족관계 변동이 되었음에도 가족 카드 정지 및 해지를 하지 않은 경우 본인 회원에게 의도하지 않은 카드 이용 및 책임이 발생할 수 있음
본인 카드 해지 시 가족 카드도 약 7영업일 후 자동 해지

[이용 안내]
모든 가맹점은 현대카드 가맹점 등록 및 업종 분류 기준입니다.
당사는 상품설명서의 내용을 준수합니다.
동일 기간 내 다수의 신용카드를 신청할 경우 개인신용평점, 이용 한도 등에 영향을 미칠 수 있습니다.
카드 이용 시 제공되는 포인트 및 할인 혜택 등의 부가서비스는 카드 신규 출시(2026년 2월 25일) 이후 다음과 같은 사유를 제외하고는 변경할 수 없습니다. 카드사의 휴업·파산·경영상의 위기 등에 따른 불가피한 경우 제휴업체의 휴업·파산·경영상의 위기로 인해 불가피하게 부가서비스를 축소·변경하는 경우로서 다른 제휴업체를 통해 동종의 유사한 부가서비스 제공이 불가한 경우 제휴업체가 카드사의 의사에 반하여 해당 부가서비스를 축소하거나 변경 시, 당초 부가서비스에 상응하는 다른 부가서비스를 제공하는 경우 부가서비스를 3년 이상 제공한 상태에서 해당 부가서비스로 인해 상품의 수익성이 현저히 낮아진 경우
  - 카드사의 휴업·파산·경영상의 위기 등에 따른 불가피한 경우
  - 제휴업체의 휴업·파산·경영상의 위기로 인해 불가피하게 부가서비스를 축소·변경하는 경우로서 다른 제휴업체를 통해 동종의 유사한 부가서비스 제공이 불가한 경우
  - 제휴업체가 카드사의 의사에 반하여 해당 부가서비스를 축소하거나 변경 시, 당초 부가서비스에 상응하는 다른 부가서비스를 제공하는 경우
  - 부가서비스를 3년 이상 제공한 상태에서 해당 부가서비스로 인해 상품의 수익성이 현저히 낮아진 경우
카드사가 부가서비스를 변경하는 경우에는 부가서비스 변경 사유, 변경 내용 등을 사유 발생 즉시 홈페이지에 게시하고, 개별 고지 방법 중 서로 다른 2가지 이상의 방법으로 고지하여 드립니다. 특히 카드 신규 출시 이후 3년 이상 경과했고, 해당 카드의 수익성 유지가 어려워져 부가서비스를
                    변경하는 경우에는 변경일 6개월 전부터 서로 다른 2가지 이상의 방법으로 매월 개별 고지해 드립니다. 개별 고지 방법 : 서면 교부, 우편 또는 이메일, 전화 또는 팩스, 휴대폰 메시지 또는 이에 준하는 전자적 의사표시
  - 개별 고지 방법 : 서면 교부, 우편 또는 이메일, 전화 또는 팩스, 휴대폰 메시지 또는 이에 준하는 전자적 의사표시
연회비는 카드 발급 시 선청구됩니다.
카드 연회비(기본연회비 + 제휴연회비)는 보유 카드별로 청구됩니다.
카드 이용 대금 연체 시 약정 금리 + 연체 가산 금리 3%의 연체 금리가 적용됩니다.(회원별, 이용 상품별 차등 적용/법정 최고 금리 20% 이내) 단, 연체 발생 시점에 약정 금리가 없는 경우 아래와 같이 적용 일시불 : 거래 발생 시점 기준 최소 기간(2개월)의 유이자 할부 약정 금리 + 연체 가산 금리 3% 무이자 할부 : 거래 발생 시점 기준 동일한 할부 계약 기간의 유이자 할부 약정 금리 + 연체 가산 금리 3%
  - 일시불 : 거래 발생 시점 기준 최소 기간(2개월)의 유이자 할부 약정 금리 + 연체 가산 금리 3%
  - 무이자 할부 : 거래 발생 시점 기준 동일한 할부 계약 기간의 유이자 할부 약정 금리 + 연체 가산 금리 3%
상환 능력에 비해 신용카드 이용금액이 과도할 경우, 귀하의 개인신용평점이 하락할 수 있습니다.
개인신용평점 하락 시 금융거래와 관련된 불이익이 발생할 수 있습니다.
일정 기간 원리금을 연체할 경우, 모든 원리금을 변제할 의무가 발생할 수 있습니다.
신용카드 발급이 부적정한 경우(연체금 보유, 개인신용평점 낮음 등) 카드 발급이 제한될 수 있습니다.
카드 이용대금과 이에 수반되는 모든 수수료를 지정된 대금 결제일에 상환합니다.
금융소비자는 금융소비자보호법 제19조 제1항에 따라 해당 상품 또는 서비스에 대하여 설명을 받을 권리가 있습니다.
자세한 내용 및 이용 조건은 카드 신청 전 현대카드 홈페이지 및 상품설명서, 약관 참고
준법감시심의필 제 260319-019호 (2026.03.19 ~ 2027.03.18)
여신금융협회 심의필 제 2026-C1h-04382호 (2026.03.30 ~ 2027.03.29)",2026-06-03 16:33:22
CHHHC_N0001,CHHHC,"[카드 이용 유의사항]

[해외 결제 이용 안내]
국내외겸용 카드로 해외 이용 시(해외사이트 거래 포함) 미화(USD) 기준 거래미화금액에 접수일의 (대외결제대행은행) 최초 고시 전신환매도율을 적용한 후, 국제브랜드사가 부과하는 국제브랜드 수수료(Visa 1.1%)와 현대카드가 부과하는 해외서비스 수수료(0.2%)를 포함하여 원화로 청구됩니다. 국제브랜드 수수료 및 대외결제대행은행 관련 자세한 내용은 현대카드 홈페이지를 참고해 주세요.
해외 이용 시 청구 금액 산출 방법
* 해외 이용 시 청구 금액=(거래미화금액 x 전신환매도율¹)+국제브랜드 수수료²+해외서비스 수수료³
1. 전신환매도율 : 접수일의 대외결제대행은행 최초 고시 전신환매도율
2. 국제브랜드 수수료=(거래미화금액 x 국제브랜드 수수료율 1.1%) x 전신환매도율
3. 해외서비스 수수료=(거래미화금액 x 해외서비스 수수료율 0.2%) x 전신환매도율
해외원화결제차단서비스 신청 방법
해외 가맹점에서 원화거래(DCC) 시 추가 수수료가 부과되므로 현지통화 또는 미화로 거래하시기 바랍니다.
홈페이지 > Account > 카드 관리 > 해외원화결제차단서비스
앱 > 메뉴(좌측 상단) > 카드 관리 > 해외원화결제차단 신청

[기타 안내]
결제 계좌 개설기관의 영업 마감 시간(오후 4시) 이후 결제 계좌에 입금된 금액에 대해서는 결제 계좌 개설기관의 사정에 따라 당일 출금되지 못하여 연체로 처리될 수 있으니 유의하시기 바랍니다.
자동납부 업무 마감 시간 이후 현대카드 홈페이지 및 앱에서 즉시결제 또는 입금전용(가상)계좌 입금(송금납부)을 통해 당일 결제가 가능합니다.
(카드 대금 납부 관련한 자세한 내용은 홈페이지 > Account > 카드 이용 내역 > 이용 대금 명세서 또는 앱 > 메뉴(좌측 상단) > 카드 이용 내역 > 이용 대금 명세서 참고)

[민원 접수 안내]
현대카드 홈페이지, 고객센터, 팩스, 이메일 또는 방문, 우편을 통해 가능
홈페이지
> 고객 지원 > 소비자보호 > 전자민원 접수
고객센터
1577-6000(해외 82-2-3015-9000)
팩스
02-2165-9454
이메일
hc_VOC@hyundaicard.com
방문/우편
서울시 영등포구 의사당대로 3 현대카드빌딩 카드소비자보호팀 담당자

[가족 카드 이용 안내]
가족 카드 연회비는 각 상품별 연회비 부과 기준을 따름
가족 회원 기준 5매까지 발급 가능하며 본인 카드 국제브랜드와 동일하게 발급
부가 서비스별 이용 실적 및 이용 한도는 본인+가족 카드 합산 적용되며, 그 외 이용 기준은 본인 카드와 동일
연말정산 시 가족 카드 이용 금액은 가족 회원(카드 플레이트에 표기된 명의자)의 이용 금액에 포함되며, 연간 소득 금액은 국세청 기준에 따름
본인 회원이 가족 카드 이용 내역에 대한 알림을 받고자 하는 경우 고객센터(1577-6000)를 통해 별도 신청 필요
가족 카드 이용대금명세서는 본인 카드 신청 시 지정한 주소 및 방법과 동일 적용
가족 카드 이용으로 적립된 M포인트는 현대카드 홈페이지를 통해 양도 가능하며, 포인트 선물로 상속·증여세가 발생할 수 있음
홈페이지 > 혜택 > 혜택 안내 > 보유 포인트 > M포인트 > M포인트 가족양도
가족관계 변동(이혼, 사망, 파양 등) 시 현대카드 홈페이지 및 앱, 고객센터를 통해 가족 카드 정지 및 해지 가능
단, 해지의 경우 홈페이지 및 앱은 본인 회원만 가능하며, 정지는 고객센터를 통해서만 가능
홈페이지 > Account > 카드 관리 > 보유 카드 목록 > 해지
앱 : 메뉴(좌측 상단) > 카드 관리 > 보유 카드 목록 > 해지
고객센터 : 1577-6000
본인 회원이 요청할 경우 가족 회원 동의 없이 가족 카드의 한도가 변경되거나 정지/해지될 수 있음
가족관계 변동이 되었음에도 가족 카드 정지 및 해지를 하지 않은 경우 본인 회원에게 의도하지 않은 카드 이용 및 책임이 발생할 수 있음
본인 카드 해지 시 가족 카드도 약 7영업일 후 자동 해지

[이용 안내]
모든 가맹점은 현대카드 가맹점 등록 및 업종 분류 기준입니다.
당사는 상품설명서의 내용을 준수합니다.
동일 기간 내 다수의 신용카드를 신청할 경우 개인신용평점, 이용 한도 등에 영향을 미칠 수 있습니다.
카드 이용 시 제공되는 포인트 및 할인 혜택 등의 부가서비스는 카드 신규 출시(2026년 2월 25일) 이후 다음과 같은 사유를 제외하고는 변경할 수 없습니다. 카드사의 휴업·파산·경영상의 위기 등에 따른 불가피한 경우 제휴업체의 휴업·파산·경영상의 위기로 인해 불가피하게 부가서비스를 축소·변경하는 경우로서 다른 제휴업체를 통해 동종의 유사한 부가서비스 제공이 불가한 경우 제휴업체가 카드사의 의사에 반하여 해당 부가서비스를 축소하거나 변경 시, 당초 부가서비스에 상응하는 다른 부가서비스를 제공하는 경우 부가서비스를 3년 이상 제공한 상태에서 해당 부가서비스로 인해 상품의 수익성이 현저히 낮아진 경우
  - 카드사의 휴업·파산·경영상의 위기 등에 따른 불가피한 경우
  - 제휴업체의 휴업·파산·경영상의 위기로 인해 불가피하게 부가서비스를 축소·변경하는 경우로서 다른 제휴업체를 통해 동종의 유사한 부가서비스 제공이 불가한 경우
  - 제휴업체가 카드사의 의사에 반하여 해당 부가서비스를 축소하거나 변경 시, 당초 부가서비스에 상응하는 다른 부가서비스를 제공하는 경우
  - 부가서비스를 3년 이상 제공한 상태에서 해당 부가서비스로 인해 상품의 수익성이 현저히 낮아진 경우
카드사가 부가서비스를 변경하는 경우에는 부가서비스 변경 사유, 변경 내용 등을 사유 발생 즉시 홈페이지에 게시하고, 개별 고지 방법 중 서로 다른 2가지 이상의 방법으로 고지하여 드립니다. 특히 카드 신규 출시 이후 3년 이상 경과했고, 해당 카드의 수익성 유지가 어려워져 부가서비스를 변경하는 경우에는 변경일 6개월 전부터 서로 다른 2가지 이상의 방법으로 매월 개별 고지해 드립니다. 개별 고지 방법 : 서면 교부, 우편 또는 이메일, 전화 또는 팩스, 휴대폰 메시지 또는 이에 준하는 전자적 의사표시
  - 개별 고지 방법 : 서면 교부, 우편 또는 이메일, 전화 또는 팩스, 휴대폰 메시지 또는 이에 준하는 전자적 의사표시
연회비는 카드 발급 시 선청구됩니다.
카드 연회비(기본연회비 + 제휴연회비)는 보유 카드별로 청구됩니다.
카드 이용 대금 연체 시 약정 금리 + 연체 가산 금리 3%의 연체 금리가 적용됩니다.(회원별, 이용 상품별 차등 적용/법정 최고 금리 20% 이내) 단, 연체 발생 시점에 약정 금리가 없는 경우 아래와 같이 적용 일시불 : 거래 발생 시점 기준 최소 기간(2개월)의 유이자 할부 약정 금리 + 연체 가산 금리 3% 무이자 할부 : 거래 발생 시점 기준 동일한 할부 계약 기간의 유이자 할부 약정 금리 + 연체 가산 금리 3%
  - 일시불 : 거래 발생 시점 기준 최소 기간(2개월)의 유이자 할부 약정 금리 + 연체 가산 금리 3%
  - 무이자 할부 : 거래 발생 시점 기준 동일한 할부 계약 기간의 유이자 할부 약정 금리 + 연체 가산 금리 3%
상환 능력에 비해 신용카드 이용금액이 과도할 경우, 귀하의 개인신용평점이 하락할 수 있습니다.
개인신용평점 하락 시 금융거래와 관련된 불이익이 발생할 수 있습니다.
일정 기간 원리금을 연체할 경우, 모든 원리금을 변제할 의무가 발생할 수 있습니다.
신용카드 발급이 부적정한 경우(연체금 보유, 개인신용평점 낮음 등) 카드 발급이 제한될 수 있습니다.
카드 이용대금과 이에 수반되는 모든 수수료를 지정된 대금 결제일에 상환합니다.
금융소비자는 금융소비자보호법 제19조 제1항에 따라 해당 상품 또는 서비스에 대하여 설명을 받을 권리가 있습니다.
자세한 내용 및 이용 조건은 카드 신청 전 현대카드 홈페이지 및 상품설명서, 약관 참고
준법감시심의필 제 260323-022호 (2026.03.23 ~ 2027.03.22)
여신금융협회 심의필 제 2026-C1h-04383호 (2026.03.30 ~ 2027.03.29)",2026-06-03 16:33:34
MCWYE3_N0001,MCWYE3,"[이용 안내]
당사는 상품설명서의 내용을 준수합니다.
동일 기간 내 다수의 신용카드를 신청할 경우 신용등급 또는 개인신용평점, 이용한도 등에 영향을 미칠 수 있습니다.
카드 이용 시 제공되는 포인트 및 할인 혜택 등의 부가서비스는 카드 신규 출시 (2019년 11월 1일) 이후 다음과 같은 사유를 제외하고는 변경할 수 없습니다. 카드사의 휴업·파산·경영상의 위기 등에 따른 불가피한 경우 제휴업체의 휴업·파산·경영상의 위기로 인해 불가피하게 부가서비스를 축소·변경하는 경우로서 다른 제휴업체를 통해 동종의 유사한 부가서비스 제공이 불가한 경우 제휴업체가 카드사의 의사에 반하여 해당 부가서비스를 축소하거나 변경 시, 당초 부가서비스에 상응하는 다른 부가서비스를 제공하는 경우 부가서비스를 3년 이상 제공한 상태에서 해당 부가서비스로 인해 상품의 수익성이 현저히 낮아진 경우
  - 카드사의 휴업·파산·경영상의 위기 등에 따른 불가피한 경우
  - 제휴업체의 휴업·파산·경영상의 위기로 인해 불가피하게 부가서비스를 축소·변경하는 경우로서 다른 제휴업체를 통해 동종의 유사한 부가서비스 제공이 불가한 경우
  - 제휴업체가 카드사의 의사에 반하여 해당 부가서비스를 축소하거나 변경 시, 당초 부가서비스에 상응하는 다른 부가서비스를 제공하는 경우
  - 부가서비스를 3년 이상 제공한 상태에서 해당 부가서비스로 인해 상품의 수익성이 현저히 낮아진 경우
카드사가 부가서비스를 변경하는 경우에는 부가서비스 변경 사유, 변경 내용 등을 사유 발생 즉시 홈페이지에 게시하고, 개별 고지 방법 중 서로 다른 2가지 이상의 방법으로 고지하여 드립니다. 특히 카드 신규 출시 이후 3년 이상 경과했고, 해당 카드의 수익성 유지가 어려워져 부가서비스를 변경하는 경우에는 변경일 6개월 전부터 서로 다른 2 가지 이상의 방법으로 매월 개별 고지해 드립니다. 개별 고지 방법 : 서면 교부, 우편 또는 이메일, 전화 또는 팩스, 휴대폰 메시지 또는 이에 준하는 전자적 의사표시
  - 개별 고지 방법 : 서면 교부, 우편 또는 이메일, 전화 또는 팩스, 휴대폰 메시지 또는 이에 준하는 전자적 의사표시
연회비는 카드 발급 시 선청구됩니다.
coway 청구 할인 적용월에는 모든 M포인트 적립 제외됩니다.
모든 가맹점은 현대카드 가맹점 등록 및 업종 분류 기준입니다.
카드 이용대금 연체 시 약정금리 + 연체가산금리 3%의 연체 금리가 적용됩니다.(회원별, 이용 상품별 차등 적용/법정 최고금리 20% 이내) 단, 연체 발생시점에 약정금리가 없는 경우 아래와 같이 적용 일시불 : 거래 발생시점 기준 최소 기간(2개월)의 유이자할부 약정금리 + 연체가산금리 3% 무이자할부 : 거래 발생시점 기준 동일한 할부 계약 기간의 유이자할부 약정금리 + 연체가산금리 3%
  - 일시불 : 거래 발생시점 기준 최소 기간(2개월)의 유이자할부 약정금리 + 연체가산금리 3%
  - 무이자할부 : 거래 발생시점 기준 동일한 할부 계약 기간의 유이자할부 약정금리 + 연체가산금리 3%
상환 능력에 비해 신용카드 이용금액이 과도할 경우, 귀하의 개인신용평점이 하락할 수 있습니다.
개인신용평점 하락 시 금융거래와 관련된 불이익이 발생할 수 있습니다.
일정 기간 원리금을 연체할 경우, 모든 원리금을 변제할 의무가 발생할 수 있습니다.
신용카드 발급이 부적정한 경우(연체금 보유, 개인신용평점 낮음 등) 카드 발급이 제한될 수 있습니다.
카드 이용대금과 이에 수반되는 모든 수수료를 지정된 대금 결제일에 상환합니다.
금융소비자는 금융소비자보호법 제19조 제1항에 따라 해당 상품 또는 서비스에 대하여 설명을 받을 권리가 있습니다.
자세한 내용 및 이용 조건은 카드 신청 전 현대카드 홈페이지 및 상품설명서, 약관 참고
준법감시심의필 제 260512-032호 (2026.05.12 ~ 2027.05.11)
여신금융협회 심의필 제 2026-C1h-07383호 (2026.05.20 ~ 2027.05.19)",2026-06-03 16:35:38
MIMB_N0001,MIMB,"[카드 이용 유의사항]

[해외 결제 이용 안내]
국내외겸용 카드로 해외 이용 시(해외사이트 거래 포함) 미화(USD) 기준 거래미화금액에 접수일의 (대외결제대행은행) 최초 고시 전신환매도율을 적용한 후, 국제브랜드사가 부과하는 국제브랜드 수수료(Visa 1.1%)와 현대카드가 부과하는 해외서비스 수수료(0.2%)를 포함하여 원화로 청구됩니다.
국제브랜드 수수료 및 대외결제대행은행 관련 자세한 내용은 현대카드 홈페이지를 참고해 주세요.
해외 이용 시 청구 금액 산출 방법
* 해외 이용 시 청구 금액=(거래미화금액ⅹ전신환매도율¹)+국제브랜드 수수료²+해외서비스 수수료³
1. 전신환매도율 : 접수일의 대외결제대행은행 최초 고시 전신환매도율
2. 국제브랜드 수수료=(거래미화금액ⅹ국제브랜드 수수료율 1.1%)ⅹ전신환매도율
3. 해외서비스 수수료=(거래미화금액ⅹ해외서비스 수수료율 0.2%)ⅹ전신환매도율
해외원화결제차단서비스 신청 방법
해외 가맹점에서 원화거래(DCC) 시 추가 수수료가 부과되므로 현지통화 또는 미화로 거래하시기 바랍니다.
홈페이지 > Account > 카드 관리 > 해외원화결제차단서비스
앱 > 메뉴(좌측 상단) > 카드 관리 > 해외원화결제차단 신청

[기타 안내]
결제 계좌 개설기관의 영업 마감 시간(오후 4시) 이후 결제 계좌에 입금된 금액에 대해서는 결제 계좌 개설기관의 사정에 따라 당일 출금되지 못하여 연체로 처리될 수 있으니 유의하시기 바랍니다.
자동납부 업무 마감 시간 이후 현대카드 홈페이지 및 앱에서 즉시결제 또는 입금전용(가상)계좌 입금(송금납부)을 통해 당일 결제가 가능합니다.
(카드 대금 납부 관련 자세한 내용은 홈페이지 > Account > 카드 이용 내역 > 이용 대금 명세서 또는 앱 > 메뉴(좌측 상단) > 카드 이용 내역 > 이용 대금 명세서 참고)

[민원 접수 안내]
현대카드 홈페이지, 고객센터, 팩스, 이메일 또는 방문, 우편을 통해 가능
홈페이지 > 고객 지원 > 소비자보호 > 전자민원 접수
고객센터
1577-6000(해외 82-2-3015-9000)
팩스
02-2165-9454
이메일
hc_VOC@hyundaicard.com
방문/우편
서울시 영등포구 의사당대로 3 현대카드빌딩 카드소비자보호팀 담당자

[가족 카드 이용 안내]
가족 카드 연회비는 각 상품별 연회비 부과 기준을 따름
가족 회원 기준 5매까지 발급 가능하며 본인 카드 국제브랜드와 동일하게 발급
부가 서비스별 이용 실적 및 이용 한도는 본인+가족 카드 합산 적용되며, 그 외 이용 기준은 본인 카드와 동일
연말정산 시 가족 카드 이용 금액은 가족 회원(카드 플레이트에 표기된 명의자)의 이용 금액에 포함되며, 연간 소득 금액은 국세청 기준에 따름
본인 회원이 가족 카드 이용 내역에 대한 알림을 받고자 하는 경우 고객센터(1577-6000)를 통해 별도 신청 필요
가족 카드 이용대금명세서는 본인 카드 신청 시 지정한 주소 및 방법과 동일 적용
가족 카드 이용으로 적립된 M포인트는 현대카드 홈페이지를 통해 양도 가능하며, 포인트 선물로 상속·증여세가 발생할 수 있음
홈페이지 > 혜택 > 혜택 안내 > 보유 포인트 > M포인트 > M포인트 가족양도
가족관계 변동(이혼, 사망, 파양 등) 시 현대카드 홈페이지 및 앱, 고객센터를 통해 가족 카드 정지 및 해지 가능
단, 해지의 경우 홈페이지 및 앱은 본인 회원만 가능하며, 정지는 고객센터를 통해서만 가능
홈페이지 > Account > 카드 관리 > 보유 카드 목록 > 해지
앱 > 메뉴(좌측 상단) > 카드 관리 > 보유 카드 목록 > 해지
고객센터 : 1577-6000
본인 회원이 요청할 경우 가족 회원 동의 없이 가족 카드의 한도가 변경되거나 정지/해지될 수 있음
가족관계 변동이 되었음에도 가족 카드 정지 및 해지를 하지 않은 경우 본인 회원에게 의도하지 않은 카드 이용 및 책임이 발생할 수 있음
본인 카드 해지 시 가족 카드도 약 7영업일 후 자동 해지

[이용 안내]
모든 가맹점은 현대카드 가맹점 등록 및 업종 분류 기준입니다.
당사는 상품설명서의 내용을 준수합니다.
동일 기간 내 다수의 신용카드를 신청할 경우 개인신용평점, 이용 한도 등에 영향을 미칠 수 있습니다.
카드 이용 시 제공되는 포인트 및 할인 혜택 등의 부가서비스는 카드 신규 출시(2026년 2월 13일) 이후 다음과 같은 사유를 제외하고는 변경할 수 없습니다. 카드사의 휴업·파산·경영상의 위기 등에 따른 불가피한 경우 제휴업체의 휴업·파산·경영상의 위기로 인해 불가피하게 부가서비스를 축소·변경하는 경우로서 다른 제휴업체를 통해 동종의 유사한 부가서비스 제공이 불가한 경우 제휴업체가 카드사의 의사에 반하여 해당 부가서비스를 축소하거나 변경 시, 당초 부가서비스에 상응하는 다른 부가서비스를 제공하는 경우 부가서비스를 3년 이상 제공한 상태에서 해당 부가서비스로 인해 상품의 수익성이 현저히 낮아진 경우
  - 카드사의 휴업·파산·경영상의 위기 등에 따른 불가피한 경우
  - 제휴업체의 휴업·파산·경영상의 위기로 인해 불가피하게 부가서비스를 축소·변경하는 경우로서 다른 제휴업체를 통해 동종의 유사한 부가서비스 제공이 불가한 경우
  - 제휴업체가 카드사의 의사에 반하여 해당 부가서비스를 축소하거나 변경 시, 당초 부가서비스에 상응하는 다른 부가서비스를 제공하는 경우
  - 부가서비스를 3년 이상 제공한 상태에서 해당 부가서비스로 인해 상품의 수익성이 현저히 낮아진 경우
카드사가 부가서비스를 변경하는 경우에는 부가서비스 변경 사유, 변경 내용 등을 사유 발생 즉시 홈페이지에 게시하고, 개별 고지 방법 중 서로 다른 2가지 이상의 방법으로 고지하여 드립니다. 특히 카드 신규 출시 이후 3년 이상 경과했고, 해당 카드의 수익성 유지가 어려워져 부가서비스를 변경하는 경우에는 변경일 6개월 전부터 서로 다른 2가지 이상의 방법으로 매월 개별 고지해 드립니다. 개별 고지 방법 : 서면 교부, 우편 또는 이메일, 전화 또는 팩스, 휴대폰 메시지 또는 이에 준하는 전자적 의사표시
  - 개별 고지 방법 : 서면 교부, 우편 또는 이메일, 전화 또는 팩스, 휴대폰 메시지 또는 이에 준하는 전자적 의사표시
연회비는 카드 발급 시 선청구됩니다.
카드 연회비(기본연회비+제휴연회비)는 보유 카드별로 청구됩니다.
카드 이용 대금 연체 시 약정 금리 + 연체 가산 금리 3%의 연체 금리가 적용됩니다. (회원별, 이용 상품별 차등 적용/법정 최고 금리 20% 이내) 단, 연체 발생 시점에 약정 금리가 없는 경우 아래와 같이 적용 일시불 : 거래 발생 시점 기준 최소 기간(2개월)의 유이자 할부 약정 금리 + 연체 가산 금리 3% 무이자 할부 : 거래 발생 시점 기준 동일한 할부 계약 기간의 유이자 할부 약정 금리 + 연체 가산 금리 3%
  - 일시불 : 거래 발생 시점 기준 최소 기간(2개월)의 유이자 할부 약정 금리 + 연체 가산 금리 3%
  - 무이자 할부 : 거래 발생 시점 기준 동일한 할부 계약 기간의 유이자 할부 약정 금리 + 연체 가산 금리 3%
상환 능력에 비해 신용카드 이용금액이 과도할 경우, 귀하의 개인신용평점이 하락할 수 있습니다.
개인신용평점 하락 시 금융거래와 관련된 불이익이 발생할 수 있습니다.
일정 기간 원리금을 연체할 경우, 모든 원리금을 변제할 의무가 발생할 수 있습니다.
신용카드 발급이 부적정한 경우(연체금 보유, 개인신용평점 낮음 등) 카드 발급이 제한될 수 있습니다.
카드 이용대금과 이에 수반되는 모든 수수료를 지정된 대금 결제일에 상환합니다.
금융소비자는 금융소비자보호법 제19조 제1항에 따라 해당 상품 또는 서비스에 대하여 설명을 받을 권리가 있습니다.
자세한 내용 및 이용 조건은 카드 신청 전 현대카드 홈페이지 및 상품설명서, 약관 참고
준법감시심의필 제 260318-008호 (2026.03.18 ~ 2027.03.17)
여신금융협회 심의필 제 2026-C1h-04426호 (2026.03.31 ~ 2027.03.30)",2026-06-03 16:40:01
SLHC_N0001,SLHC,"[카드 이용 유의사항]

[기타 안내]
결제계좌 개설기관의 영업 마감시간(오후 4시) 이후 결제계좌에 입금된 금액에 대해서는 결제계좌 개설기관의
                                        사정에 따라 당일 출금되지 못하여 연체로 처리될 수 있으니
                                        유의하시기 바랍니다.
자동납부 업무 마감시간 이후 당사 홈페이지 및 앱에서 즉시결제 또는 입금전용(가상)계좌 입금(송금납부)을 통해 당일 결제가 가능합니다.
(카드대금 납부 관련 자세한 내용은 현대카드 홈페이지 > My Account 또는 현대카드 앱 > 메뉴바 > 이용대금명세서
                                        참고)

[민원 접수 안내]
현대카드 홈페이지, 고객센터, 팩스, 이메일 또는 방문, 우편을 통해 가능
홈페이지
www.hyundaicard.com
고객센터 1577-6000(해외 82-2-3015-9000)
팩스 02-2165-9454
이메일 hc_VOC@hyundaicard.com
방문/우편 서울시 영등포구 의사당대로 3 현대캐피탈빌딩 카드소비자보호팀 담당자

[문자메시지 전송서비스]
카드 승인내역 및 누적 이용금액을 실시간 문자메시지로 확인
월 300원 이용료 부담 또는 450 M포인트 사용 가능
5만원 이상 결제 건에 한해 문자메시지 무료 전송
신청 방법
현대카드 홈페이지
(www.hyundaicard.com)
> My Account
고객센터 1577-6000

[이용 안내]
국내외 가맹점은 현대카드 가맹점 등록 및 업종 분류 기준입니다.
당사는 상품설명서의 내용을 준수합니다.
동일 기간 내 다수의 신용카드를 신청할 경우 신용등급 또는 개인신용평점, 이용한도 등에 영향을 미칠 수 있습니다.
카드 이용 시 제공되는 포인트 및 할인 혜택 등의 부가서비스는 카드 신규 출시(2021년 10월 25일) 이후 다음과 같은 사유를 제외하고는 변경할 수 없습니다. 카드사의 휴업·파산·경영상의 위기 등에 따른 불가피한 경우 제휴업체의 휴업·파산·경영상의 위기로 인해 불가피하게 부가서비스를 축소·변경하는 경우로서 다른 제휴업체를 통해 동종의 유사한 부가서비스 제공이 불가한 경우 제휴업체가 카드사의 의사에 반하여 해당 부가서비스를 축소하거나 변경 시, 당초 부가서비스에 상응하는 다른 부가서비스를 제공하는 경우 부가서비스를 3년 이상 제공한 상태에서 해당 부가서비스로 인해 상품의 수익성이 현저히 낮아진 경우
  - 카드사의 휴업·파산·경영상의 위기 등에 따른 불가피한 경우
  - 제휴업체의 휴업·파산·경영상의 위기로 인해 불가피하게 부가서비스를 축소·변경하는 경우로서 다른 제휴업체를 통해 동종의 유사한 부가서비스 제공이 불가한 경우
  - 제휴업체가 카드사의 의사에 반하여 해당 부가서비스를 축소하거나 변경 시, 당초 부가서비스에 상응하는 다른 부가서비스를 제공하는 경우
  - 부가서비스를 3년 이상 제공한 상태에서 해당 부가서비스로 인해 상품의 수익성이 현저히 낮아진 경우
카드사가 부가서비스를 변경하는 경우에는 부가서비스 변경 사유, 변경 내용 등을 사유 발생 즉시 홈페이지에 게시하고, 개별 고지 방법 중 서로 다른 2가지 이상의 방법으로 고지하여 드립니다. 특히 카드 신규 출시 이후 3년 이상 경과했고, 해당 카드의 수익성 유지가 어려워져 부가서비스를 변경하는 경우에는 변경일 6개월 전부터 서로 다른 2가지 이상의 방법으로 매월 개별 고지해 드립니다. 개별 고지 방법 : 서면 교부, 우편 또는 이메일, 전화 또는 팩스, 휴대폰 메시지 또는 이에 준하는 전자적 의사표시
  - 개별 고지 방법 : 서면 교부, 우편 또는 이메일, 전화 또는 팩스, 휴대폰 메시지 또는 이에 준하는 전자적 의사표시
연회비는 카드 발급 시 선청구됩니다.
카드 연회비(기본연회비 + 제휴연회비)는 보유 카드별로 청구됩니다.
카드 이용 대금 연체 시 약정 금리+연체 가산 금리 3%의 연체 금리가 적용됩니다.(회원별, 이용 상품별 차등 적용/법정 최고 금리 20% 이내) 단, 연체 발생 시점에 약정 금리가 없는 경우 아래와 같이 적용 일시불 : 거래 발생 시점 기준 최소 기간(2개월)의 유이자 할부 약정 금리 + 연체 가산 금리 3% 무이자 할부 : 거래 발생 시점 기준 동일한 할부 계약 기간의 유이자 할부 약정 금리 + 연체 가산 금리 3%
  - 일시불 : 거래 발생 시점 기준 최소 기간(2개월)의 유이자 할부 약정 금리 + 연체 가산 금리 3%
  - 무이자 할부 : 거래 발생 시점 기준 동일한 할부 계약 기간의 유이자 할부 약정 금리 + 연체 가산 금리 3%
상환 능력에 비해 신용카드 이용금액이 과도할 경우, 귀하의 개인신용평점이 하락할 수 있습니다.
개인신용평점 하락 시 금융거래와 관련된 불이익이 발생할 수 있습니다.
일정 기간 원리금을 연체할 경우, 모든 원리금을 변제할 의무가 발생할 수 있습니다.
신용카드 발급이 부적정한 경우(연체금 보유, 개인신용평점 낮음 등) 카드 발급이 제한될 수 있습니다.
카드 이용대금과 이에 수반되는 모든 수수료를 지정된 대금 결제일에 상환합니다.
금융소비자는 금융소비자보호법 제19조 제1항에 따라 해당 상품 또는 서비스에 대하여 설명을 받을 권리가 있습니다.
자세한 내용 및 카드 이용 조건은 카드 신청 전 홈페이지 및 상품설명서, 약관 참고
준법감시심의필 제 260107-008호 (2026.01.07 ~ 2027.01.06)
여신금융협회 심의필 제 2026-C1h-00405호 (2026.01.13 ~ 2027.01.12)",2026-06-03 16:42:38
CCA_N0001,CCA,"[카드 이용 유의사항]

[해외 결제 이용 안내]
국내외겸용 카드로 해외 이용 시(해외사이트 거래 포함) 미화(USD) 기준 거래미화금액에 접수일의 (대외결제대행은행) 최초 고시 전신환매도율을 적용한 후, 국제브랜드사가 부과하는 국제브랜드 수수료(Visa 1.1%)와 현대카드가 부과하는 해외서비스 수수료(0.2%)를 포함하여 원화로 청구됩니다. 국제브랜드 수수료 및 대외결제대행은행 관련 자세한 내용은 현대카드 홈페이지를 참고해 주세요.
해외 이용 시 청구 금액 산출 방법
* 해외 이용 시 청구 금액=(거래미화금액 x 전신환매도율¹)+국제브랜드 수수료²+해외서비스 수수료³
1. 전신환매도율 : 접수일의 대외결제대행은행 최초 고시 전신환매도율
2. 국제브랜드 수수료=(거래미화금액 x 국제브랜드 수수료율 1.1%) x 전신환매도율
3. 해외서비스 수수료=(거래미화금액 x 해외서비스 수수료율 0.2%) x 전신환매도율
해외 출금 이용 시 청구 금액 산출 방법
* 해외 이용 시 청구 금액=(거래미화금액 x 전신환매도율¹)+국제브랜드 수수료²+해외서비스 수수료³
1. 전신환매도율 : 현금 인출일의 대외결제대행은행 최초 고시 전신환매도율
2. 국제브랜드 수수료=(거래미화금액 x 국제브랜드 수수료율 1.1%) x 전신환매도율
3. 해외서비스 수수료=출금 건당 USD 3 x 전신환매도율
해외원화결제차단서비스 신청 방법
해외 가맹점에서 원화거래(DCC) 시 추가 수수료가 부과되므로 현지통화 또는 미화로 거래하시기 바랍니다.
홈페이지 > Account > 카드 관리 > 해외원화결제차단서비스
앱 > 메뉴(좌측 상단) > 카드 관리 > 해외원화결제차단 신청

[기타 안내]
결제 계좌 개설기관의 영업 마감 시간(오후 4시) 이후 결제 계좌에 입금된 금액에 대해서는 결제 계좌 개설기관의 사정에 따라 당일 출금되지 못하여 연체로 처리될 수 있으니 유의하시기 바랍니다.
자동납부 업무 마감 시간 이후 현대카드 홈페이지 및 앱에서 즉시결제 또는 입금전용(가상) 계좌 입금(송금납부)을 통해 당일 결제가 가능합니다.
(카드 대금 납부 관련한 자세한 내용은 홈페이지 > Account > 카드 이용 내역 > 이용대금 명세서 또는 앱 > 메뉴(좌측 상단) > 카드 이용 내역 > 이용 대금 명세서 참고)

[민원 접수 안내]
현대카드 홈페이지, 고객센터, 팩스, 이메일 또는 방문, 우편을 통해 가능
홈페이지
> 고객지원 > 소비자보호 > 전자민원 접수
고객센터
1577-6000(해외 82-2-3015-9000)
팩스
02-2165-9454
이메일
hc_VOC@hyundaicard.com
방문/우편
서울시 영등포구 의사당대로 3 현대카드빌딩 카드소비자보호팀 담당자

[이용 안내]
모든 가맹점은 현대카드 가맹점 등록 및 업종 분류 기준입니다.
당사는 상품설명서의 내용을 준수합니다.
동일 기간 내 다수의 신용카드를 신청할 경우 개인신용평점, 이용 한도 등에 영향을 미칠 수 있습니다.
카드 이용 시 제공되는 포인트 및 할인 혜택 등의 부가서비스는 카드 신규 출시(2026년 4월 28일) 이후 다음과 같은 사유를 제외하고는 변경할 수 없습니다. 카드사의 휴업·파산·경영상의 위기 등에 따른 불가피한 경우 제휴업체의 휴업·파산·경영상의 위기로 인해 불가피하게 부가서비스를 축소·변경하는 경우로서 다른 제휴업체를 통해 동종의 유사한 부가서비스 제공이 불가한 경우 제휴업체가 카드사의 의사에 반하여 해당 부가서비스를 축소하거나 변경 시, 당초 부가서비스에 상응하는 다른 부가서비스를 제공하는 경우 부가서비스를 3년 이상 제공한 상태에서 해당 부가서비스로 인해 상품의 수익성이 현저히 낮아진 경우
  - 카드사의 휴업·파산·경영상의 위기 등에 따른 불가피한 경우
  - 제휴업체의 휴업·파산·경영상의 위기로 인해 불가피하게 부가서비스를 축소·변경하는 경우로서 다른 제휴업체를 통해 동종의 유사한 부가서비스 제공이 불가한 경우
  - 제휴업체가 카드사의 의사에 반하여 해당 부가서비스를 축소하거나 변경 시, 당초 부가서비스에 상응하는 다른 부가서비스를 제공하는 경우
  - 부가서비스를 3년 이상 제공한 상태에서 해당 부가서비스로 인해 상품의 수익성이 현저히 낮아진 경우
카드사가 부가서비스를 변경하는 경우에는 부가서비스 변경 사유, 변경 내용 등을 사유 발생 즉시 홈페이지에 게시하고, 개별 고지 방법 중 서로 다른 2가지 이상의 방법으로 고지하여 드립니다. 특히 카드 신규 출시 이후 3년 이상 경과했고, 해당 카드의 수익성 유지가 어려워져 부가서비스를 변경하는 경우에는 변경일 6개월 전부터 서로 다른 2가지 이상의 방법으로 매월 개별 고지해 드립니다. 개별 고지 방법 : 서면 교부, 우편 또는 이메일, 전화 또는 팩스, 휴대폰 메시지 또는 이에 준하는 전자적 의사표시
  - 개별 고지 방법 : 서면 교부, 우편 또는 이메일, 전화 또는 팩스, 휴대폰 메시지 또는 이에 준하는 전자적 의사표시
연회비는 카드 발급 시 선청구됩니다.
카드 연회비(기본연회비+제휴연회비)는 보유 카드별로 청구됩니다.
카드 이용 대금 연체 시 약정 금리 + 연체 가산 금리 3%의 연체 금리가 적용됩니다. (회원별, 이용 상품별 차등 적용/법정 최고 금리 20% 이내) 단, 연체 발생 시점에 약정 금리가 없는 경우 아래와 같이 적용 일시불 : 거래 발생 시점 기준 최소 기간(2개월)의 유이자 할부 약정 금리 + 연체 가산 금리 3% 무이자 할부 : 거래 발생 시점 기준 동일한 할부 계약 기간의 유이자 할부 약정 금리 + 연체 가산 금리 3%
  - 일시불 : 거래 발생 시점 기준 최소 기간(2개월)의 유이자 할부 약정 금리 + 연체 가산 금리 3%
  - 무이자 할부 : 거래 발생 시점 기준 동일한 할부 계약 기간의 유이자 할부 약정 금리 + 연체 가산 금리 3%
상환 능력에 비해 신용카드 이용금액이 과도할 경우, 귀하의 개인신용평점이 하락할 수 있습니다.
개인신용평점 하락 시 금융거래와 관련된 불이익이 발생할 수 있습니다.
일정 기간 원리금을 연체할 경우, 모든 원리금을 변제할 의무가 발생할 수 있습니다.
신용카드 발급이 부적정한 경우(연체금 보유, 개인신용평점 낮음 등) 카드 발급이 제한될 수 있습니다.
카드 이용대금과 이에 수반되는 모든 수수료를 지정된 대금 결제일에 상환합니다.
금융소비자는 금융소비자보호법 제19조 제1항에 따라 해당 상품 또는 서비스에 대하여 설명을 받을 권리가 있습니다.
자세한 내용 및 이용 조건은 카드 신청 전 현대카드 홈페이지 및 상품설명서, 약관 참고
준법감시심의필 제 260424-021호 (2026.04.24 ~ 2027.04.23)",2026-06-03 16:44:16
CCDH_N0001,CCDH,"[카드 이용 유의사항]

[해외 결제 이용 안내]
국내외겸용 카드로 해외 이용 시(해외사이트 거래 포함) 미화(USD) 기준 거래미화금액에 접수일의 (대외결제대행은행) 최초 고시 전신환매도율을 적용한 후, 국제브랜드사가 부과하는 국제브랜드 수수료(Visa 1.1%)와 현대카드가 부과하는 해외서비스 수수료(0.2%)를 포함하여 원화로 청구됩니다. 국제브랜드 수수료 및 대외결제대행은행 관련 자세한 내용은 현대카드 홈페이지를 참고해 주세요.
해외 이용 시 청구 금액 산출 방법
* 해외 이용 시 청구 금액=(거래미화금액 x 전신환매도율¹)+국제브랜드 수수료²+해외서비스 수수료³
1. 전신환매도율 : 접수일의 대외결제대행은행 최초 고시 전신환매도율
2. 국제브랜드 수수료=(거래미화금액 x 국제브랜드 수수료율 1.1%) x 전신환매도율
3. 해외서비스 수수료=(거래미화금액 x 해외서비스 수수료율 0.2%) x 전신환매도율
해외 출금 이용 시 청구 금액 산출 방법
* 해외 이용 시 청구 금액=(거래미화금액 x 전신환매도율¹)+국제브랜드 수수료²+해외서비스 수수료³
1. 전신환매도율 : 현금 인출일의 대외결제대행은행 최초 고시 전신환매도율
2. 국제브랜드 수수료=(거래미화금액 x 국제브랜드 수수료율 1.1%) x 전신환매도율
3. 해외서비스 수수료=출금 건당 USD 3 x 전신환매도율
해외원화결제차단서비스 신청 방법
해외 가맹점에서 원화거래(DCC) 시 추가 수수료가 부과되므로 현지통화 또는 미화로 거래하시기 바랍니다.
홈페이지 > Account > 카드 관리 > 해외원화결제차단서비스
앱 > 메뉴(좌측 상단) > 카드 관리 > 해외원화결제차단 신청

[기타 안내]
결제 계좌 개설기관의 영업 마감 시간(오후 4시) 이후 결제 계좌에 입금된 금액에 대해서는 결제 계좌 개설기관의 사정에 따라 당일 출금되지 못하여 연체로 처리될 수 있으니 유의하시기 바랍니다.
자동납부 업무 마감 시간 이후 현대카드 홈페이지 및 앱에서 즉시결제 또는 입금전용(가상) 계좌 입금(송금납부)을 통해 당일 결제가 가능합니다.
(카드 대금 납부 관련한 자세한 내용은 홈페이지 > Account > 카드 이용 내역 > 이용대금 명세서 또는 앱 > 메뉴(좌측 상단) > 카드 이용 내역 > 이용 대금 명세서 참고)

[민원 접수 안내]
현대카드 홈페이지, 고객센터, 팩스, 이메일 또는 방문, 우편을 통해 가능
홈페이지
> 고객지원 > 소비자보호 > 전자민원 접수
고객센터
1577-6000(해외 82-2-3015-9000)
팩스
02-2165-9454
이메일
hc_VOC@hyundaicard.com
방문/우편
서울시 영등포구 의사당대로 3 현대카드빌딩 카드소비자보호팀 담당자

[이용 안내]
모든 가맹점은 현대카드 가맹점 등록 및 업종 분류 기준입니다.
당사는 상품설명서의 내용을 준수합니다.
동일 기간 내 다수의 신용카드를 신청할 경우 개인신용평점, 이용 한도 등에 영향을 미칠 수 있습니다.
카드 이용 시 제공되는 포인트 및 할인 혜택 등의 부가서비스는 카드 신규 출시(2026년 4월 28일) 이후 다음과 같은 사유를 제외하고는 변경할 수 없습니다. 카드사의 휴업·파산·경영상의 위기 등에 따른 불가피한 경우 제휴업체의 휴업·파산·경영상의 위기로 인해 불가피하게 부가서비스를 축소·변경하는 경우로서 다른 제휴업체를 통해 동종의 유사한 부가서비스 제공이 불가한 경우 제휴업체가 카드사의 의사에 반하여 해당 부가서비스를 축소하거나 변경 시, 당초 부가서비스에 상응하는 다른 부가서비스를 제공하는 경우 부가서비스를 3년 이상 제공한 상태에서 해당 부가서비스로 인해 상품의 수익성이 현저히 낮아진 경우
  - 카드사의 휴업·파산·경영상의 위기 등에 따른 불가피한 경우
  - 제휴업체의 휴업·파산·경영상의 위기로 인해 불가피하게 부가서비스를 축소·변경하는 경우로서 다른 제휴업체를 통해 동종의 유사한 부가서비스 제공이 불가한 경우
  - 제휴업체가 카드사의 의사에 반하여 해당 부가서비스를 축소하거나 변경 시, 당초 부가서비스에 상응하는 다른 부가서비스를 제공하는 경우
  - 부가서비스를 3년 이상 제공한 상태에서 해당 부가서비스로 인해 상품의 수익성이 현저히 낮아진 경우
카드사가 부가서비스를 변경하는 경우에는 부가서비스 변경 사유, 변경 내용 등을 사유 발생 즉시 홈페이지에 게시하고, 개별 고지 방법 중 서로 다른 2가지 이상의 방법으로 고지하여 드립니다. 특히 카드 신규 출시 이후 3년 이상 경과했고, 해당 카드의 수익성 유지가 어려워져 부가서비스를 변경하는 경우에는 변경일 6개월 전부터 서로 다른 2가지 이상의 방법으로 매월 개별 고지해 드립니다. 개별 고지 방법 : 서면 교부, 우편 또는 이메일, 전화 또는 팩스, 휴대폰 메시지 또는 이에 준하는 전자적 의사표시
  - 개별 고지 방법 : 서면 교부, 우편 또는 이메일, 전화 또는 팩스, 휴대폰 메시지 또는 이에 준하는 전자적 의사표시
연회비는 카드 발급 시 선청구됩니다.
카드 연회비(기본연회비+제휴연회비)는 보유 카드별로 청구됩니다.
카드 이용 대금 연체 시 약정 금리 + 연체 가산 금리 3%의 연체 금리가 적용됩니다. (회원별, 이용 상품별 차등 적용/법정 최고 금리 20% 이내) 단, 연체 발생 시점에 약정 금리가 없는 경우 아래와 같이 적용 일시불 : 거래 발생 시점 기준 최소 기간(2개월)의 유이자 할부 약정 금리 + 연체 가산 금리 3% 무이자 할부 : 거래 발생 시점 기준 동일한 할부 계약 기간의 유이자 할부 약정 금리 + 연체 가산 금리 3%
  - 일시불 : 거래 발생 시점 기준 최소 기간(2개월)의 유이자 할부 약정 금리 + 연체 가산 금리 3%
  - 무이자 할부 : 거래 발생 시점 기준 동일한 할부 계약 기간의 유이자 할부 약정 금리 + 연체 가산 금리 3%
상환 능력에 비해 신용카드 이용금액이 과도할 경우, 귀하의 개인신용평점이 하락할 수 있습니다.
개인신용평점 하락 시 금융거래와 관련된 불이익이 발생할 수 있습니다.
일정 기간 원리금을 연체할 경우, 모든 원리금을 변제할 의무가 발생할 수 있습니다.
신용카드 발급이 부적정한 경우(연체금 보유, 개인신용평점 낮음 등) 카드 발급이 제한될 수 있습니다.
카드 이용대금과 이에 수반되는 모든 수수료를 지정된 대금 결제일에 상환합니다.
금융소비자는 금융소비자보호법 제19조 제1항에 따라 해당 상품 또는 서비스에 대하여 설명을 받을 권리가 있습니다.
자세한 내용 및 이용 조건은 카드 신청 전 현대카드 홈페이지 및 상품설명서, 약관 참고
준법감시심의필 제 260416-052호 (2026.04.16 ~ 2027.04.15)
여신금융협회 심의필 제 2026-C1h-05841호 (2026.04.23 ~ 2027.04.22)",2026-06-03 16:46:44
CCAH_N0001,CCAH,"[카드 이용 유의사항]

[해외 결제 이용 안내]
국내외겸용 카드로 해외 이용 시(해외사이트 거래 포함) 미화(USD) 기준 거래미화금액에 접수일의 (대외결제대행은행) 최초 고시 전신환매도율을 적용한 후, 국제브랜드사가 부과하는 국제브랜드 수수료(Visa 1.1%)와 현대카드가 부과하는 해외서비스 수수료(0.2%)를 포함하여 원화로 청구됩니다. 국제브랜드 수수료 및 대외결제대행은행 관련 자세한 내용은 현대카드 홈페이지를 참고해 주세요.
해외 이용 시 청구 금액 산출 방법
* 해외 이용 시 청구 금액=(거래미화금액 x 전신환매도율¹)+국제브랜드 수수료²+해외서비스 수수료³
1. 전신환매도율 : 접수일의 대외결제대행은행 최초 고시 전신환매도율
2. 국제브랜드 수수료=(거래미화금액 x 국제브랜드 수수료율 1.1%) x 전신환매도율
3. 해외서비스 수수료=(거래미화금액 x 해외서비스 수수료율 0.2%) x 전신환매도율
해외 출금 이용 시 청구 금액 산출 방법
* 해외 이용 시 청구 금액=(거래미화금액 x 전신환매도율¹)+국제브랜드 수수료²+해외서비스 수수료³
1. 전신환매도율 : 현금 인출일의 대외결제대행은행 최초 고시 전신환매도율
2. 국제브랜드 수수료=(거래미화금액 x 국제브랜드 수수료율 1.1%) x 전신환매도율
3. 해외서비스 수수료=출금 건당 USD 3 x 전신환매도율
해외원화결제차단서비스 신청 방법
해외 가맹점에서 원화거래(DCC) 시 추가 수수료가 부과되므로 현지통화 또는 미화로 거래하시기 바랍니다.
홈페이지 > Account > 카드 관리 > 해외원화결제차단서비스
앱 > 메뉴(좌측 상단) > 카드 관리 > 해외원화결제차단 신청

[기타 안내]
결제 계좌 개설기관의 영업 마감 시간(오후 4시) 이후 결제 계좌에 입금된 금액에 대해서는 결제 계좌 개설기관의 사정에 따라 당일 출금되지 못하여 연체로 처리될 수 있으니 유의하시기 바랍니다.
자동납부 업무 마감 시간 이후 현대카드 홈페이지 및 앱에서 즉시결제 또는 입금전용(가상) 계좌 입금(송금납부)을 통해 당일 결제가 가능합니다.
(카드 대금 납부 관련한 자세한 내용은 홈페이지 > Account > 카드 이용 내역 > 이용대금 명세서 또는 앱 > 메뉴(좌측 상단) > 카드 이용 내역 > 이용 대금 명세서 참고)

[민원 접수 안내]
현대카드 홈페이지, 고객센터, 팩스, 이메일 또는 방문, 우편을 통해 가능
홈페이지
> 고객지원 > 소비자보호 > 전자민원 접수
고객센터
1577-6000(해외 82-2-3015-9000)
팩스
02-2165-9454
이메일
hc_VOC@hyundaicard.com
방문/우편
서울시 영등포구 의사당대로 3 현대카드빌딩 카드소비자보호팀 담당자

[이용 안내]
모든 가맹점은 현대카드 가맹점 등록 및 업종 분류 기준입니다.
당사는 상품설명서의 내용을 준수합니다.
동일 기간 내 다수의 신용카드를 신청할 경우 개인신용평점, 이용 한도 등에 영향을 미칠 수 있습니다.
카드 이용 시 제공되는 포인트 및 할인 혜택 등의 부가서비스는 카드 신규 출시(2026년 4월 28일) 이후 다음과 같은 사유를 제외하고는 변경할 수 없습니다. 카드사의 휴업·파산·경영상의 위기 등에 따른 불가피한 경우 제휴업체의 휴업·파산·경영상의 위기로 인해 불가피하게 부가서비스를 축소·변경하는 경우로서 다른 제휴업체를 통해 동종의 유사한 부가서비스 제공이 불가한 경우 제휴업체가 카드사의 의사에 반하여 해당 부가서비스를 축소하거나 변경 시, 당초 부가서비스에 상응하는 다른 부가서비스를 제공하는 경우 부가서비스를 3년 이상 제공한 상태에서 해당 부가서비스로 인해 상품의 수익성이 현저히 낮아진 경우
  - 카드사의 휴업·파산·경영상의 위기 등에 따른 불가피한 경우
  - 제휴업체의 휴업·파산·경영상의 위기로 인해 불가피하게 부가서비스를 축소·변경하는 경우로서 다른 제휴업체를 통해 동종의 유사한 부가서비스 제공이 불가한 경우
  - 제휴업체가 카드사의 의사에 반하여 해당 부가서비스를 축소하거나 변경 시, 당초 부가서비스에 상응하는 다른 부가서비스를 제공하는 경우
  - 부가서비스를 3년 이상 제공한 상태에서 해당 부가서비스로 인해 상품의 수익성이 현저히 낮아진 경우
카드사가 부가서비스를 변경하는 경우에는 부가서비스 변경 사유, 변경 내용 등을 사유 발생 즉시 홈페이지에 게시하고, 개별 고지 방법 중 서로 다른 2가지 이상의 방법으로 고지하여 드립니다. 특히 카드 신규 출시 이후 3년 이상 경과했고, 해당 카드의 수익성 유지가 어려워져 부가서비스를 변경하는 경우에는 변경일 6개월 전부터 서로 다른 2가지 이상의 방법으로 매월 개별 고지해 드립니다. 개별 고지 방법 : 서면 교부, 우편 또는 이메일, 전화 또는 팩스, 휴대폰 메시지 또는 이에 준하는 전자적 의사표시
  - 개별 고지 방법 : 서면 교부, 우편 또는 이메일, 전화 또는 팩스, 휴대폰 메시지 또는 이에 준하는 전자적 의사표시
연회비는 카드 발급 시 선청구됩니다.
카드 연회비(기본연회비+제휴연회비)는 보유 카드별로 청구됩니다.
카드 이용 대금 연체 시 약정 금리 + 연체 가산 금리 3%의 연체 금리가 적용됩니다. (회원별, 이용 상품별 차등 적용/법정 최고 금리 20% 이내) 단, 연체 발생 시점에 약정 금리가 없는 경우 아래와 같이 적용 일시불 : 거래 발생 시점 기준 최소 기간(2개월)의 유이자 할부 약정 금리 + 연체 가산 금리 3% 무이자 할부 : 거래 발생 시점 기준 동일한 할부 계약 기간의 유이자 할부 약정 금리 + 연체 가산 금리 3%
  - 일시불 : 거래 발생 시점 기준 최소 기간(2개월)의 유이자 할부 약정 금리 + 연체 가산 금리 3%
  - 무이자 할부 : 거래 발생 시점 기준 동일한 할부 계약 기간의 유이자 할부 약정 금리 + 연체 가산 금리 3%
상환 능력에 비해 신용카드 이용금액이 과도할 경우, 귀하의 개인신용평점이 하락할 수 있습니다.
개인신용평점 하락 시 금융거래와 관련된 불이익이 발생할 수 있습니다.
일정 기간 원리금을 연체할 경우, 모든 원리금을 변제할 의무가 발생할 수 있습니다.
신용카드 발급이 부적정한 경우(연체금 보유, 개인신용평점 낮음 등) 카드 발급이 제한될 수 있습니다.
카드 이용대금과 이에 수반되는 모든 수수료를 지정된 대금 결제일에 상환합니다.
금융소비자는 금융소비자보호법 제19조 제1항에 따라 해당 상품 또는 서비스에 대하여 설명을 받을 권리가 있습니다.
자세한 내용 및 이용 조건은 카드 신청 전 현대카드 홈페이지 및 상품설명서, 약관 참고
준법감시심의필 제 260424-024호 (2026.04.24 ~ 2027.04.23)
여신금융협회 심의필 제 2026-C1h-05856호 (2026.04.23 ~ 2027.04.22)",2026-06-03 16:47:30
ME4_N0001,ME4,"[카드 이용 유의사항]

[해외 결제 이용 안내]
국내외겸용 카드로 해외 이용 시(해외사이트 거래 포함) 달러(USD) 기준 거래미화금액에 접수일의 (대외결제대행은행) 최초 고시 전신환매도율을 적용한 후, 국제브랜드사가 부과하는 국제브랜드 수수료(Visa 1.1%/Amex 1.4%)와 현대카드가 부과하는 해외서비스 수수료(0.2%)를 포함하여 원화로 청구됩니다. 국제브랜드 수수료 및 대외결제대행은행 관련 자세한 내용은 현대카드 홈페이지를 참고해 주세요.
해외 이용 시 청구 금액 산출 방법
* 해외 이용 시 청구 금액=(거래미화금액ⅹ전신환매도율¹)+국제브랜드 수수료²+해외서비스 수수료³
1. 전신환매도율 : 접수일의 대외결제대행은행 최초 고시 전신환매도율
2. 국제브랜드 수수료=(거래미화금액ⅹ국제브랜드 수수료율 1.1%/1.4%)ⅹ전신환매도율
3. 해외서비스 수수료=(거래미화금액ⅹ해외서비스 수수료율 0.2%)ⅹ전신환매도율
해외원화결제차단서비스 신청 방법
해외 가맹점에서 원화거래(DCC) 시 추가 수수료가 부과되므로 현지통화 또는 미화로 거래하시기 바랍니다.
홈페이지 > Account > 카드 관리 > 해외원화결제차단 서비스
앱 > 메뉴(좌측 상단) > 편의·안심서비스 > 해외 원화 결제 차단

[기타 안내]
결제 계좌 개설기관의 영업 마감 시간(오후 4시) 이후 결제 계좌에 입금된 금액에 대해서는 결제 계좌 개설기관의
                                        사정에 따라 당일 출금되지 못하여 연체로 처리될 수 있으니 유의하시기 바랍니다.
자동납부 업무 마감 시간 이후 현대카드 홈페이지 및 앱에서
                                        즉시결제 또는 입금전용(가상)계좌 입금(송금납부)을 통해 당일 결제가 가능합니다.
(카드 대금 납부 관련한 자세한 내용은 홈페이지 > My Account > 이용내역 > 이용대금 명세서 또는 앱 > 메뉴(좌측 상단) > 카드 이용 내역 > 월별 명세서 참고)

[민원 접수 안내]
현대카드 홈페이지, 고객센터, 팩스, 이메일 또는 방문, 우편을 통해 가능
홈페이지 > 고객지원 > 소비자보호 > 전자민원 접수
고객센터 : 1577-6000(해외 82-2-3015-9000)
팩스 : 02-2165-9454
이메일 : hc_VOC@hyundaicard.com
방문/우편 : 서울시 영등포구 의사당대로 3 현대카드빌딩 카드소비자보호팀 담당자

[가족 카드 이용 안내]
가족 카드 연회비는 각 상품별 연회비 부과 기준을 따름
가족 회원 기준 5매까지 발급 가능하며 본인 카드 국제브랜드와 동일하게 발급
부가 서비스별 이용 실적 및 이용 한도는 본인+가족 카드 합산 적용되며, 그 외 이용 기준은 본인 카드와 동일
연말정산 시 가족 카드 이용 금액은 가족 회원(카드 플레이트에 표기된 명의자)의 이용 금액에 포함되며, 연간 소득 금액은 국세청 기준에 따름
본인 회원이 가족 카드 이용 내역에 대한 알림을 받고자 하는 경우 고객센터(1577-6000)를 통해 별도 신청 필요
가족 카드 이용대금명세서는 본인 카드 신청 시 지정한 주소 및 방법과 동일 적용
가족 카드 이용으로 적립된 M포인트는 현대카드 홈페이지를 통해 양도 가능하며, 포인트 선물로 상속·증여세가 발생할 수 있음
홈페이지 > 혜택 > 보유 포인트 > M포인트 > M포인트 가족양도
가족관계 변동(이혼, 사망, 파양 등) 시 현대카드 홈페이지 및 앱, 고객센터를 통해 가족 카드 정지 및 해지 가능
단, 해지의 경우 홈페이지 및 앱은 본인 회원만 가능하며, 정지는 고객센터를 통해서만 가능
홈페이지 > My Account > 내 카드 관리 > 내 카드 목록 > 해지
앱 : 메뉴(좌측 상단) > 내 카드 관리 > 내 카드 목록 > 해지
고객센터 : 1577-6000
본인 회원이 요청할 경우 가족 회원 동의 없이 가족 카드의 한도가 변경되거나 정지/해지될 수 있음
가족관계 변동이 되었음에도 가족 카드 정지 및 해지를 하지 않은 경우 본인 회원에게 의도하지 않은 카드 이용 및 책임이 발생할 수 있음
본인 카드 해지 시 가족 카드도 약 7영업일 후 자동 해지

[이용 안내]
모든 가맹점은 현대카드 가맹점 등록 및 업종 분류 기준입니다.
당사는 상품설명서의 내용을 준수합니다.
동일 기간 내 다수의 신용카드를 신청할 경우 개인신용평점, 이용 한도 등에 영향을 미칠 수 있습니다.
카드 이용 시 제공되는 포인트 및 할인 혜택 등의 부가서비스는 카드 신규 출시(2024년 1월 19일) 이후 3년 이상 축소·폐지 없이 유지됩니다. 상기에도 불구하고 다음과 같은
                    사유가 발생한 경우 카드사는 부가서비스를 변경할 수 있습니다. 카드사의 휴업·파산·경영상의 위기 등에 따른 불가피한 경우 제휴업체의 휴업·파산·경영상의 위기로 인해 불가피하게 부가서비스를 축소·변경하는 경우로서 다른 제휴업체를 통해 동종의 유사한 부가서비스 제공이 불가한 경우 제휴업체가 카드사의 의사에 반하여 해당 부가서비스를 축소하거나 변경 시, 당초 부가서비스에 상응하는 다른 부가서비스를 제공하는 경우 부가서비스를 3년 이상 제공한 상태에서 해당 부가서비스로 인해 상품의 수익성이 현저히 낮아진 경우
  - 카드사의 휴업·파산·경영상의 위기 등에 따른 불가피한 경우
  - 제휴업체의 휴업·파산·경영상의 위기로 인해 불가피하게 부가서비스를 축소·변경하는 경우로서 다른 제휴업체를 통해 동종의 유사한 부가서비스 제공이 불가한 경우
  - 제휴업체가 카드사의 의사에 반하여 해당 부가서비스를 축소하거나 변경 시, 당초 부가서비스에 상응하는 다른 부가서비스를 제공하는 경우
  - 부가서비스를 3년 이상 제공한 상태에서 해당 부가서비스로 인해 상품의 수익성이 현저히 낮아진 경우
카드사가 부가서비스를 변경하는 경우에는 부가서비스 변경 사유, 변경 내용 등을 사유 발생 즉시 홈페이지에 게시하고, 개별 고지 방법 중 서로 다른 2가지 이상의 방법으로 고지하여 드립니다.
                    특히 카드 신규 출시 이후 3년 이상 경과했고, 해당 카드의 수익성 유지가 어려워져 부가서비스를 변경하는 경우에는 변경일 6개월 전부터 서로 다른 2가지 이상의 방법으로 매월 개별 고지해 드립니다. 개별 고지 방법 : 서면 교부, 우편 또는 이메일, 전화 또는 팩스, 휴대폰 메시지 또는 이에 준하는 전자적 의사표시
  - 개별 고지 방법 : 서면 교부, 우편 또는 이메일, 전화 또는 팩스, 휴대폰 메시지 또는 이에 준하는 전자적 의사표시
연회비는 카드 발급 시 선청구됩니다.
카드 연회비(기본연회비+제휴연회비)는 보유 카드별로 청구됩니다.
카드 이용 대금 연체 시 약정 금리 + 연체 가산 금리 3%의 연체 금리가 적용됩니다. (회원별, 이용 상품별 차등 적용/법정 최고 금리 20% 이내) 단, 연체 발생 시점에 약정 금리가 없는 경우 아래와 같이 적용 일시불 : 거래 발생 시점 기준 최소 기간(2개월)의 유이자 할부 약정 금리 + 연체 가산 금리 3% 무이자 할부 : 거래 발생 시점 기준 동일한 할부 계약 기간의 유이자 할부 약정 금리 + 연체 가산 금리 3%
  - 일시불 : 거래 발생 시점 기준 최소 기간(2개월)의 유이자 할부 약정 금리 + 연체 가산 금리 3%
  - 무이자 할부 : 거래 발생 시점 기준 동일한 할부 계약 기간의 유이자 할부 약정 금리 + 연체 가산 금리 3%
상환 능력에 비해 신용카드 이용금액이 과도할 경우, 귀하의 개인신용평점이 하락할 수 있습니다.
개인신용평점 하락 시 금융거래와 관련된 불이익이 발생할 수 있습니다.
일정 기간 원리금을 연체할 경우, 모든 원리금을 변제할 의무가 발생할 수 있습니다.
신용카드 발급이 부적정한 경우(연체금 보유, 개인신용평점 낮음 등) 카드 발급이 제한될 수 있습니다.
카드 이용대금과 이에 수반되는 모든 수수료를 지정된 대금 결제일에 상환합니다.
금융소비자는 금융소비자보호법 제19조 제1항에 따라 해당 상품 또는 서비스에 대하여 설명을 받을 권리가 있습니다.
자세한 내용 및 이용 조건은 카드 신청 전 현대카드 홈페이지 및 상품설명서, 약관 참고
준법감시심의필 제 260325-011호 (2026.03.25 ~ 2027.03.24)
여신금융협회 심의필 제 2025-C1h-09374호 (2025.06.27 ~ 2026.06.26)",2026-06-03 16:48:44
XPE4_N0001,XPE4,"[카드 이용 유의사항]

[해외 결제 이용 안내]
국내외겸용 카드로 해외 이용 시(해외사이트 거래 포함) 미화(USD) 기준 거래미화금액에 접수일의 (대외결제대행은행) 최고 고시 전산환매도율을 적용한 후, 국제브랜드사가 부과하는 국제브랜드 수수료(Visa 1.1%/Amex 1.4%)와 현대카드가 부과하는 해외서비스 수수료(0.2%)를 포함하여 원화로 청구됩니다. 국제브랜드 수수료 및 대외결제대행은행 관련 자세한 내용은 현대카드 홈페이지를 참고해 주세요.
해외 이용 시 청구 금액 산출 방법
* 해외 이용 시 청구 금액=(거래미화금액ⅹ전신환매도율¹)+국제브랜드 수수료²+해외서비스 수수료³
1. 전신환매도율 : 접수일의 대외결제대행은행 최초 고시 전신환매도율
2. 국제브랜드 수수료=(거래 미화 금액 x 국제브랜드 수수료율 1.1%/1.4%) x 전신환매도율
3. 해외서비스 수수료=(거래 미화 금액 x 해외서비스 수수료율 0.2%) x 전신환매도율
해외원화결제차단서비스 신청 방법
해외 가맹점에서 원화거래(DCC) 시 추가 수수료가 부과되므로 현지통화 또는 미화로 거래하시기 바랍니다.
홈페이지 > Account > 카드 관리 > 해외원화결제차단서비스
앱 > 메뉴(좌측 상단) > 카드 관리 > 해외원화결제차단 신청

[기타 안내]
결제 계좌 개설기관의 영업 마감 시간(오후 4시) 이후 결제 계좌에 입금된 금액에 대해서는 결제 계좌 개설기관의 사정에 따라 당일 출금되지 못하여 연체로 처리될 수 있으니 유의하시기 바랍니다.
자동납부 업무 마감 시간 이후 당사 홈페이지 및 앱에서 즉시결제 또는 입금전용(가상)계좌 입금(송금납부)을 통해 당일 결제가 가능합니다.
(카드 대금 납부 관련 자세한 내용은 홈페이지 > My Account > 이용내역 > 이용대금 명세서 또는 앱 > 메뉴(좌측 상단) > 카드 이용 내역 > 월별 명세서 참고)

[민원 접수 안내]
현대카드 홈페이지, 고객센터, 팩스, 이메일 또는 방문, 우편을 통해 가능
홈페이지 > 고객지원 > 소비자보호 > 전자민원 접수
고객센터 1577-6000(해외 82-2-3015-9000)
팩스 02-2165-9454
이메일 hc_VOC@hyundaicard.com
방문/우편 서울시 영등포구 의사당대로 3 현대카드빌딩 카드소비자보호팀 담당자

[가족 카드 이용 안내]
가족 카드 연회비는 각 상품별 연회비 부과 기준을 따름
가족 회원 기준 5매까지 발급 가능하며 본인 카드 국제브랜드와 동일하게 발급
부가 서비스별 이용 실적 및 이용 한도는 본인+가족 카드 합산 적용되며, 그 외 이용 기준은 본인 카드와 동일
연말정산 시 가족 카드 이용 금액은 가족 회원(카드 플레이트에 표기된 명의자)의 이용 금액에 포함되며, 연간 소득 금액은 국세청 기준에 따름
본인 회원이 가족 카드 이용 내역에 대한 알림을 받고자 하는 경우 고객센터 (1577-6000)를 통해 별도 신청 필요
가족 카드 이용대금명세서는 본인 카드 신청 시 지정한 주소 및 방법과 동일 적용
가족관계 변동(이혼, 사망, 파양 등) 시 현대카드 홈페이지 및 앱, 고객센터를 통해 가족 카드 정지 및 해지 가능
단, 해지의 경우 홈페이지 및 앱은 본인 회원만 가능하며, 정지는 고객센터를 통해서만 가능
홈페이지  > My Account  > 내 카드 관리  > 내 카드 목록  > 해지
앱 : 메뉴(좌측 상단)  > 내 카드 관리  > 내 카드 목록  > 해지
고객센터 : 1577-6000
본인 회원이 요청할 경우 가족 회원 동의 없이 가족 카드의 한도가 변경되거나 정지/해지될 수 있음
가족관계 변동이 되었음에도 가족 카드 정지 및 해지를 하지 않은 경우 본인 회원에게 의도하지 않은 카드 이용 및 책임이 발생할 수 있음
본인 카드 해지 시 가족 카드도 약 7영업일 후 자동 해지

[이용 안내]
모든 가맹점은 현대카드 가맹점 등록 및 업종 분류 기준입니다.
당사는 상품설명서의 내용을 준수합니다.
동일 기간 내 다수의 신용카드를 신청할 경우 신용등급 또는 개인신용평점, 이용한도 등에 영향을 미칠 수 있습니다.
카드 이용 시 제공되는 포인트 및 할인 혜택 등의 부가서비스는 카드 신규 출시(2024년 1월 19일) 이후 3년 이상 축소·폐지 없이 유지됩니다. 상기에도 불구하고 다음과 같은 사유가 발생한 경우 카드사는 부가서비스를 변경할 수 있습니다. 카드사의 휴업·파산·경영상의 위기 등에 따른 불가피한 경우 제휴업체의 휴업·파산·경영상의 위기로 인해 불가피하게 부가서비스를 축소ㆍ변경하는 경우로서 다른 제휴업체를 통해 동종의 유사한 부가서비스 제공이 불가한 경우 제휴업체가 카드사의 의사에 반하여 해당 부가서비스를 축소하거나 변경 시, 당초 부가서비스에 상응하는 다른 부가서비스를 제공하는 경우 부가서비스를 3년 이상 제공한 상태에서 해당 부가서비스로 인해 상품의 수익성이 현저히 낮아진 경우
  - 카드사의 휴업·파산·경영상의 위기 등에 따른 불가피한 경우
  - 제휴업체의 휴업·파산·경영상의 위기로 인해 불가피하게 부가서비스를 축소ㆍ변경하는 경우로서 다른 제휴업체를 통해 동종의 유사한 부가서비스 제공이 불가한 경우
  - 제휴업체가 카드사의 의사에 반하여 해당 부가서비스를 축소하거나 변경 시, 당초 부가서비스에 상응하는 다른 부가서비스를 제공하는 경우
  - 부가서비스를 3년 이상 제공한 상태에서 해당 부가서비스로 인해 상품의 수익성이 현저히 낮아진 경우
카드사가 부가서비스를 변경하는 경우에는부가서비스 변경 사유, 변경 내용 등을 사유 발생 즉시 홈페이지에 게시하고, 개별 고지 방법 중 2가지 이상의 방법으로 고지하여 드립니다. 특히 카드 신규 출시 이후 3년 이상 경과했고, 해당 카드의 수익성 유지가 어려워져 부가서비스를 변경하는 경우에는 변경일 6개월 전부터 2가지 이상의 방법으로 매월 개별 고지해드립니다. 개별 고지 방법 : 서면 교부, 우편 또는 이메일, 전화 또는 팩스, 휴대폰 메시지 또는 이에 준하는 전자적 의사표시
  - 개별 고지 방법 : 서면 교부, 우편 또는 이메일, 전화 또는 팩스, 휴대폰 메시지 또는 이에 준하는 전자적 의사표시
연회비는 카드 발급 시 선청구됩니다.
카드 연회비(기본연회비 + 제휴연회비)는 보유 카드별로 청구됩니다.
카드 이용대금 연체 시 약정 금리 + 연체 가산 금리 3%의 연체 금리가 적용됩니다.(회원별, 이용 상품별 차등 적용/법정 최고 금리 20% 이내) 단, 연체 발생 시점에 약정 금리가 없는 경우 아래와 같이 적용 일시불 : 거래 발생 시점 기준 최소 기간(2개월)의 유이자 할부 약정 금리 + 연체 가산 금리 3% 무이자할부 : 거래 발생 시점 기준 동일한 할부 계약 기간의 유이자 할부 약정 금리 + 연체 가산 금리 3%
  - 일시불 : 거래 발생 시점 기준 최소 기간(2개월)의 유이자 할부 약정 금리 + 연체 가산 금리 3%
  - 무이자할부 : 거래 발생 시점 기준 동일한 할부 계약 기간의 유이자 할부 약정 금리 + 연체 가산 금리 3%
상환 능력에 비해 신용카드 이용금액이 과도할 경우, 귀하의 개인신용평점이 하락할 수 있습니다.
개인신용평점 하락 시 금융거래와 관련된 불이익이 발생할 수 있습니다.
일정 기간 원리금을 연체할 경우, 모든 원리금을 변제할 의무가 발생할 수 있습니다.
신용카드 발급이 부적정한 경우(연체금 보유, 개인신용평점 낮음 등) 카드 발급이 제한될 수 있습니다.
카드 이용대금과 이에 수반되는 모든 수수료를 지정된 대금 결제일에 상환합니다.
금융소비자는 금융소비자보호법 제19조 제1항에 따라 해당 상품 또는 서비스에 대하여 설명을 받을 권리가 있습니다.
자세한 내용 및 이용 조건은 카드 신청 전 현대카드 홈페이지 및 상품설명서, 약관 참고
준법감시심의필 제 260402-020호 (2026.04.02 ~ 2027.04.01)
여신금융협회 심의필 제 2026-C1h-05015호 (2026.04.02 ~ 2027.04.01)",2026-06-03 16:50:04
TRE6_N0001,TRE6,"[카드 이용 유의사항]

[해외 결제 이용 안내]
국내외겸용 카드로 해외 이용 시(해외사이트 거래 포함) 미화(USD) 기준 거래미화금액에 접수일의 (대외결제대행은행) 최초 고시 전신환매도율을 적용한 후, 국제브랜드사가 부과하는 국제브랜드 수수료(Visa 1.1%)와 현대카드가 부과하는 해외서비스 수수료(0.2%)를 포함하여 원화로 청구됩니다.
국제브랜드 수수료 및 대외결제대행은행 관련 자세한 내용은 현대카드 홈페이지를 참고해 주세요.
해외 이용 시 청구 금액 산출 방법
* 해외 이용 시 청구 금액=(거래미화금액ⅹ전신환매도율¹)+국제브랜드 수수료²+해외서비스 수수료³
1. 전신환매도율 : 접수일의 대외결제대행은행 최초 고시 전신환매도율
2. 국제브랜드 수수료=(거래미화금액ⅹ국제브랜드 수수료율 1.1%)ⅹ전신환매도율
3. 해외서비스 수수료=(거래미화금액ⅹ해외서비스 수수료율 0.2%)ⅹ전신환매도율
해외원화결제차단서비스 신청 방법
해외 가맹점에서 원화거래(DCC) 시 추가 수수료가 부과되므로 현지통화 또는 미화로 거래하시기 바랍니다.
홈페이지 > Account > 카드 관리 > 해외원화결제차단서비스
앱 > 메뉴(좌측 상단) > 카드 관리 > 해외원화결제차단 신청

[기타 안내]
결제 계좌 개설기관의 영업 마감 시간(오후 4시) 이후 결제 계좌에 입금된 금액에 대해서는 결제 계좌 개설기관의 사정에 따라 당일 출금되지 못하여 연체로 처리될 수 있으니 유의하시기 바랍니다.
자동납부 업무 마감 시간 이후 현대카드 홈페이지 및 앱에서 즉시결제 또는 입금전용(가상) 계좌 입금(송금납부)을 통해 당일 결제가 가능합니다.
(카드 대금 납부 관련한 자세한 내용은 홈페이지 > Account > 카드 이용 내역 > 이용 대금 명세서 또는 앱 > 메뉴(좌측 상단) > 카드 이용 내역 > 이용 대금 명세서 참고)

[민원 접수 안내]
현대카드 홈페이지, 고객센터, 팩스, 이메일 또는 방문, 우편을 통해 가능
홈페이지
> 고객지원 > 소비자보호 > 전자민원 접수
고객센터
1577-6000(해외 82-2-3015-9000)
팩스
02-2165-9454
이메일
hc_VOC@hyundaicard.com
방문/우편
서울시 영등포구 의사당대로 3 현대카드빌딩 카드소비자보호팀 담당자

[가족 카드 이용 안내]
가족 카드 연회비는 각 상품별 연회비 부과 기준을 따름
가족 회원 기준 5매까지 발급 가능하며 본인 카드 국제브랜드와 동일하게 발급
부가 서비스별 이용 실적 및 이용 한도는 본인+가족 카드 합산 적용되며, 그 외 이용 기준은 본인 카드와 동일
연말정산 시 가족 카드 이용 금액은 가족 회원(카드 플레이트에 표기된 명의자)의 이용 금액에 포함되며, 연간 소득 금액은 국세청 기준에 따름
본인 회원이 가족 카드 이용 내역에 대한 알림을 받고자 하는 경우 고객센터(1577-6000)를 통해 별도 신청 필요
가족 카드 이용대금명세서는 본인 카드 신청 시 지정한 주소 및 방법과 동일 적용
대한항공 마일리지는 카드 보유 회원의 스카이패스번호 기준으로 적립(가족 카드 이용 시 가족 회원의 스카이패스번호로 별도 적립)
가족 카드 이용으로 적립된 대한항공 마일리지 양도 기준은 대한항공 정책을 따름
대한항공 홈페이지 ‘가족 마일리지 제도’ 참고
M포인트는 카드 보유 회원의 주민등록번호 기준으로 적립(가족 카드 이용 시 가족 회원의 주민등록번호로 별도 적립)
가족 카드 이용으로 적립된 M포인트는 현대카드 홈페이지를 통해 양도 가능하며, 포인트 선물로 상속·증여세가 발생할 수 있음
홈페이지 > 혜택 > 혜택 안내 > 보유 포인트 > M포인트 > M포인트 가족양도
가족관계 변동(이혼, 사망, 파양 등) 시 현대카드 홈페이지 및 앱, 고객센터를 통해 가족 카드 정지 및 해지 가능
단, 해지의 경우 홈페이지 및 앱은 본인 회원만 가능하며, 정지는 고객센터를 통해서만 가능
홈페이지 > Account > 카드 관리 > 보유 카드  목록 > 해지
앱 : 메뉴(좌측 상단) > 카드 관리 > 보유 카드 목록 > 해지
고객센터 : 1577-6000
본인 회원이 요청할 경우 가족 회원 동의 없이 가족 카드의 한도가 변경되거나 정지/해지될 수 있음
가족관계 변동이 되었음에도 가족 카드 정지 및 해지를 하지 않은 경우 본인 회원에게 의도하지 않은 카드 이용 및 책임이 발생할 수 있음
본인 카드 해지 시 가족 카드도 약 7영업일 후 자동 해지

[이용 안내]
모든 가맹점은 현대카드 가맹점 등록 및 업종 분류 기준입니다.
당사는 상품설명서의 내용을 준수합니다.
동일 기간 내 다수의 신용카드를 신청할 경우 개인 신용등급 또는 개인신용평점, 이용한도 등에 영향을 미칠 수 있습니다.
카드 이용 시 제공되는 포인트 및 할인 혜택 등의 부가서비스는 카드 신규 출시(2024년 8월 16일) 이후 다음과 같은 사유를 제외하고는 변경할 수 없습니다. 카드사의 휴업·파산·경영상의 위기 등에 따른 불가피한 경우 제휴업체의 휴업·파산·경영상의 위기로 인해 불가피하게 부가서비스를 축소·변경하는 경우로서 다른 제휴업체를 통해 동종의 유사한 부가서비스 제공이 불가한 경우 제휴업체가 카드사의 의사에 반하여 해당 부가서비스를 축소하거나 변경 시, 당초 부가서비스에 상응하는 다른 부가서비스를 제공하는 경우 부가서비스를 3년 이상 제공한 상태에서 해당 부가서비스로 인해 상품의 수익성이 현저히 낮아진 경우
  - 카드사의 휴업·파산·경영상의 위기 등에 따른 불가피한 경우
  - 제휴업체의 휴업·파산·경영상의 위기로 인해 불가피하게 부가서비스를 축소·변경하는 경우로서 다른 제휴업체를 통해 동종의 유사한 부가서비스 제공이 불가한 경우
  - 제휴업체가 카드사의 의사에 반하여 해당 부가서비스를 축소하거나 변경 시, 당초 부가서비스에 상응하는 다른 부가서비스를 제공하는 경우
  - 부가서비스를 3년 이상 제공한 상태에서 해당 부가서비스로 인해 상품의 수익성이 현저히 낮아진 경우
카드사가 부가서비스를 변경하는 경우에는 부가서비스 변경 사유, 변경 내용 등을 사유 발생 즉시 홈페이지에 게시하고, 개별 고지 방법 중 서로 다른 2가지 이상의 방법으로 고지하여 드립니다. 특히 카드 신규 출시 이후 3년 이상 경과했고, 해당 카드의 수익성 유지가 어려워져 부가서비스를 변경하는 경우에는 변경일 6개월 전부터 서로 다른 2가지 이상의 방법으로 매월 개별 고지해 드립니다. 개별 고지 방법 : 서면 교부, 우편 또는 이메일, 전화 또는 팩스, 휴대폰 메시지 또는 이에 준하는 전자적 의사표시
  - 개별 고지 방법 : 서면 교부, 우편 또는 이메일, 전화 또는 팩스, 휴대폰 메시지 또는 이에 준하는 전자적 의사표시
연회비는 카드 발급 시 선청구됩니다.
카드 연회비(기본연회비 + 제휴연회비)는 보유 카드별로 청구됩니다.
카드 이용 대금 연체 시 약정 금리 + 연체 가산 금리 3%의 연체 금리가 적용됩니다.(회원별, 이용 상품별 차등 적용/법정 최고 금리 20% 이내) 단, 연체 발생 시점에 약정 금리가 없는 경우 아래와 같이 적용 일시불 : 거래 발생 시점 기준 최소 기간(2개월)의 유이자 할부 약정 금리 + 연체 가산 금리 3% 무이자 할부 : 거래 발생 시점 기준 동일한 할부 계약 기간의 유이자 할부 약정 금리 + 연체 가산 금리 3%
  - 일시불 : 거래 발생 시점 기준 최소 기간(2개월)의 유이자 할부 약정 금리 + 연체 가산 금리 3%
  - 무이자 할부 : 거래 발생 시점 기준 동일한 할부 계약 기간의 유이자 할부 약정 금리 + 연체 가산 금리 3%
상환 능력에 비해 신용카드 이용금액이 과도할 경우, 귀하의 개인신용평점이 하락할 수 있습니다.
개인신용평점 하락 시 금융거래와 관련된 불이익이 발생할 수 있습니다.
일정 기간 원리금을 연체할 경우, 모든 원리금을 변제할 의무가 발생할 수 있습니다.
신용카드 발급이 부적정한 경우(연체금 보유, 개인신용평점 낮음 등) 카드 발급이 제한될 수 있습니다.
카드 이용대금과 이에 수반되는 모든 수수료를 지정된 대금 결제일에 상환합니다.
금융소비자는 금융소비자보호법 제19조 제1항에 따라 해당 상품 또는 서비스에 대하여 설명을 받을 권리가 있습니다.
자세한 내용 및 이용 조건은 카드 신청 전 현대카드 홈페이지 및 상품설명서, 약관 참고
준법감시심의필 제 260511-009호 (2026.05.11 ~  2027.05.10)
여신금융협회 심의필 제 2026 - C1h - 02793호 (2026.03.03 ~ 2027.03.02)",2026-06-04 03:40:35
MXBE2_N0001,MXBE2,"[카드 이용 유의사항]

[해외 결제 이용 안내]
국내외겸용 카드로 해외 이용 시(해외사이트 거래 포함) 미화(USD) 기준 거래미화금액에 접수일의 (대외결제대행은행) 최초 고시 전신환매도율을 적용한 후, 국제브랜드사가 부과하는 국제브랜드 수수료(Visa 1.1%)와 현대카드가 부과하는 해외서비스 수수료(0.2%)를 포함하여 원화로 청구됩니다.
국제브랜드 수수료 및 대외결제대행은행 관련 자세한 내용은 현대카드 홈페이지를 참고해 주세요.
해외 이용 시 청구금액 산출 방법
* 해외 이용 시 청구 금액=(거래미화금액ⅹ전신환매도율¹)+국제브랜드 수수료²+해외서비스 수수료³
1. 전신환매도율 : 접수일의 대외결제대행은행 최초 고시 전신환매도율
2. 국제브랜드 수수료=(거래미화금액ⅹ국제브랜드 수수료율 1.1%)ⅹ전신환매도율
3. 해외서비스 수수료=(거래미화금액ⅹ해외서비스 수수료율 0.2%)ⅹ전신환매도율
해외원화결제차단서비스 신청 방법
해외 가맹점에서 원화거래(DCC) 시 추가 수수료가 부과되므로 현지통화 또는 미화로 거래하시기 바랍니다.
홈페이지 > Account > 카드 관리 > 해외원화결제차단서비스
앱 > 메뉴(좌측 상단) > 카드 관리 > 해외원화결제차단 신청

[기타 안내]
결제 계좌 개설기관의 영업 마감 시간(오후 4시) 이후 결제 계좌에 입금된 금액에 대해서는 결제 계좌 개설기관의 사정에 따라 당일 출금되지 못하여 연체로 처리될 수 있으니 유의하시기 바랍니다.
자동납부 업무 마감 시간 이후 현대카드 홈페이지 및 앱에서 즉시결제 또는 입금전용(가상)계좌 입금(송금납부)을 통해 당일 결제가 가능합니다.
(카드 대금 납부 관련한 자세한 내용은 홈페이지 > Account > 카드 이용 내역 > 이용대금 명세서 또는 앱 > 메뉴(좌측 상단) > 카드 이용 내역 > 이용 대금 명세서 참고)

[민원 접수 안내]
현대카드 홈페이지, 고객센터, 팩스, 이메일 또는 방문, 우편을 통해 가능
홈페이지
> 고객지원 > 소비자보호 > 전자민원 접수
고객센터
1577-6000(해외 82-2-3015-9000)
팩스
02-2165-9454
이메일
hc_VOC@hyundaicard.com
방문/우편
서울시 영등포구 의사당대로 3 현대카드빌딩 카드소비자보호팀 담당자

[가족 카드 이용 안내]
가족 카드 연회비는 각 상품별 연회비 부과 기준을 따름
가족 회원 기준 5매까지 발급 가능하며 본인 카드 국제브랜드와 동일하게 발급
부가 서비스별 이용 실적 및 이용 한도는 본인+가족 카드 합산 적용되며, 그 외 이용 기준은 본인 카드와 동일
연말정산 시 가족 카드 이용 금액은 가족 회원(카드 플레이트에 표기된 명의자)의 이용 금액에 포함되며, 연간 소득 금액은 국세청 기준에 따름
본인 회원이 가족 카드 이용 내역에 대한 알림을 받고자 하는 경우 고객센터(1577-6000)를 통해 별도 신청 필요
가족 카드 이용대금명세서는 본인 카드 신청 시 지정한 주소 및 방법과 동일 적용
가족 카드 이용으로 적립된 M포인트는 현대카드 홈페이지를 통해 양도 가능하며, 포인트 선물로 상속·증여세가 발생할 수 있음
홈페이지 > 혜택 > 혜택 안내 > 보유 포인트 > M포인트 > M포인트 가족양도
가족관계 변동(이혼, 사망, 파양 등) 시 현대카드 홈페이지 및 앱, 고객센터를 통해 가족 카드 정지 및 해지 가능
단, 해지의 경우 홈페이지 및 앱은 본인 회원만 가능하며, 정지는 고객센터를 통해서만 가능
홈페이지 > Account > 카드 관리 > 보유 카드  목록 > 해지
앱 : 메뉴(좌측 상단) > 카드 관리 > 보유 카드 목록 > 해지
고객센터 : 1577-6000
본인 회원이 요청할 경우 가족 회원 동의 없이 가족 카드의 한도가 변경되거나 정지/해지될 수 있음
가족관계 변동이 되었음에도 가족 카드 정지 및 해지를 하지 않은 경우 본인 회원에게 의도하지 않은 카드 이용 및 책임이 발생할 수 있음
본인 카드 해지 시 가족 카드도 약 7영업일 후 자동 해지

[이용 안내]
모든 가맹점은 현대카드 가맹점 등록 및 업종 분류 기준입니다.
당사는 상품설명서의 내용을 준수합니다.
동일 기간 내 다수의 신용카드를 신청할 경우 개인신용평점, 이용 한도 등에 영향을 미칠 수 있습니다.
카드 이용 시 제공되는 포인트 및 할인 혜택 등의 부가서비스는 카드 신규 출시(2024년 5월 17일) 이후 다음과 같은 사유를 제외하고는 변경할 수 없습니다. 카드사의 휴업·파산·경영상의 위기 등에 따른 불가피한 경우 제휴업체의 휴업·파산·경영상의 위기로 인해 불가피하게 부가서비스를 축소·변경하는 경우로서 다른 제휴업체를 통해 동종의 유사한 부가서비스 제공이 불가한 경우 제휴업체가 카드사의 의사에 반하여 해당 부가서비스를 축소하거나 변경 시, 당초 부가서비스에 상응하는 다른 부가서비스를 제공하는 경우 부가서비스를 3년 이상 제공한 상태에서 해당 부가서비스로 인해 상품의 수익성이 현저히 낮아진 경우
  - 카드사의 휴업·파산·경영상의 위기 등에 따른 불가피한 경우
  - 제휴업체의 휴업·파산·경영상의 위기로 인해 불가피하게 부가서비스를 축소·변경하는 경우로서 다른 제휴업체를 통해 동종의 유사한 부가서비스 제공이 불가한 경우
  - 제휴업체가 카드사의 의사에 반하여 해당 부가서비스를 축소하거나 변경 시, 당초 부가서비스에 상응하는 다른 부가서비스를 제공하는 경우
  - 부가서비스를 3년 이상 제공한 상태에서 해당 부가서비스로 인해 상품의 수익성이 현저히 낮아진 경우
카드사가 부가서비스를 변경하는 경우에는 부가서비스 변경 사유, 변경 내용 등을 사유 발생 즉시 홈페이지에 게시하고, 개별 고지 방법 중 서로 다른 2가지 이상의 방법으로 고지하여 드립니다. 특히 카드 신규 출시 이후 3년 이상 경과했고, 해당 카드의 수익성 유지가 어려워져 부가서비스를 변경하는 경우에는 변경일 6개월 전부터 서로 다른 2가지 이상의 방법으로 매월 개별 고지해 드립니다. 개별 고지 방법 : 서면 교부, 우편 또는 이메일, 전화 또는 팩스, 휴대폰 메시지 또는 이에 준하는 전자적 의사표시
  - 개별 고지 방법 : 서면 교부, 우편 또는 이메일, 전화 또는 팩스, 휴대폰 메시지 또는 이에 준하는 전자적 의사표시
연회비는 카드 발급 시 선청구됩니다.
카드 연회비(기본연회비+제휴연회비)는 보유 카드별로 청구됩니다.
카드 이용 대금 연체 시 약정 금리 + 연체 가산 금리 3%의 연체 금리가 적용됩니다.(회원별, 이용 상품별 차등 적용/법정 최고 금리 20% 이내) 단, 연체 발생 시점에 약정 금리가 없는 경우 아래와 같이 적용 일시불 : 거래 발생 시점 기준 최소 기간(2개월)의 유이자 할부 약정 금리 + 연체 가산 금리 3% 무이자 할부 : 거래 발생 시점 기준 동일한 할부 계약 기간의 유이자 할부 약정 금리 + 연체 가산 금리 3%
  - 일시불 : 거래 발생 시점 기준 최소 기간(2개월)의 유이자 할부 약정 금리 + 연체 가산 금리 3%
  - 무이자 할부 : 거래 발생 시점 기준 동일한 할부 계약 기간의 유이자 할부 약정 금리 + 연체 가산 금리 3%
상환 능력에 비해 신용카드 이용금액이 과도할 경우, 귀하의 개인신용평점이 하락할 수 있습니다.
개인신용평점 하락 시 금융거래와 관련된 불이익이 발생할 수 있습니다.
일정 기간 원리금을 연체할 경우, 모든 원리금을 변제할 의무가 발생할 수 있습니다.
신용카드 발급이 부적정한 경우(연체금 보유, 개인신용평점 낮음 등) 카드 발급이 제한될 수 있습니다.
카드 이용대금과 이에 수반되는 모든 수수료를 지정된 대금 결제일에 상환합니다.
금융소비자는 금융소비자보호법 제19조 제1항에 따라 해당 상품 또는 서비스에 대하여 설명을 받을 권리가 있습니다.
자세한 내용 및 이용 조건은 카드 신청 전 현대카드 홈페이지 및 상품설명서, 약관 참고
준법감시심의필 제 260513-020호 (2026.05.13 ~ 2027.05.12)
여신금융협회 심의필 제 2026-C1h-07407호 (2026.05.20 ~ 2027.05.19)",2026-06-04 03:42:45
BTCP_N0001,BTCP,"[카드 이용 유의사항]

[해외 결제 이용 안내]
국내외겸용 카드로 해외 이용 시(해외사이트 거래 포함) 달러(USD) 기준 거래미화금액에 접수일의 (대외결제대행은행) 최초 고시 전신환매도율을 적용한 후, 국제브랜드사가 부과하는 국제브랜드 수수료(Visa 1.1%/Amex 1.4%)와 현대카드가 부과하는 해외서비스 수수료(0.2%)를 포함하여 원화로 청구됩니다. 국제브랜드 수수료 및 대외결제대행은행 관련 자세한 내용은 현대카드 홈페이지를 참고해 주세요.
해외 이용 시 청구 금액 산출 방법
* 해외 이용 시 청구 금액=(거래미화금액ⅹ전신환매도율¹)+국제브랜드 수수료²+해외서비스 수수료³
1. 전신환매도율 : 접수일의 대외결제대행은행 최초 고시 전신환매도율
2. 국제브랜드 수수료=(거래미화금액ⅹ국제브랜드 수수료율 1.1%/1.4%)ⅹ전신환매도율
3. 해외서비스 수수료=(거래미화금액ⅹ해외서비스 수수료율 0.2%)ⅹ전신환매도율
해외원화결제차단서비스 신청 방법
해외 가맹점에서 원화거래(DCC) 시 추가 수수료가 부과되므로 현지통화 또는 미화로 거래하시기 바랍니다.
홈페이지 > Account > 카드 관리 > 해외원화결제차단서비스
앱 > 메뉴(좌측 상단) > 카드 관리 > 해외원화결제차단 신청

[기타 안내]
결제 계좌 개설기관의 영업 마감 시간(오후 4시) 이후 결제 계좌에 입금된 금액에 대해서는 결제 계좌 개설기관의 사정에 따라 당일 출금되지 못하여 연체로 처리될 수 있으니 유의하시기 바랍니다.
자동납부 업무 마감 시간 이후 현대카드 홈페이지 및 앱에서 즉시결제 또는 입금전용(가상)계좌 입금(송금납부)을 통해 당일 결제가 가능합니다.
(카드 대금 납부 관련한 자세한 내용은 홈페이지 > Account > 카드 이용 내역 > 이용 대금 명세서 또는 앱 > 메뉴(좌측 상단) > 카드 이용 내역 > 이용 대금 명세서 참고)

[민원 접수 안내]
현대카드 홈페이지, 고객센터, 팩스, 이메일 또는 방문, 우편을 통해 가능
홈페이지
> 고객 지원 > 소비자보호 > 전자민원 접수
고객센터
1577-6000(해외 82-2-3015-9000)
팩스
02-2165-9454
이메일
hc_VOC@hyundaicard.com
방문/우편
서울시 영등포구 의사당대로 3 현대카드빌딩 카드소비자보호팀 담당자

[가족 카드 이용 안내]
가족 카드 연회비는 각 상품별 연회비 부과 기준을 따름
가족 회원 기준 5매까지 발급 가능하며 본인 카드 국제브랜드와 동일하게 발급
부가 서비스별 이용 실적 및 이용 한도는 본인+가족 카드 합산 적용되며, 그 외 이용 기준은 본인 카드와 동일
연말정산 시 가족 카드 이용 금액은 가족 회원(카드 플레이트에 표기된 명의자)의 이용 금액에 포함되며, 연간 소득 금액은 국세청 기준에 따름
본인 회원이 가족 카드 이용 내역에 대한 알림을 받고자 하는 경우 고객센터(1577-6000)를 통해 별도 신청 필요
가족 카드 이용대금명세서는 본인 카드 신청 시 지정한 주소 및 방법과 동일 적용
가족 카드 이용으로 적립된 M포인트는 현대카드 홈페이지를 통해 양도 가능하며, 포인트 선물로 상속·증여세가 발생할 수 있음
홈페이지 > 혜택 > 혜택 안내 > 보유 포인트 > M포인트 > M포인트 가족양도
가족관계 변동(이혼, 사망, 파양 등) 시 현대카드 홈페이지 및 앱, 고객센터를 통해 가족 카드 정지 및 해지 가능
단, 해지의 경우 홈페이지 및 앱은 본인 회원만 가능하며, 정지는 고객센터를 통해서만 가능
홈페이지 > Account > 카드 관리 > 보유 카드 목록 > 해지
앱 : 메뉴(좌측 상단) > 내 카드 관리 > 내 카드 목록 > 해지
고객센터 : 1577-6000
본인 회원이 요청할 경우 가족 회원 동의 없이 가족 카드의 한도가 변경되거나 정지/해지될 수 있음
가족관계 변동이 되었음에도 가족 카드 정지 및 해지를 하지 않은 경우 본인 회원에게 의도하지 않은 카드 이용 및 책임이 발생할 수 있음
본인 카드 해지 시 가족 카드도 약 7영업일 후 자동 해지

[이용 안내]
모든 가맹점은 현대카드 가맹점 등록 및 업종 분류 기준입니다.
당사는 상품설명서의 내용을 준수합니다.
동일 기간 내 다수의 신용카드를 신청할 경우 개인신용평점, 이용 한도 등에 영향을 미칠 수 있습니다.
카드 이용 시 제공되는 포인트 및 할인 혜택 등의 부가서비스는 카드 신규 출시(2025년 1월 6일) 이후 3년 이상 축소·폐지 없이 유지됩니다. 상기에도 불구하고 다음과 같은 사유가 발생한 경우 카드사는 부가서비스를 변경할 수 있습니다. 카드사의 휴업·파산·경영상의 위기 등에 따른 불가피한 경우 제휴업체의 휴업·파산·경영상의 위기로 인해 불가피하게 부가서비스를 축소·변경하는 경우로서 다른 제휴업체를 통해 동종의 유사한 부가서비스 제공이 불가한 경우 제휴업체가 카드사의 의사에 반하여 해당 부가서비스를 축소하거나 변경 시, 당초 부가서비스에 상응하는 다른 부가서비스를 제공하는 경우 부가서비스를 3년 이상 제공한 상태에서 해당 부가서비스로 인해 상품의 수익성이 현저히 낮아진 경우
  - 카드사의 휴업·파산·경영상의 위기 등에 따른 불가피한 경우
  - 제휴업체의 휴업·파산·경영상의 위기로 인해 불가피하게 부가서비스를 축소·변경하는 경우로서 다른 제휴업체를 통해 동종의 유사한 부가서비스 제공이 불가한 경우
  - 제휴업체가 카드사의 의사에 반하여 해당 부가서비스를 축소하거나 변경 시, 당초 부가서비스에 상응하는 다른 부가서비스를 제공하는 경우
  - 부가서비스를 3년 이상 제공한 상태에서 해당 부가서비스로 인해 상품의 수익성이 현저히 낮아진 경우
카드사가 부가서비스를 변경하는 경우에는 부가서비스 변경 사유, 변경 내용 등을 사유 발생 즉시 홈페이지에 게시하고, 개별 고지 방법 중 2가지 이상의 방법으로 고지하여 드립니다. 특히 카드 신규 출시 이후 3년 이상 경과했고, 해당 카드의 수익성 유지가 어려워져 부가서비스를 변경하는 경우에는 변경일 6개월 전부터 2가지 이상의 방법으로 매월 개별 고지해 드립니다. 개별 고지 방법 : 서면 교부, 우편 또는 이메일, 전화 또는 팩스, 휴대폰 메시지 또는 이에 준하는 전자적 의사표시
  - 개별 고지 방법 : 서면 교부, 우편 또는 이메일, 전화 또는 팩스, 휴대폰 메시지 또는 이에 준하는 전자적 의사표시
연회비는 카드 발급 시 선청구됩니다.
카드 연회비(기본연회비+제휴연회비)는 보유 카드별로 청구됩니다.
카드 이용 대금 연체 시 약정 금리 + 연체 가산 금리 3%의 연체 금리가 적용됩니다. (회원별, 이용 상품별 차등 적용/법정 최고 금리 20% 이내) 단, 연체 발생 시점에 약정 금리가 없는 경우 아래와 같이 적용 일시불 : 거래 발생 시점 기준 최소 기간(2개월)의 유이자 할부 약정 금리 + 연체 가산 금리 3% 무이자 할부 : 거래 발생 시점 기준 동일한 할부 계약 기간의 유이자 할부 약정 금리 + 연체 가산 금리 3%
  - 일시불 : 거래 발생 시점 기준 최소 기간(2개월)의 유이자 할부 약정 금리 + 연체 가산 금리 3%
  - 무이자 할부 : 거래 발생 시점 기준 동일한 할부 계약 기간의 유이자 할부 약정 금리 + 연체 가산 금리 3%
상환 능력에 비해 신용카드 이용금액이 과도할 경우, 귀하의 개인신용평점이 하락할 수 있습니다.
개인신용평점 하락 시 금융거래와 관련된 불이익이 발생할 수 있습니다.
일정 기간 원리금을 연체할 경우, 모든 원리금을 변제할 의무가 발생할 수 있습니다.
신용카드 발급이 부적정한 경우(연체금 보유, 개인신용평점 낮음 등) 카드 발급이 제한될 수 있습니다.
카드 이용대금과 이에 수반되는 모든 수수료를 지정된 대금 결제일에 상환합니다.
금융소비자는 금융소비자보호법 제19조 제1항에 따라 해당 상품 또는 서비스에 대하여 설명을 받을 권리가 있습니다.
자세한 내용 및 이용 조건은 카드 신청 전 현대카드 홈페이지 및 상품설명서, 약관 참고
준법감시심의필 제 260511-042호 (2026.05.11 ~ 2027.05.10)
여신금융협회 심의필 제 2026-C1h-05155호 (2026.04.13 ~ 2027.04.12)",2026-06-04 03:44:58
BTST_N0001,BTST,"[카드 이용 유의사항]

[해외 결제 이용 안내]
국내외겸용 카드로 해외 이용 시(해외사이트 거래 포함) 달러(USD) 기준 거래미화금액에 접수일의 (대외결제대행은행) 최초 고시 전신환매도율을 적용한 후, 국제브랜드사가 부과하는 국제브랜드 수수료(Visa 1.1%/Amex 1.4%)와 현대카드가 부과하는 해외서비스 수수료(0.2%)를 포함하여 원화로 청구됩니다. 국제브랜드 수수료 및 대외결제대행은행 관련 자세한 내용은 현대카드 홈페이지를 참고해 주세요.
해외 이용 시 청구금액 산출 방법
* 해외 이용 시 청구 금액=(거래미화금액ⅹ전신환매도율¹)+국제브랜드 수수료²+해외서비스 수수료³
1. 전신환매도율 : 접수일의 대외결제대행은행 최초 고시 전신환매도율
2. 국제브랜드 수수료=(거래미화금액ⅹ국제브랜드 수수료율 1.1%/1.4%)ⅹ전신환매도율
3. 해외서비스 수수료=(거래미화금액ⅹ해외서비스 수수료율 0.2%)ⅹ전신환매도율
해외원화결제차단서비스 신청 방법
해외 가맹점에서 원화거래(DCC) 시 추가 수수료가 부과되므로 현지통화 또는 미화로 거래하시기 바랍니다.
홈페이지 > Account > 카드 관리 > 해외원화결제차단서비스
앱 > 메뉴(좌측 상단) > 카드 관리 > 해외원화결제차단 신청

[기타 안내]
결제 계좌 개설기관의 영업 마감 시간(오후 4시) 이후 결제 계좌에 입금된 금액에 대해서는 결제 계좌 개설기관의 사정에 따라 당일 출금되지 못하여 연체로 처리될 수 있으니
                    유의하시기 바랍니다.
자동납부 업무 마감 시간 이후 현대카드 홈페이지 및 앱에서 즉시결제 또는 입금전용(가상)계좌 입금(송금납부)을 통해 당일 결제가 가능합니다.
(카드 대금 납부 관련한 자세한 내용은 홈페이지 > Account > 카드 이용 내역 > 이용 대금 명세서 또는 앱 > 메뉴(좌측 상단) > 카드 이용 내역 > 이용
                    대금 명세서 참고)

[민원 접수 안내]
현대카드 홈페이지, 고객센터, 팩스, 이메일 또는 방문, 우편을 통해 가능
홈페이지
> 고객지원 > 소비자보호 > 전자민원 접수
고객센터
1577-6000(해외 82-2-3015-9000)
팩스
02-2165-9454
이메일
hc_VOC@hyundaicard.com
방문/우편
서울시 영등포구 의사당대로 3 현대카드빌딩 카드소비자보호팀 담당자

[가족 카드 이용 안내]
가족 카드 연회비는 각 상품별 연회비 부과 기준을 따름
가족 회원 기준 5매까지 발급 가능하며 본인 카드 국제브랜드와 동일하게 발급
부가 서비스별 이용 실적 및 이용 한도는 본인+가족 카드 합산 적용되며, 그 외 이용 기준은 본인 카드와 동일
연말정산 시 가족 카드 이용 금액은 가족 회원(카드 플레이트에 표기된 명의자)의 이용 금액에 포함되며, 연간 소득 금액은 국세청 기준에 따름
본인 회원이 가족 카드 이용 내역에 대한 알림을 받고자 하는 경우 고객센터(1577-6000)를 통해 별도 신청 필요
가족 카드 이용대금명세서는 본인 카드 신청 시 지정한 주소 및 방법과 동일 적용
가족 카드 이용으로 적립된 M포인트는 현대카드 홈페이지를 통해 양도 가능하며, 포인트 선물로 상속·증여세가 발생할 수 있음
홈페이지 > 혜택 > 보유 포인트 > M포인트 > M포인트 가족양도
가족관계 변동(이혼, 사망, 파양 등) 시 현대카드 홈페이지 및 앱, 고객센터를 통해 가족 카드 정지 및 해지 가능
단, 해지의 경우 홈페이지 및 앱은 본인 회원만 가능하며, 정지는 고객센터를 통해서만 가능
홈페이지 > Account > 카드 관리 > 보유 카드 목록 > 해지
앱 > 메뉴(좌측 상단) > 내 카드 관리 > 내 카드 목록 > 해지
고객센터 : 1577-6000
본인 회원이 요청할 경우 가족 회원 동의 없이 가족 카드의 한도가 변경되거나 정지/해지될 수 있음
가족관계 변동이 되었음에도 가족 카드 정지 및 해지를 하지 않은 경우 본인 회원에게 의도하지 않은 카드 이용 및 책임이 발생할 수 있음
본인 카드 해지 시 가족 카드도 약 7영업일 후 자동 해지

[이용 안내]
모든 가맹점은 현대카드 가맹점 등록 및 업종 분류 기준입니다.
당사는 상품설명서의 내용을 준수합니다.
동일 기간 내 다수의 신용카드를 신청할 경우 개인신용평점, 이용 한도 등에 영향을 미칠 수 있습니다.
카드 이용 시 제공되는 포인트 및 할인 혜택 등의 부가서비스는 카드 신규 출시(2025년 1월 6일) 이후 다음과 같은 사유를 제외하고는 변경할 수 없습니다. 카드사의 휴업·파산·경영상의 위기 등에 따른 불가피한 경우 제휴업체의 휴업·파산·경영상의 위기로 인해 불가피하게 부가서비스를 축소·변경하는 경우로서 다른 제휴업체를 통해 동종의 유사한 부가서비스 제공이 불가한 경우 제휴업체가 카드사의 의사에 반하여 해당 부가서비스를 축소하거나 변경 시, 당초 부가서비스에 상응하는 다른 부가서비스를 제공하는 경우 부가서비스를 3년 이상 제공한 상태에서 해당 부가서비스로 인해 상품의 수익성이 현저히 낮아진 경우
  - 카드사의 휴업·파산·경영상의 위기 등에 따른 불가피한 경우
  - 제휴업체의 휴업·파산·경영상의 위기로 인해 불가피하게 부가서비스를 축소·변경하는 경우로서 다른 제휴업체를 통해 동종의 유사한 부가서비스 제공이 불가한 경우
  - 제휴업체가 카드사의 의사에 반하여 해당 부가서비스를 축소하거나 변경 시, 당초 부가서비스에 상응하는 다른 부가서비스를 제공하는 경우
  - 부가서비스를 3년 이상 제공한 상태에서 해당 부가서비스로 인해 상품의 수익성이 현저히 낮아진 경우
카드사가 부가서비스를 변경하는 경우에는 부가서비스 변경 사유, 변경 내용 등을 사유 발생 즉시 홈페이지에 게시하고, 개별 고지 방법 중 서로 다른 2가지 이상의 방법으로 고지하여 드립니다. 특히 카드 신규
          출시 이후 3년 이상 경과했고, 해당 카드의 수익성 유지가 어려워져 부가서비스를 변경하는 경우에는 변경일 6개월 전부터 서로 다른 2가지 이상의 방법으로 매월 개별 고지해 드립니다. 개별 고지 방법 : 서면 교부, 우편 또는 이메일, 전화 또는 팩스, 휴대폰 메시지 또는 이에 준하는 전자적 의사표시
  - 개별 고지 방법 : 서면 교부, 우편 또는 이메일, 전화 또는 팩스, 휴대폰 메시지 또는 이에 준하는 전자적 의사표시
연회비는 카드 발급 시 선청구됩니다.
카드 연회비(기본연회비+제휴연회비)는 보유 카드별로 청구됩니다.
카드 이용 대금 연체 시 약정 금리 + 연체 가산 금리 3%의 연체 금리가 적용됩니다. (회원별, 이용 상품별 차등 적용/법정 최고 금리 20% 이내) 단,
          연체 발생 시점에 약정 금리가 없는 경우 아래와 같이 적용 일시불 : 거래 발생 시점 기준 최소 기간(2개월)의 유이자 할부 약정 금리 + 연체 가산 금리 3% 무이자 할부 : 거래 발생 시점 기준 동일한 할부 계약 기간의 유이자 할부 약정 금리 + 연체 가산 금리 3%
  - 일시불 : 거래 발생 시점 기준 최소 기간(2개월)의 유이자 할부 약정 금리 + 연체 가산 금리 3%
  - 무이자 할부 : 거래 발생 시점 기준 동일한 할부 계약 기간의 유이자 할부 약정 금리 + 연체 가산 금리 3%
상환 능력에 비해 신용카드 이용금액이 과도할 경우, 귀하의 개인신용평점이 하락할 수 있습니다.
개인신용평점 하락 시 금융거래와 관련된 불이익이 발생할 수 있습니다.
일정 기간 원리금을 연체할 경우, 모든 원리금을 변제할 의무가 발생할 수 있습니다.
신용카드 발급이 부적정한 경우(연체금 보유, 개인신용평점 낮음 등) 카드 발급이 제한될 수 있습니다.
카드 이용대금과 이에 수반되는 모든 수수료를 지정된 대금 결제일에 상환합니다.
금융소비자는 금융소비자보호법 제19조 제1항에 따라 해당 상품 또는 서비스에 대하여 설명을 받을 권리가 있습니다.
자세한 내용 및 이용 조건은 카드 신청 전 현대카드 홈페이지 및 상품설명서, 약관 참고
준법감시심의필 제 260511-043호 (2026.05.11 ~ 2027.05.10)
여신금융협회 심의필 제 2026-C1h-05156호 (2026.04.13 ~ 2027.04.12)",2026-06-04 03:49:41
BTMCE_N0001,BTMCE,"[카드 이용 유의사항]

[해외 결제 이용 안내]
국내외겸용 카드로 해외 이용 시(해외사이트 거래 포함) 달러(USD) 기준 거래미화금액에 접수일의 (대외결제대행은행) 최초 고시 전신환매도율을 적용한 후, 국제브랜드사가 부과하는 국제브랜드 수수료(Visa 1.1%/Amex 1.4%)와 현대카드가 부과하는 해외서비스 수수료(0.2%)를 포함하여 원화로 청구됩니다. 국제브랜드 수수료 및 대외결제대행은행 관련 자세한 내용은 현대카드 홈페이지를 참고해 주세요.
해외 이용 시 청구 금액 산출 방법
* 해외 이용 시 청구 금액=(거래미화금액ⅹ전신환매도율¹)+국제브랜드 수수료²+해외서비스 수수료³
1. 전신환매도율 : 접수일의 대외결제대행은행 최초 고시 전신환매도율
2. 국제브랜드 수수료=(거래미화금액ⅹ국제브랜드 수수료율 1.1%/1.4%)ⅹ전신환매도율
3. 해외서비스 수수료=(거래미화금액ⅹ해외서비스 수수료율 0.2%)ⅹ전신환매도율
해외원화결제차단서비스 신청 방법
해외 가맹점에서 원화거래(DCC) 시 추가 수수료가 부과되므로 현지통화 또는 미화로 거래하시기 바랍니다.
홈페이지 > Account > 카드 관리 > 해외원화결제차단서비스
앱 > 메뉴(좌측 상단) > 카드 관리 > 해외원화결제차단 신청

[기타 안내]
결제 계좌 개설기관의 영업 마감 시간(오후 4시) 이후 결제 계좌에 입금된 금액에 대해서는 결제 계좌 개설기관의 사정에 따라 당일 출금되지 못하여 연체로 처리될 수 있으니 유의하시기 바랍니다.
자동납부 업무 마감 시간 이후 현대카드 홈페이지 및 앱에서 즉시결제 또는 입금전용(가상)계좌 입금(송금납부)을 통해 당일 결제가 가능합니다.
(카드 대금 납부 관련한 자세한 내용은 홈페이지 > Account > 카드 이용 내역 > 이용 대금 명세서 또는 앱 > 메뉴(좌측 상단) > 카드 이용 내역 > 이용 대금 명세서 참고)

[민원 접수 안내]
현대카드 홈페이지, 고객센터, 팩스, 이메일 또는 방문, 우편을 통해 가능
홈페이지 > 고객 지원 > 소비자보호 > 전자민원 접수
고객센터 : 1577-6000(해외 82-2-3015-9000)
팩스 : 02-2165-9454
이메일 : hc_VOC@hyundaicard.com
방문/우편 : 서울시 영등포구 의사당대로 3 현대카드빌딩 카드소비자보호팀 담당자

[가족 카드 이용 안내]
가족 카드 연회비는 각 상품별 연회비 부과 기준을 따름
가족 회원 기준 5매까지 발급 가능하며 본인 카드 국제브랜드와 동일하게 발급
부가 서비스별 이용 실적 및 이용 한도는 본인+가족 카드 합산 적용되며, 그 외 이용 기준은 본인 카드와 동일
연말정산 시 가족 카드 이용 금액은 가족 회원(카드 플레이트에 표기된 명의자)의 이용 금액에 포함되며, 연간 소득 금액은 국세청 기준에 따름
본인 회원이 가족 카드 이용 내역에 대한 알림을 받고자 하는 경우 고객센터(1577-6000)를 통해 별도 신청 필요
가족 카드 이용대금명세서는 본인 카드 신청 시 지정한 주소 및 방법과 동일 적용
가족 카드 이용으로 적립된 M포인트는 현대카드 홈페이지를 통해 양도 가능하며, 포인트 선물로 상속·증여세가 발생할 수 있음
홈페이지 > 혜택 > 혜택 안내 > 보유 포인트 > M포인트 > M포인트 가족양도
가족관계 변동(이혼, 사망, 파양 등) 시 현대카드 홈페이지 및 앱, 고객센터를 통해 가족 카드 정지 및 해지 가능
단, 해지의 경우 홈페이지 및 앱은 본인 회원만 가능하며, 정지는 고객센터를 통해서만 가능
홈페이지 > Account > 카드 관리 > 보유 카드 목록 > 해지
앱 : 메뉴(좌측 상단) > 내 카드 관리 > 내 카드 목록 > 해지
고객센터 : 1577-6000
본인 회원이 요청할 경우 가족 회원 동의 없이 가족 카드의 한도가 변경되거나 정지/해지될 수 있음
가족관계 변동이 되었음에도 가족 카드 정지 및 해지를 하지 않은 경우 본인 회원에게 의도하지 않은 카드 이용 및 책임이 발생할 수 있음
본인 카드 해지 시 가족 카드도 약 7영업일 후 자동 해지

[이용 안내]
모든 가맹점은 현대카드 가맹점 등록 및 업종 분류 기준입니다.
당사는 상품설명서의 내용을 준수합니다.
동일 기간 내 다수의 신용카드를 신청할 경우 개인신용평점, 이용 한도 등에 영향을 미칠 수 있습니다.
카드 이용 시 제공되는 포인트 및 할인 혜택 등의 부가서비스는 카드 신규 출시(2025년 1월 6일) 이후 3년 이상 축소·폐지 없이 유지됩니다.
상기에도 불구하고 다음과 같은사유가 발생한 경우 카드사는 부가서비스를 변경할 수 있습니다. 카드사의 휴업·파산·경영상의 위기 등에 따른 불가피한 경우 제휴업체의 휴업·파산·경영상의 위기로 인해 불가피하게 부가서비스를 축소·변경하는 경우로서 다른 제휴업체를 통해 동종의 유사한 부가서비스 제공이 불가한 경우 제휴업체가 카드사의 의사에 반하여 해당 부가서비스를 축소하거나 변경 시, 당초 부가서비스에 상응하는 다른 부가서비스를 제공하는 경우 부가서비스를 3년 이상 제공한 상태에서 해당 부가서비스로 인해 상품의 수익성이 현저히 낮아진 경우
  - 카드사의 휴업·파산·경영상의 위기 등에 따른 불가피한 경우
  - 제휴업체의 휴업·파산·경영상의 위기로 인해 불가피하게 부가서비스를 축소·변경하는 경우로서 다른 제휴업체를 통해 동종의 유사한 부가서비스 제공이 불가한 경우
  - 제휴업체가 카드사의 의사에 반하여 해당 부가서비스를 축소하거나 변경 시, 당초 부가서비스에 상응하는 다른 부가서비스를 제공하는 경우
  - 부가서비스를 3년 이상 제공한 상태에서 해당 부가서비스로 인해 상품의 수익성이 현저히 낮아진 경우
카드사가 부가서비스를 변경하는 경우에는 부가서비스 변경 사유, 변경 내용 등을 사유 발생 즉시 홈페이지에 게시하고, 개별 고지 방법 중 2가지 이상의 방법으로 고지하여 드립니다.
                    특히 카드 신규 출시 이후 3년 이상 경과했고, 해당 카드의 수익성 유지가 어려워져 부가서비스를 변경하는 경우에는 변경일 6개월 전부터 2가지 이상의 방법으로 매월 개별 고지해
                    드립니다. 개별 고지 방법 : 서면 교부, 우편 또는 이메일, 전화 또는 팩스, 휴대폰 메시지 또는 이에 준하는 전자적 의사표시
  - 개별 고지 방법 : 서면 교부, 우편 또는 이메일, 전화 또는 팩스, 휴대폰 메시지 또는 이에 준하는 전자적 의사표시
연회비는 카드 발급 시 선청구됩니다.
카드 연회비(기본연회비+제휴연회비)는 보유 카드별로 청구됩니다.
카드 이용 대금 연체 시 약정 금리 + 연체 가산 금리 3%의 연체 금리가 적용됩니다. (회원별, 이용 상품별 차등 적용/법정 최고 금리 20% 이내) 단, 연체 발생 시점에 약정 금리가 없는 경우 아래와 같이 적용 일시불 : 거래 발생 시점 기준 최소 기간(2개월)의 유이자 할부 약정 금리 + 연체 가산 금리 3% 무이자 할부 : 거래 발생 시점 기준 동일한 할부 계약 기간의 유이자 할부 약정 금리 + 연체 가산 금리 3%
  - 일시불 : 거래 발생 시점 기준 최소 기간(2개월)의 유이자 할부 약정 금리 + 연체 가산 금리 3%
  - 무이자 할부 : 거래 발생 시점 기준 동일한 할부 계약 기간의 유이자 할부 약정 금리 + 연체 가산 금리 3%
상환 능력에 비해 신용카드 이용금액이 과도할 경우, 귀하의 개인신용평점이 하락할 수 있습니다.
개인신용평점 하락 시 금융거래와 관련된 불이익이 발생할 수 있습니다.
일정 기간 원리금을 연체할 경우, 모든 원리금을 변제할 의무가 발생할 수 있습니다.
신용카드 발급이 부적정한 경우(연체금 보유, 개인신용평점 낮음 등) 카드 발급이 제한될 수 있습니다.
카드 이용대금과 이에 수반되는 모든 수수료를 지정된 대금 결제일에 상환합니다.
금융소비자는 금융소비자보호법 제19조 제1항에 따라 해당 상품 또는 서비스에 대하여 설명을 받을 권리가 있습니다.
자세한 내용 및 이용 조건은 카드 신청 전 현대카드 홈페이지 및 상품설명서, 약관 참고
준법감시심의필 제 260511-044호 (2026.05.11 ~ 2027.05.10)
여신금융협회 심의필 제 2026-C1h-05237호 (2026.04.14 ~ 2027.04.13)",2026-06-04 03:51:30
ZWK_N0001,ZWK,"[카드 이용 유의사항]

[해외 결제 이용 안내]
국내외겸용 카드로 해외 이용 시(해외사이트 거래 포함) 미화(USD) 기준 거래미화금액에 접수일의 (대외결제대행은행) 최초 고시 전신환매도율을 적용한 후, 국제브랜드사가 부과하는 국제브랜드 수수료(Visa 1.1%/Amex 1.4%)와 현대카드가 부과하는 해외서비스 수수료(0.2%)를 포함하여 원화로 청구됩니다. 단, 국제브랜드 수수료 및 대외결제대행은행 관련 자세한 내용은 현대카드 홈페이지를 참고해 주세요.
해외 이용 시 청구 금액 산출 방법
* 해외 이용 시 청구 금액=(거래미화금액 x 전신환매도율¹)+국제브랜드 수수료²+해외서비스 수수료³
1. 전신환매도율 : 접수일의 대외결제대행은행 최초 고시 전신환매도율
2. 국제브랜드 수수료=(거래미화금액 x 국제브랜드 수수료율 1.1%/1.4%) x 전신환매도율
3. 해외서비스 수수료=(거래미화금액 x 해외서비스 수수료율 0.2%) x 전신환매도율
해외원화결제차단서비스 신청 방법
해외 가맹점에서 원화거래(DCC) 시 추가 수수료가 부과되므로 현지통화 또는 미화로 거래하시기 바랍니다.
홈페이지 > Account > 카드 관리 > 해외원화결제차단서비스
앱 > 메뉴(좌측 상단) > 카드 관리 > 해외원화결제차단 신청

[기타 안내]
결제 계좌 개설기관의 영업 마감 시간(오후 4시) 이후 결제 계좌에 입금된 금액에 대해서는 결제 계좌 개설기관의 사정에 따라 당일 출금되지 못하여 연체로 처리될 수 있으니 유의하시기 바랍니다.
자동납부 업무 마감 시간 이후 현대카드 홈페이지 및 앱에서 즉시결제 또는 입금전용(가상)계좌 입금(송금납부)을 통해 당일 결제가 가능합니다.
(카드 대금 납부 관련한 자세한 내용은 홈페이지 > Account > 카드 이용 내역 > 이용 대금 명세서 또는 앱 > 메뉴(좌측 상단) > 카드 이용 내역 > 이용 대금 명세서 참고)

[민원 접수 안내]
현대카드 홈페이지, 고객센터, 팩스, 이메일 또는 방문, 우편을 통해 가능
홈페이지 > 고객 지원 > 소비자보호 > 전자민원 접수
고객센터 : 1577-6000(해외 82-2-3015-9000)
팩스 : 02-2165-9454
이메일 : hc_VOC@hyundaicard.com
방문/우편 : 서울시 영등포구 의사당대로 3 현대카드빌딩 카드소비자보호팀 담당자

[가족 카드 이용 안내]
가족 카드 연회비는 각 상품별 연회비 부과 기준을 따름
가족 회원 기준 5매까지 발급 가능하며 본인 카드 국제브랜드와 동일하게 발급
부가 서비스별 이용 실적 및 이용 한도는 본인+가족 카드 합산 적용되며, 그 외 이용 기준은 본인 카드와 동일
연말정산 시 가족 카드 이용 금액은 가족 회원(카드 플레이트에 표기된 명의자)의 이용 금액에 포함되며, 연간 소득 금액은 국세청 기준에 따름
본인 회원이 가족 카드 이용 내역에 대한 알림을 받고자 하는 경우 고객센터(1577-6000)를 통해 별도 신청 필요
가족 카드 이용대금명세서는 본인 카드 신청 시 지정한 주소 및 방법과 동일 적용
가족관계 변동(이혼, 사망, 파양 등) 시 현대카드 홈페이지 및 앱, 고객센터를 통해 가족 카드 정지 및 해지 가능
단, 해지의 경우 홈페이지 및 앱은 본인 회원만 가능하며, 정지는 고객센터를 통해서만 가능
홈페이지 > Account > 카드 관리 > 보유 카드 목록 > 해지
앱 > 메뉴(좌측 상단) > 카드 관리 > 보유 카드 목록 > 해지
고객센터 : 1577-6000
본인 회원이 요청할 경우 가족 회원 동의 없이 가족 카드의 한도가 변경되거나 정지/해지될 수 있음
가족관계 변동이 되었음에도 가족 카드 정지 및 해지를 하지 않은 경우 본인 회원에게 의도하지 않은 카드 이용 및 책임이 발생할 수 있음
본인 카드 해지 시 가족 카드도 약 7영업일 후 자동 해지

[이용 안내]
전월 이용 금액 50만원 이상 시 기본·추가 혜택이 제공됩니다.
모든 가맹점은 현대카드 가맹점 등록 및 업종 분류 기준입니다.
당사는 상품설명서의 내용을 준수합니다.
동일 기간 내 다수의 신용카드를 신청할 경우 개인신용평점, 이용 한도 등에 영향을 미칠 수 있습니다.
카드 이용 시 제공되는 포인트 및 할인 혜택 등의 부가서비스는 카드 신규 출시(2025년 7월 17일) 이후 다음과 같은 사유를 제외하고는 변경할 수 없습니다. 카드사의 휴업·파산·경영상의 위기 등에 따른 불가피한 경우 제휴업체의 휴업·파산·경영상의 위기로 인해 불가피하게 부가서비스를 축소·변경하는 경우로서 다른 제휴업체를 통해 동종의 유사한 부가서비스 제공이 불가한 경우 제휴업체가 카드사의 의사에 반하여 해당 부가서비스를 축소하거나 변경 시, 당초 부가서비스에 상응하는 다른 부가서비스를 제공하는 경우 부가서비스를 3년 이상 제공한 상태에서 해당 부가서비스로 인해 상품의 수익성이 현저히 낮아진 경우
  - 카드사의 휴업·파산·경영상의 위기 등에 따른 불가피한 경우
  - 제휴업체의 휴업·파산·경영상의 위기로 인해 불가피하게 부가서비스를 축소·변경하는 경우로서 다른 제휴업체를 통해 동종의 유사한 부가서비스 제공이 불가한 경우
  - 제휴업체가 카드사의 의사에 반하여 해당 부가서비스를 축소하거나 변경 시, 당초 부가서비스에 상응하는 다른 부가서비스를 제공하는 경우
  - 부가서비스를 3년 이상 제공한 상태에서 해당 부가서비스로 인해 상품의 수익성이 현저히 낮아진 경우
카드사가 부가서비스를 변경하는 경우에는 부가서비스 변경 사유, 변경 내용 등을 사유 발생 즉시 홈페이지에 게시하고, 개별 고지 방법 중 서로 다른 2가지 이상의 방법으로 고지하여 드립니다. 특히 카드 신규 출시 이후 3년 이상 경과했고, 해당 카드의 수익성 유지가 어려워져 부가서비스를 변경하는 경우에는 변경일 6개월 전부터 서로 다른 2가지 이상의 방법으로 매월 개별 고지해드립니다. 개별 고지 방법 : 서면 교부, 우편 또는 이메일, 전화 또는 팩스, 휴대폰 메시지 또는 이에 준하는 전자적 의사표시
  - 개별 고지 방법 : 서면 교부, 우편 또는 이메일, 전화 또는 팩스, 휴대폰 메시지 또는 이에 준하는 전자적 의사표시
연회비는 카드 발급 시 선청구됩니다.
카드 연회비(기본연회비 + 제휴연회비)는 보유 카드별로 청구됩니다.
카드 이용 대금 연체 시 약정 금리 + 연체 가산 금리 3%의 연체 금리가 적용됩니다.(회원별, 이용 상품별 차등 적용/법정 최고 금리 20% 이내) 단, 연체 발생 시점에 약정 금리가 없는
                    경우 아래와 같이 적용 일시불 : 거래 발생 시점 기준 최소 기간(2개월)의 유이자 할부 약정 금리 + 연체 가산 금리 3% 무이자할부 : 거래 발생 시점 기준 동일한 할부 계약 기간의 유이자 할부 약정 금리 + 연체 가산 금리 3%
  - 일시불 : 거래 발생 시점 기준 최소 기간(2개월)의 유이자 할부 약정 금리 + 연체 가산 금리 3%
  - 무이자할부 : 거래 발생 시점 기준 동일한 할부 계약 기간의 유이자 할부 약정 금리 + 연체 가산 금리 3%
상환 능력에 비해 신용카드 이용금액이 과도할 경우, 귀하의 개인신용평점이 하락할 수 있습니다.
개인신용평점 하락 시 금융거래와 관련된 불이익이 발생할 수 있습니다.
일정 기간 원리금을 연체할 경우, 모든 원리금을 변제할 의무가 발생할 수 있습니다.
신용카드 발급이 부적정한 경우(연체금 보유, 개인신용평점 낮음 등) 카드 발급이 제한될 수 있습니다.
카드 이용대금과 이에 수반되는 모든 수수료를 지정된 대금 결제일에 상환합니다.
금융소비자는 금융소비자보호법 제19조 제1항에 따라 해당 상품 또는 서비스에 대하여 설명을 받을 권리가 있습니다.
자세한 내용 및 이용 조건은 카드 신청 전 현대카드 홈페이지 및 상품설명서, 약관 참고
준법감시심의필 제 260324-006호 (2026.03.24 ~ 2027.03.23)
여신금융협회 심의필 제 2026-C1h-04546호 (2026.04.01 ~ 2027.03.31)",2026-06-04 03:51:43
ZFE2_N0001,ZFE2,"[카드 이용 유의사항]

[해외 결제 이용 안내]
국내외겸용 카드로 해외 이용 시(해외사이트 거래 포함) 미화(USD) 기준 거래미화금액에 접수일의 (대외결제대행은행) 최초 고시 전신환매도율을 적용한 후, 국제브랜드사가 부과하는 국제브랜드 수수료(Visa 1.1%/Amex 1.4%)와 현대카드가 부과하는 해외서비스 수수료(0.2%)를 포함하여 원화로 청구됩니다. 국제브랜드 수수료 및 대외결제대행은행 관련 자세한 내용은 현대카드 홈페이지를 참고해 주세요.
해외 이용 시 청구 금액 산출 방법
* 해외 이용 시 청구 금액=(거래미화금액ⅹ전신환매도율¹)+국제브랜드 수수료²+해외서비스 수수료³
1. 전신환매도율 : 접수일의 대외결제대행은행 최초 고시 전신환매도율
2. 국제브랜드 수수료=(거래 미화 금액 x 국제브랜드 수수료율 1.1%/1.4%) x 전신환매도율
3. 해외서비스 수수료=(거래 미화 금액 x 해외서비스 수수료율 0.2%) x 전신환매도율
해외원화결제차단서비스 신청 방법
해외 가맹점에서 원화거래(DCC) 시 추가 수수료가 부과되므로 현지통화 또는 미화로 거래하시기 바랍니다.
홈페이지 > Account > 카드 관리 > 해외원화결제차단서비스
앱 > 메뉴(좌측 상단) > 카드 관리 > 해외원화결제차단 신청

[기타 안내]
결제 계좌 개설기관의 영업 마감 시간(오후 4시) 이후 결제 계좌에 입금된 금액에 대해서는 결제 계좌 개설기관의 사정에 따라 당일 출금되지 못하여 연체로 처리될 수 있으니 유의하시기 바랍니다.
자동납부 업무 마감 시간 이후 현대카드 홈페이지 및 앱에서 즉시결제 또는 입금전용(가상)계좌 입금(송금납부)을 통해 당일 결제가 가능합니다.
(카드 대금 납부 자세한 내용은 홈페이지 > Account > 카드 이용 내역 > 이용 대금 명세서 또는 앱 > 메뉴(좌측 상단) > 카드 이용 내역 > 이용 대금 명세서 참고)

[민원 접수 안내]
현대카드 홈페이지, 고객센터, 팩스, 이메일 또는 방문, 우편을 통해 가능
홈페이지
> 고객지원 > 소비자보호 > 전자민원 접수
고객센터
1577-6000(해외 82-2-3015-9000)
팩스
02-2165-9454
이메일
hc_VOC@hyundaicard.com
방문/우편
서울시 영등포구 의사당대로 3 현대카드빌딩 카드소비자보호팀 담당자

[가족 카드 이용 안내]
가족 카드 연회비는 각 상품별 연회비 부과 기준을 따름
가족 회원 기준 5매까지 발급 가능하며 본인 카드 국제브랜드와 동일하게 발급
부가 서비스별 이용 실적 및 이용 한도는 본인+가족 카드 합산 적용되며, 그 외 이용 기준은 본인 카드와 동일
연말정산 시 가족 카드 이용 금액은 가족 회원(카드 플레이트에 표기된 명의자)의 이용 금액에 포함되며, 연간 소득 금액은 국세청 기준에 따름
본인 회원이 가족 카드 이용 내역에 대한 알림을 받고자 하는 경우 고객센터(1577-6000)를 통해 별도 신청 필요
가족 카드 이용대금명세서는 본인 카드 신청 시 지정한 주소 및 방법과 동일 적용
가족관계 변동(이혼, 사망, 파양 등) 시 현대카드 홈페이지 및 앱, 고객센터를 통해 가족 카드 정지 및 해지 가능
단, 해지의 경우 홈페이지 및 앱은 본인 회원만 가능하며, 정지는 고객센터를 통해서만 가능
홈페이지 > Account > 카드 관리 > 보유  카드 목록 > 해지
앱 > 메뉴(좌측 상단) > 카드 관리 > 보유 카드 목록 > 해지
고객센터 : 1577-6000
본인 회원이 요청할 경우 가족 회원 동의 없이 가족 카드의 한도가 변경되거나 정지/해지될 수 있음
가족관계 변동이 되었음에도 가족 카드 정지 및 해지를 하지 않은 경우 본인 회원에게 의도하지 않은 카드 이용 및 책임이 발생할 수 있음
본인 카드 해지 시 가족 카드도 약 7영업일 후 자동 해지

[이용 안내]
모든 가맹점은 현대카드 가맹점 등록 및 업종 분류 기준입니다.
당사는 상품설명서의 내용을 준수합니다.
동일 기간 내 다수의 신용카드를 신청할 경우 개인신용평점, 이용 한도 등에 영향을 미칠 수 있습니다.
카드 이용 시 제공되는 포인트 및 할인 혜택 등의 부가서비스는 카드 신규 출시(2024년 1월 19일) 이후 3년 이상 축소·폐지 없이 유지됩니다. 상기에도 불구하고 다음과 같은 사유가 발생한 경우 카드사는 부가서비스를 변경할 수 있습니다. 카드사의 휴업·파산·경영상의 위기 등에 따른 불가피한 경우 제휴업체의 휴업·파산·경영상의 위기로 인해 불가피하게 부가서비스를 축소·변경하는 경우로서 다른 제휴업체를 통해 동종의 유사한 부가서비스 제공이 불가한 경우 제휴업체가 카드사의 의사에 반하여 해당 부가서비스를 축소하거나 변경 시, 당초 부가서비스에 상응하는 다른 부가서비스를 제공하는 경우 부가서비스를 3년 이상 제공한 상태에서 해당 부가서비스로 인해 상품의 수익성이 현저히 낮아진 경우
  - 카드사의 휴업·파산·경영상의 위기 등에 따른 불가피한 경우
  - 제휴업체의 휴업·파산·경영상의 위기로 인해 불가피하게 부가서비스를 축소·변경하는 경우로서 다른 제휴업체를 통해 동종의 유사한 부가서비스 제공이 불가한 경우
  - 제휴업체가 카드사의 의사에 반하여 해당 부가서비스를 축소하거나 변경 시, 당초 부가서비스에 상응하는 다른 부가서비스를 제공하는 경우
  - 부가서비스를 3년 이상 제공한 상태에서 해당 부가서비스로 인해 상품의 수익성이 현저히 낮아진 경우
카드사가 부가서비스를 변경하는 경우에는 부가서비스 변경 사유, 변경 내용 등 사유 발생 즉시 홈페이지에 게시하고 개별 고지 방법 중 2가지 이상의 방법으로 고지하여 드립니다. 특히 카드 신규 출시 이후 3년 이상 경과했고, 해당 카드의 수익성 유지가 어려워져 부가서비스를 변경하는 경우에는 변경일 6개월 전부터 2가지 이상의 방법으로 매월 개별 고지해 드립니다. 개별 고지 방법 : 서면 교부, 우편 또는 이메일, 전화 또는 팩스, 휴대폰 메시지 또는 이에 준하는 전자적 의사표시
  - 개별 고지 방법 : 서면 교부, 우편 또는 이메일, 전화 또는 팩스, 휴대폰 메시지 또는 이에 준하는 전자적 의사표시
연회비는 카드 발급 시 선청구됩니다.
카드 연회비(기본연회비 + 제휴연회비)는 보유 카드별로 청구됩니다
카드 이용 대금 연체 시 약정 금리 + 연체 가산 금리 3%의 연체 금리가 적용됩니다.(회원별, 이용 상품별 차등 적용/법정 최고 금리 20% 이내) 단, 연체 발생 시점에 약정 금리가 없는 경우 아래와 같이 적용 일시불 : 거래 발생 시점 기준 최소 기간(2개월)의 유이자 할부 약정 금리 + 연체 가산 금리 3% 무이자 할부 : 거래 발생 시점 기준 동일한 할부 계약 기간의 유이자 할부 약정 금리 + 연체 가산 금리 3%
  - 일시불 : 거래 발생 시점 기준 최소 기간(2개월)의 유이자 할부 약정 금리 + 연체 가산 금리 3%
  - 무이자 할부 : 거래 발생 시점 기준 동일한 할부 계약 기간의 유이자 할부 약정 금리 + 연체 가산 금리 3%
상환 능력에 비해 신용카드 이용금액이 과도할 경우, 귀하의 개인신용평점이 하락할 수 있습니다.
개인신용평점 하락 시 금융거래와 관련된 불이익이 발생할 수 있습니다.
일정 기간 원리금을 연체할 경우, 모든 원리금을 변제할 의무가 발생할 수 있습니다.
신용카드 발급이 부적정한 경우(연체금 보유, 개인신용평점 낮음 등) 카드 발급이 제한될 수 있습니다.
카드 이용대금과 이에 수반되는 모든 수수료를 지정된 대금 결제일에 상환합니다.
금융소비자는 금융소비자보호법 제19조 제1항에 따라 해당 상품 또는 서비스에 대하여 설명을 받을 권리가 있습니다.
자세한 내용 및 이용 조건은 카드 신청 전 현대카드 홈페이지 및 상품설명서, 약관 참고
준법감시심의필 제 260324-005호 (2026.03.24 ~ 2027.03.23)
여신금융협회 심의필 제 2026-C1h-04547호 (2026.04.01 ~ 2027.03.31)",2026-06-04 03:53:16
SCHC_N0001,SCHC,"[카드 이용 유의사항]

[해외 결제 이용 안내]
해외 이용 시(해외사이트 거래 포함) 미화(USD) 기준 거래미화금액에 접수일의 (대외결제대행은행) 최초 고시 전신환매도율을 적용한 후, 국제브랜드사가 부과하는 국제브랜드 수수료(Visa 1.1/Mastercard 1%)와 현대카드가 부과하는 해외서비스 수수료(0.18%)를 포함하여 원화로 청구됩니다. 국제브랜드 수수료 및 대외결제대행은행 관련 자세한 내용은 현대카드 홈페이지를 참고해 주세요.
해외 이용 시 청구금액 산출 방법
* 해외 이용 시 청구금액=(거래미화금액ⅹ전신환매도율¹)+국제브랜드 수수료²+해외서비스 수수료³
1. 전신환매도율 : 접수일의 대외결제대행은행 최초 고시 전신환매도율
2. 국제브랜드 수수료=(거래미화금액ⅹ국제브랜드 수수료율 1~1.1%) 전신환매도율
3. 해외서비스 수수료=(거래미화금액ⅹ해외서비스 수수료율 0.18%)ⅹ전신환매도율
해외 가맹점에서 원화거래(DCC) 시 추가 수수료가 부과되므로 현지통화 또는 미화로 거래하시기 바랍니다.
해외원화결제차단서비스 신청 방법
홈페이지 > Account > 카드 관리 > 해외원화결제차단서비스
앱 > 메뉴(좌측 상단) > 카드 관리 > 해외원화결제차단 신청

[기타 안내]
결제 계좌 개설기관의 영업 마감 시간(오후 4시) 이후 결제 계좌에 입금된 금액에 대해서는 결제 계좌 개설기관의 사정에 따라 당일 출금되지 못하여 연체로 처리될 수 있으니 유의하시기 바랍니다.
자동납부 업무 마감 시간 이후 당사 홈페이지 및 앱에서 즉시결제 또는 입금전용(가상) 계좌 입금(송금납부)을 통해 당일 결제가 가능합니다.
(카드 대금 납부 관련 자세한 내용은 현대카드 홈페이지 > Account 또는 현대카드 앱 > 메뉴(좌측 상단) > 카드 이용 내역 > 이용 대금 명세서 참고)

[민원 접수 안내]
현대카드 홈페이지, 고객센터, 팩스, 이메일 또는 방문, 우편을 통해 가능
홈페이지
www.hyundaicard.com
고객센터 1577-6000(해외 82-2-3015-9000)
팩스 02-2165-9454
이메일 hc_VOC@hyundaicard.com
방문/우편 서울시 영등포구 의사당대로 3 현대카드빌딩 카드소비자보호팀 담당자

[문자메시지 전송서비스]
카드 승인내역 및 누적 이용금액을 실시간 문자메시지로 확인
월 300원 이용료 부담 또는 450 M포인트 사용 가능
5만원 이상 결제 건에 한해 문자메시지 무료 전송
현대카드 고객센터 1577-6000

[신청 방법]
카드 승인내역 및 누적 이용금액을 실시간 문자메시지로 확인
현대카드 홈페이지
(www.hyundaicard.com)
> Account
고객센터 1577-6000

[이용 안내]
쏘카카드는 쏘카 이용 기준에 따라 만 21세 미만은 발급이 불가합니다.
모든 가맹점은 현대카드 가맹점 등록 및 업종 분류 기준입니다.
당사는 상품설명서의 내용을 준수합니다.
동일 기간 내 다수의 신용카드를 신청할 경우 개인 신용등급 또는 개인신용평점, 이용한도 등에 영향을 미칠 수 있습니다.
카드 이용 시 제공되는 포인트 및 할인 혜택 등의 부가서비스는 카드 신규 출시(2020년 11월 16일) 이후 다음과 같은 사유를 제외하고는 변경할 수 없습니다. 카드사의 휴업·파산·경영상의 위기 등에 따른 불가피한 경우 제휴업체의 휴업·파산·경영상의 위기로 인해 불가피하게 부가서비스를 축소·변경하는 경우로서 다른 제휴업체를 통해 동종의 유사한 부가서비스 제공이 불가한 경우 제휴업체가 카드사의 의사에 반하여 해당 부가서비스를 축소하거나 변경 시, 당초 부가서비스에 상응하는 다른 부가서비스를 제공하는 경우 부가서비스를 3년 이상 제공한 상태에서 해당 부가서비스로 인해 상품의 수익성이 현저히 낮아진 경우
  - 카드사의 휴업·파산·경영상의 위기 등에 따른 불가피한 경우
  - 제휴업체의 휴업·파산·경영상의 위기로 인해 불가피하게 부가서비스를 축소·변경하는 경우로서 다른 제휴업체를 통해 동종의 유사한 부가서비스 제공이 불가한 경우
  - 제휴업체가 카드사의 의사에 반하여 해당 부가서비스를 축소하거나 변경 시, 당초 부가서비스에 상응하는 다른 부가서비스를 제공하는 경우
  - 부가서비스를 3년 이상 제공한 상태에서 해당 부가서비스로 인해 상품의 수익성이 현저히 낮아진 경우
카드사가 부가서비스를 변경하는 경우에는 부가서비스 변경 사유, 변경 내용 등 사유 발생 즉시 홈페이지에 게시하고 개별 고지 방법 중 서로 다른 2가지 이상의 방법으로 고지하여 드립니다.
                    특히
                    카드 신규 출시 이후 3년 이상 경과했고, 해당 카드의 수익성 유지가 어려워져 부가서비스를 변경하는 경우에는 변경일 6개월 전부터 서로 다른 2가지 이상의 방법으로 매월 개별 고지해
                    드립니다. 개별 고지 방법 : 서면 교부, 우편 또는 이메일, 전화 또는 팩스, 휴대폰 메시지 또는 이에 준하는 전자적 의사표시
  - 개별 고지 방법 : 서면 교부, 우편 또는 이메일, 전화 또는 팩스, 휴대폰 메시지 또는 이에 준하는 전자적 의사표시
연회비는 카드 발급 시 선청구됩니다.
카드 연회비(기본연회비 + 제휴연회비)는 보유 카드별로 청구됩니다.
카드 이용 대금 연체 시 약정 금리 + 연체 가산 금리 3%의 연체 금리가 적용됩니다.(회원별, 이용 상품별 차등 적용/법정 최고 금리 20% 이내) 단, 연체 발생 시점에 약정 금리가 없는 경우 아래와 같이 적용 일시불 : 거래 발생 시점 기준 최소 기간(2개월)의 유이자 할부 약정 금리 + 연체 가산 금리 3% 무이자 할부 : 거래 발생 시점 기준 동일한 할부 계약 기간의 유이자 할부 약정 금리 + 연체 가산 금리 3%
  - 일시불 : 거래 발생 시점 기준 최소 기간(2개월)의 유이자 할부 약정 금리 + 연체 가산 금리 3%
  - 무이자 할부 : 거래 발생 시점 기준 동일한 할부 계약 기간의 유이자 할부 약정 금리 + 연체 가산 금리 3%
상환 능력에 비해 신용카드 이용금액이 과도할 경우, 귀하의 개인신용평점이 하락할 수 있습니다.
개인신용평점 하락 시 금융거래와 관련된 불이익이 발생할 수 있습니다.
일정 기간 원리금을 연체할 경우, 모든 원리금을 변제할 의무가 발생할 수 있습니다.
신용카드 발급이 부적정한 경우(연체금 보유, 개인신용평점 낮음 등) 카드 발급이 제한될 수 있습니다.
카드 이용대금과 이에 수반되는 모든 수수료를 지정된 대금 결제일에 상환합니다.
금융소비자는 금융소비자보호법 제19조 제1항에 따라 해당 상품 또는 서비스에 대하여 설명을 받을 권리가 있습니다.
자세한 내용 및 이용 조건은 카드 신청 전 현대카드 홈페이지 및 상품설명서, 약관 참고
여신금융협회심의필 제 2026-C1h-06158호 (2026.04.28~2027.04.27)",2026-06-04 03:56:53
MDBI_N0001,MDBI,"[카드 이용 유의사항]

[해외 결제 이용 안내]
국내외겸용 카드로 해외 이용 시(해외사이트 거래 포함) 미화(USD) 기준 거래미화금액에 접수일의 (대외결제대행은행) 최초 고시 전신환매도율을 적용한 후, 국제브랜드사가 부과하는 국제브랜드 수수료(Visa 1.1%)와 현대카드가 부과하는 해외서비스 수수료(0.2%)를 포함하여 원화로 청구됩니다.
국제브랜드 수수료 및 대외결제대행은행 관련 자세한 내용은 현대카드 홈페이지를 참고해 주세요.
해외 이용 시 청구 금액 산출 방법
* 해외 이용 시 청구 금액=(거래미화금액 x 전신환매도율¹)+국제브랜드 수수료²+해외서비스 수수료³
1. 전신환매도율 : 접수일의 대외결제대행은행 최초 고시 전신환매도율
2. 국제브랜드 수수료=(거래미화금액 x 국제브랜드 수수료율 1.1%) x 전신환매도율
3. 해외서비스 수수료=(거래미화금액 x 해외서비스 수수료율 0.2%) x 전신환매도율
해외원화결제차단서비스 신청 방법
해외 가맹점에서 원화거래(DCC) 시 추가 수수료가 부과되므로 현지통화 또는 미화로 거래하시기 바랍니다.
홈페이지 > Account > 카드 관리 > 해외원화결제차단서비스
앱 > 메뉴(좌측 상단) > 카드 관리 > 해외원화결제차단 신청

[기타 안내]
결제 계좌 개설기관의 영업 마감 시간(오후 4시) 이후 결제 계좌에 입금된 금액에 대해서는 결제 계좌 개설기관의 사정에 따라 당일 출금되지 못하여 연체로 처리될 수 있으니 유의하시기 바랍니다.
자동납부 업무 마감 시간 이후 현대카드 홈페이지 및 앱에서 즉시결제 또는 입금전용(가상)계좌 입금(송금납부)을 통해 당일 결제가 가능합니다.
(카드 대금 납부 관련한 자세한 내용은 홈페이지 > Account > 카드 이용 내역 > 이용 대금 명세서 또는 앱 > 메뉴(좌측 상단) > 카드 이용 내역 > 이용 대금 명세서 참고)

[민원 접수 안내]
현대카드 홈페이지, 고객센터, 팩스, 이메일 또는 방문, 우편을 통해 가능
홈페이지
> 고객 지원 > 소비자보호 > 전자민원 접수
고객센터
1577-6000(해외 82-2-3015-9000)
팩스
02-2165-9454
이메일
hc_VOC@hyundaicard.com
방문/우편
서울시 영등포구 의사당대로 3 현대카드빌딩 카드소비자보호팀 담당자

[가족 카드 이용 안내]
가족 카드 연회비는 각 상품별 연회비 부과 기준을 따름
가족 회원 기준 5매까지 발급 가능하며 본인 카드 국제브랜드와 동일하게 발급
부가 서비스별 이용 실적 및 이용 한도는 본인+가족 카드 합산 적용되며, 그 외 이용 기준은 본인 카드와 동일
연말정산 시 가족 카드 이용 금액은 가족 회원(카드 플레이트에 표기된 명의자)의 이용 금액에 포함되며, 연간 소득 금액은 국세청 기준에 따름
본인 회원이 가족 카드 이용 내역에 대한 알림을 받고자 하는 경우 고객센터(1577-6000)를 통해 별도 신청 필요
가족 카드 이용대금명세서는 본인 카드 신청 시 지정한 주소 및 방법과 동일 적용
가족 카드 이용으로 적립된 M포인트는 현대카드 홈페이지를 통해 양도 가능하며, 포인트 선물로 상속·증여세가 발생할 수 있음
홈페이지 > 혜택 > 보유 포인트 > M포인트 > M포인트 가족양도
가족관계 변동(이혼, 사망, 파양 등) 시 현대카드 홈페이지 및 앱, 고객센터를 통해 가족 카드 정지 및 해지 가능
단, 해지의 경우 홈페이지 및 앱은 본인 회원만 가능하며, 정지는 고객센터를 통해서만 가능
홈페이지 > Account > 카드 관리 > 보유 카드 목록 > 해지
앱 : 메뉴(좌측 상단) > 카드 관리 > 보유 카드 목록 > 해지
고객센터 : 1577-6000
본인 회원이 요청할 경우 가족 회원 동의 없이 가족 카드의 한도가 변경되거나 정지/해지될 수 있음
가족관계 변동이 되었음에도 가족 카드 정지 및 해지를 하지 않은 경우 본인 회원에게 의도하지 않은 카드 이용 및 책임이 발생할 수 있음
본인 카드 해지 시 가족 카드도 약 7영업일 후 자동 해지

[이용 안내]
모든 가맹점은 현대카드 가맹점 등록 및 업종 분류 기준입니다.
당사는 상품설명서의 내용을 준수합니다.
동일 기간 내 다수의 신용카드를 신청할 경우 개인신용평점, 이용 한도 등에 영향을 미칠 수 있습니다.
카드 이용 시 제공되는 포인트 및 할인 혜택 등의 부가서비스는 카드 신규 출시(2025년 8월 4일) 이후 다음과 같은 사유를 제외하고는 변경할 수 없습니다. 카드사의 휴업·파산·경영상의 위기 등에 따른 불가피한 경우 제휴업체의 휴업·파산·경영상의 위기로 인해 불가피하게 부가서비스를 축소·변경하는 경우로서 다른 제휴업체를 통해 동종의 유사한 부가서비스 제공이 불가한 경우 제휴업체가 카드사의 의사에 반하여 해당 부가서비스를 축소하거나 변경 시, 당초 부가서비스에 상응하는 다른 부가서비스를 제공하는 경우 부가서비스를 3년 이상 제공한 상태에서 해당 부가서비스로 인해 상품의 수익성이 현저히 낮아진 경우
  - 카드사의 휴업·파산·경영상의 위기 등에 따른 불가피한 경우
  - 제휴업체의 휴업·파산·경영상의 위기로 인해 불가피하게 부가서비스를 축소·변경하는 경우로서 다른 제휴업체를 통해 동종의 유사한 부가서비스 제공이 불가한 경우
  - 제휴업체가 카드사의 의사에 반하여 해당 부가서비스를 축소하거나 변경 시, 당초 부가서비스에 상응하는 다른 부가서비스를 제공하는 경우
  - 부가서비스를 3년 이상 제공한 상태에서 해당 부가서비스로 인해 상품의 수익성이 현저히 낮아진 경우
카드사가 부가서비스를 변경하는 경우에는 부가서비스 변경 사유, 변경 내용 등을 사유 발생 즉시 홈페이지에 게시하고, 개별 고지 방법 중 서로 다른 2가지 이상의 방법으로 고지하여 드립니다. 특히 카드 신규 출시 이후 3년 이상 경과했고, 해당 카드의 수익성 유지가 어려워져 부가서비스를 변경하는 경우에는 변경일 6개월 전부터 서로 다른 2가지 이상의 방법으로 매월 개별 고지해드립니다. 개별 고지 방법 : 서면 교부, 우편 또는 이메일, 전화 또는 팩스, 휴대폰 메시지 또는 이에 준하는 전자적 의사표시
  - 개별 고지 방법 : 서면 교부, 우편 또는 이메일, 전화 또는 팩스, 휴대폰 메시지 또는 이에 준하는 전자적 의사표시
연회비는 카드 발급 시 선청구됩니다.
카드 연회비(기본연회비 + 제휴연회비)는 보유 카드별로 청구됩니다.
카드 이용 대금 연체 시 약정 금리 + 연체 가산 금리 3%의 연체 금리가 적용됩니다.(회원별, 이용 상품별 차등 적용/법정 최고 금리 20% 이내) 단, 연체 발생 시점에 약정 금리가 없는
                    경우 아래와 같이 적용 일시불 : 거래 발생 시점 기준 최소 기간(2개월)의 유이자 할부 약정 금리 + 연체 가산 금리 3% 무이자 할부 : 거래 발생 시점 기준 동일한 할부 계약 기간의 유이자 할부 약정 금리 + 연체 가산 금리 3%
  - 일시불 : 거래 발생 시점 기준 최소 기간(2개월)의 유이자 할부 약정 금리 + 연체 가산 금리 3%
  - 무이자 할부 : 거래 발생 시점 기준 동일한 할부 계약 기간의 유이자 할부 약정 금리 + 연체 가산 금리 3%
상환 능력에 비해 신용카드 이용금액이 과도할 경우, 귀하의 개인신용평점이 하락할 수 있습니다.
개인신용평점 하락 시 금융거래와 관련된 불이익이 발생할 수 있습니다.
일정 기간 원리금을 연체할 경우, 모든 원리금을 변제할 의무가 발생할 수 있습니다.
신용카드 발급이 부적정한 경우(연체금 보유, 개인신용평점 낮음 등) 카드 발급이 제한될 수 있습니다.
카드 이용대금과 이에 수반되는 모든 수수료를 지정된 대금 결제일에 상환합니다.
금융소비자는 금융소비자보호법 제19조 제1항에 따라 해당 상품 또는 서비스에 대하여 설명을 받을 권리가 있습니다.
자세한 내용 및 이용 조건은 카드 신청 전 현대카드 홈페이지 및 상품설명서, 약관 참고
준법감시심의필 제 260318-012호(2026.03.18 ~ 2027.03.17)
여신금융협회 심의필 제 2025-C1h-14756호 (2025.10.01 ~ 2026.09.30)",2026-06-04 04:05:12
MHMFI_N0001,MHMFI,"[카드 이용 유의사항]

[해외 결제 이용 안내]
국내외겸용 카드로 해외 이용 시(해외사이트 거래 포함) 미화(USD) 기준 거래미화금액에 접수일의 (대외결제대행은행) 최초 고시 전신환매도율을 적용한 후, 국제브랜드사가 부과하는 국제브랜드 수수료(Visa 1.1%)와 현대카드가 부과하는 해외서비스 수수료(0.2%)를 포함하여 원화로 청구됩니다.
국제브랜드 수수료 및 대외결제대행은행 관련 자세한 내용은 현대카드 홈페이지를 참고해 주세요.
해외 이용 시 청구 금액 산출 방법
* 해외 이용 시 청구 금액=(거래미화금액 x 전신환매도율¹)+국제브랜드 수수료²+해외서비스 수수료³
1. 전신환매도율 : 접수일의 대외결제대행은행 최초 고시 전신환매도율
2. 국제브랜드 수수료=(거래미화금액 x 국제브랜드 수수료율 1.1%) x 전신환매도율
3. 해외서비스 수수료=(거래미화금액 x 해외서비스 수수료율 0.2%) x 전신환매도율
해외원화결제차단서비스 신청 방법
해외 가맹점에서 원화거래(DCC) 시 추가 수수료가 부과되므로 현지통화 또는 미화로 거래하시기 바랍니다.
홈페이지 > Account > 카드 관리 > 해외원화결제차단서비스
앱 > 메뉴(좌측 상단) > 카드 관리 > 해외원화결제차단 신청

[기타 안내]
결제 계좌 개설기관의 영업 마감 시간(오후 4시) 이후 결제 계좌에 입금된 금액에 대해서는 결제 계좌 개설기관의 사정에 따라 당일 출금되지 못하여 연체로 처리될 수 있으니 유의하시기 바랍니다.
자동납부 업무 마감 시간 이후 현대카드 홈페이지 및 앱에서 즉시결제 또는 입금전용(가상)계좌 입금(송금납부)을 통해 당일 결제가 가능합니다.
(카드 대금 납부 관련한 자세한 내용은 홈페이지 > Account > 카드 이용 내역 > 이용 대금 명세서 또는 앱 > 메뉴(좌측 상단) > 카드 이용 내역 > 이용 대금 명세서 참고)

[민원 접수 안내]
현대카드 홈페이지, 고객센터, 팩스, 이메일 또는 방문, 우편을 통해 가능
홈페이지
> 고객 지원 > 소비자보호 > 전자민원 접수
고객센터
1577-6000(해외 82-2-3015-9000)
팩스
02-2165-9454
이메일
hc_VOC@hyundaicard.com
방문/우편
서울시 영등포구 의사당대로 3 현대카드빌딩 카드소비자보호팀 담당자

[가족 카드 이용 안내]
가족 카드 연회비는 각 상품별 연회비 부과 기준을 따름
가족 회원 기준 5매까지 발급 가능하며 본인 카드 국제브랜드와 동일하게 발급
부가 서비스별 이용 실적 및 이용 한도는 본인+가족 카드 합산 적용되며, 그 외 이용 기준은 본인 카드와 동일
연말정산 시 가족 카드 이용 금액은 가족 회원(카드 플레이트에 표기된 명의자)의 이용 금액에 포함되며, 연간 소득 금액은 국세청 기준에 따름
본인 회원이 가족 카드 이용 내역에 대한 알림을 받고자 하는 경우 고객센터(1577-6000)를 통해 별도 신청 필요
가족 카드 이용대금명세서는 본인 카드 신청 시 지정한 주소 및 방법과 동일 적용
가족 카드 이용으로 적립된 M포인트는 현대카드 홈페이지를 통해 양도 가능하며, 포인트 선물로 상속·증여세가 발생할 수 있음
홈페이지 > 혜택 > 혜택 안내 > 보유 포인트 > M포인트 > M포인트 가족양도
가족관계 변동(이혼, 사망, 파양 등) 시 현대카드 홈페이지 및 앱, 고객센터를 통해 가족 카드 정지 및 해지 가능
단, 해지의 경우 홈페이지 및 앱은 본인 회원만 가능하며, 정지는 고객센터를 통해서만 가능
홈페이지 > Account > 카드 관리 > 보유 카드 목록 > 해지
앱 : 메뉴(좌측 상단) > 카드 관리 > 보유 카드 목록 > 해지
고객센터 : 1577-6000
본인 회원이 요청할 경우 가족 회원 동의 없이 가족 카드의 한도가 변경되거나 정지/해지될 수 있음
가족관계 변동이 되었음에도 가족 카드 정지 및 해지를 하지 않은 경우 본인 회원에게 의도하지 않은 카드 이용 및 책임이 발생할 수 있음
본인 카드 해지 시 가족 카드도 약 7영업일 후 자동 해지

[이용 안내]
모든 가맹점은 현대카드 가맹점 등록 및 업종 분류 기준입니다.
당사는 상품설명서의 내용을 준수합니다.
동일 기간 내 다수의 신용카드를 신청할 경우 개인신용평점, 이용 한도 등에 영향을 미칠 수 있습니다.
카드 이용 시 제공되는 포인트 및 할인 혜택 등의 부가서비스는 카드 신규 출시(2025년 8월 4일) 이후 다음과 같은 사유를 제외하고는 변경할 수 없습니다. 카드사의 휴업·파산·경영상의 위기 등에 따른 불가피한 경우 제휴업체의 휴업·파산·경영상의 위기로 인해 불가피하게 부가서비스를 축소·변경하는 경우로서 다른 제휴업체를 통해 동종의 유사한 부가서비스 제공이 불가한 경우 제휴업체가 카드사의 의사에 반하여 해당 부가서비스를 축소하거나 변경 시, 당초 부가서비스에 상응하는 다른 부가서비스를 제공하는 경우 부가서비스를 3년 이상 제공한 상태에서 해당 부가서비스로 인해 상품의 수익성이 현저히 낮아진 경우
  - 카드사의 휴업·파산·경영상의 위기 등에 따른 불가피한 경우
  - 제휴업체의 휴업·파산·경영상의 위기로 인해 불가피하게 부가서비스를 축소·변경하는 경우로서 다른 제휴업체를 통해 동종의 유사한 부가서비스 제공이 불가한 경우
  - 제휴업체가 카드사의 의사에 반하여 해당 부가서비스를 축소하거나 변경 시, 당초 부가서비스에 상응하는 다른 부가서비스를 제공하는 경우
  - 부가서비스를 3년 이상 제공한 상태에서 해당 부가서비스로 인해 상품의 수익성이 현저히 낮아진 경우
카드사가 부가서비스를 변경하는 경우에는 부가서비스 변경 사유, 변경 내용 등을 사유 발생 즉시 홈페이지에 게시하고, 개별 고지 방법 중 서로 다른 2가지 이상의 방법으로 고지하여 드립니다. 특히 카드 신규 출시 이후 3년 이상 경과했고, 해당 카드의 수익성 유지가 어려워져 부가서비스를
                    변경하는 경우에는 변경일 6개월 전부터 서로 다른 2가지 이상의 방법으로 매월 개별 고지해드립니다. 개별 고지 방법 : 서면 교부, 우편 또는 이메일, 전화 또는 팩스, 휴대폰 메시지 또는 이에 준하는 전자적 의사표시
  - 개별 고지 방법 : 서면 교부, 우편 또는 이메일, 전화 또는 팩스, 휴대폰 메시지 또는 이에 준하는 전자적 의사표시
연회비는 카드 발급 시 선청구됩니다.
카드 연회비(기본연회비 + 제휴연회비)는 보유 카드별로 청구됩니다.
카드 이용 대금 연체 시 약정 금리 + 연체 가산 금리 3%의 연체 금리가 적용됩니다.(회원별, 이용 상품별 차등 적용/법정 최고 금리 20% 이내) 단, 연체 발생 시점에 약정 금리가 없는 경우 아래와 같이 적용 일시불 : 거래 발생 시점 기준 최소 기간(2개월)의 유이자 할부 약정 금리 + 연체 가산 금리 3% 무이자 할부 : 거래 발생 시점 기준 동일한 할부 계약 기간의 유이자 할부 약정 금리 + 연체 가산 금리 3%
  - 일시불 : 거래 발생 시점 기준 최소 기간(2개월)의 유이자 할부 약정 금리 + 연체 가산 금리 3%
  - 무이자 할부 : 거래 발생 시점 기준 동일한 할부 계약 기간의 유이자 할부 약정 금리 + 연체 가산 금리 3%
상환 능력에 비해 신용카드 이용금액이 과도할 경우, 귀하의 개인신용평점이 하락할 수 있습니다.
개인신용평점 하락 시 금융거래와 관련된 불이익이 발생할 수 있습니다.
일정 기간 원리금을 연체할 경우, 모든 원리금을 변제할 의무가 발생할 수 있습니다.
신용카드 발급이 부적정한 경우(연체금 보유, 개인신용평점 낮음 등) 카드 발급이 제한될 수 있습니다.
카드 이용대금과 이에 수반되는 모든 수수료를 지정된 대금 결제일에 상환합니다.
금융소비자는 금융소비자보호법 제19조 제1항에 따라 해당 상품 또는 서비스에 대하여 설명을 받을 권리가 있습니다.
자세한 내용 및 이용 조건은 카드 신청 전 현대카드 홈페이지 및 상품설명서, 약관 참고
준법감시심의필 제 260326-027호 (2026.03.26 ~ 2027.03.25)
여신금융협회 심의필 제 2026-C1h-07576호 (2026.05.22 ~ 2027.05.21)",2026-06-04 04:06:27
HCH_N0001,HCH,"[카드 이용 유의사항]

[해외 결제 이용 안내]
국내외겸용 카드로 해외 이용 시(해외사이트 거래 포함) 미화(USD) 기준 거래미화금액에 접수일의 (대외결제대행은행) 최초 고시 전신환매도율을 적용한 후, 국제브랜드사가 부과하는 국제브랜드 수수료(Visa 1.1%/Amex 1.4%)와 현대카드가 부과하는 해외서비스 수수료(0.2%)를 포함하여 원화로 청구됩니다. 국제브랜드 수수료 및 대외결제대행은행 관련 자세한 내용은 현대카드 홈페이지를 참고해 주세요.
해외 이용 시 청구 금액 산출 방법
* 해외 이용 시 청구 금액=(거래미화금액 x 전신환매도율¹)+국제브랜드 수수료²+해외서비스 수수료³
1. 전신환매도율 : 접수일의 대외결제대행은행 최초 고시 전신환매도율
2. 국제브랜드 수수료=(거래미화금액 x 국제브랜드 수수료율 1.1%/1.4%) x 전신환매도율
3. 해외서비스 수수료=(거래미화금액 x 해외서비스 수수료율 0.2%) x 전신환매도율
해외원화결제차단서비스 신청 방법
해외 가맹점에서 원화거래(DCC) 시 추가 수수료가 부과되므로 현지통화 또는 미화로 거래하시기 바랍니다.
홈페이지 > Account > 카드 관리 > 해외원화결제차단서비스
앱 > 메뉴(좌측 상단) > 카드 관리 > 해외원화결제차단 신청

[기타 안내]
결제 계좌 개설기관의 영업 마감 시간(오후 4시) 이후 결제 계좌에 입금된 금액에 대해서는 결제 계좌 개설기관의 사정에 따라 당일 출금되지 못하여 연체로 처리될 수 있으니 유의하시기 바랍니다.
자동납부 업무 마감 시간 이후 현대카드 홈페이지 및 앱에서 즉시결제 또는 입금전용(가상)계좌 입금(송금납부)을 통해 당일 결제가 가능합니다.
(카드 대금 납부 관련 자세한 내용은 홈페이지 > Account > 카드 이용 내역 > 이용 대금 명세서 또는 앱 > 메뉴(좌측 상단) > 카드 이용 내역 > 이용 대금 명세서 참고)

[민원 접수 안내]
현대카드 홈페이지, 고객센터, 팩스, 이메일 또는 방문, 우편을 통해 가능
홈페이지 > 고객 지원 > 소비자보호 > 전자민원 접수
고객센터 : 1577-6000(해외 82-2-3015-9000)
팩스 : 02-2165-9454
이메일 : hc_VOC@hyundaicard.com
방문/우편 : 서울시 영등포구 의사당대로 3 현대카드빌딩 카드소비자보호팀 담당자

[가족 카드 이용 안내]
가족 카드 연회비는 각 상품별 연회비 부과 기준을 따름
가족 회원 기준 5매까지 발급 가능하며 본인 카드 국제브랜드와 동일하게 발급
부가 서비스별 이용 실적 및 이용 한도는 본인+가족 카드 합산 적용되며, 그 외 이용 기준은 본인 카드와 동일
연말정산 시 가족 카드 이용 금액은 가족 회원(카드 플레이트에 표기된 명의자)의 이용 금액에 포함되며, 연간 소득 금액은 국세청 기준에 따름
본인 회원이 가족 카드 이용 내역에 대한 알림을 받고자 하는 경우 고객센터(1577-6000)를 통해 별도 신청 필요
가족 카드 이용대금명세서는 본인 카드 신청 시 지정한 주소 및 방법과 동일 적용
가족관계 변동(이혼, 사망, 파양 등) 시 현대카드 홈페이지 및 앱, 고객센터를 통해 가족 카드 정지 및 해지 가능
단, 해지의 경우 홈페이지 및 앱은 본인 회원만 가능하며, 정지는 고객센터를 통해서만 가능
홈페이지 > Account > 카드 관리 > 보유 카드 목록 > 해지
앱 > 메뉴(좌측 상단) > 카드 관리 > 보유 카드 목록 > 해지
고객센터 : 1577-6000
본인 회원이 요청할 경우 가족 회원 동의 없이 가족 카드의 한도가 변경되거나 정지/해지될 수 있음
가족관계 변동이 되었음에도 가족 카드 정지 및 해지를 하지 않은 경우 본인 회원에게 의도하지 않은 카드 이용 및 책임이 발생할 수 있음
본인 카드 해지 시 가족 카드도 약 7영업일 후 자동 해지

[이용 안내]
모든 가맹점은 현대카드 가맹점 등록 및 업종 분류 기준입니다.
당사는 상품설명서의 내용을 준수합니다.
동일 기간 내 다수의 신용카드를 신청할 경우 개인신용평점, 이용 한도 등에 영향을 미칠 수 있습니다.
카드 이용 시 제공되는 포인트 및 할인 혜택 등의 부가서비스는 카드 신규 출시(2025년 7월 17일) 이후 다음과 같은 사유를 제외하고는 변경할 수 없습니다. 카드사의 휴업·파산·경영상의 위기 등에 따른 불가피한 경우 제휴업체의 휴업·파산·경영상의 위기로 인해 불가피하게 부가서비스를 축소·변경하는 경우로서 다른 제휴업체를 통해 동종의 유사한 부가서비스 제공이 불가한 경우 제휴업체가 카드사의 의사에 반하여 해당 부가서비스를 축소하거나 변경 시, 당초 부가서비스에 상응하는 다른 부가서비스를 제공하는 경우 부가서비스를 3년 이상 제공한 상태에서 해당 부가서비스로 인해 상품의 수익성이 현저히 낮아진 경우
  - 카드사의 휴업·파산·경영상의 위기 등에 따른 불가피한 경우
  - 제휴업체의 휴업·파산·경영상의 위기로 인해 불가피하게 부가서비스를 축소·변경하는 경우로서 다른 제휴업체를 통해 동종의 유사한 부가서비스 제공이 불가한 경우
  - 제휴업체가 카드사의 의사에 반하여 해당 부가서비스를 축소하거나 변경 시, 당초 부가서비스에 상응하는 다른 부가서비스를 제공하는 경우
  - 부가서비스를 3년 이상 제공한 상태에서 해당 부가서비스로 인해 상품의 수익성이 현저히 낮아진 경우
카드사가 부가서비스를 변경하는 경우에는 부가서비스 변경 사유, 변경 내용 등을 사유 발생 즉시 홈페이지에 게시하고, 개별 고지 방법 중 서로 다른 2가지 이상의 방법으로 고지하여 드립니다. 특히 카드 신규 출시 이후 3년 이상 경과했고, 해당 카드의 수익성 유지가 어려워져 부가서비스를 변경하는 경우에는 변경일 6개월 전부터 서로 다른 2가지 이상의 방법으로 매월 개별 고지해드립니다. 개별 고지 방법 : 서면 교부, 우편 또는 이메일, 전화 또는 팩스, 휴대폰 메시지 또는 이에 준하는 전자적 의사표시
  - 개별 고지 방법 : 서면 교부, 우편 또는 이메일, 전화 또는 팩스, 휴대폰 메시지 또는 이에 준하는 전자적 의사표시
연회비는 카드 발급 시 선청구됩니다.
카드 연회비(기본연회비 + 제휴연회비)는 보유 카드별로 청구됩니다.
카드 이용 대금 연체 시 약정 금리 + 연체 가산 금리 3%의 연체 금리가 적용됩니다.(회원별, 이용 상품별 차등 적용/법정 최고 금리 20% 이내) 단, 연체 발생 시점에 약정 금리가 없는
                    경우 아래와 같이 적용 일시불 : 거래 발생 시점 기준 최소 기간(2개월)의 유이자 할부 약정 금리 + 연체 가산 금리 3% 무이자 할부 : 거래 발생 시점 기준 동일한 할부 계약 기간의 유이자 할부 약정 금리 + 연체 가산 금리 3%
  - 일시불 : 거래 발생 시점 기준 최소 기간(2개월)의 유이자 할부 약정 금리 + 연체 가산 금리 3%
  - 무이자 할부 : 거래 발생 시점 기준 동일한 할부 계약 기간의 유이자 할부 약정 금리 + 연체 가산 금리 3%
상환 능력에 비해 신용카드 이용금액이 과도할 경우, 귀하의 개인신용평점이 하락할 수 있습니다.
개인신용평점 하락 시 금융거래와 관련된 불이익이 발생할 수 있습니다.
일정 기간 원리금을 연체할 경우, 모든 원리금을 변제할 의무가 발생할 수 있습니다.
신용카드 발급이 부적정한 경우(연체금 보유, 개인신용평점 낮음 등) 카드 발급이 제한될 수 있습니다.
카드 이용대금과 이에 수반되는 모든 수수료를 지정된 대금 결제일에 상환합니다.
금융소비자는 금융소비자보호법 제19조 제1항에 따라 해당 상품 또는 서비스에 대하여 설명을 받을 권리가 있습니다.
자세한 내용 및 이용 조건은 카드 신청 전 현대카드 홈페이지 및 상품설명서, 약관 참고
준법감시심의필 제 260326-023호 (2026.03.26 ~ 2027.03.25)
여신금융협회 심의필 제 2026-C1h-04616호 (2026.04.02 ~ 2027.04.01)",2026-06-04 04:06:51
HCO_N0001,HCO,"[카드 이용 유의사항]

[해외 결제 이용 안내]
국내외겸용 카드로 해외 이용 시(해외사이트 거래 포함) 미화(USD) 기준 거래미화금액에 접수일의 (대외결제대행은행) 최초 고시 전신환매도율을 적용한 후, 국제브랜드사가 부과하는 국제브랜드 수수료(Visa 1.1%/Amex 1.4%)와 현대카드가 부과하는 해외서비스 수수료(0.2%)를 포함하여 원화로 청구됩니다. 국제브랜드 수수료 및 대외결제대행은행 관련 자세한 내용은 현대카드 홈페이지를 참고해 주세요.
해외 이용 시 청구 금액 산출 방법
* 해외 이용 시 청구 금액=(거래미화금액 x 전신환매도율¹)+국제브랜드 수수료²+해외서비스 수수료³
1. 전신환매도율 : 접수일의 대외결제대행은행 최초 고시 전신환매도율
2. 국제브랜드 수수료=(거래미화금액 x 국제브랜드 수수료율 1.1%/1.4%) x 전신환매도율
3. 해외서비스 수수료=(거래미화금액 x 해외서비스 수수료율 0.2%) x 전신환매도율
해외원화결제차단서비스 신청 방법
해외 가맹점에서 원화거래(DCC) 시 추가 수수료가 부과되므로 현지통화 또는 미화로 거래하시기 바랍니다.
홈페이지 > Account > 카드 관리 > 해외원화결제차단서비스
앱 > 메뉴(좌측 상단) > 카드 관리 > 해외원화결제차단 신청

[기타 안내]
결제 계좌 개설기관의 영업 마감 시간(오후 4시) 이후 결제 계좌에 입금된 금액에 대해서는 결제 계좌 개설기관의 사정에 따라 당일 출금되지 못하여 연체로 처리될 수 있으니 유의하시기 바랍니다.
자동납부 업무 마감 시간 이후 현대카드 홈페이지 및 앱에서 즉시결제 또는 입금전용(가상)계좌 입금(송금납부)을 통해 당일 결제가 가능합니다.
(카드 대금 납부 관련한 자세한 내용은 홈페이지 > Account > 카드 이용 내역 > 이용 대금 명세서 또는 앱 > 메뉴(좌측 상단) > 카드 이용 내역 > 이용 대금 명세서 참고)

[민원 접수 안내]
현대카드 홈페이지, 고객센터, 팩스, 이메일 또는 방문, 우편을 통해 가능
홈페이지 > 고객 지원 > 소비자보호 > 전자민원 접수
고객센터 : 1577-6000(해외 82-2-3015-9000)
팩스 : 02-2165-9454
이메일 : hc_VOC@hyundaicard.com
방문/우편 : 서울시 영등포구 의사당대로 3 현대카드빌딩 카드소비자보호팀 담당자

[가족 카드 이용 안내]
가족 카드 연회비는 각 상품별 연회비 부과 기준을 따름
가족 회원 기준 5매까지 발급 가능하며 본인 카드 국제브랜드와 동일하게 발급
부가 서비스별 이용 실적 및 이용 한도는 본인+가족 카드 합산 적용되며, 그 외 이용 기준은 본인 카드와 동일
연말정산 시 가족 카드 이용 금액은 가족 회원(카드 플레이트에 표기된 명의자)의 이용 금액에 포함되며, 연간 소득 금액은 국세청 기준에 따름
본인 회원이 가족 카드 이용 내역에 대한 알림을 받고자 하는 경우 고객센터(1577-6000)를 통해 별도 신청 필요
가족 카드 이용대금명세서는 본인 카드 신청 시 지정한 주소 및 방법과 동일 적용
가족관계 변동(이혼, 사망, 파양 등) 시 현대카드 홈페이지 및 앱, 고객센터를 통해 가족 카드 정지 및 해지 가능
단, 해지의 경우 홈페이지 및 앱은 본인 회원만 가능하며, 정지는 고객센터를 통해서만 가능
홈페이지 > Account > 카드 관리 > 보유 카드 목록 > 해지
앱 > 메뉴(좌측 상단) > 카드 관리 > 보유 카드 목록 > 해지
고객센터 : 1577-6000
본인 회원이 요청할 경우 가족 회원 동의 없이 가족 카드의 한도가 변경되거나 정지/해지될 수 있음
가족관계 변동이 되었음에도 가족 카드 정지 및 해지를 하지 않은 경우 본인 회원에게 의도하지 않은 카드 이용 및 책임이 발생할 수 있음
본인 카드 해지 시 가족 카드도 약 7영업일 후 자동 해지

[이용 안내]
전월 이용 금액 40만원 이상 시 기본·추가혜택 이 제공됩니다.
모든 가맹점은 현대카드 가맹점 등록 및 업종 분류 기준입니다.
당사는 상품설명서의 내용을 준수합니다.
동일 기간 내 다수의 신용카드를 신청할 경우 개인신용평점, 이용 한도 등에 영향을 미칠 수 있습니다.
카드 이용 시 제공되는 포인트 및 할인 혜택 등의 부가서비스는 카드 신규 출시(2025년 7월 17일) 이후 다음과 같은 사유를 제외하고는 변경할 수 없습니다. 카드사의 휴업·파산·경영상의 위기 등에 따른 불가피한 경우 제휴업체의 휴업·파산·경영상의 위기로 인해 불가피하게 부가서비스를 축소·변경하는 경우로서 다른 제휴업체를 통해 동종의 유사한 부가서비스 제공이 불가한 경우 제휴업체가 카드사의 의사에 반하여 해당 부가서비스를 축소하거나 변경 시, 당초 부가서비스에 상응하는 다른 부가서비스를 제공하는 경우 부가서비스를 3년 이상 제공한 상태에서 해당 부가서비스로 인해 상품의 수익성이 현저히 낮아진 경우
  - 카드사의 휴업·파산·경영상의 위기 등에 따른 불가피한 경우
  - 제휴업체의 휴업·파산·경영상의 위기로 인해 불가피하게 부가서비스를 축소·변경하는 경우로서 다른 제휴업체를 통해 동종의 유사한 부가서비스 제공이 불가한 경우
  - 제휴업체가 카드사의 의사에 반하여 해당 부가서비스를 축소하거나 변경 시, 당초 부가서비스에 상응하는 다른 부가서비스를 제공하는 경우
  - 부가서비스를 3년 이상 제공한 상태에서 해당 부가서비스로 인해 상품의 수익성이 현저히 낮아진 경우
카드사가 부가서비스를 변경하는 경우에는 부가서비스 변경 사유, 변경 내용 등을 사유 발생 즉시 홈페이지에 게시하고, 개별 고지 방법 중 서로 다른 2가지 이상의 방법으로 고지하여 드립니다. 특히 카드 신규 출시 이후 3년 이상 경과했고, 해당 카드의 수익성 유지가 어려워져 부가서비스를 변경하는 경우에는 변경일 6개월 전부터 서로 다른 2가지 이상의 방법으로 매월 개별 고지해드립니다. 개별 고지 방법 : 서면 교부, 우편 또는 이메일, 전화 또는 팩스, 휴대폰 메시지 또는 이에 준하는 전자적 의사표시
  - 개별 고지 방법 : 서면 교부, 우편 또는 이메일, 전화 또는 팩스, 휴대폰 메시지 또는 이에 준하는 전자적 의사표시
연회비는 카드 발급 시 선청구됩니다.
카드 연회비(기본연회비 + 제휴연회비)는 보유 카드별로 청구됩니다.
카드 이용 대금 연체 시 약정 금리 + 연체 가산 금리 3%의 연체 금리가 적용됩니다.(회원별, 이용 상품별 차등 적용/법정 최고 금리 20% 이내) 단, 연체 발생 시점에 약정 금리가 없는
                    경우 아래와 같이 적용 일시불 : 거래 발생 시점 기준 최소 기간(2개월)의 유이자 할부 약정 금리 + 연체 가산 금리 3% 무이자 할부 : 거래 발생 시점 기준 동일한 할부 계약 기간의 유이자 할부 약정 금리 + 연체 가산 금리 3%
  - 일시불 : 거래 발생 시점 기준 최소 기간(2개월)의 유이자 할부 약정 금리 + 연체 가산 금리 3%
  - 무이자 할부 : 거래 발생 시점 기준 동일한 할부 계약 기간의 유이자 할부 약정 금리 + 연체 가산 금리 3%
상환 능력에 비해 신용카드 이용금액이 과도할 경우, 귀하의 개인신용평점이 하락할 수 있습니다.
개인신용평점 하락 시 금융거래와 관련된 불이익이 발생할 수 있습니다.
일정 기간 원리금을 연체할 경우, 모든 원리금을 변제할 의무가 발생할 수 있습니다.
신용카드 발급이 부적정한 경우(연체금 보유, 개인신용평점 낮음 등) 카드 발급이 제한될 수 있습니다.
카드 이용대금과 이에 수반되는 모든 수수료를 지정된 대금 결제일에 상환합니다.
금융소비자는 금융소비자보호법 제19조 제1항에 따라 해당 상품 또는 서비스에 대하여 설명을 받을 권리가 있습니다.
자세한 내용 및 이용 조건은 카드 신청 전 현대카드 홈페이지 및 상품설명서, 약관 참고
준법감시심의필 제 260326-020호 (2026.03.26 ~ 2027.03.25)
여신금융협회 심의필 제 2026-C1h-04617호 (2026.04.02 ~ 2027.04.01)",2026-06-04 04:07:06
HCT_N0001,HCT,"[카드 이용 유의사항]

[해외 결제 이용 안내]
국내외겸용 카드로 해외 이용 시(해외사이트 거래 포함) 미화(USD) 기준 거래미화금액에 접수일의 (대외결제대행은행) 최초 고시 전신환매도율을 적용한 후, 국제브랜드사가 부과하는 국제브랜드 수수료(Visa 1.1%)와 현대카드가 부과하는 해외서비스 수수료(0.2%)를 포함하여 원화로 청구됩니다. 국제브랜드 수수료 및 대외결제대행은행 관련 자세한 내용은 현대카드 홈페이지를 참고해 주세요.
해외 이용 시 청구 금액 산출 방법
* 해외 이용 시 청구 금액=(거래미화금액 x 전신환매도율¹)+국제브랜드 수수료²+해외서비스 수수료³
1. 전신환매도율 : 접수일의 대외결제대행은행 최초 고시 전신환매도율
2. 국제브랜드 수수료=(거래미화금액 x 국제브랜드 수수료율 1.1%) x 전신환매도율
3. 해외서비스 수수료=(거래미화금액 x 해외서비스 수수료율 0.2%) x 전신환매도율
해외원화결제차단서비스 신청 방법
해외 가맹점에서 원화거래(DCC) 시 추가 수수료가 부과되므로 현지통화 또는 미화로 거래하시기 바랍니다.
홈페이지 > Account > 카드 관리 > 해외원화결제차단서비스
앱 > 메뉴(좌측 상단) > 카드 관리 > 해외원화결제차단 신청

[기타 안내]
결제 계좌 개설기관의 영업 마감 시간(오후 4시) 이후 결제 계좌에 입금된 금액에 대해서는 결제 계좌 개설기관의 사정에 따라 당일 출금되지 못하여 연체로 처리될 수 있으니 유의하시기 바랍니다.
자동납부 업무 마감 시간 이후 현대카드 홈페이지 및 앱에서 즉시결제 또는 입금전용(가상)계좌 입금(송금납부)을 통해 당일 결제가 가능합니다.
(카드 대금 납부 관련한 자세한 내용은 홈페이지 > Account > 카드 이용 내역 > 이용 대금 명세서 또는 앱 > 메뉴(좌측 상단) > 카드 이용 내역 > 이용 대금 명세서 참고)

[민원 접수 안내]
현대카드 홈페이지, 고객센터, 팩스, 이메일 또는 방문, 우편을 통해 가능
홈페이지 > 고객 지원 > 소비자보호 > 전자민원 접수
고객센터 : 1577-6000(해외 82-2-3015-9000)
팩스 : 02-2165-9454
이메일 : hc_VOC@hyundaicard.com
방문/우편 : 서울시 영등포구 의사당대로 3 현대카드빌딩 카드소비자보호팀 담당자

[가족 카드 이용 안내]
가족 카드 연회비는 각 상품별 연회비 부과 기준을 따름
가족 회원 기준 5매까지 발급 가능하며 본인 카드 국제브랜드와 동일하게 발급
부가 서비스별 이용 실적 및 이용 한도는 본인+가족 카드 합산 적용되며, 그 외 이용 기준은 본인 카드와 동일
연말정산 시 가족 카드 이용 금액은 가족 회원(카드 플레이트에 표기된 명의자)의 이용 금액에 포함되며, 연간 소득 금액은 국세청 기준에 따름
본인 회원이 가족 카드 이용 내역에 대한 알림을 받고자 하는 경우 고객센터(1577-6000)를 통해 별도 신청 필요
가족 카드 이용대금명세서는 본인 카드 신청 시 지정한 주소 및 방법과 동일 적용
가족관계 변동(이혼, 사망, 파양 등) 시 현대카드 홈페이지 및 앱, 고객센터를 통해 가족 카드 정지 및 해지 가능
단, 해지의 경우 홈페이지 및 앱은 본인 회원만 가능하며, 정지는 고객센터를 통해서만 가능
홈페이지 > Account > 카드 관리 > 보유 카드 목록 > 해지
앱 > 메뉴(좌측 상단) > 카드 관리 > 보유 카드 목록 > 해지
고객센터 : 1577-6000
본인 회원이 요청할 경우 가족 회원 동의 없이 가족 카드의 한도가 변경되거나 정지/해지될 수 있음
가족관계 변동이 되었음에도 가족 카드 정지 및 해지를 하지 않은 경우 본인 회원에게 의도하지 않은 카드 이용 및 책임이 발생할 수 있음
본인 카드 해지 시 가족 카드도 약 7영업일 후 자동 해지

[이용 안내]
모든 가맹점은 현대카드 가맹점 등록 및 업종 분류 기준입니다.
당사는 상품설명서의 내용을 준수합니다.
동일 기간 내 다수의 신용카드를 신청할 경우 개인신용평점, 이용 한도 등에 영향을 미칠 수 있습니다.
카드 이용 시 제공되는 포인트 및 할인 혜택 등의 부가서비스는 카드 신규 출시(2025년 7월 17일) 이후 다음과 같은 사유를 제외하고는 변경할 수 없습니다. 카드사의 휴업·파산·경영상의 위기 등에 따른 불가피한 경우 제휴업체의 휴업·파산·경영상의 위기로 인해 불가피하게 부가서비스를 축소·변경하는 경우로서 다른 제휴업체를 통해 동종의 유사한 부가서비스 제공이 불가한 경우 제휴업체가 카드사의 의사에 반하여 해당 부가서비스를 축소하거나 변경 시, 당초 부가서비스에 상응하는 다른 부가서비스를 제공하는 경우 부가서비스를 3년 이상 제공한 상태에서 해당 부가서비스로 인해 상품의 수익성이 현저히 낮아진 경우
  - 카드사의 휴업·파산·경영상의 위기 등에 따른 불가피한 경우
  - 제휴업체의 휴업·파산·경영상의 위기로 인해 불가피하게 부가서비스를 축소·변경하는 경우로서 다른 제휴업체를 통해 동종의 유사한 부가서비스 제공이 불가한 경우
  - 제휴업체가 카드사의 의사에 반하여 해당 부가서비스를 축소하거나 변경 시, 당초 부가서비스에 상응하는 다른 부가서비스를 제공하는 경우
  - 부가서비스를 3년 이상 제공한 상태에서 해당 부가서비스로 인해 상품의 수익성이 현저히 낮아진 경우
카드사가 부가서비스를 변경하는 경우에는 부가서비스 변경 사유, 변경 내용 등을 사유 발생 즉시 홈페이지에 게시하고, 개별 고지 방법 중 서로 다른 2가지 이상의 방법으로 고지하여 드립니다. 특히 카드 신규 출시 이후 3년 이상 경과했고, 해당 카드의 수익성 유지가 어려워져 부가서비스를 변경하는 경우에는 변경일 6개월 전부터 서로 다른 2가지 이상의 방법으로 매월 개별 고지해드립니다. 개별 고지 방법 : 서면 교부, 우편 또는 이메일, 전화 또는 팩스, 휴대폰 메시지 또는 이에 준하는 전자적 의사표시
  - 개별 고지 방법 : 서면 교부, 우편 또는 이메일, 전화 또는 팩스, 휴대폰 메시지 또는 이에 준하는 전자적 의사표시
연회비는 카드 발급 시 선청구됩니다.
카드 연회비(기본연회비 + 제휴연회비)는 보유 카드별로 청구됩니다.
카드 이용 대금 연체 시 약정 금리 + 연체 가산 금리 3%의 연체 금리가 적용됩니다.(회원별, 이용 상품별 차등 적용/법정 최고 금리 20% 이내) 단, 연체 발생 시점에 약정 금리가 없는
                    경우 아래와 같이 적용 일시불 : 거래 발생 시점 기준 최소 기간(2개월)의 유이자 할부 약정 금리 + 연체 가산 금리 3% 무이자 할부 : 거래 발생 시점 기준 동일한 할부 계약 기간의 유이자 할부 약정 금리 + 연체 가산 금리 3%
  - 일시불 : 거래 발생 시점 기준 최소 기간(2개월)의 유이자 할부 약정 금리 + 연체 가산 금리 3%
  - 무이자 할부 : 거래 발생 시점 기준 동일한 할부 계약 기간의 유이자 할부 약정 금리 + 연체 가산 금리 3%
상환 능력에 비해 신용카드 이용금액이 과도할 경우, 귀하의 개인신용평점이 하락할 수 있습니다.
개인신용평점 하락 시 금융거래와 관련된 불이익이 발생할 수 있습니다.
일정 기간 원리금을 연체할 경우, 모든 원리금을 변제할 의무가 발생할 수 있습니다.
신용카드 발급이 부적정한 경우(연체금 보유, 개인신용평점 낮음 등) 카드 발급이 제한될 수 있습니다.
카드 이용대금과 이에 수반되는 모든 수수료를 지정된 대금 결제일에 상환합니다.
금융소비자는 금융소비자보호법 제19조 제1항에 따라 해당 상품 또는 서비스에 대하여 설명을 받을 권리가 있습니다.
자세한 내용 및 이용 조건은 카드 신청 전 현대카드 홈페이지 및 상품설명서, 약관 참고
준법감시심의필 제 260325-050 (2026.03.25 ~ 2027.03.24)
여신금융협회 심의필 제 2026-C1h-00223 (2026.01.08 ~ 2027.01.07)",2026-06-04 04:08:13
TRSTE2_N0001,TRSTE2,"[카드 이용 유의사항]

[해외 결제 이용 안내]
국내외겸용 카드로 해외 이용 시(해외사이트 거래 포함) 미화(USD) 기준 거래미화금액에 접수일의 (대외결제대행은행) 최초 고시 전신환매도율을 적용한 후, 국제브랜드사가 부과하는 국제브랜드 수수료(Visa 1.1%)와 현대카드가 부과하는 해외서비스 수수료(0.2%)를 포함하여 원화로 청구됩니다.
국제브랜드 수수료 및 대외결제대행은행 관련 자세한 내용은 현대카드 홈페이지를 참고해 주세요.
해외 이용 시 청구 금액 산출 방법
* 해외 이용 시 청구 금액=(거래미화금액ⅹ전신환매도율¹)+국제브랜드 수수료²+해외서비스 수수료³
1. 전신환매도율 : 접수일의 대외결제대행은행 최초 고시 전신환매도율
2. 국제브랜드 수수료=(거래미화금액ⅹ국제브랜드 수수료율 1.1%)ⅹ전신환매도율
3. 해외서비스 수수료=(거래미화금액ⅹ해외서비스 수수료율 0.2%)ⅹ전신환매도율
해외원화결제차단서비스 신청 방법
해외 가맹점에서 원화거래(DCC) 시 추가 수수료가 부과되므로 현지통화 또는 미화로 거래하시기 바랍니다.
홈페이지 > Account > 카드 관리 > 해외원화결제차단서비스
앱 > 메뉴(좌측 상단) > 카드 관리 > 해외원화결제차단 신청

[기타 안내]
결제 계좌 개설기관의 영업 마감 시간(오후 4시) 이후 결제 계좌에 입금된 금액에 대해서는 결제 계좌 개설기관의 사정에 따라 당일 출금되지 못하여 연체로 처리될 수 있으니 유의하시기 바랍니다.
자동납부 업무 마감 시간 이후 현대카드 홈페이지 및 앱에서 즉시결제 또는 입금전용(가상) 계좌 입금(송금납부)을 통해 당일 결제가 가능합니다.
(카드 대금 납부 관련한 자세한 내용은 홈페이지 > Account > 카드 이용 내역 > 이용 대금 명세서 또는 앱 > 메뉴(좌측 상단) > 카드 이용 내역 > 이용 대금 명세서 참고)

[민원 접수 안내]
현대카드 홈페이지, 고객센터, 팩스, 이메일 또는 방문, 우편을 통해 가능
홈페이지
> 고객지원 > 소비자보호 > 전자민원 접수
고객센터
1577-6000(해외 82-2-3015-9000)
팩스
02-2165-9454
이메일
hc_VOC@hyundaicard.com
방문/우편
서울시 영등포구 의사당대로 3 현대카드빌딩 카드소비자보호팀 담당자

[가족 카드 이용 안내]
가족 카드 연회비는 각 상품별 연회비 부과 기준을 따름
가족 회원 기준 5매까지 발급 가능하며 본인 카드 국제브랜드와 동일하게 발급
부가 서비스별 이용 실적 및 이용 한도는 본인+가족 카드 합산 적용되며, 그 외 이용 기준은 본인 카드와 동일
연말정산 시 가족 카드 이용 금액은 가족 회원(카드 플레이트에 표기된 명의자)의 이용 금액에 포함되며, 연간 소득 금액은 국세청 기준에 따름
본인 회원이 가족 카드 이용 내역에 대한 알림을 받고자 하는 경우 고객센터(1577-6000)를 통해 별도 신청 필요
가족 카드 이용대금명세서는 본인 카드 신청 시 지정한 주소 및 방법과 동일 적용
대한항공 마일리지는 카드 보유 회원의 스카이패스번호 기준으로 적립(가족 카드 이용 시 가족 회원의 스카이패스번호로 별도 적립)
가족 카드 이용으로 적립된 대한항공 마일리지 양도 기준은 대한항공 정책을 따름
대한항공 홈페이지 ‘가족 마일리지 제도’ 참고
M포인트는 카드 보유 회원의 주민등록번호 기준으로 적립(가족 카드 이용 시 가족 회원의 주민등록번호로 별도 적립)
가족 카드 이용으로 적립된 M포인트는 현대카드 홈페이지를 통해 양도 가능하며, 포인트 선물로 상속·증여세가 발생할 수 있음
홈페이지 > 혜택 > 혜택 안내 > 보유 포인트 > M포인트 > M포인트 가족양도
가족관계 변동(이혼, 사망, 파양 등) 시 현대카드 홈페이지 및 앱, 고객센터를 통해 가족 카드 정지 및 해지 가능
단, 해지의 경우 홈페이지 및 앱은 본인 회원만 가능하며, 정지는 고객센터를 통해서만 가능
홈페이지 > Account > 카드 관리 > 보유 카드 목록 > 해지
앱 : 메뉴(좌측 상단) > 카드 관리 > 보유 카드 목록 > 해지
고객센터 : 1577-6000
본인 회원이 요청할 경우 가족 회원 동의 없이 가족 카드의 한도가 변경되거나 정지/해지될 수 있음
가족관계 변동이 되었음에도 가족 카드 정지 및 해지를 하지 않은 경우 본인 회원에게 의도하지 않은 카드 이용 및 책임이 발생할 수 있음
본인 카드 해지 시 가족 카드도 약 7영업일 후 자동 해지

[이용 안내]
모든 가맹점은 현대카드 가맹점 등록 및 업종 분류 기준입니다.
당사는 상품설명서의 내용을 준수합니다.
동일 기간 내 다수의 신용카드를 신청할 경우 개인 신용등급 또는 개인신용평점, 이용한도 등에 영향을 미칠 수 있습니다.
카드 이용 시 제공되는 포인트 및 할인 혜택 등의 부가서비스는 카드 신규 출시(2024년 8월 16일) 이후 다음과 같은 사유를 제외하고는 변경할 수 없습니다. 카드사의 휴업·파산·경영상의 위기 등에 따른 불가피한 경우 제휴업체의 휴업·파산·경영상의 위기로 인해 불가피하게 부가서비스를 축소·변경하는 경우로서 다른 제휴업체를 통해 동종의 유사한 부가서비스 제공이 불가한 경우 제휴업체가 카드사의 의사에 반하여 해당 부가서비스를 축소하거나 변경 시, 당초 부가서비스에 상응하는 다른 부가서비스를 제공하는 경우 부가서비스를 3년 이상 제공한 상태에서 해당 부가서비스로 인해 상품의 수익성이 현저히 낮아진 경우
  - 카드사의 휴업·파산·경영상의 위기 등에 따른 불가피한 경우
  - 제휴업체의 휴업·파산·경영상의 위기로 인해 불가피하게 부가서비스를 축소·변경하는 경우로서 다른 제휴업체를 통해 동종의 유사한 부가서비스 제공이 불가한 경우
  - 제휴업체가 카드사의 의사에 반하여 해당 부가서비스를 축소하거나 변경 시, 당초 부가서비스에 상응하는 다른 부가서비스를 제공하는 경우
  - 부가서비스를 3년 이상 제공한 상태에서 해당 부가서비스로 인해 상품의 수익성이 현저히 낮아진 경우
카드사가 부가서비스를 변경하는 경우에는 부가서비스 변경 사유, 변경 내용 등을 사유 발생 즉시 홈페이지에 게시하고, 개별 고지 방법 중 서로 다른 2가지 이상의 방법으로 고지하여 드립니다. 특히 카드 신규 출시 이후 3년 이상 경과했고, 해당 카드의 수익성 유지가 어려워져 부가서비스를 변경하는 경우에는 변경일 6개월 전부터 서로 다른 2가지 이상의 방법으로 매월 개별 고지해 드립니다. 개별 고지 방법 : 서면 교부, 우편 또는 이메일, 전화 또는 팩스, 휴대폰 메시지 또는 이에 준하는 전자적 의사표시
  - 개별 고지 방법 : 서면 교부, 우편 또는 이메일, 전화 또는 팩스, 휴대폰 메시지 또는 이에 준하는 전자적 의사표시
연회비는 카드 발급 시 선청구됩니다.
카드 연회비(기본연회비 + 제휴연회비)는 보유 카드별로 청구됩니다.
카드 이용 대금 연체 시 약정 금리 + 연체 가산 금리 3%의 연체 금리가 적용됩니다.(회원별, 이용 상품별 차등 적용/법정 최고 금리 20% 이내) 단, 연체 발생 시점에 약정 금리가 없는 경우 아래와 같이 적용 일시불 : 거래 발생 시점 기준 최소 기간(2개월)의 유이자 할부 약정 금리 + 연체 가산 금리 3% 무이자 할부 : 거래 발생 시점 기준 동일한 할부 계약 기간의 유이자 할부 약정 금리 + 연체 가산 금리 3%
  - 일시불 : 거래 발생 시점 기준 최소 기간(2개월)의 유이자 할부 약정 금리 + 연체 가산 금리 3%
  - 무이자 할부 : 거래 발생 시점 기준 동일한 할부 계약 기간의 유이자 할부 약정 금리 + 연체 가산 금리 3%
상환 능력에 비해 신용카드 이용금액이 과도할 경우, 귀하의 개인신용평점이 하락할 수 있습니다.
개인신용평점 하락 시 금융거래와 관련된 불이익이 발생할 수 있습니다.
일정 기간 원리금을 연체할 경우, 모든 원리금을 변제할 의무가 발생할 수 있습니다.
신용카드 발급이 부적정한 경우(연체금 보유, 개인신용평점 낮음 등) 카드 발급이 제한될 수 있습니다.
카드 이용대금과 이에 수반되는 모든 수수료를 지정된 대금 결제일에 상환합니다.
금융소비자는 금융소비자보호법 제19조 제1항에 따라 해당 상품 또는 서비스에 대하여 설명을 받을 권리가 있습니다.
자세한 내용 및 이용 조건은 카드 신청 전 현대카드 홈페이지 및 상품설명서, 약관 참고
준법감시심의필 제 260511-005호 (2026.05.11 ~ 2027.05.10)
여신금융협회 심의필 제 2026-C1h-02778호 (2026.03.03 ~ 2027.03.02)",2026-06-04 06:02:41
BTVV_N0001,BTVV,"[카드 이용 유의사항]

[해외 결제 이용 안내]
국내외겸용 카드로 해외 이용 시(해외사이트 거래 포함) 달러(USD) 기준 거래미화금액에 접수일의 (대외결제대행은행) 최초 고시 전신환매도율을 적용한 후, 국제브랜드사가 부과하는 국제브랜드 수수료(Visa 1.1%/Amex 1.4%)와 현대카드가 부과하는 해외서비스 수수료(0.2%)를 포함하여 원화로 청구됩니다. 국제브랜드 수수료 및 대외결제대행은행 관련 자세한 내용은 현대카드 홈페이지를 참고해 주세요.
해외 이용 시 청구금액 산출 방법
＊ 해외 이용 시 청구 금액=(거래미화금액ⅹ전신환매도율¹)+국제브랜드 수수료²+해외서비스 수수료³
1. 전신환매도율 : 접수일의 대외결제대행은행 최초 고시 전신환매도율
2. 국제브랜드 수수료=(거래미화금액ⅹ국제브랜드 수수료율 1.1%/1.4%)ⅹ전신환매도율
3. 해외서비스 수수료=(거래미화금액ⅹ해외서비스 수수료율 0.2%)ⅹ전신환매도율
해외원화결제차단서비스 신청 방법
해외 가맹점에서 원화거래(DCC) 시 추가 수수료가 부과되므로 현지통화 또는 미화로 거래하시기 바랍니다.
홈페이지 > Account > 카드 관리 > 해외원화결제차단서비스
앱 > 메뉴(좌측 상단) > 카드 관리 > 해외원화결제차단 신청

[기타 안내]
결제 계좌 개설기관의 영업 마감 시간(오후 4시) 이후 결제 계좌에 입금된 금액에 대해서는 결제 계좌 개설기관의 사정에 따라 당일 출금되지 못하여 연체로 처리될 수 있으니 유의하시기 바랍니다.
자동납부 업무 마감 시간 이후 현대카드 홈페이지 및 앱에서 즉시결제 또는 입금전용(가상)계좌 입금(송금납부)을 통해 당일 결제가 가능합니다.
(카드 대금 납부 관련한 자세한 내용은 홈페이지 > Account > 카드 이용 내역 > 이용 대금 명세서 또는 앱 > 메뉴(좌측 상단) > 카드 이용 내역 > 이용 대금 명세서 참고)

[민원 접수 안내]
현대카드 홈페이지, 고객센터, 팩스, 이메일 또는 방문, 우편을 통해 가능
홈페이지
> 고객 지원 > 소비자보호 > 전자민원 접수
고객센터
1577-6000(해외 82-2-3015-9000)
팩스
02-2165-9454
이메일
hc_VOC@hyundaicard.com
방문/우편
서울시 영등포구 의사당대로 3 현대카드빌딩 카드소비자보호팀 담당자

[가족 카드 이용 안내]
가족 카드 연회비는 각 상품별 연회비 부과 기준을 따름
가족 회원 기준 5매까지 발급 가능하며 본인 카드 국제브랜드와 동일하게 발급
부가 서비스별 이용 실적 및 이용 한도는 본인+가족 카드 합산 적용되며, 그 외 이용 기준은 본인 카드와 동일
연말정산 시 가족 카드 이용 금액은 가족 회원(카드 플레이트에 표기된 명의자)의 이용 금액에 포함되며, 연간 소득 금액은 국세청 기준에 따름
본인 회원이 가족 카드 이용 내역에 대한 알림을 받고자 하는 경우 고객센터(1577-6000)를 통해 별도 신청 필요
가족 카드 이용대금명세서는 본인 카드 신청 시 지정한 주소 및 방법과 동일 적용
가족 카드 이용으로 적립된 M포인트는 현대카드 홈페이지를 통해 양도 가능하며, 포인트 선물로 상속·증여세가 발생할 수 있음
홈페이지 > 혜택 > 보유 포인트 > M포인트 > M포인트 가족양도
가족관계 변동(이혼, 사망, 파양 등) 시 현대카드 홈페이지 및 앱, 고객센터를 통해 가족 카드 정지 및 해지 가능
단, 해지의 경우 홈페이지 및 앱은 본인 회원만 가능하며, 정지는 고객센터를 통해서만 가능
홈페이지 > Account > 카드 관리 > 보유 카드 목록 > 해지
앱 : 메뉴(좌측 상단) > 내 카드 관리 > 내 카드 목록 > 해지
고객센터 : 1577-6000
본인 회원이 요청할 경우 가족 회원 동의 없이 가족 카드의 한도가 변경되거나 정지/해지될 수 있음
가족관계 변동이 되었음에도 가족 카드 정지 및 해지를 하지 않은 경우 본인 회원에게 의도하지 않은 카드 이용 및 책임이 발생할 수 있음
본인 카드 해지 시 가족 카드도 약 7영업일 후 자동 해지

[이용 안내]
모든 가맹점은 현대카드 가맹점 등록 및 업종 분류 기준입니다.
당사는 상품설명서의 내용을 준수합니다.
동일 기간 내 다수의 신용카드를 신청할 경우 개인신용평점, 이용 한도 등에 영향을 미칠 수 있습니다.
카드 이용 시 제공되는 포인트 및 할인 혜택 등의 부가서비스는 카드 신규 출시(2025년 1월 6일) 이후 3년 이상 축소·폐지 없이 유지됩니다.
상기에도 불구하고 다음과 같은 사유가 발생한 경우 카드사는 부가서비스를 변경할 수 있습니다. 카드사의 휴업·파산·경영상의 위기 등에 따른 불가피한 경우 제휴업체의 휴업·파산·경영상의 위기로 인해 불가피하게 부가서비스를 축소·변경하는 경우로서 다른 제휴업체를 통해 동종의 유사한 부가서비스 제공이 불가한 경우 제휴업체가 카드사의 의사에 반하여 해당 부가서비스를 축소하거나 변경 시, 당초 부가서비스에 상응하는 다른 부가서비스를 제공하는 경우 부가서비스를 3년 이상 제공한 상태에서 해당 부가서비스로 인해 상품의 수익성이 현저히 낮아진 경우
  - 카드사의 휴업·파산·경영상의 위기 등에 따른 불가피한 경우
  - 제휴업체의 휴업·파산·경영상의 위기로 인해 불가피하게 부가서비스를 축소·변경하는 경우로서 다른 제휴업체를 통해 동종의 유사한 부가서비스 제공이 불가한 경우
  - 제휴업체가 카드사의 의사에 반하여 해당 부가서비스를 축소하거나 변경 시, 당초 부가서비스에 상응하는 다른 부가서비스를 제공하는 경우
  - 부가서비스를 3년 이상 제공한 상태에서 해당 부가서비스로 인해 상품의 수익성이 현저히 낮아진 경우
카드사가 부가서비스를 변경하는 경우에는 부가서비스 변경 사유, 변경 내용 등을 사유 발생 즉시 홈페이지에 게시하고, 개별 고지 방법 중 2가지 이상의 방법으로 고지하여 드립니다.
                    특히 카드 신규 출시 이후 3년 이상 경과했고, 해당 카드의 수익성 유지가 어려워져 부가서비스를 변경하는 경우에는 변경일 6개월 전부터 2가지 이상의 방법으로 매월 개별 고지해
                    드립니다. 개별 고지 방법 : 서면 교부, 우편 또는 이메일, 전화 또는 팩스, 휴대폰 메시지 또는 이에 준하는 전자적 의사표시
  - 개별 고지 방법 : 서면 교부, 우편 또는 이메일, 전화 또는 팩스, 휴대폰 메시지 또는 이에 준하는 전자적 의사표시
연회비는 카드 발급 시 선청구됩니다.
카드 연회비(기본연회비+제휴연회비)는 보유 카드별로 청구됩니다.
카드 이용 대금 연체 시 약정 금리 + 연체 가산 금리 3%의 연체 금리가 적용됩니다. (회원별, 이용 상품별 차등 적용/법정 최고 금리 20% 이내) 단, 연체 발생 시점에 약정 금리가 없는 경우 아래와 같이 적용 일시불 : 거래 발생 시점 기준 최소 기간(2개월)의 유이자 할부 약정 금리 + 연체 가산 금리 3% 무이자 할부 : 거래 발생 시점 기준 동일한 할부 계약 기간의 유이자 할부 약정 금리 + 연체 가산 금리 3%
  - 일시불 : 거래 발생 시점 기준 최소 기간(2개월)의 유이자 할부 약정 금리 + 연체 가산 금리 3%
  - 무이자 할부 : 거래 발생 시점 기준 동일한 할부 계약 기간의 유이자 할부 약정 금리 + 연체 가산 금리 3%
상환 능력에 비해 신용카드 이용금액이 과도할 경우, 귀하의 개인신용평점이 하락할 수 있습니다.
개인신용평점 하락 시 금융거래와 관련된 불이익이 발생할 수 있습니다.
일정 기간 원리금을 연체할 경우, 모든 원리금을 변제할 의무가 발생할 수 있습니다.
신용카드 발급이 부적정한 경우(연체금 보유, 개인신용평점 낮음 등) 카드 발급이 제한될 수 있습니다.
카드 이용대금과 이에 수반되는 모든 수수료를 지정된 대금 결제일에 상환합니다.
금융소비자는 금융소비자보호법 제19조 제1항에 따라 해당 상품 또는 서비스에 대하여 설명을 받을 권리가 있습니다.
자세한 내용 및 이용 조건은 카드 신청 전 현대카드 홈페이지 및 상품설명서, 약관 참고
준법감시심의필 제 260511-045호 (2026.05.11 ~ 2027.05.10)
여신금융협회 심의필 제 2026-C1h-05157호 (2026.04.13 ~ 2027.04.12)",2026-06-04 06:04:54
SGE2_N0001,SGE2,"[카드 이용 유의사항]

[해외 결제 이용 안내]
해외 이용 시(해외사이트 거래 포함) 미화(USD) 기준 거래미화금액에 접수일의(신한은행) 최초 고시 전신환매도율을 적용한 후, 국제브랜드사가 부과하는 국제브랜드 수수료(VISA 1.1%)와 현대카드가 부과하는 해외서비스 수수료(0.18%)를 포함하여 원화로 청구됩니다.
단, 국제브랜드 수수료는 국제브랜드사 정책에 따라 변경될 수 있습니다.
해외 이용 시 청구금액 산출 방법
＊해외 이용 시 청구금액=(거래미화금액ⅹ전신환매도율¹)+국제브랜드 수수료²+해외서비스 수수료³
1. 전신환매도율 : 접수일의 신한은행 최초 고시 전신환매도율
2. 국제브랜드 수수료=(거래미화금액ⅹ국제브랜드 수수료율 1.1%)ⅹ전신환매도율
3. 해외서비스 수수료=(거래미화금액ⅹ해외서비스 수수료율 0.18%)ⅹ전신환매도율
해외 가맹점에서 원화거래(DCC) 시 추가 수수료가 부과되므로 현지통화 또는 미화로 거래하시기 바랍니다.
해외원화결제차단서비스 신청 방법
홈페이지 > 혜택 > 해외 이용 혜택 > 해외원화결제차단서비스
앱 > 메뉴(좌측 상단) > 카드 관리 > 해외원화결제차단 신청

[기타 안내]
결제계좌 개설기관의 영업 마감시간(오후 4시) 이후 결제계좌에 입금된 금액에 대해서는 결제계좌 개설기관의 사정에 따라 당일 출금되지 못하여 연체로 처리될 수 있으니 유의하시기 바랍니다.
자동납부 업무 마감시간 이후 당사 홈페이지 및 앱에서 즉시결제 또는 입금전용(가상)계좌 입금(송금납부)을 통해 당일 결제가 가능합니다.
(카드대금 납부 관련 자세한 내용은 홈페이지 > My Account > 이용내역 > 이용대금명세서 또는 앱 > 메뉴(좌측 상단) > 이용내역 > 이용대금명세서 참고)

[민원 접수 안내]
현대카드 홈페이지, 고객센터, 팩스, 이메일 또는 방문, 우편을 통해 가능
홈페이지 > 고객지원 > 소비자보호 > 전자민원 접수
고객센터 1577-6000(해외 82-2-3015-9000)
팩스 02-2165-9454
이메일 hc_VOC@hyundaicard.com
방문/우편 서울시 영등포구 의사당대로 3 현대카드빌딩 카드소비자보호팀 담당자

[문자메시지 전송서비스]
카드 승인내역 및 누적 이용금액을 실시간 문자메시지로 확인
월 300원 이용료 부담
5만원 이상 결제 건에 한해 문자메시지 무료 전송
신청 방법
홈페이지 > My Account > 이용내역 > 카드이용알림서비스
앱 > 메뉴(좌측 상단) > 이용내역 > 카드이용알림서비스
고객센터 1577-6000

[이용 안내]
모든 가맹점은 현대카드 가맹점 등록 및 업종 분류 기준입니다.
당사는 상품설명서의 내용을 준수합니다.
동일 기간 내 다수의 신용카드를 신청할 경우 개인 신용등급 또는 개인신용평점, 이용한도 등에 영향을 미칠 수 있습니다.
카드 이용 시 제공되는 포인트 및 할인 혜택 등의 부가서비스는 카드 신규 출시(2022년 5월 16일) 이후 다음과 같은 사유를 제외하고는 변경할 수 없습니다. 상기에도 불구하고 다음과 같은 사유가 발생한 경우 카드사는 부가서비스를 변경할 수 있습니다. 카드사의 휴업·파산·경영상의 위기 등에 따른 불가피한 경우 제휴업체의 휴업·파산·경영상의 위기로 인해 불가피하게 부가서비스를 축소·변경하는 경우로서 다른 제휴업체를 통해 동종의 유사한 부가서비스 제공이 불가한 경우 제휴업체가 카드사의 의사에 반하여 해당 부가서비스를 축소하거나 변경 시, 당초 부가서비스에 상응하는 다른 부가서비스를 제공하는 경우 부가서비스를 3년 이상 제공한 상태에서 해당 부가서비스로 인해 상품의 수익성이 현저히 낮아진 경우
  - 카드사의 휴업·파산·경영상의 위기 등에 따른 불가피한 경우
  - 제휴업체의 휴업·파산·경영상의 위기로 인해 불가피하게 부가서비스를 축소·변경하는 경우로서 다른 제휴업체를 통해 동종의 유사한 부가서비스 제공이 불가한 경우
  - 제휴업체가 카드사의 의사에 반하여 해당 부가서비스를 축소하거나 변경 시, 당초 부가서비스에 상응하는 다른 부가서비스를 제공하는 경우
  - 부가서비스를 3년 이상 제공한 상태에서 해당 부가서비스로 인해 상품의 수익성이 현저히 낮아진 경우
카드사가 부가서비스를 변경하는 경우에는 부가서비스 변경 사유, 변경 내용 등을 사유 발생 즉시 홈페이지에 게시하고 개별 고지 방법 중 서로 다른 2가지 이상의 방법으로 고지하여 드립니다. 특히 카드 신규 출시 이후 3년이상 경과했고, 해당 카드의 수익성 유지가 어려워져 부가서비스를 변경하는 경우에는 변경일 6개월 전부터 서로 다른 2가지 이상의 방법으로 매월 개별 고지해 드립니다. 개별 고지 방법 : 서면 교부, 우편 또는 이메일, 전화 또는 팩스, 휴대폰 메시지 또는 이에 준하는 전자적 의사표시
  - 개별 고지 방법 : 서면 교부, 우편 또는 이메일, 전화 또는 팩스, 휴대폰 메시지 또는 이에 준하는 전자적 의사표시
연회비는 카드 발급 시 선청구됩니다.
카드 연회비(기본연회비 + 제휴연회비)는 보유 카드별로 청구됩니다.
카드 이용대금 연체 시 약정금리 + 연체가산금리 3%의 연체이자율이 적용됩니다.(회원별, 이용 상품별 차등 적용/법정 최고금리 20% 이내) 단, 연체 발생시점에 약정금리가 없는 경우 아래와 같이 적용 일시불 : 거래 발생시점 기준 최소 기간(2개월)의 유이자할부 약정금리 + 연체가산금리 3% 무이자할부 : 거래 발생시점 기준 동일한 할부 계약 기간의 유이자할부 약정금리 + 연체가산금리 3%
  - 일시불 : 거래 발생시점 기준 최소 기간(2개월)의 유이자할부 약정금리 + 연체가산금리 3%
  - 무이자할부 : 거래 발생시점 기준 동일한 할부 계약 기간의 유이자할부 약정금리 + 연체가산금리 3%
상환 능력에 비해 신용카드 이용금액이 과도할 경우, 귀하의 개인신용평점이 하락할 수 있습니다.
개인신용평점 하락 시 금융거래와 관련된 불이익이 발생할 수 있습니다.
일정 기간 원리금을 연체할 경우, 모든 원리금을 변제할 의무가 발생할 수 있습니다.
신용카드 발급이 부적정한 경우(연체금 보유, 개인신용평점 낮음 등) 카드 발급이 제한될 수 있습니다.
카드 이용대금과 이에 수반되는 모든 수수료를 지정된 대금 결제일에 상환합니다.
금융소비자는 금융소비자보호법 제19조 제1항에 따라 해당 상품 또는 서비스에 대하여 설명을 받을 권리가 있습니다.
자세한 내용 및 이용 조건은 카드 신청 전 현대카드 홈페이지 및 상품설명서, 약관 참고
준법감시심의필 제 251215-019호 (2025.12.15~2026.12.14)
여신금융협회 심의필 제 2025-C1h-18285호 (2025.12.22~2026.12.21)",2026-06-04 06:05:25
YSHC_N0001,YSHC,"[카드 이용 유의사항]

[해외 결제 이용 안내]
해외 이용 시(해외사이트 거래 포함) 미화(USD) 기준 거래미화금액에 접수일의(신한은행) 최초 고시
										전신환매도율을 적용한 후, 국제브랜드사가 부과하는 국제브랜드 수수료(VISA 1.1%, MasterCard 1%)와 현대카드가 부과하는
										해외서비스 수수료(0.18%)를 포함하여 원화로 청구됩니다. 단, 국제브랜드 수수료는 국제브랜드사 정책에 따라 변경될 수 있습니다.
해외 이용 시 청구금액 산출 방법
* 해외 이용 시 청구금액=(거래미화금액ⅹ전신환매도율¹)+국제브랜드 수수료²+해외서비스 수수료³
1. 전신환매도율 : 접수일의 신한은행 최초 고시 전신환매도율
2. 국제브랜드 수수료=(거래미화금액ⅹ국제브랜드 수수료율 1~1.1%) 전신환매도율
3. 해외서비스 수수료=(거래미화금액ⅹ해외서비스 수수료율 0.18%)ⅹ전신환매도율
해외 가맹점에서 원화거래(DCC) 시 추가 수수료가 부과되므로 현지통화 또는 미화로 거래하시기 바랍니다.
해외원화결제차단서비스 신청 방법
홈페이지 > My Account > 케어·안심서비스 > 해외원화결제차단서비스
현대카드 앱 > 메뉴바 > 해외원화결제차단서비스/Lock & Limit

[기타 안내]
결제계좌 개설기관의 영업 마감시간(오후 4시) 이후 결제계좌에 입금된 금액에 대해서는 결제계좌 개설기관의 사정에 따라 당일 출금되지 못하여
										연체로 처리될 수 있으니 유의하시기 바랍니다.
자동납부 업무 마감시간 이후 당사 홈페이지, 모바일웹 및 앱에서 즉시결제 또는 입금전용(가상)계좌 입금(송금납부)을 통해 당일 결제가
										가능합니다.
(카드대금 납부 관련 자세한 내용은 현대카드 홈페이지 > My Account 또는 현대카드 앱 > 메뉴바 > 이용대금명세서
										참고)

[민원 접수 안내]
현대카드 홈페이지, 고객센터, 팩스, 이메일 또는 방문, 우편을 통해 가능
홈페이지
www.hyundaicard.com
고객센터 1577-6000(해외 82-2-3015-9000)
팩스 02-2165-9454
이메일 hc_VOC@hyundaicard.com
방문/우편 서울시 영등포구 의사당대로 3 현대캐피탈빌딩 카드소비자보호팀 담당자

[이용 안내]
모든 가맹점은 현대카드 가맹점 등록 및 업종 분류 기준입니다.
당사는 상품설명서의 내용을 준수합니다.
동일 기간 내 다수의 신용카드를 신청할 경우 개인신용평점, 이용 한도 등에 영향을 미칠 수 있습니다.
카드 이용 시 제공되는 포인트 및 할인 혜택 등의 부가서비스는 카드 신규 출시(2021년 4월 27일) 이후 다음과 같은 사유를 제외하고는 변경할 수 없습니다. 카드사의 휴업·파산·경영상의 위기 등에 따른 불가피한 경우 제휴업체의 휴업·파산·경영상의 위기로 인해 불가피하게 부가서비스를 축소ㆍ변경하는 경우로서 다른 제휴업체를 통해 동종의 유사한 부가서비스 제공이 불가한 경우 제휴업체가 카드사의 의사에 반하여 해당 부가서비스를 축소하거나 변경 시, 당초 부가서비스에 상응하는 다른 부가서비스를 제공하는 경우 부가서비스를 3년 이상 제공한 상태에서 해당 부가서비스로 인해 상품의 수익성이 현저히 낮아진 경우
  - 카드사의 휴업·파산·경영상의 위기 등에 따른 불가피한 경우
  - 제휴업체의 휴업·파산·경영상의 위기로 인해 불가피하게 부가서비스를 축소ㆍ변경하는 경우로서 다른 제휴업체를 통해 동종의 유사한 부가서비스 제공이 불가한 경우
  - 제휴업체가 카드사의 의사에 반하여 해당 부가서비스를 축소하거나 변경 시, 당초 부가서비스에 상응하는 다른 부가서비스를 제공하는 경우
  - 부가서비스를 3년 이상 제공한 상태에서 해당 부가서비스로 인해 상품의 수익성이 현저히 낮아진 경우
카드사가 부가서비스를 변경하는 경우에는 부가서비스 변경 사유, 변경 내용 등을 사유 발생 즉시 홈페이지에 게시하고, 개별 고지 방법 중 2가지 이상의 방법으로 고지하여 드립니다.
					특히 카드 신규 출시 이후 3년 이상 경과했고, 해당 카드의 수익성 유지가 어려워져 부가서비스를 변경하는 경우에는 변경일 6개월 전부터 2가지 이상의 방법으로 매월 개별 고지해
					드립니다. 개별 고지 방법 : 서면 교부, 우편 또는 이메일, 전화 또는 팩스, 휴대폰 메시지 또는 이에 준하는 전자적 의사표시
  - 개별 고지 방법 : 서면 교부, 우편 또는 이메일, 전화 또는 팩스, 휴대폰 메시지 또는 이에 준하는 전자적 의사표시
카드 신청 전 상품설명서와 약관 내용을 반드시 읽어보시기 바랍니다.
연회비는 카드 발급 시 선청구됩니다.
카드 연회비(기본연회비 + 제휴연회비)는 보유 카드별로 청구됩니다.
카드 이용대금 연체 시 약정금리 + 연체가산금리 3%의 연체 금리가 적용됩니다.(회원별, 이용 상품별 차등 적용/법정 최고금리 20% 이내) 단, 연체 발생시점에 약정금리가 없는 경우 아래와 같이 적용 일시불 : 거래 발생시점 기준 최소 기간(2개월)의 유이자할부 약정금리 + 연체가산금리 3% 무이자할부 : 거래 발생시점 기준 동일한 할부 계약 기간의 유이자할부 약정금리 + 연체가산금리 3%
  - 일시불 : 거래 발생시점 기준 최소 기간(2개월)의 유이자할부 약정금리 + 연체가산금리 3%
  - 무이자할부 : 거래 발생시점 기준 동일한 할부 계약 기간의 유이자할부 약정금리 + 연체가산금리 3%
상환 능력에 비해 신용카드 이용금액이 과도할 경우, 귀하의 개인신용평점이 하락할 수 있습니다.
개인신용평점 하락 시 금융거래와 관련된 불이익이 발생할 수 있습니다.
일정 기간 원리금을 연체할 경우, 모든 원리금을 변제할 의무가 발생할 수 있습니다.
신용카드 발급이 부적정한 경우(연체금 보유, 개인신용평점 낮음 등) 카드 발급이 제한될 수 있습니다.
카드 이용대금과 이에 수반되는 모든 수수료를 지정된 대금 결제일에 상환합니다.
금융소비자는 금융소비자보호법 제19조 제1항에 따라 해당 상품 또는 서비스에 대하여 설명을 받을 권리가 있습니다.
자세한 내용 및 이용 조건은 카드 신청 전 현대카드 홈페이지 및 상품설명서, 약관 참고
준법감시심의필 제 260316-041호 (2026.03.16 ~ 2027.03.15)
여신금융협회심의필 제 2026-C1h-03838호 (2026.03.23 ~ 2027.03.22)",2026-06-04 06:05:35
CCM_N0001,CCM,"[카드 이용 유의사항]

[해외 결제 이용 안내]
국내외겸용 카드로 해외 이용 시(해외사이트 거래 포함) 미화(USD) 기준 거래미화금액에 접수일의 (대외결제대행은행) 최초 고시 전신환매도율을 적용한 후, 국제브랜드사가 부과하는 국제브랜드 수수료(Visa 1.1%)와 현대카드가 부과하는 해외서비스 수수료(0.2%)를 포함하여 원화로 청구됩니다. 국제브랜드 수수료 및 대외결제대행은행 관련 자세한 내용은 현대카드 홈페이지를 참고해 주세요.
해외 이용 시 청구 금액 산출 방법
* 해외 이용 시 청구 금액=(거래미화금액 x 전신환매도율¹)+국제브랜드 수수료²+해외서비스 수수료³
1. 전신환매도율 : 접수일의 대외결제대행은행 최초 고시 전신환매도율
2. 국제브랜드 수수료=(거래미화금액 x 국제브랜드 수수료율 1.1%) x 전신환매도율
3. 해외서비스 수수료=(거래미화금액 x 해외서비스 수수료율 0.2%) x 전신환매도율
해외 출금 이용 시 청구 금액 산출 방법
* 해외 이용 시 청구 금액=(거래미화금액 x 전신환매도율¹)+국제브랜드 수수료²+해외서비스 수수료³
1. 전신환매도율 : 현금 인출일의 대외결제대행은행 최초 고시 전신환매도율
2. 국제브랜드 수수료=(거래미화금액 x 국제브랜드 수수료율 1.1%) x 전신환매도율
3. 해외서비스 수수료=출금 건당 USD 3 x 전신환매도율
해외원화결제차단서비스 신청 방법
해외 가맹점에서 원화거래(DCC) 시 추가 수수료가 부과되므로 현지통화 또는 미화로 거래하시기 바랍니다.
홈페이지 > Account > 카드 관리 > 해외원화결제차단서비스
앱 > 메뉴(좌측 상단) > 카드 관리 > 해외원화결제차단 신청

[기타 안내]
결제 계좌 개설기관의 영업 마감 시간(오후 4시) 이후 결제 계좌에 입금된 금액에 대해서는 결제 계좌 개설기관의 사정에 따라 당일 출금되지 못하여 연체로 처리될 수 있으니 유의하시기 바랍니다.
자동납부 업무 마감 시간 이후 현대카드 홈페이지 및 앱에서 즉시결제 또는 입금전용(가상) 계좌 입금(송금납부)을 통해 당일 결제가 가능합니다.
(카드 대금 납부 관련한 자세한 내용은 홈페이지 > Account > 카드 이용 내역 > 이용대금 명세서 또는 앱 > 메뉴(좌측 상단) > 카드 이용 내역 > 이용 대금 명세서 참고)

[민원 접수 안내]
현대카드 홈페이지, 고객센터, 팩스, 이메일 또는 방문, 우편을 통해 가능
홈페이지
> 고객지원 > 소비자보호 > 전자민원 접수
고객센터
1577-6000(해외 82-2-3015-9000)
팩스
02-2165-9454
이메일
hc_VOC@hyundaicard.com
방문/우편
서울시 영등포구 의사당대로 3 현대카드빌딩 카드소비자보호팀 담당자

[이용 안내]
모든 가맹점은 현대카드 가맹점 등록 및 업종 분류 기준입니다.
당사는 상품설명서의 내용을 준수합니다.
동일 기간 내 다수의 신용카드를 신청할 경우 개인신용평점, 이용 한도 등에 영향을 미칠 수 있습니다.
카드 이용 시 제공되는 포인트 및 할인 혜택 등의 부가서비스는 카드 신규 출시(2026년 4월 28일) 이후 다음과 같은 사유를 제외하고는 변경할 수 없습니다. 카드사의 휴업·파산·경영상의 위기 등에 따른 불가피한 경우 제휴업체의 휴업·파산·경영상의 위기로 인해 불가피하게 부가서비스를 축소·변경하는 경우로서 다른 제휴업체를 통해 동종의 유사한 부가서비스 제공이 불가한 경우 제휴업체가 카드사의 의사에 반하여 해당 부가서비스를 축소하거나 변경 시, 당초 부가서비스에 상응하는 다른 부가서비스를 제공하는 경우 부가서비스를 3년 이상 제공한 상태에서 해당 부가서비스로 인해 상품의 수익성이 현저히 낮아진 경우
  - 카드사의 휴업·파산·경영상의 위기 등에 따른 불가피한 경우
  - 제휴업체의 휴업·파산·경영상의 위기로 인해 불가피하게 부가서비스를 축소·변경하는 경우로서 다른 제휴업체를 통해 동종의 유사한 부가서비스 제공이 불가한 경우
  - 제휴업체가 카드사의 의사에 반하여 해당 부가서비스를 축소하거나 변경 시, 당초 부가서비스에 상응하는 다른 부가서비스를 제공하는 경우
  - 부가서비스를 3년 이상 제공한 상태에서 해당 부가서비스로 인해 상품의 수익성이 현저히 낮아진 경우
카드사가 부가서비스를 변경하는 경우에는 부가서비스 변경 사유, 변경 내용 등을 사유 발생 즉시 홈페이지에 게시하고, 개별 고지 방법 중 서로 다른 2가지 이상의 방법으로 고지하여 드립니다. 특히 카드 신규 출시 이후 3년 이상 경과했고, 해당 카드의 수익성 유지가 어려워져 부가서비스를 변경하는 경우에는 변경일 6개월 전부터 서로 다른 2가지 이상의 방법으로 매월 개별 고지해 드립니다. 개별 고지 방법 : 서면 교부, 우편 또는 이메일, 전화 또는 팩스, 휴대폰 메시지 또는 이에 준하는 전자적 의사표시
  - 개별 고지 방법 : 서면 교부, 우편 또는 이메일, 전화 또는 팩스, 휴대폰 메시지 또는 이에 준하는 전자적 의사표시
연회비는 카드 발급 시 선청구됩니다.
카드 연회비(기본연회비+제휴연회비)는 보유 카드별로 청구됩니다.
카드 이용 대금 연체 시 약정 금리 + 연체 가산 금리 3%의 연체 금리가 적용됩니다. (회원별, 이용 상품별 차등 적용/법정 최고 금리 20% 이내) 단, 연체 발생 시점에 약정 금리가 없는 경우 아래와 같이 적용 일시불 : 거래 발생 시점 기준 최소 기간(2개월)의 유이자 할부 약정 금리 + 연체 가산 금리 3% 무이자 할부 : 거래 발생 시점 기준 동일한 할부 계약 기간의 유이자 할부 약정 금리 + 연체 가산 금리 3%
  - 일시불 : 거래 발생 시점 기준 최소 기간(2개월)의 유이자 할부 약정 금리 + 연체 가산 금리 3%
  - 무이자 할부 : 거래 발생 시점 기준 동일한 할부 계약 기간의 유이자 할부 약정 금리 + 연체 가산 금리 3%
상환 능력에 비해 신용카드 이용금액이 과도할 경우, 귀하의 개인신용평점이 하락할 수 있습니다.
개인신용평점 하락 시 금융거래와 관련된 불이익이 발생할 수 있습니다.
일정 기간 원리금을 연체할 경우, 모든 원리금을 변제할 의무가 발생할 수 있습니다.
신용카드 발급이 부적정한 경우(연체금 보유, 개인신용평점 낮음 등) 카드 발급이 제한될 수 있습니다.
카드 이용대금과 이에 수반되는 모든 수수료를 지정된 대금 결제일에 상환합니다.
금융소비자는 금융소비자보호법 제19조 제1항에 따라 해당 상품 또는 서비스에 대하여 설명을 받을 권리가 있습니다.
자세한 내용 및 이용 조건은 카드 신청 전 현대카드 홈페이지 및 상품설명서, 약관 참고
준법감시심의필 제 260331-007호 (2026.03.31 ~ 2027.03.30)",2026-06-04 06:06:35
CCD_N0001,CCD,"[카드 이용 유의사항]

[해외 결제 이용 안내]
국내외겸용 카드로 해외 이용 시(해외사이트 거래 포함) 미화(USD) 기준 거래미화금액에 접수일의 (대외결제대행은행) 최초 고시 전신환매도율을 적용한 후, 국제브랜드사가 부과하는 국제브랜드 수수료(Visa 1.1%)와 현대카드가 부과하는 해외서비스 수수료(0.2%)를 포함하여 원화로 청구됩니다. 국제브랜드 수수료 및 대외결제대행은행 관련 자세한 내용은 현대카드 홈페이지를 참고해 주세요.
해외 이용 시 청구 금액 산출 방법
* 해외 이용 시 청구 금액=(거래미화금액 x 전신환매도율¹)+국제브랜드 수수료²+해외서비스 수수료³
1. 전신환매도율 : 접수일의 대외결제대행은행 최초 고시 전신환매도율
2. 국제브랜드 수수료=(거래미화금액 x 국제브랜드 수수료율 1.1%) x 전신환매도율
3. 해외서비스 수수료=(거래미화금액 x 해외서비스 수수료율 0.2%) x 전신환매도율
해외 출금 이용 시 청구 금액 산출 방법
* 해외 이용 시 청구 금액=(거래미화금액 x 전신환매도율¹)+국제브랜드 수수료²+해외서비스 수수료³
1. 전신환매도율 : 현금 인출일의 대외결제대행은행 최초 고시 전신환매도율
2. 국제브랜드 수수료=(거래미화금액 x 국제브랜드 수수료율 1.1%) x 전신환매도율
3. 해외서비스 수수료=출금 건당 USD 3 x 전신환매도율
해외원화결제차단서비스 신청 방법
해외 가맹점에서 원화거래(DCC) 시 추가 수수료가 부과되므로 현지통화 또는 미화로 거래하시기 바랍니다.
홈페이지 > Account > 카드 관리 > 해외원화결제차단서비스
앱 > 메뉴(좌측 상단) > 카드 관리 > 해외원화결제차단 신청

[기타 안내]
결제 계좌 개설기관의 영업 마감 시간(오후 4시) 이후 결제 계좌에 입금된 금액에 대해서는 결제 계좌 개설기관의 사정에 따라 당일 출금되지 못하여 연체로 처리될 수 있으니 유의하시기 바랍니다.
자동납부 업무 마감 시간 이후 현대카드 홈페이지 및 앱에서 즉시결제 또는 입금전용(가상) 계좌 입금(송금납부)을 통해 당일 결제가 가능합니다.
(카드 대금 납부 관련한 자세한 내용은 홈페이지 > Account > 카드 이용 내역 > 이용대금 명세서 또는 앱 > 메뉴(좌측 상단) > 카드 이용 내역 > 이용 대금 명세서 참고)

[민원 접수 안내]
현대카드 홈페이지, 고객센터, 팩스, 이메일 또는 방문, 우편을 통해 가능
홈페이지
> 고객지원 > 소비자보호 > 전자민원 접수
고객센터
1577-6000(해외 82-2-3015-9000)
팩스
02-2165-9454
이메일
hc_VOC@hyundaicard.com
방문/우편
서울시 영등포구 의사당대로 3 현대카드빌딩 카드소비자보호팀 담당자

[이용 안내]
모든 가맹점은 현대카드 가맹점 등록 및 업종 분류 기준입니다.
당사는 상품설명서의 내용을 준수합니다.
동일 기간 내 다수의 신용카드를 신청할 경우 개인신용평점, 이용 한도 등에 영향을 미칠 수 있습니다.
카드 이용 시 제공되는 포인트 및 할인 혜택 등의 부가서비스는 카드 신규 출시(2026년 4월 28일) 이후 다음과 같은 사유를 제외하고는 변경할 수 없습니다. 카드사의 휴업·파산·경영상의 위기 등에 따른 불가피한 경우 제휴업체의 휴업·파산·경영상의 위기로 인해 불가피하게 부가서비스를 축소·변경하는 경우로서 다른 제휴업체를 통해 동종의 유사한 부가서비스 제공이 불가한 경우 제휴업체가 카드사의 의사에 반하여 해당 부가서비스를 축소하거나 변경 시, 당초 부가서비스에 상응하는 다른 부가서비스를 제공하는 경우 부가서비스를 3년 이상 제공한 상태에서 해당 부가서비스로 인해 상품의 수익성이 현저히 낮아진 경우
  - 카드사의 휴업·파산·경영상의 위기 등에 따른 불가피한 경우
  - 제휴업체의 휴업·파산·경영상의 위기로 인해 불가피하게 부가서비스를 축소·변경하는 경우로서 다른 제휴업체를 통해 동종의 유사한 부가서비스 제공이 불가한 경우
  - 제휴업체가 카드사의 의사에 반하여 해당 부가서비스를 축소하거나 변경 시, 당초 부가서비스에 상응하는 다른 부가서비스를 제공하는 경우
  - 부가서비스를 3년 이상 제공한 상태에서 해당 부가서비스로 인해 상품의 수익성이 현저히 낮아진 경우
카드사가 부가서비스를 변경하는 경우에는 부가서비스 변경 사유, 변경 내용 등을 사유 발생 즉시 홈페이지에 게시하고, 개별 고지 방법 중 서로 다른 2가지 이상의 방법으로 고지하여 드립니다. 특히 카드 신규 출시 이후 3년 이상 경과했고, 해당 카드의 수익성 유지가 어려워져 부가서비스를 변경하는 경우에는 변경일 6개월 전부터 서로 다른 2가지 이상의 방법으로 매월 개별 고지해 드립니다. 개별 고지 방법 : 서면 교부, 우편 또는 이메일, 전화 또는 팩스, 휴대폰 메시지 또는 이에 준하는 전자적 의사표시
  - 개별 고지 방법 : 서면 교부, 우편 또는 이메일, 전화 또는 팩스, 휴대폰 메시지 또는 이에 준하는 전자적 의사표시
연회비는 카드 발급 시 선청구됩니다.
카드 연회비(기본연회비+제휴연회비)는 보유 카드별로 청구됩니다.
카드 이용 대금 연체 시 약정 금리 + 연체 가산 금리 3%의 연체 금리가 적용됩니다. (회원별, 이용 상품별 차등 적용/법정 최고 금리 20% 이내) 단, 연체 발생 시점에 약정 금리가 없는 경우 아래와 같이 적용 일시불 : 거래 발생 시점 기준 최소 기간(2개월)의 유이자 할부 약정 금리 + 연체 가산 금리 3% 무이자 할부 : 거래 발생 시점 기준 동일한 할부 계약 기간의 유이자 할부 약정 금리 + 연체 가산 금리 3%
  - 일시불 : 거래 발생 시점 기준 최소 기간(2개월)의 유이자 할부 약정 금리 + 연체 가산 금리 3%
  - 무이자 할부 : 거래 발생 시점 기준 동일한 할부 계약 기간의 유이자 할부 약정 금리 + 연체 가산 금리 3%
상환 능력에 비해 신용카드 이용금액이 과도할 경우, 귀하의 개인신용평점이 하락할 수 있습니다.
개인신용평점 하락 시 금융거래와 관련된 불이익이 발생할 수 있습니다.
일정 기간 원리금을 연체할 경우, 모든 원리금을 변제할 의무가 발생할 수 있습니다.
신용카드 발급이 부적정한 경우(연체금 보유, 개인신용평점 낮음 등) 카드 발급이 제한될 수 있습니다.
카드 이용대금과 이에 수반되는 모든 수수료를 지정된 대금 결제일에 상환합니다.
금융소비자는 금융소비자보호법 제19조 제1항에 따라 해당 상품 또는 서비스에 대하여 설명을 받을 권리가 있습니다.
자세한 내용 및 이용 조건은 카드 신청 전 현대카드 홈페이지 및 상품설명서, 약관 참고
준법감시심의필 제 260331-003호 (2026.03.31 ~ 2027.03.30)",2026-06-04 06:06:45
CCMH_N0001,CCMH,"[카드 이용 유의사항]

[해외 결제 이용 안내]
국내외겸용 카드로 해외 이용 시(해외사이트 거래 포함) 미화(USD) 기준 거래미화금액에 접수일의 (대외결제대행은행) 최초 고시 전신환매도율을 적용한 후, 국제브랜드사가 부과하는 국제브랜드 수수료(Visa 1.1%)와 현대카드가 부과하는 해외서비스 수수료(0.2%)를 포함하여 원화로 청구됩니다. 국제브랜드 수수료 및 대외결제대행은행 관련 자세한 내용은 현대카드 홈페이지를 참고해 주세요.
해외 이용 시 청구 금액 산출 방법
* 해외 이용 시 청구 금액=(거래미화금액 x 전신환매도율¹)+국제브랜드 수수료²+해외서비스 수수료³
1. 전신환매도율 : 접수일의 대외결제대행은행 최초 고시 전신환매도율
2. 국제브랜드 수수료=(거래미화금액 x 국제브랜드 수수료율 1.1%) x 전신환매도율
3. 해외서비스 수수료=(거래미화금액 x 해외서비스 수수료율 0.2%) x 전신환매도율
해외 출금 이용 시 청구 금액 산출 방법
* 해외 이용 시 청구 금액=(거래미화금액 x 전신환매도율¹)+국제브랜드 수수료²+해외서비스 수수료³
1. 전신환매도율 : 현금 인출일의 대외결제대행은행 최초 고시 전신환매도율
2. 국제브랜드 수수료=(거래미화금액 x 국제브랜드 수수료율 1.1%) x 전신환매도율
3. 해외서비스 수수료=출금 건당 USD 3 x 전신환매도율
해외원화결제차단서비스 신청 방법
해외 가맹점에서 원화거래(DCC) 시 추가 수수료가 부과되므로 현지통화 또는 미화로 거래하시기 바랍니다.
홈페이지 > Account > 카드 관리 > 해외원화결제차단서비스
앱 > 메뉴(좌측 상단) > 카드 관리 > 해외원화결제차단 신청

[기타 안내]
결제 계좌 개설기관의 영업 마감 시간(오후 4시) 이후 결제 계좌에 입금된 금액에 대해서는 결제 계좌 개설기관의 사정에 따라 당일 출금되지 못하여 연체로 처리될 수 있으니 유의하시기 바랍니다.
자동납부 업무 마감 시간 이후 현대카드 홈페이지 및 앱에서 즉시결제 또는 입금전용(가상) 계좌 입금(송금납부)을 통해 당일 결제가 가능합니다.
(카드 대금 납부 관련한 자세한 내용은 홈페이지 > Account > 카드 이용 내역 > 이용대금 명세서 또는 앱 > 메뉴(좌측 상단) > 카드 이용 내역 > 이용 대금 명세서 참고)

[민원 접수 안내]
현대카드 홈페이지, 고객센터, 팩스, 이메일 또는 방문, 우편을 통해 가능
홈페이지
> 고객지원 > 소비자보호 > 전자민원 접수
고객센터
1577-6000(해외 82-2-3015-9000)
팩스
02-2165-9454
이메일
hc_VOC@hyundaicard.com
방문/우편
서울시 영등포구 의사당대로 3 현대카드빌딩 카드소비자보호팀 담당자

[이용 안내]
모든 가맹점은 현대카드 가맹점 등록 및 업종 분류 기준입니다.
당사는 상품설명서의 내용을 준수합니다.
동일 기간 내 다수의 신용카드를 신청할 경우 개인신용평점, 이용 한도 등에 영향을 미칠 수 있습니다.
카드 이용 시 제공되는 포인트 및 할인 혜택 등의 부가서비스는 카드 신규 출시(2026년 4월 28일) 이후 다음과 같은 사유를 제외하고는 변경할 수 없습니다. 카드사의 휴업·파산·경영상의 위기 등에 따른 불가피한 경우 제휴업체의 휴업·파산·경영상의 위기로 인해 불가피하게 부가서비스를 축소·변경하는 경우로서 다른 제휴업체를 통해 동종의 유사한 부가서비스 제공이 불가한 경우 제휴업체가 카드사의 의사에 반하여 해당 부가서비스를 축소하거나 변경 시, 당초 부가서비스에 상응하는 다른 부가서비스를 제공하는 경우 부가서비스를 3년 이상 제공한 상태에서 해당 부가서비스로 인해 상품의 수익성이 현저히 낮아진 경우
  - 카드사의 휴업·파산·경영상의 위기 등에 따른 불가피한 경우
  - 제휴업체의 휴업·파산·경영상의 위기로 인해 불가피하게 부가서비스를 축소·변경하는 경우로서 다른 제휴업체를 통해 동종의 유사한 부가서비스 제공이 불가한 경우
  - 제휴업체가 카드사의 의사에 반하여 해당 부가서비스를 축소하거나 변경 시, 당초 부가서비스에 상응하는 다른 부가서비스를 제공하는 경우
  - 부가서비스를 3년 이상 제공한 상태에서 해당 부가서비스로 인해 상품의 수익성이 현저히 낮아진 경우
카드사가 부가서비스를 변경하는 경우에는 부가서비스 변경 사유, 변경 내용 등을 사유 발생 즉시 홈페이지에 게시하고, 개별 고지 방법 중 서로 다른 2가지 이상의 방법으로 고지하여 드립니다. 특히 카드 신규 출시 이후 3년 이상 경과했고, 해당 카드의 수익성 유지가 어려워져 부가서비스를 변경하는 경우에는 변경일 6개월 전부터 서로 다른 2가지 이상의 방법으로 매월 개별 고지해 드립니다. 개별 고지 방법 : 서면 교부, 우편 또는 이메일, 전화 또는 팩스, 휴대폰 메시지 또는 이에 준하는 전자적 의사표시
  - 개별 고지 방법 : 서면 교부, 우편 또는 이메일, 전화 또는 팩스, 휴대폰 메시지 또는 이에 준하는 전자적 의사표시
연회비는 카드 발급 시 선청구됩니다.
카드 연회비(기본연회비+제휴연회비)는 보유 카드별로 청구됩니다.
카드 이용 대금 연체 시 약정 금리 + 연체 가산 금리 3%의 연체 금리가 적용됩니다. (회원별, 이용 상품별 차등 적용/법정 최고 금리 20% 이내) 단, 연체 발생 시점에 약정 금리가 없는 경우 아래와 같이 적용 일시불 : 거래 발생 시점 기준 최소 기간(2개월)의 유이자 할부 약정 금리 + 연체 가산 금리 3% 무이자 할부 : 거래 발생 시점 기준 동일한 할부 계약 기간의 유이자 할부 약정 금리 + 연체 가산 금리 3%
  - 일시불 : 거래 발생 시점 기준 최소 기간(2개월)의 유이자 할부 약정 금리 + 연체 가산 금리 3%
  - 무이자 할부 : 거래 발생 시점 기준 동일한 할부 계약 기간의 유이자 할부 약정 금리 + 연체 가산 금리 3%
상환 능력에 비해 신용카드 이용금액이 과도할 경우, 귀하의 개인신용평점이 하락할 수 있습니다.
개인신용평점 하락 시 금융거래와 관련된 불이익이 발생할 수 있습니다.
일정 기간 원리금을 연체할 경우, 모든 원리금을 변제할 의무가 발생할 수 있습니다.
신용카드 발급이 부적정한 경우(연체금 보유, 개인신용평점 낮음 등) 카드 발급이 제한될 수 있습니다.
카드 이용대금과 이에 수반되는 모든 수수료를 지정된 대금 결제일에 상환합니다.
금융소비자는 금융소비자보호법 제19조 제1항에 따라 해당 상품 또는 서비스에 대하여 설명을 받을 권리가 있습니다.
자세한 내용 및 이용 조건은 카드 신청 전 현대카드 홈페이지 및 상품설명서, 약관 참고
준법감시심의필 제 260416-053호 (2026.04.16 ~ 2027.04.15)
여신금융협회 심의필 제 2026-C1h-05840호 (2026.04.23 ~ 2027.04.22)",2026-06-04 06:08:25
HCD_N0001,HCD,"[카드 이용 유의사항]

[해외 결제 이용 안내]
국내외겸용 카드로 해외 이용 시(해외사이트 거래 포함) 미화(USD) 기준 거래미화금액에 접수일의 (대외결제대행은행) 최초 고시 전신환매도율을 적용한 후, 국제브랜드사가 부과하는 국제브랜드 수수료(Visa 1.1%/Amex 1.4%)와 현대카드가 부과하는 해외서비스 수수료(0.2%)를 포함하여 원화로 청구됩니다. 국제브랜드 수수료 및 대외결제대행은행 관련 자세한 내용은 현대카드 홈페이지를 참고해 주세요.
해외 이용 시 청구 금액 산출 방법
* 해외 이용 시 청구 금액=(거래미화금액 x 전신환매도율¹)+국제브랜드 수수료²+해외서비스 수수료³
1. 전신환매도율 : 접수일의 대외결제대행은행 최초 고시 전신환매도율
2. 국제브랜드 수수료=(거래미화금액 x 국제브랜드 수수료율 1.1%/1.4%) x 전신환매도율
3. 해외서비스 수수료=(거래미화금액 x 해외서비스 수수료율 0.2%) x 전신환매도율
해외원화결제차단서비스 신청 방법
해외 가맹점에서 원화거래(DCC) 시 추가 수수료가 부과되므로 현지통화 또는 미화로 거래하시기 바랍니다.
홈페이지 > Account > 카드 관리 > 해외원화결제차단서비스
앱 > 메뉴(좌측 상단) > 카드 관리 > 해외원화결제차단 신청

[기타 안내]
결제 계좌 개설기관의 영업 마감 시간(오후 4시) 이후 결제 계좌에 입금된 금액에 대해서는 결제 계좌 개설기관의 사정에 따라 당일 출금되지 못하여 연체로 처리될 수 있으니 유의하시기 바랍니다.
자동납부 업무 마감 시간 이후 현대카드 홈페이지 및 앱에서 즉시결제 또는 입금전용(가상)계좌 입금(송금납부)을 통해 당일 결제가 가능합니다.
(카드 대금 납부 관련한 자세한 내용은 홈페이지 > Account > 카드 이용 내역 > 이용 대금 명세서 또는 앱 > 메뉴(좌측 상단) > 카드 이용 내역 > 이용 대금 명세서 참고)

[민원 접수 안내]
현대카드 홈페이지, 고객센터, 팩스, 이메일 또는 방문, 우편을 통해 가능
홈페이지 > 고객 지원 > 소비자보호 > 전자민원 접수
고객센터 : 1577-6000(해외 82-2-3015-9000)
팩스 : 02-2165-9454
이메일 : hc_VOC@hyundaicard.com
방문/우편 : 서울시 영등포구 의사당대로 3 현대카드빌딩 카드소비자보호팀 담당자

[가족 카드 이용 안내]
가족 카드 연회비는 각 상품별 연회비 부과 기준을 따름
가족 회원 기준 5매까지 발급 가능하며 본인 카드 국제브랜드와 동일하게 발급
부가 서비스별 이용 실적 및 이용 한도는 본인+가족 카드 합산 적용되며, 그 외 이용 기준은 본인 카드와 동일
연말정산 시 가족 카드 이용 금액은 가족 회원(카드 플레이트에 표기된 명의자)의 이용 금액에 포함되며, 연간 소득 금액은 국세청 기준에 따름
본인 회원이 가족 카드 이용 내역에 대한 알림을 받고자 하는 경우 고객센터(1577-6000)를 통해 별도 신청 필요
가족 카드 이용대금명세서는 본인 카드 신청 시 지정한 주소 및 방법과 동일 적용
가족관계 변동(이혼, 사망, 파양 등) 시 현대카드 홈페이지 및 앱, 고객센터를 통해 가족 카드 정지 및 해지 가능
단, 해지의 경우 홈페이지 및 앱은 본인 회원만 가능하며, 정지는 고객센터를 통해서만 가능
홈페이지 > Account > 카드 관리 > 보유 카드 목록 > 해지
앱 > 메뉴(좌측 상단) > 카드 관리 > 보유 카드 목록 > 해지
고객센터 : 1577-6000
본인 회원이 요청할 경우 가족 회원 동의 없이 가족 카드의 한도가 변경되거나 정지/해지될 수 있음
가족관계 변동이 되었음에도 가족 카드 정지 및 해지를 하지 않은 경우 본인 회원에게 의도하지 않은 카드 이용 및 책임이 발생할 수 있음
본인 카드 해지 시 가족 카드도 약 7영업일 후 자동 해지

[이용 안내]
모든 가맹점은 현대카드 가맹점 등록 및 업종 분류 기준입니다.
당사는 상품설명서의 내용을 준수합니다.
동일 기간 내 다수의 신용카드를 신청할 경우 개인신용평점, 이용 한도 등에 영향을 미칠 수 있습니다.
카드 이용 시 제공되는 포인트 및 할인 혜택 등의 부가서비스는 카드 신규 출시(2025년 7월 17일) 이후 다음과 같은 사유를 제외하고는 변경할 수 없습니다. 카드사의 휴업·파산·경영상의 위기 등에 따른 불가피한 경우 제휴업체의 휴업·파산·경영상의 위기로 인해 불가피하게 부가서비스를 축소·변경하는 경우로서 다른 제휴업체를 통해 동종의 유사한 부가서비스 제공이 불가한 경우 제휴업체가 카드사의 의사에 반하여 해당 부가서비스를 축소하거나 변경 시, 당초 부가서비스에 상응하는 다른 부가서비스를 제공하는 경우 부가서비스를 3년 이상 제공한 상태에서 해당 부가서비스로 인해 상품의 수익성이 현저히 낮아진 경우
  - 카드사의 휴업·파산·경영상의 위기 등에 따른 불가피한 경우
  - 제휴업체의 휴업·파산·경영상의 위기로 인해 불가피하게 부가서비스를 축소·변경하는 경우로서 다른 제휴업체를 통해 동종의 유사한 부가서비스 제공이 불가한 경우
  - 제휴업체가 카드사의 의사에 반하여 해당 부가서비스를 축소하거나 변경 시, 당초 부가서비스에 상응하는 다른 부가서비스를 제공하는 경우
  - 부가서비스를 3년 이상 제공한 상태에서 해당 부가서비스로 인해 상품의 수익성이 현저히 낮아진 경우
카드사가 부가서비스를 변경하는 경우에는 부가서비스 변경 사유, 변경 내용 등을 사유 발생 즉시 홈페이지에 게시하고, 개별 고지 방법 중 서로 다른 2가지 이상의 방법으로 고지하여 드립니다. 특히 카드 신규 출시 이후 3년 이상 경과했고, 해당 카드의 수익성 유지가 어려워져 부가서비스를 변경하는 경우에는 변경일 6개월 전부터 서로 다른 2가지 이상의 방법으로 매월 개별 고지해드립니다. 개별 고지 방법 : 서면 교부, 우편 또는 이메일, 전화 또는 팩스, 휴대폰 메시지 또는 이에 준하는 전자적 의사표시
  - 개별 고지 방법 : 서면 교부, 우편 또는 이메일, 전화 또는 팩스, 휴대폰 메시지 또는 이에 준하는 전자적 의사표시
연회비는 카드 발급 시 선청구됩니다.
카드 연회비(기본연회비 + 제휴연회비)는 보유 카드별로 청구됩니다.
카드 이용 대금 연체 시 약정 금리 + 연체 가산 금리 3%의 연체 금리가 적용됩니다.(회원별, 이용 상품별 차등 적용/법정 최고 금리 20% 이내) 단, 연체 발생 시점에 약정 금리가 없는
                    경우 아래와 같이 적용 일시불 : 거래 발생 시점 기준 최소 기간(2개월)의 유이자 할부 약정 금리 + 연체 가산 금리 3% 무이자 할부 : 거래 발생 시점 기준 동일한 할부 계약 기간의 유이자 할부 약정 금리 + 연체 가산 금리 3%
  - 일시불 : 거래 발생 시점 기준 최소 기간(2개월)의 유이자 할부 약정 금리 + 연체 가산 금리 3%
  - 무이자 할부 : 거래 발생 시점 기준 동일한 할부 계약 기간의 유이자 할부 약정 금리 + 연체 가산 금리 3%
상환 능력에 비해 신용카드 이용금액이 과도할 경우, 귀하의 개인신용평점이 하락할 수 있습니다.
개인신용평점 하락 시 금융거래와 관련된 불이익이 발생할 수 있습니다.
일정 기간 원리금을 연체할 경우, 모든 원리금을 변제할 의무가 발생할 수 있습니다.
신용카드 발급이 부적정한 경우(연체금 보유, 개인신용평점 낮음 등) 카드 발급이 제한될 수 있습니다.
카드 이용대금과 이에 수반되는 모든 수수료를 지정된 대금 결제일에 상환합니다.
금융소비자는 금융소비자보호법 제19조 제1항에 따라 해당 상품 또는 서비스에 대하여 설명을 받을 권리가 있습니다.
자세한 내용 및 이용 조건은 카드 신청 전 현대카드 홈페이지 및 상품설명서, 약관 참고
준법감시심의필 제 260326-019호 (2026.03.26 ~ 2027.03.25)
여신금융협회 심의필 제 2026-C1h-04615호 (2026.04.02 ~ 2027.04.01)",2026-06-04 06:19:01
HCS_N0001,HCS,"[카드 이용 유의사항]

[해외 결제 이용 안내]
국내외겸용 카드로 해외 이용 시(해외사이트 거래 포함) 미화(USD) 기준 거래미화금액에 접수일의 (대외결제대행은행) 최초 고시 전신환매도율을 적용한 후, 국제브랜드사가 부과하는 국제브랜드 수수료(Visa 1.1%/Amex 1.4%)와 현대카드가 부과하는 해외서비스 수수료(0.2%)를 포함하여 원화로 청구됩니다. 국제브랜드 수수료 및 대외결제대행은행 관련 자세한 내용은 현대카드 홈페이지를 참고해 주세요.
해외 이용 시 청구 금액 산출 방법
* 해외 이용 시 청구 금액=(거래미화금액 x 전신환매도율¹)+국제브랜드 수수료²+해외서비스 수수료³
1. 전신환매도율 : 접수일의 대외결제대행은행 최초 고시 전신환매도율
2. 국제브랜드 수수료=(거래미화금액 x 국제브랜드 수수료율 1.1%/1.4%) x 전신환매도율
3. 해외서비스 수수료=(거래미화금액 x 해외서비스 수수료율 0.2%) x 전신환매도율
해외원화결제차단서비스 신청 방법
해외 가맹점에서 원화거래(DCC) 시 추가 수수료가 부과되므로 현지통화 또는 미화로 거래하시기 바랍니다.
홈페이지 > Account > 카드 관리 > 해외원화결제차단서비스
앱 > 메뉴(좌측 상단) > 카드 관리 > 해외원화결제차단 신청

[기타 안내]
결제 계좌 개설기관의 영업 마감 시간(오후 4시) 이후 결제 계좌에 입금된 금액에 대해서는 결제 계좌 개설기관의 사정에 따라 당일 출금되지 못하여 연체로 처리될 수 있으니 유의하시기 바랍니다.
자동납부 업무 마감 시간 이후 현대카드 홈페이지 및 앱에서 즉시결제 또는 입금전용(가상)계좌 입금(송금납부)을 통해 당일 결제가 가능합니다.
(카드 대금 납부 관련한 자세한 내용은 홈페이지 > Account > 카드 이용 내역 > 이용 대금 명세서 또는 앱 > 메뉴(좌측 상단) > 카드 이용 내역 > 이용 대금 명세서 참고)

[민원 접수 안내]
현대카드 홈페이지, 고객센터, 팩스, 이메일 또는 방문, 우편을 통해 가능
홈페이지 > 고객 지원 > 소비자보호 > 전자민원 접수
고객센터 : 1577-6000(해외 82-2-3015-9000)
팩스 : 02-2165-9454
이메일 : hc_VOC@hyundaicard.com
방문/우편 : 서울시 영등포구 의사당대로 3 현대카드빌딩 카드소비자보호팀 담당자

[가족 카드 이용 안내]
가족 카드 연회비는 각 상품별 연회비 부과 기준을 따름
가족 회원 기준 5매까지 발급 가능하며 본인 카드 국제브랜드와 동일하게 발급
부가 서비스별 이용 실적 및 이용 한도는 본인+가족 카드 합산 적용되며, 그 외 이용 기준은 본인 카드와 동일
연말정산 시 가족 카드 이용 금액은 가족 회원(카드 플레이트에 표기된 명의자)의 이용 금액에 포함되며, 연간 소득 금액은 국세청 기준에 따름
본인 회원이 가족 카드 이용 내역에 대한 알림을 받고자 하는 경우 고객센터(1577-6000)를 통해 별도 신청 필요
가족 카드 이용대금명세서는 본인 카드 신청 시 지정한 주소 및 방법과 동일 적용
가족관계 변동(이혼, 사망, 파양 등) 시 현대카드 홈페이지 및 앱, 고객센터를 통해 가족 카드 정지 및 해지 가능
단, 해지의 경우 홈페이지 및 앱은 본인 회원만 가능하며, 정지는 고객센터를 통해서만 가능
홈페이지 > Account > 카드 관리 > 보유 카드 목록 > 해지
앱 > 메뉴(좌측 상단) > 카드 관리 > 보유 카드 목록 > 해지
고객센터 : 1577-6000
본인 회원이 요청할 경우 가족 회원 동의 없이 가족 카드의 한도가 변경되거나 정지/해지될 수 있음
가족관계 변동이 되었음에도 가족 카드 정지 및 해지를 하지 않은 경우 본인 회원에게 의도하지 않은 카드 이용 및 책임이 발생할 수 있음
본인 카드 해지 시 가족 카드도 약 7영업일 후 자동 해지

[이용 안내]
전월 이용 금액 40만원 이상 시 기본·추가혜택이 제공됩니다.
모든 가맹점은 현대카드 가맹점 등록 및 업종 분류 기준입니다.
당사는 상품설명서의 내용을 준수합니다.
동일 기간 내 다수의 신용카드를 신청할 경우 개인신용평점, 이용 한도 등에 영향을 미칠 수 있습니다.
카드 이용 시 제공되는 포인트 및 할인 혜택 등의 부가서비스는 카드 신규 출시(2025년 7월 17일) 이후 다음과 같은 사유를 제외하고는 변경할 수 없습니다. 카드사의 휴업·파산·경영상의 위기 등에 따른 불가피한 경우 제휴업체의 휴업·파산·경영상의 위기로 인해 불가피하게 부가서비스를 축소·변경하는 경우로서 다른 제휴업체를 통해 동종의 유사한 부가서비스 제공이 불가한 경우 제휴업체가 카드사의 의사에 반하여 해당 부가서비스를 축소하거나 변경 시, 당초 부가서비스에 상응하는 다른 부가서비스를 제공하는 경우 부가서비스를 3년 이상 제공한 상태에서 해당 부가서비스로 인해 상품의 수익성이 현저히 낮아진 경우
  - 카드사의 휴업·파산·경영상의 위기 등에 따른 불가피한 경우
  - 제휴업체의 휴업·파산·경영상의 위기로 인해 불가피하게 부가서비스를 축소·변경하는 경우로서 다른 제휴업체를 통해 동종의 유사한 부가서비스 제공이 불가한 경우
  - 제휴업체가 카드사의 의사에 반하여 해당 부가서비스를 축소하거나 변경 시, 당초 부가서비스에 상응하는 다른 부가서비스를 제공하는 경우
  - 부가서비스를 3년 이상 제공한 상태에서 해당 부가서비스로 인해 상품의 수익성이 현저히 낮아진 경우
카드사가 부가서비스를 변경하는 경우에는 부가서비스 변경 사유, 변경 내용 등을 사유 발생 즉시 홈페이지에 게시하고, 개별 고지 방법 중 서로 다른 2가지 이상의 방법으로 고지하여 드립니다. 특히 카드 신규 출시 이후 3년 이상 경과했고, 해당 카드의 수익성 유지가 어려워져 부가서비스를 변경하는 경우에는 변경일 6개월 전부터 서로 다른 2가지 이상의 방법으로 매월 개별 고지해드립니다. 개별 고지 방법 : 서면 교부, 우편 또는 이메일, 전화 또는 팩스, 휴대폰 메시지 또는 이에 준하는 전자적 의사표시
  - 개별 고지 방법 : 서면 교부, 우편 또는 이메일, 전화 또는 팩스, 휴대폰 메시지 또는 이에 준하는 전자적 의사표시
연회비는 카드 발급 시 선청구됩니다.
카드 연회비(기본연회비 + 제휴연회비)는 보유 카드별로 청구됩니다.
카드 이용 대금 연체 시 약정 금리 + 연체 가산 금리 3%의 연체 금리가 적용됩니다.(회원별, 이용 상품별 차등 적용/법정 최고 금리 20% 이내) 단, 연체 발생 시점에 약정 금리가 없는 경우 아래와 같이 적용 일시불 : 거래 발생 시점 기준 최소 기간(2개월)의 유이자 할부 약정 금리 + 연체 가산 금리 3% 무이자 할부 : 거래 발생 시점 기준 동일한 할부 계약 기간의 유이자 할부 약정 금리 + 연체 가산 금리 3%
  - 일시불 : 거래 발생 시점 기준 최소 기간(2개월)의 유이자 할부 약정 금리 + 연체 가산 금리 3%
  - 무이자 할부 : 거래 발생 시점 기준 동일한 할부 계약 기간의 유이자 할부 약정 금리 + 연체 가산 금리 3%
상환 능력에 비해 신용카드 이용금액이 과도할 경우, 귀하의 개인신용평점이 하락할 수 있습니다.
개인신용평점 하락 시 금융거래와 관련된 불이익이 발생할 수 있습니다.
일정 기간 원리금을 연체할 경우, 모든 원리금을 변제할 의무가 발생할 수 있습니다.
신용카드 발급이 부적정한 경우(연체금 보유, 개인신용평점 낮음 등) 카드 발급이 제한될 수 있습니다.
카드 이용대금과 이에 수반되는 모든 수수료를 지정된 대금 결제일에 상환합니다.
금융소비자는 금융소비자보호법 제19조 제1항에 따라 해당 상품 또는 서비스에 대하여 설명을 받을 권리가 있습니다.
자세한 내용 및 이용 조건은 카드 신청 전 현대카드 홈페이지 및 상품설명서, 약관 참고
준법감시심의필 제 260326-022호 (2026.03.26~2027.03.25)
여신금융협회 심의필 제 2026-C1h-04618호 (2026.04.02~2027.04.01)",2026-06-04 06:19:05
MLGTE3_N0001,MLGTE3,"[카드 이용 유의사항]

[해외 결제 이용 안내]
해외 이용 시(해외사이트 거래 포함) 미화(USD) 기준 거래미화금액에 접수일의 (대외결제대행은행) 최초 고시 전신환매도율을 적용한 후, 국제브랜드사가 부과하는 국제브랜드 수수료(Visa 1.1%/Amex 1.4%)와 현대카드가 부과하는 해외서비스 수수료(0.18%)를 포함하여 원화로 청구됩니다.
국제브랜드 수수료 및 대외결제대행은행 관련 자세한 내용은 현대카드 홈페이지를 참고해 주세요.
해외 이용 시 청구금액 산출 방법
* 해외 이용 시 청구금액=(거래미화금액ⅹ전신환매도율¹)+국제브랜드 수수료²+해외서비스 수수료³
1. 전신환매도율 : 접수일의 대외결제대행은행 최초 고시 전신환매도율
2. 국제브랜드 수수료=(거래미화금액ⅹ국제브랜드 수수료율 1.1%/1.4%) 전신환매도율
3. 해외서비스 수수료=(거래미화금액ⅹ해외서비스 수수료율 0.18%)ⅹ전신환매도율
해외 가맹점에서 원화거래(DCC) 시 추가 수수료가 부과되므로 현지통화 또는 미화로 거래하시기 바랍니다.
해외원화결제차단서비스 신청 방법
홈페이지 > Account > 카드 관리 > 해외원화결제차단서비스
현대카드 앱 > 메뉴(좌측 상단) > 해외원화결제차단서비스/Lock & Limit

[가족카드 이용 안내]
가족카드 연회비는 각 상품별 연회비 부과 기준을 따름
가족 회원 기준 5매까지 발급 가능하며 본인카드 국제브랜드와 동일하게 발급
부가서비스별 이용실적 및 이용한도는 본인+가족카드 합산 적용되며, 그 외 이용 기준은 서비스별 본인카드 유의사항과 동일
연말정산 시 가족카드 이용금액은 가족 회원(카드 플레이트에 표기된 명의자)의 이용금액에 포함되며, 연간 소득금액은 국세청 기준에 따름
본인 회원이 가족카드 이용내역에 대한 알림을 받고자 하는 경우 고객센터(1577-6000)를 통해 별도 신청 필요
가족카드 이용대금명세서는 본인카드 신청 시 지정한 주소 및 방법과 동일 적용
가족카드 이용으로 적립된 블루멤버스 포인트 양도 기준은 현대자동차 홈페이지 참고
현대자동차 홈페이지(
www.hyundai.com
)
                                                    > 메뉴 > 멤버십&차량관리 > 블루멤버스 > 블루멤버스 포인트 > 포인트 양도
가족관계 변동(이혼, 사망, 파양 등) 시 현대카드 홈페이지 및 앱, 고객센터를 통해 가족카드 정지 및 해지 가능
단, 해지의 경우 홈페이지 및 앱은 본인 회원만 가능하며, 정지는 고객센터를 통해서만 가능
홈페이지 > My Account > 내 카드 목록 > 카드 해지
앱 : 내 카드 관리 > 내 카드 목록 > 해지
고객센터 1577-6000
본인 회원이 요청할 경우 가족 회원 동의 없이 가족카드의 한도가 변경되거나 정지/해지될 수 있음
가족관계 변동이 되었음에도 가족카드 정지 및 해지를 하지 않은 경우 본인 회원에게 의도하지 않은 카드 이용 및 책임이 발생할 수 있음
본인카드 해지 시 가족카드도 약 7영업일 후 자동 해지

[기타 안내]
결제계좌 개설기관의 영업 마감시간(오후 4시) 이후 결제계좌에 입금된 금액에 대해서는 결제계좌 개설기관의
                                        사정에 따라 당일 출금되지 못하여 연체로 처리될 수 있으니
                                        유의하시기 바랍니다.
자동납부 업무 마감시간 이후 당사 홈페이지 및 앱에서 즉시결제 또는 입금전용(가상)계좌 입금(송금납부)을 통해 당일 결제가 가능합니다.
(카드대금 납부 관련 자세한 내용은 현대카드 홈페이지 > My Account 또는 현대카드 앱 > 메뉴(좌측 상단) > 이용대금명세서
                                        참고)

[민원 접수 안내]
현대카드 홈페이지, 고객센터, 팩스, 이메일 또는 방문, 우편을 통해 가능
홈페이지
www.hyundaicard.com
고객센터 1577-6000(해외 82-2-3015-9000)
팩스 02-2165-9454
이메일 hc_VOC@hyundaicard.com
방문/우편 서울시 영등포구 의사당대로 3 현대캐피탈빌딩 카드소비자보호팀 담당자

[이용 안내]
모든 가맹점은 현대카드 가맹점 등록 및 업종 분류 기준입니다.
당사는 상품설명서의 내용을 준수합니다.
동일 기간 내 다수의 신용카드를 신청할 경우 개인 신용등급 또는 개인신용평점, 이용한도 등에 영향을 미칠 수 있습니다.
카드 이용 시 제공되는 포인트 및 할인 혜택 등의 부가서비스는 카드 신규 출시(2021년 6월 30일) 이후 다음과 같은 사유를 제외하고는 변경할 수 없습니다. 카드사의 휴업·파산·경영상의 위기 등에 따른 불가피한 경우 제휴업체의 휴업·파산·경영상의 위기로 인해 불가피하게 부가서비스를 축소·변경하는 경우로서 다른 제휴업체를 통해 동종의 유사한 부가서비스 제공이 불가한 경우 제휴업체가 카드사의 의사에 반하여 해당 부가서비스를 축소하거나 변경 시, 당초 부가서비스에 상응하는 다른 부가서비스를 제공하는 경우 부가서비스를 3년 이상 제공한 상태에서 해당 부가서비스로 인해 상품의 수익성이 현저히 낮아진 경우
  - 카드사의 휴업·파산·경영상의 위기 등에 따른 불가피한 경우
  - 제휴업체의 휴업·파산·경영상의 위기로 인해 불가피하게 부가서비스를 축소·변경하는 경우로서 다른 제휴업체를 통해 동종의 유사한 부가서비스 제공이 불가한 경우
  - 제휴업체가 카드사의 의사에 반하여 해당 부가서비스를 축소하거나 변경 시, 당초 부가서비스에 상응하는 다른 부가서비스를 제공하는 경우
  - 부가서비스를 3년 이상 제공한 상태에서 해당 부가서비스로 인해 상품의 수익성이 현저히 낮아진 경우
카드사가 부가서비스를 변경하는 경우에는 부가서비스 변경 사유, 변경 내용 등 사유 발생 즉시 홈페이지에 게시하고 개별 고지 방법 중 서로 다른 2가지 이상의 방법으로 고지하여 드립니다. 특히 카드 신규 출시 이후 3년 이상 경과했고, 해당 카드의 수익성 유지가 어려워져 부가서비스를 변경하는 경우에는 변경일 6개월 전부터 서로 다른 2가지 이상의 방법으로 매월 개별 고지해 드립니다. 개별 고지 방법 : 서면 교부, 우편 또는 이메일, 전화 또는 팩스, 휴대폰 메시지 또는 이에 준하는 전자적 의사표시
  - 개별 고지 방법 : 서면 교부, 우편 또는 이메일, 전화 또는 팩스, 휴대폰 메시지 또는 이에 준하는 전자적 의사표시
연회비는 카드 발급 시 선청구됩니다.
카드 연회비(기본연회비 + 제휴연회비)는 보유 카드별로 청구됩니다.
LG U+ 통신요금 자동이체 청구 할인 적용 시 당월 이용금액 M포인트 적립 제외됩니다.
카드 이용대금 연체 시 약정금리 + 연체가산금리 3%의 연체 금리가 적용됩니다.(회원별, 이용 상품별 차등 적용/법정 최고금리 20% 이내) 단, 연체 발생시점에 약정금리가 없는 경우 아래와 같이 적용 일시불 : 거래 발생시점 기준 최소 기간(2개월)의 유이자할부 약정금리 + 연체가산금리 3% 무이자할부 : 거래 발생시점 기준 동일한 할부 계약 기간의 유이자할부 약정금리 + 연체가산금리 3%
  - 일시불 : 거래 발생시점 기준 최소 기간(2개월)의 유이자할부 약정금리 + 연체가산금리 3%
  - 무이자할부 : 거래 발생시점 기준 동일한 할부 계약 기간의 유이자할부 약정금리 + 연체가산금리 3%
상환 능력에 비해 신용카드 이용금액이 과도할 경우, 귀하의 개인신용평점이 하락할 수 있습니다.
개인신용평점 하락 시 금융거래와 관련된 불이익이 발생할 수 있습니다.
일정 기간 원리금을 연체할 경우, 모든 원리금을 변제할 의무가 발생할 수 있습니다.
신용카드 발급이 부적정한 경우(연체금 보유, 개인신용평점 낮음 등) 카드 발급이 제한될 수 있습니다.
카드 이용대금과 이에 수반되는 모든 수수료를 지정된 대금 결제일에 상환합니다.
금융소비자는 금융소비자보호법 제19조 제1항에 따라 해당 상품 또는 서비스에 대하여 설명을 받을 권리가 있습니다.
자세한 내용 및 이용 조건은 카드 신청 전 현대카드 홈페이지 및 상품설명서, 약관 참고
준법감시심의필 제 260430-050호 (2026.04.30 ~ 2027.04.29)
여신금융협회 심의필 제 2026-C1h-06892호 (2026.05.12 ~ 2027.05.11)",2026-06-04 06:28:22
MCJE2_N0001,MCJE2,"[이용 안내]
모든 가맹점은 현대카드 가맹점 등록 및 업종 분류 기준입니다.
당사는 상품설명서의 내용을 준수합니다.
동일 기간 내 다수의 신용카드를 신청할 경우 개인 신용등급 또는 개인신용평점, 이용한도 등에 영향을 미칠 수 있습니다.
카드 이용 시 제공되는 포인트 및 할인 혜택 등의 부가서비스는 카드 신규 출시 (2013년 7월 1일) 이후 다음과 같은 사유를 제외하고는 변경할 수 없습니다. 카드사의 휴업·파산·경영상의 위기 등에 따른 불가피한 경우 제휴업체의 휴업·파산·경영상의 위기로 인해 불가피하게 부가서비스를 축소·변경하는 경우로서 다른 제휴업체를 통해 동종의 유사한 부가서비스 제공이 불가한 경우 제휴업체가 카드사의 의사에 반하여 해당 부가서비스를 축소하거나 변경 시, 당초 부가서비스에 상응하는 다른 부가서비스를 제공하는 경우 부가서비스를 3년 이상 제공한 상태에서 해당 부가서비스로 인해 상품의 수익성이 현저히 낮아진 경우
  - 카드사의 휴업·파산·경영상의 위기 등에 따른 불가피한 경우
  - 제휴업체의 휴업·파산·경영상의 위기로 인해 불가피하게 부가서비스를 축소·변경하는 경우로서 다른 제휴업체를 통해 동종의 유사한 부가서비스 제공이 불가한 경우
  - 제휴업체가 카드사의 의사에 반하여 해당 부가서비스를 축소하거나 변경 시, 당초 부가서비스에 상응하는 다른 부가서비스를 제공하는 경우
  - 부가서비스를 3년 이상 제공한 상태에서 해당 부가서비스로 인해 상품의 수익성이 현저히 낮아진 경우
카드사가 부가서비스를 변경하는 경우에는 부가서비스 변경 사유, 변경 내용 등을 사유 발생 즉시 홈페이지에 게시하고, 개별 고지 방법 중 서로 다른 2가지 이상의 방법으로 고지하여 드립니다. 특히 카드 신규 출시 이후 3년 이상 경과했고, 해당 카드의 수익성 유지가 어려워져 부가서비스를 변경하는 경우에는 변경일 6개월 전부터 서로 다른 2가지 이상의 방법으로 매월 개별 고지해 드립니다. 개별 고지 방법 : 서면 교부, 우편 또는 이메일, 전화 또는 팩스, 휴대폰 메시지 또는 이에 준하는 전자적 의사표시
  - 개별 고지 방법 : 서면 교부, 우편 또는 이메일, 전화 또는 팩스, 휴대폰 메시지 또는 이에 준하는 전자적 의사표시
연회비는 카드 발급 시 선청구됩니다.
카드 연회비(기본연회비 + 제휴연회비)는 보유 카드별로 청구됩니다.
카드 이용대금 연체 시 약정금리 + 연체가산금리 3%의 연체이자율이 적용(회원별, 이용 상품별 차등 적용/법정 최고금리 20% 이내) 단, 연체 발생시점에 약정금리가 없는 경우 아래와 같이 적용 일시불 : 거래 발생시점 기준 최소 기간(2개월)의 유이자할부 약정금리 + 연체가산금리 3% 무이자할부 : 거래 발생시점 기준 동일한 할부 계약 기간의 유이자할부 약정금리 + 연체가산금리 3%
  - 일시불 : 거래 발생시점 기준 최소 기간(2개월)의 유이자할부 약정금리 + 연체가산금리 3%
  - 무이자할부 : 거래 발생시점 기준 동일한 할부 계약 기간의 유이자할부 약정금리 + 연체가산금리 3%
상환 능력에 비해 신용카드 이용금액이 과도할 경우, 귀하의 개인신용평점이 하락할 수 있습니다.
개인신용평점 하락 시 금융거래와 관련된 불이익이 발생할 수 있습니다.
일정 기간 원리금을 연체할 경우, 모든 원리금을 변제할 의무가 발생할 수 있습니다.
신용카드 발급이 부적정한 경우(연체금 보유, 개인신용평점 낮음 등) 카드 발급이 제한될 수 있습니다.
카드 이용대금과 이에 수반되는 모든 수수료를 지정된 대금 결제일에 상환합니다.
금융소비자는 금융소비자보호법 제19조 제1항에 따라 해당 상품 또는 서비스에 대하여 설명을 받을 권리가 있습니다.
자세한 내용 및 이용 조건은 카드 신청 전 현대카드 홈페이지 및 상품설명서, 약관 참고
준법감시심의필 제 260508-008호(2026.05.08 ~ 2027.05.07)
여신금융협회심의필 제 2026-C1h-07088호(2026.05.14 ~ 2027.05.13)",2026-06-04 06:30:22
