benefit_id,card_id,row_type,benefit_group,benefit_title,category,category_id,on_offline,benefit_type,benefit_value,benefit_unit,target_merchants,performance_level,performance_min,performance_max,min_amount,max_count,max_limit,max_limit_unit,group_max_limit,group_max_limit_unit,unit_amount,benefit_content,ui_title,ui_content,updated_at
00235_B0001,235,주요혜택,전기/수소차 청구할인,전기/수소차 충전 할인,자동차/주유,6,Both,할인,20,%,"전기차 충전기, 수소차 충전소",전월 실적 40만원 이상,400000,800000,0,,10000,원,,,,"[전기/수소차 청구할인]
<table class=""benefit-table""><tr><th>할인 대상</th><th>전월 이용실적</th><th>할인율</th><th>월 할인한도</th></tr><tr><td rowspan=""3"">전기차 충전기 수소차 충전소</td><td>40만원 이상</td><td rowspan=""3"">20%</td><td>1만원</td></tr><tr><td>80만원 이상</td><td>1만5천원</td></tr><tr><td>120만원 이상</td><td>2만원</td></tr></table>",자동차/주유 20% 할인,"[전기/수소차 청구할인]
<table class=""benefit-table""><tr><th>할인 대상</th><th>전월 이용실적</th><th>할인율</th><th>월 할인한도</th></tr><tr><td rowspan=""3"">전기차 충전기 수소차 충전소</td><td>40만원 이상</td><td rowspan=""3"">20%</td><td>1만원</td></tr><tr><td>80만원 이상</td><td>1만5천원</td></tr><tr><td>120만원 이상</td><td>2만원</td></tr></table>",2026-06-05
00235_B0002,235,주요혜택,전기/수소차 청구할인,전기/수소차 충전 할인,자동차/주유,6,Both,할인,20,%,"전기차 충전기, 수소차 충전소",전월 실적 80만원 이상,800000,1200000,0,,15000,원,,,,"[전기/수소차 청구할인]
<table class=""benefit-table""><tr><th>할인 대상</th><th>전월 이용실적</th><th>할인율</th><th>월 할인한도</th></tr><tr><td rowspan=""3"">전기차 충전기 수소차 충전소</td><td>40만원 이상</td><td rowspan=""3"">20%</td><td>1만원</td></tr><tr><td>80만원 이상</td><td>1만5천원</td></tr><tr><td>120만원 이상</td><td>2만원</td></tr></table>",자동차/주유 20% 할인,"[전기/수소차 청구할인]
<table class=""benefit-table""><tr><th>할인 대상</th><th>전월 이용실적</th><th>할인율</th><th>월 할인한도</th></tr><tr><td rowspan=""3"">전기차 충전기 수소차 충전소</td><td>40만원 이상</td><td rowspan=""3"">20%</td><td>1만원</td></tr><tr><td>80만원 이상</td><td>1만5천원</td></tr><tr><td>120만원 이상</td><td>2만원</td></tr></table>",2026-06-05
00235_B0003,235,주요혜택,전기/수소차 청구할인,전기/수소차 충전 할인,자동차/주유,6,Both,할인,20,%,"전기차 충전기, 수소차 충전소",전월 실적 120만원 이상,1200000,,0,,20000,원,,,,"[전기/수소차 청구할인]
<table class=""benefit-table""><tr><th>할인 대상</th><th>전월 이용실적</th><th>할인율</th><th>월 할인한도</th></tr><tr><td rowspan=""3"">전기차 충전기 수소차 충전소</td><td>40만원 이상</td><td rowspan=""3"">20%</td><td>1만원</td></tr><tr><td>80만원 이상</td><td>1만5천원</td></tr><tr><td>120만원 이상</td><td>2만원</td></tr></table>",자동차/주유 20% 할인,"[전기/수소차 청구할인]
<table class=""benefit-table""><tr><th>할인 대상</th><th>전월 이용실적</th><th>할인율</th><th>월 할인한도</th></tr><tr><td rowspan=""3"">전기차 충전기 수소차 충전소</td><td>40만원 이상</td><td rowspan=""3"">20%</td><td>1만원</td></tr><tr><td>80만원 이상</td><td>1만5천원</td></tr><tr><td>120만원 이상</td><td>2만원</td></tr></table>",2026-06-05
00235_B0004,235,주요혜택,"주차, 세차 청구할인","주차, 세차 할인",자동차/주유,6,Offline,할인,20,%,"주차장, 세차장",전월 실적 40만원 이상,400000,,0,,5000,원,,,,"[주차, 세차 청구할인]
<table class=""benefit-table""><tr><th>할인 대상</th><th>전월 이용실적</th><th>할인율</th><th>월 할인한도</th></tr><tr><td>주차장, 세차장 업종</td><td>40만원 이상</td><td>20%</td><td>5천원</td></tr></table>",자동차/주유 20% 할인,"[주차, 세차 청구할인]
<table class=""benefit-table""><tr><th>할인 대상</th><th>전월 이용실적</th><th>할인율</th><th>월 할인한도</th></tr><tr><td>주차장, 세차장 업종</td><td>40만원 이상</td><td>20%</td><td>5천원</td></tr></table>",2026-06-05
00235_B0005,235,주요혜택,OTT 청구할인,OTT 청구할인,구독/스트리밍,8,Online,할인,20,%,"넷플릭스, 티빙, 웨이브, 디즈니플러스, 유튜브프리미엄",전월 실적 40만원 이상,400000,,0,,5000,원,,,,"[OTT 청구할인]
- 공식 홈페이지/모바일앱을 통한 정기결제 시 할인
  (간편결제 및 앱스토어를 통한 인앱결제 등은 제외)
<table class=""benefit-table""><tr><th>할인 대상</th><th>전월 이용실적</th><th>할인율</th><th>월 할인한도</th></tr><tr><td>넷플릭스, 티빙, 웨이브, 디즈니 플러스, 유튜브 프리미엄</td><td>40만원 이상</td><td>20%</td><td>5천원</td></tr></table>",구독/스트리밍 20% 할인,"[OTT 청구할인]
- 공식 홈페이지/모바일앱을 통한 정기결제 시 할인
  (간편결제 및 앱스토어를 통한 인앱결제 등은 제외)
<table class=""benefit-table""><tr><th>할인 대상</th><th>전월 이용실적</th><th>할인율</th><th>월 할인한도</th></tr><tr><td>넷플릭스, 티빙, 웨이브, 디즈니 플러스, 유튜브 프리미엄</td><td>40만원 이상</td><td>20%</td><td>5천원</td></tr></table>",2026-06-05
00235_B0006,235,주요혜택,KB Pay 오픈마켓 청구할인,G마켓/옥션/11번가 할인,온라인쇼핑,1,Online,할인,10,%,"G마켓, 옥션, 11번가",전월 실적 40만원 이상,400000,,0,,5000,원,,,,"[KB Pay 오픈마켓 청구할인]
- G마켓, 옥션, 11번가에서 KB Pay 결제수단으로 결제 시 할인
<table class=""benefit-table""><tr><th>할인 대상</th><th>전월 이용실적</th><th>할인율</th><th>월 할인한도</th></tr><tr><td>G마켓, 옥션, 11번가</td><td>40만원 이상</td><td>10%</td><td>5천원</td></tr></table>",온라인쇼핑 10% 할인,"[KB Pay 오픈마켓 청구할인]
- G마켓, 옥션, 11번가에서 KB Pay 결제수단으로 결제 시 할인
<table class=""benefit-table""><tr><th>할인 대상</th><th>전월 이용실적</th><th>할인율</th><th>월 할인한도</th></tr><tr><td>G마켓, 옥션, 11번가</td><td>40만원 이상</td><td>10%</td><td>5천원</td></tr></table>",2026-06-05
00235_B0007,235,주요혜택,자동차보험 청구할인,자동차보험 청구할인,자동차/주유,6,Both,할인,10000,원,손해보험 업종,전월 실적 40만원 이상,400000,,200000,연 1회,,,,,,"[자동차보험 청구할인]
- 회원별 연1회(매년 1월1일~12월31일 기준) 할인서비스 제공
<table class=""benefit-table""><tr><th>할인 대상</th><th>전월 이용실적</th><th>할인금액</th><th>조건</th></tr><tr><td>손해보험 업종</td><td>40만원 이상</td><td>1만원</td><td>보험료 승인금액 건당 20만원 이상 시</td></tr></table>",자동차/주유 10000원 할인,"[자동차보험 청구할인]
- 회원별 연1회(매년 1월1일~12월31일 기준) 할인서비스 제공
<table class=""benefit-table""><tr><th>할인 대상</th><th>전월 이용실적</th><th>할인금액</th><th>조건</th></tr><tr><td>손해보험 업종</td><td>40만원 이상</td><td>1만원</td><td>보험료 승인금액 건당 20만원 이상 시</td></tr></table>",2026-06-05
00236_B0001,236,주요혜택,전기/수소차 청구할인,전기/수소차 충전 할인,자동차/주유,6,Offline,할인,20,%,"전기차 충전기, 수소차 충전소",전월 실적 40만원 이상 80만원 미만,400000,800000,,,10000,원,,,,"[전기/수소차 청구할인]
<table class=""benefit-table""><tr><th>할인 대상</th><th>전월 이용실적</th><th>할인율</th><th>월 할인한도</th></tr><tr><td rowspan=""3"">전기차 충전기 수소차 충전소</td><td>40만원 이상</td><td rowspan=""3"">20%</td><td>1만원</td></tr><tr><td>80만원 이상</td><td>1만5천원</td></tr><tr><td>120만원 이상</td><td>2만원</td></tr></table>",자동차/주유 20% 할인,"[전기/수소차 청구할인]
<table class=""benefit-table""><tr><th>할인 대상</th><th>전월 이용실적</th><th>할인율</th><th>월 할인한도</th></tr><tr><td rowspan=""3"">전기차 충전기 수소차 충전소</td><td>40만원 이상</td><td rowspan=""3"">20%</td><td>1만원</td></tr><tr><td>80만원 이상</td><td>1만5천원</td></tr><tr><td>120만원 이상</td><td>2만원</td></tr></table>",2026-06-05
00236_B0002,236,주요혜택,전기/수소차 청구할인,전기/수소차 충전 할인,자동차/주유,6,Offline,할인,20,%,"전기차 충전기, 수소차 충전소",전월 실적 80만원 이상 120만원 미만,800000,1200000,,,15000,원,,,,"[전기/수소차 청구할인]
<table class=""benefit-table""><tr><th>할인 대상</th><th>전월 이용실적</th><th>할인율</th><th>월 할인한도</th></tr><tr><td rowspan=""3"">전기차 충전기 수소차 충전소</td><td>40만원 이상</td><td rowspan=""3"">20%</td><td>1만원</td></tr><tr><td>80만원 이상</td><td>1만5천원</td></tr><tr><td>120만원 이상</td><td>2만원</td></tr></table>",자동차/주유 20% 할인,"[전기/수소차 청구할인]
<table class=""benefit-table""><tr><th>할인 대상</th><th>전월 이용실적</th><th>할인율</th><th>월 할인한도</th></tr><tr><td rowspan=""3"">전기차 충전기 수소차 충전소</td><td>40만원 이상</td><td rowspan=""3"">20%</td><td>1만원</td></tr><tr><td>80만원 이상</td><td>1만5천원</td></tr><tr><td>120만원 이상</td><td>2만원</td></tr></table>",2026-06-05
00236_B0003,236,주요혜택,전기/수소차 청구할인,전기/수소차 충전 할인,자동차/주유,6,Offline,할인,20,%,"전기차 충전기, 수소차 충전소",전월 실적 120만원 이상,1200000,,,,20000,원,,,,"[전기/수소차 청구할인]
<table class=""benefit-table""><tr><th>할인 대상</th><th>전월 이용실적</th><th>할인율</th><th>월 할인한도</th></tr><tr><td rowspan=""3"">전기차 충전기 수소차 충전소</td><td>40만원 이상</td><td rowspan=""3"">20%</td><td>1만원</td></tr><tr><td>80만원 이상</td><td>1만5천원</td></tr><tr><td>120만원 이상</td><td>2만원</td></tr></table>",자동차/주유 20% 할인,"[전기/수소차 청구할인]
<table class=""benefit-table""><tr><th>할인 대상</th><th>전월 이용실적</th><th>할인율</th><th>월 할인한도</th></tr><tr><td rowspan=""3"">전기차 충전기 수소차 충전소</td><td>40만원 이상</td><td rowspan=""3"">20%</td><td>1만원</td></tr><tr><td>80만원 이상</td><td>1만5천원</td></tr><tr><td>120만원 이상</td><td>2만원</td></tr></table>",2026-06-05
00236_B0004,236,주요혜택,"주차, 세차 청구할인","주차, 세차 청구할인",자동차/주유,6,Offline,할인,20,%,"주차장, 세차장",전월 실적 40만원 이상,400000,,,,5000,원,,,,"[주차, 세차 청구할인]
<table class=""benefit-table""><tr><th>할인 대상</th><th>전월 이용실적</th><th>할인율</th><th>월 할인한도</th></tr><tr><td>주차장, 세차장 업종</td><td>40만원 이상</td><td>20%</td><td>5천원</td></tr></table>",자동차/주유 20% 할인,"[주차, 세차 청구할인]
<table class=""benefit-table""><tr><th>할인 대상</th><th>전월 이용실적</th><th>할인율</th><th>월 할인한도</th></tr><tr><td>주차장, 세차장 업종</td><td>40만원 이상</td><td>20%</td><td>5천원</td></tr></table>",2026-06-05
00236_B0005,236,주요혜택,OTT 청구할인,OTT 청구할인,구독/스트리밍,8,Online,할인,20,%,"넷플릭스, 티빙, 웨이브, 디즈니플러스, 유튜브",전월 실적 40만원 이상,400000,,,,5000,원,,,,"[OTT 청구할인]
- 공식 홈페이지/모바일앱을 통한 정기결제 시 할인
  (간편결제 및 앱스토어를 통한 인앱결제 등은 제외)
- 유튜브는 유튜브 프리미엄 멤버십 결제건에 한함
  (채널 구독 등 제외)

[이용 조건]
<table class=""benefit-table""><tr><th>할인 대상</th><th>전월 이용실적</th><th>할인율</th><th>월 할인한도</th></tr><tr><td>넷플릭스, 티빙, 웨이브, 디즈니 플러스, 유튜브</td><td>20%</td><td>40만원 이상</td><td>5천원</td></tr></table>",구독/스트리밍 20% 할인,"[OTT 청구할인]
- 공식 홈페이지/모바일앱을 통한 정기결제 시 할인
  (간편결제 및 앱스토어를 통한 인앱결제 등은 제외)
- 유튜브는 유튜브 프리미엄 멤버십 결제건에 한함
  (채널 구독 등 제외)

[이용 조건]
<table class=""benefit-table""><tr><th>할인 대상</th><th>전월 이용실적</th><th>할인율</th><th>월 할인한도</th></tr><tr><td>넷플릭스, 티빙, 웨이브, 디즈니 플러스, 유튜브</td><td>20%</td><td>40만원 이상</td><td>5천원</td></tr></table>",2026-06-05
00236_B0006,236,주요혜택,KB Pay 오픈마켓 청구할인,"G마켓, 옥션, 11번가 할인",온라인쇼핑,1,Online,할인,10,%,"G마켓, 옥션, 11번가",전월 실적 40만원 이상,400000,,,,5000,원,,,,"[KB Pay 오픈마켓 청구할인]
- G마켓, 옥션, 11번가에서 KB Pay 결제수단으로 결제 시 할인

[이용 조건]
<table class=""benefit-table""><tr><th>할인 대상</th><th>전월 이용실적</th><th>할인율</th><th>월 할인한도</th></tr><tr><td>G마켓, 옥션, 11번가</td><td>10%</td><td>40만원 이상</td><td>5천원</td></tr></table>",온라인쇼핑 10% 할인,"[KB Pay 오픈마켓 청구할인]
- G마켓, 옥션, 11번가에서 KB Pay 결제수단으로 결제 시 할인

[이용 조건]
<table class=""benefit-table""><tr><th>할인 대상</th><th>전월 이용실적</th><th>할인율</th><th>월 할인한도</th></tr><tr><td>G마켓, 옥션, 11번가</td><td>10%</td><td>40만원 이상</td><td>5천원</td></tr></table>",2026-06-05
00236_B0007,236,주요혜택,자동차보험 청구할인,자동차보험 청구할인,자동차/주유,6,Both,서비스,,,자동차보험,,0,,,연 1회,,,,,,"[자동차보험 청구할인]
- 회원별 연1회(매년 1월1일~12월31일 기준) 할인서비스 제공",자동차보험 청구할인 연 1회 제공,"[자동차보험 청구할인]
- 회원별 연1회(매년 1월1일~12월31일 기준) 할인서비스 제공",2026-06-05
01142_B0001,1142,주요혜택,CJ온스타일 5% 청구할인,CJ온스타일 5% 청구할인,온라인쇼핑,1,Both,할인,5,%,"CJ온스타일 (TV방송, 카탈로그)",,0,,0,,30000,원,,,,"[CJ온스타일 5% 청구할인]
- CJ온스타일 (TV방송, 카탈로그) 5% 청구할인
  월 60만원 이용금액까지 할인 적용 [월 할인한도 3만원]",온라인쇼핑 5% 할인,"[CJ온스타일 5% 청구할인]
- CJ온스타일 (TV방송, 카탈로그) 5% 청구할인
  월 60만원 이용금액까지 할인 적용 [월 할인한도 3만원]",2026-06-05
01142_B0002,1142,주요혜택,CGV 2~6천원 청구할인,CGV 청구할인,문화/엔터,11,Both,할인,6000,원,CGV 영화티켓,전월 실적 30만원 이상,300000,,8500,연 12회,,,,,,"[CGV 2~6천원 청구할인]
- CGV 영화티켓 예매 및 구입 시 2천원~6천원 청구할인
  일 1회, 연 12회 (가족회원 이용분 포함)
  동일 제휴카드 2개 이상 소지 시 중복 적용 불가
  회원별 직전 3개월 간 월평균 결제(회수)실적에 따라 차등 할인
  횟수 제한은 예매일(승인 시점) 기준
- 회원별 직전 3개월 월평균 결제회수금액 30만원 이상이란?
  영화 예매일(관람일 아님)이 5월 28일인 경우 2~4월 실제 납부 카드대금(원금기준) 합계가 90만원 이상인 경우 (선결제 포함)
- 제외대상 : 장기카드대출(카드론), 정부지원금, 각종 수수료(할부수수료, 단기카드대출(현금서비스) 이용수수료 등) 및 이자, 연체이자, 연회비
<table class=""benefit-table""><tr><th rowspan=""2"">회원별 직전 3개월 월평균 결제(회수)실적</th><th colspan=""2"">영화티켓 예매 및 구입금액</th></tr><tr><th>건당 8,500원 미만</th><th>건당 8,500원 이상</th></tr><tr><th>30만원 미만</th><td colspan=""2"">2,000원 청구할인</td></tr><tr><th>30만원 이상</th><td>3,000원 청구할인</td><td>6,000원 청구할인</td></tr></table>",문화/엔터 6000원 할인,"[CGV 2~6천원 청구할인]
- CGV 영화티켓 예매 및 구입 시 2천원~6천원 청구할인
  일 1회, 연 12회 (가족회원 이용분 포함)
  동일 제휴카드 2개 이상 소지 시 중복 적용 불가
  회원별 직전 3개월 간 월평균 결제(회수)실적에 따라 차등 할인
  횟수 제한은 예매일(승인 시점) 기준
- 회원별 직전 3개월 월평균 결제회수금액 30만원 이상이란?
  영화 예매일(관람일 아님)이 5월 28일인 경우 2~4월 실제 납부 카드대금(원금기준) 합계가 90만원 이상인 경우 (선결제 포함)
- 제외대상 : 장기카드대출(카드론), 정부지원금, 각종 수수료(할부수수료, 단기카드대출(현금서비스) 이용수수료 등) 및 이자, 연체이자, 연회비
<table class=""benefit-table""><tr><th rowspan=""2"">회원별 직전 3개월 월평균 결제(회수)실적</th><th colspan=""2"">영화티켓 예매 및 구입금액</th></tr><tr><th>건당 8,500원 미만</th><th>건당 8,500원 이상</th></tr><tr><th>30만원 미만</th><td colspan=""2"">2,000원 청구할인</td></tr><tr><th>30만원 이상</th><td>3,000원 청구할인</td><td>6,000원 청구할인</td></tr></table>",2026-06-05
01142_B0003,1142,주요혜택,CGV 2~6천원 청구할인,CGV 청구할인,문화/엔터,11,Both,할인,3000,원,CGV 영화티켓,,0,300000,,연 12회,,,,,,"[CGV 2~6천원 청구할인]
- CGV 영화티켓 예매 및 구입 시 2천원~6천원 청구할인
  일 1회, 연 12회 (가족회원 이용분 포함)
  동일 제휴카드 2개 이상 소지 시 중복 적용 불가
  회원별 직전 3개월 간 월평균 결제(회수)실적에 따라 차등 할인
  횟수 제한은 예매일(승인 시점) 기준
- 회원별 직전 3개월 월평균 결제회수금액 30만원 이상이란?
  영화 예매일(관람일 아님)이 5월 28일인 경우 2~4월 실제 납부 카드대금(원금기준) 합계가 90만원 이상인 경우 (선결제 포함)
- 제외대상 : 장기카드대출(카드론), 정부지원금, 각종 수수료(할부수수료, 단기카드대출(현금서비스) 이용수수료 등) 및 이자, 연체이자, 연회비
<table class=""benefit-table""><tr><th rowspan=""2"">회원별 직전 3개월 월평균 결제(회수)실적</th><th colspan=""2"">영화티켓 예매 및 구입금액</th></tr><tr><th>건당 8,500원 미만</th><th>건당 8,500원 이상</th></tr><tr><th>30만원 미만</th><td colspan=""2"">2,000원 청구할인</td></tr><tr><th>30만원 이상</th><td>3,000원 청구할인</td><td>6,000원 청구할인</td></tr></table>",문화/엔터 3000원 할인,"[CGV 2~6천원 청구할인]
- CGV 영화티켓 예매 및 구입 시 2천원~6천원 청구할인
  일 1회, 연 12회 (가족회원 이용분 포함)
  동일 제휴카드 2개 이상 소지 시 중복 적용 불가
  회원별 직전 3개월 간 월평균 결제(회수)실적에 따라 차등 할인
  횟수 제한은 예매일(승인 시점) 기준
- 회원별 직전 3개월 월평균 결제회수금액 30만원 이상이란?
  영화 예매일(관람일 아님)이 5월 28일인 경우 2~4월 실제 납부 카드대금(원금기준) 합계가 90만원 이상인 경우 (선결제 포함)
- 제외대상 : 장기카드대출(카드론), 정부지원금, 각종 수수료(할부수수료, 단기카드대출(현금서비스) 이용수수료 등) 및 이자, 연체이자, 연회비
<table class=""benefit-table""><tr><th rowspan=""2"">회원별 직전 3개월 월평균 결제(회수)실적</th><th colspan=""2"">영화티켓 예매 및 구입금액</th></tr><tr><th>건당 8,500원 미만</th><th>건당 8,500원 이상</th></tr><tr><th>30만원 미만</th><td colspan=""2"">2,000원 청구할인</td></tr><tr><th>30만원 이상</th><td>3,000원 청구할인</td><td>6,000원 청구할인</td></tr></table>",2026-06-05
01664_B0001,1664,주요혜택,대중교통 10% 할인,대중교통 10% 할인,대중교통/택시,5,Offline,할인,10,%,"시내버스, 지하철, 고속버스, 시외버스",전월 실적 30만원 이상,300000,,,,20000,원,,,,"[대중교통 10% 할인]
- 교통이용금액 월 2만원까지 할인 적용 (최대 할인액 2,000원)
- 후불교통(시내버스, 지하철) 10% 청구할인
* 실제 이용일이 아닌 이메일 이용내역서상 기재된 이용일 기준으로 할인 적용
* KB국민카드 가맹점 업종 분류기준에 따라 할인 제공
- 고속/시외버스 환급할인
* KB국민카드 가맹점 업종 분류기준에 따라 할인 제공
- 실적 조건 : 전월 이용실적 30만원 이상
- 전월이용실적에 따른 통합할인한도 적용",대중교통/택시 10% 할인,"[대중교통 10% 할인]
- 교통이용금액 월 2만원까지 할인 적용 (최대 할인액 2,000원)
- 후불교통(시내버스, 지하철) 10% 청구할인
* 실제 이용일이 아닌 이메일 이용내역서상 기재된 이용일 기준으로 할인 적용
* KB국민카드 가맹점 업종 분류기준에 따라 할인 제공
- 고속/시외버스 환급할인
* KB국민카드 가맹점 업종 분류기준에 따라 할인 제공
- 실적 조건 : 전월 이용실적 30만원 이상
- 전월이용실적에 따른 통합할인한도 적용",2026-06-05
01664_B0002,1664,주요혜택,"이동통신요금 2,500원 환급할인",이동통신요금 할인,생활비,12,Offline,할인,2500,원,"SKT, KT Olleh, LGU+",전월 실적 30만원 이상,300000,,50000,,2500,원,,,,"[이동통신요금 2,500원 환급할인]
- 건당 5만원 이상 이용 시 2,500원 정액할인
- 해당카드로 자동이체 등록 시 할인 적용
- 전월 이용실적 30만원 이상 시 할인 적용
- 유무선 통신요금 통합청구금액 자동이체는 할인 제외
- SKT, KT Olleh, LGU+에 한하여 할인 적용",생활비 2500원 할인,"[이동통신요금 2,500원 환급할인]
- 건당 5만원 이상 이용 시 2,500원 정액할인
- 해당카드로 자동이체 등록 시 할인 적용
- 전월 이용실적 30만원 이상 시 할인 적용
- 유무선 통신요금 통합청구금액 자동이체는 할인 제외
- SKT, KT Olleh, LGU+에 한하여 할인 적용",2026-06-05
01664_B0003,1664,주요혜택,CGV 35% 환급할인,CGV 35% 환급할인,문화/엔터,11,Offline,할인,35,%,CGV,전월 실적 20만원 이상,200000,,10000,,20000,원,,,,"[CGV 35% 환급할인]
- 이용금액 건당 1만원~2만원까지 할인 적용
- 제공조건 : 현장구매 및 CGV 홈페이지
- 할인제외 : 상품권 구매 / 매점 이용금액
- 전월이용실적에 따른 통합할인한도 적용

[이용 조건]
전월 이용실적 20만원 이상",문화/엔터 35% 할인,"[CGV 35% 환급할인]
- 이용금액 건당 1만원~2만원까지 할인 적용
- 제공조건 : 현장구매 및 CGV 홈페이지
- 할인제외 : 상품권 구매 / 매점 이용금액
- 전월이용실적에 따른 통합할인한도 적용

[이용 조건]
전월 이용실적 20만원 이상",2026-06-05
01664_B0004,1664,주요혜택,"아웃백, VIPS 20% 환급할인","아웃백, VIPS 할인",외식,16,Offline,할인,20,%,"아웃백, VIPS",전월 실적 20만원 이상,200000,,30000,,50000,원,,,,"[아웃백, VIPS 20% 환급할인]
- 이용금액 건당 3만원~5만원까지 할인 적용
- 할인제외 : 상품권 구매 / 백화점·대형할인점 입점 점포
- 전월이용실적에 따른 통합할인한도 적용

[이용 조건]
전월 이용실적 20만원 이상",외식 20% 할인,"[아웃백, VIPS 20% 환급할인]
- 이용금액 건당 3만원~5만원까지 할인 적용
- 할인제외 : 상품권 구매 / 백화점·대형할인점 입점 점포
- 전월이용실적에 따른 통합할인한도 적용

[이용 조건]
전월 이용실적 20만원 이상",2026-06-05
01664_B0005,1664,주요혜택,스타벅스 20% 환급할인,스타벅스 20% 환급할인,카페/베이커리,14,Both,할인,20,%,스타벅스,전월 실적 20만원 이상,200000,,10000,,20000,원,,,,"[스타벅스 20% 환급할인]
- 이용금액 건당 1만원~2만원까지 할인 적용
- 할인제외 : 상품권 구매 및 선불카드 구입·충전금액
- 전월이용실적에 따른 통합할인한도 적용

[이용 조건]
전월 이용실적 20만원 이상",카페/베이커리 20% 할인,"[스타벅스 20% 환급할인]
- 이용금액 건당 1만원~2만원까지 할인 적용
- 할인제외 : 상품권 구매 및 선불카드 구입·충전금액
- 전월이용실적에 따른 통합할인한도 적용

[이용 조건]
전월 이용실적 20만원 이상",2026-06-05
01664_B0006,1664,주요혜택,에버랜드·롯데월드 50% 환급할인,에버랜드·롯데월드 할인,레저/스포츠,9,Offline,할인,50,%,"에버랜드, 롯데월드",전월 실적 20만원 이상,200000,,30000,,50000,원,,,,"[에버랜드·롯데월드 50% 환급할인]
- 이용금액 건당 3만원~5만원까지 할인 적용
- 제공조건 : 현장 티켓 구매
- 전월이용실적에 따른 통합할인한도 적용

[이용 조건]
전월 이용실적 20만원 이상",레저/스포츠 50% 할인,"[에버랜드·롯데월드 50% 환급할인]
- 이용금액 건당 3만원~5만원까지 할인 적용
- 제공조건 : 현장 티켓 구매
- 전월이용실적에 따른 통합할인한도 적용

[이용 조건]
전월 이용실적 20만원 이상",2026-06-05
01664_B0007,1664,주요혜택,금융수수료 면제 서비스,금융수수료 면제,생활비,12,Online,서비스,,,KB국민은행,전월 실적 70만원 이상,700000,,0,,,,,,,"[금융수수료 면제 서비스]
- 인터넷·모바일·폰뱅킹 타행이체 수수료 면제(KB국민은행 계좌에서 타행계좌로 이체 시)
- KB국민은행 자동화기기 이용수수료 면제 (KB국민은행 이체 및 시간 외 인출)
- 서비스 제외 : 연체 및 거래정지 / 연계계좌 이체
- 실적조건 : 서비스 이용일 기준 최근 1개월 노리체크카드 및 동일계열카드 이용실적 70만원 이상 (매입 기준)","인터넷·모바일·폰뱅킹 타행이체 수수료 면제, KB국민은행 자동화기기 이용수수료 면제","[금융수수료 면제 서비스]
- 인터넷·모바일·폰뱅킹 타행이체 수수료 면제(KB국민은행 계좌에서 타행계좌로 이체 시)
- KB국민은행 자동화기기 이용수수료 면제 (KB국민은행 이체 및 시간 외 인출)
- 서비스 제외 : 연체 및 거래정지 / 연계계좌 이체
- 실적조건 : 서비스 이용일 기준 최근 1개월 노리체크카드 및 동일계열카드 이용실적 70만원 이상 (매입 기준)",2026-06-05
01664_B0008,1664,주요혜택,GS25 5% 환급할인,GS25 5% 환급할인,편의점,13,Offline,할인,5,%,GS25,전월 실적 20만원 이상,200000,,10000,,20000,원,,,,"[GS25 5% 환급할인]
- 이용금액 건당 1만원~2만원까지 할인 적용
- 전월이용실적에 따른 통합할인한도 적용

[이용 조건]
전월 이용실적 20만원 이상",편의점 5% 할인,"[GS25 5% 환급할인]
- 이용금액 건당 1만원~2만원까지 할인 적용
- 전월이용실적에 따른 통합할인한도 적용

[이용 조건]
전월 이용실적 20만원 이상",2026-06-05
01664_B0009,1664,주요혜택,교보문고 5% 환급할인,교보문고 5% 환급할인,교육/육아,20,Both,할인,5,%,교보문고,전월 실적 20만원 이상,200000,,20000,,50000,원,,,,"[교보문고 5% 환급할인]
- 이용금액 건당 2만원~5만원까지 할인 적용
- 제공조건 : 현장구매 및 교보문고 홈페이지
- 할인 제외 : 핫트랙스 이용금액
- 전월이용실적에 따른 통합할인한도 적용

[이용 조건]
전월 이용실적 20만원 이상",교육/육아 5% 할인,"[교보문고 5% 환급할인]
- 이용금액 건당 2만원~5만원까지 할인 적용
- 제공조건 : 현장구매 및 교보문고 홈페이지
- 할인 제외 : 핫트랙스 이용금액
- 전월이용실적에 따른 통합할인한도 적용

[이용 조건]
전월 이용실적 20만원 이상",2026-06-05
02171_B0001,2171,주요혜택,웅진씽크빅 자동납부요금 청구할인,웅진씽크빅 자동납부 청구할인,교육/육아,20,Both,할인,12000,원,웅진씽크빅,전월 실적 30만원 이상,300000,700000,,,12000,원,,,,"[웅진씽크빅 자동납부요금 청구할인]
<table class=""benefit-table""><tr><th rowspan=""2"">구 분</th><th colspan=""2"">전월 이용실적에 따른 월간 할인 금액</th></tr><tr><th>1구간(30만원 이상)</th><th>2구간(70만원 이상)</th></tr><tr><th>웅진씽크빅 요금 자동납부</th><td>1만2천원</td><td>1만7천원</td></tr></table>
- 최초 카드 사용 등록일로부터 다음달 말일까지는 KB국민 웅진씽크빅 카드 전월 이용실적이 없는 경우에도 1구간(전월 이용실적 30만원 이상)에 해당하는 할인 서비스가 적용됩니다.
- 할인금액보다 자동납부 승인금액이 작을 경우 승인금액만큼 할인 적용됩니다. (예시) 전월 이용실적이 30만원 이상, 자동납부 승인금액이 9,000원인 경우 9,000원이 할인됩니다.
- 웅진씽크빅 자동납부 승인 건이 여러 건인 경우 합산하여 월 할인한도 내에서 할인 됩니다.
- KB국민 웅진씽크빅카드로 웅진씽크빅 요금을 자동납부하시는 경우에 한하여 할인이 제공되며, 카드 수령 후 웅진씽크빅 고객센터에서 자동납부를 별도로 신청하시기 바랍니다.",교육/육아 12000원 할인,"[웅진씽크빅 자동납부요금 청구할인]
<table class=""benefit-table""><tr><th rowspan=""2"">구 분</th><th colspan=""2"">전월 이용실적에 따른 월간 할인 금액</th></tr><tr><th>1구간(30만원 이상)</th><th>2구간(70만원 이상)</th></tr><tr><th>웅진씽크빅 요금 자동납부</th><td>1만2천원</td><td>1만7천원</td></tr></table>
- 최초 카드 사용 등록일로부터 다음달 말일까지는 KB국민 웅진씽크빅 카드 전월 이용실적이 없는 경우에도 1구간(전월 이용실적 30만원 이상)에 해당하는 할인 서비스가 적용됩니다.
- 할인금액보다 자동납부 승인금액이 작을 경우 승인금액만큼 할인 적용됩니다. (예시) 전월 이용실적이 30만원 이상, 자동납부 승인금액이 9,000원인 경우 9,000원이 할인됩니다.
- 웅진씽크빅 자동납부 승인 건이 여러 건인 경우 합산하여 월 할인한도 내에서 할인 됩니다.
- KB국민 웅진씽크빅카드로 웅진씽크빅 요금을 자동납부하시는 경우에 한하여 할인이 제공되며, 카드 수령 후 웅진씽크빅 고객센터에서 자동납부를 별도로 신청하시기 바랍니다.",2026-06-06
02171_B0002,2171,주요혜택,웅진씽크빅 자동납부요금 청구할인,웅진씽크빅 자동납부 청구할인,교육/육아,20,Both,할인,17000,원,웅진씽크빅,전월 실적 70만원 이상,700000,,,,17000,원,,,,"[웅진씽크빅 자동납부요금 청구할인]
<table class=""benefit-table""><tr><th rowspan=""2"">구 분</th><th colspan=""2"">전월 이용실적에 따른 월간 할인 금액</th></tr><tr><th>1구간(30만원 이상)</th><th>2구간(70만원 이상)</th></tr><tr><th>웅진씽크빅 요금 자동납부</th><td>1만2천원</td><td>1만7천원</td></tr></table>
- 최초 카드 사용 등록일로부터 다음달 말일까지는 KB국민 웅진씽크빅 카드 전월 이용실적이 없는 경우에도 1구간(전월 이용실적 30만원 이상)에 해당하는 할인 서비스가 적용됩니다.
- 할인금액보다 자동납부 승인금액이 작을 경우 승인금액만큼 할인 적용됩니다. (예시) 전월 이용실적이 30만원 이상, 자동납부 승인금액이 9,000원인 경우 9,000원이 할인됩니다.
- 웅진씽크빅 자동납부 승인 건이 여러 건인 경우 합산하여 월 할인한도 내에서 할인 됩니다.
- KB국민 웅진씽크빅카드로 웅진씽크빅 요금을 자동납부하시는 경우에 한하여 할인이 제공되며, 카드 수령 후 웅진씽크빅 고객센터에서 자동납부를 별도로 신청하시기 바랍니다.",교육/육아 17000원 할인,"[웅진씽크빅 자동납부요금 청구할인]
<table class=""benefit-table""><tr><th rowspan=""2"">구 분</th><th colspan=""2"">전월 이용실적에 따른 월간 할인 금액</th></tr><tr><th>1구간(30만원 이상)</th><th>2구간(70만원 이상)</th></tr><tr><th>웅진씽크빅 요금 자동납부</th><td>1만2천원</td><td>1만7천원</td></tr></table>
- 최초 카드 사용 등록일로부터 다음달 말일까지는 KB국민 웅진씽크빅 카드 전월 이용실적이 없는 경우에도 1구간(전월 이용실적 30만원 이상)에 해당하는 할인 서비스가 적용됩니다.
- 할인금액보다 자동납부 승인금액이 작을 경우 승인금액만큼 할인 적용됩니다. (예시) 전월 이용실적이 30만원 이상, 자동납부 승인금액이 9,000원인 경우 9,000원이 할인됩니다.
- 웅진씽크빅 자동납부 승인 건이 여러 건인 경우 합산하여 월 할인한도 내에서 할인 됩니다.
- KB국민 웅진씽크빅카드로 웅진씽크빅 요금을 자동납부하시는 경우에 한하여 할인이 제공되며, 카드 수령 후 웅진씽크빅 고객센터에서 자동납부를 별도로 신청하시기 바랍니다.",2026-06-06
02210_B0001,2210,주요혜택,비상온리원 자동납부요금 청구할인,비상온리원 요금 자동납부 청구할인,교육/육아,20,Both,할인,12000,원,비상온리원 자동납부,전월 실적 30만원 이상,300000,700000,,,12000,원,,,,"[비상온리원 자동납부요금 청구할인]
<table class=""benefit-table""><tr><th rowspan=""2"">구 분</th><th colspan=""2"">전월 이용실적에 따른 월간 할인 금액</th></tr><tr><th>1구간(30만원 이상)</th><th>2구간(70만원 이상)</th></tr><tr><th>비상온리원요금 자동납부</th><td>1만2천원</td><td>1만7천원</td></tr></table>
- 최초 카드 사용 등록일로부터 다음달 말일까지는 KB국민 비상온리원 카드 전월 이용실적이 없는 경우에도 1구간(전월 이용실적 30만원 이상)에 해당하는 할인 서비스가 적용됩니다.
- 할인금액보다 자동납부 승인금액이 작을 경우 승인금액만큼 할인 적용됩니다. (예시) 전월 이용실적이 30만원 이상, 자동납부 승인금액이 9,000원인 경우 9,000원이 할인됩니다.
- 비상온리원 자동납부 승인 건이 여러 건인 경우 합산하여 월 할인한도 내에서 할인 됩니다.
- KB국민 비상온리원 카드로 비상온리원 요금을 자동납부하시는 경우에 한하여 할인이 제공되며, 카드 수령 후 비상온리원 고객센터에서 자동납부를 별도로 신청하시기 바랍니다.",교육/육아 12000원 할인,"[비상온리원 자동납부요금 청구할인]
<table class=""benefit-table""><tr><th rowspan=""2"">구 분</th><th colspan=""2"">전월 이용실적에 따른 월간 할인 금액</th></tr><tr><th>1구간(30만원 이상)</th><th>2구간(70만원 이상)</th></tr><tr><th>비상온리원요금 자동납부</th><td>1만2천원</td><td>1만7천원</td></tr></table>
- 최초 카드 사용 등록일로부터 다음달 말일까지는 KB국민 비상온리원 카드 전월 이용실적이 없는 경우에도 1구간(전월 이용실적 30만원 이상)에 해당하는 할인 서비스가 적용됩니다.
- 할인금액보다 자동납부 승인금액이 작을 경우 승인금액만큼 할인 적용됩니다. (예시) 전월 이용실적이 30만원 이상, 자동납부 승인금액이 9,000원인 경우 9,000원이 할인됩니다.
- 비상온리원 자동납부 승인 건이 여러 건인 경우 합산하여 월 할인한도 내에서 할인 됩니다.
- KB국민 비상온리원 카드로 비상온리원 요금을 자동납부하시는 경우에 한하여 할인이 제공되며, 카드 수령 후 비상온리원 고객센터에서 자동납부를 별도로 신청하시기 바랍니다.",2026-06-06
02210_B0002,2210,주요혜택,비상온리원 자동납부요금 청구할인,비상온리원 요금 자동납부 청구할인,교육/육아,20,Both,할인,17000,원,비상온리원 자동납부,전월 실적 70만원 이상,700000,,,,17000,원,,,,"[비상온리원 자동납부요금 청구할인]
<table class=""benefit-table""><tr><th rowspan=""2"">구 분</th><th colspan=""2"">전월 이용실적에 따른 월간 할인 금액</th></tr><tr><th>1구간(30만원 이상)</th><th>2구간(70만원 이상)</th></tr><tr><th>비상온리원요금 자동납부</th><td>1만2천원</td><td>1만7천원</td></tr></table>
- 최초 카드 사용 등록일로부터 다음달 말일까지는 KB국민 비상온리원 카드 전월 이용실적이 없는 경우에도 1구간(전월 이용실적 30만원 이상)에 해당하는 할인 서비스가 적용됩니다.
- 할인금액보다 자동납부 승인금액이 작을 경우 승인금액만큼 할인 적용됩니다. (예시) 전월 이용실적이 30만원 이상, 자동납부 승인금액이 9,000원인 경우 9,000원이 할인됩니다.
- 비상온리원 자동납부 승인 건이 여러 건인 경우 합산하여 월 할인한도 내에서 할인 됩니다.
- KB국민 비상온리원 카드로 비상온리원 요금을 자동납부하시는 경우에 한하여 할인이 제공되며, 카드 수령 후 비상온리원 고객센터에서 자동납부를 별도로 신청하시기 바랍니다.",교육/육아 17000원 할인,"[비상온리원 자동납부요금 청구할인]
<table class=""benefit-table""><tr><th rowspan=""2"">구 분</th><th colspan=""2"">전월 이용실적에 따른 월간 할인 금액</th></tr><tr><th>1구간(30만원 이상)</th><th>2구간(70만원 이상)</th></tr><tr><th>비상온리원요금 자동납부</th><td>1만2천원</td><td>1만7천원</td></tr></table>
- 최초 카드 사용 등록일로부터 다음달 말일까지는 KB국민 비상온리원 카드 전월 이용실적이 없는 경우에도 1구간(전월 이용실적 30만원 이상)에 해당하는 할인 서비스가 적용됩니다.
- 할인금액보다 자동납부 승인금액이 작을 경우 승인금액만큼 할인 적용됩니다. (예시) 전월 이용실적이 30만원 이상, 자동납부 승인금액이 9,000원인 경우 9,000원이 할인됩니다.
- 비상온리원 자동납부 승인 건이 여러 건인 경우 합산하여 월 할인한도 내에서 할인 됩니다.
- KB국민 비상온리원 카드로 비상온리원 요금을 자동납부하시는 경우에 한하여 할인이 제공되며, 카드 수령 후 비상온리원 고객센터에서 자동납부를 별도로 신청하시기 바랍니다.",2026-06-06
02219_B0001,2219,주요혜택,두산베어스 특화할인,야구 홈경기 티켓/굿즈&용품,레저/스포츠,9,Both,할인,50,%,"두산베어스 공식 홈페이지, NOL 티켓, 위팬 온라인샵, 잠실야구장 매표소 및 위팬샵",전월 실적 30만원 이상,300000,800000,,,10000,원,,,,"[두산베어스 특화할인]
※ 최초 카드 사용등록월의 실적이 30만원 이상일 경우에는 다음달에 해당실적 구간의 할인 제공
- 두산베어스 공식 홈페이지
- NOL 티켓(nol.interpark.com/ticket)
- NOL 티켓(1544-1555)
- 잠실야구장 내 매표소 4개소
- 위팬 공식 온라인샵
- 위팬(1588-7632)
- 놀유니버스(1661-2385)
- 잠실야구장 내야 위팬샵(1루 내야 광장)
- 잠실야구장 외야 위팬샵(3루 외야 게이트 인근)
- 잠실야구장 내야 NOL 상품샵(1루 내야 광장)
- 잠실야구장 외야 베어스하우스
- 배달타자 APP 내 잠실야구장(내야석/외야석) 주문(픽업/배달)
- 카카오톡 채널(아모제)
- 잠실야구장 내 오프라인 F&B 업체
  (단, GS25, 똘이식당, 홈런마트,카페 바른생활 등 제외)
<table class=""benefit-table""><tr><th rowspan=""2"">구 분</th><th rowspan=""2"">할인율</th><th colspan=""2"">전월 실적별 월 할인한도</th></tr><tr><th>30만원 이상</th><th>80만원 이상</th></tr><tr><td>야구 홈경기 티켓/굿즈&용품</td><td>50%</td><td>1만원</td><td>2만원</td></tr><tr><td>홈구장 내 F&B</td><td>20%</td><td>5천원</td><td>1만원</td></tr></table>
<table class=""benefit-table""><tr><th>서비스</th><th>구분</th><th>할인 가맹점(매장, 홈페이지 등)</th><th>문의처</th></tr><tr><td rowspan=""2"">홈경기 티켓 주)</td><td>온라인</td><td>두산베어스 공식 홈페이지(www.doosanbears.com) NOL 티켓(nol.interpark.com/ticket)</td><td rowspan=""2"">NOL 티켓(1544-1555)</td></tr><tr><td>오프라인</td><td>잠실야구장 내 매표소 4개소</td></tr><tr><td rowspan=""2"">굿즈&용품</td><td>온라인</td><td>위팬 공식 온라인샵(www.doosanbearswefan.shop)</td><td rowspan=""2"">위팬(1588-7632) 놀유니버스(1661-2385)</td></tr><tr><td>오프라인</td><td>잠실야구장 내야 위팬샵(1루 내야 광장) 잠실야구장 외야 위팬샵(3루 외야 게이트 인근) 잠실야구장 내야 NOL 상품샵(1루 내야 광장) 잠실야구장 외야 베어스하우스</td></tr><tr><td rowspan=""2"">홈구장 F&B</td><td>온라인</td><td>배달타자 APP 내 잠실야구장(내야석/외야석) 주문(픽업/배달)</td><td rowspan=""2"">카카오톡 채널(아모제)</td></tr><tr><td>오프라인</td><td>잠실야구장 내 오프라인 F&B 업체 (단, GS25, 똘이식당, 홈런마트,카페 바른생활 등 제외)</td></tr></table>",레저/스포츠 50% 할인,"[두산베어스 특화할인]
※ 최초 카드 사용등록월의 실적이 30만원 이상일 경우에는 다음달에 해당실적 구간의 할인 제공
- 두산베어스 공식 홈페이지
- NOL 티켓(nol.interpark.com/ticket)
- NOL 티켓(1544-1555)
- 잠실야구장 내 매표소 4개소
- 위팬 공식 온라인샵
- 위팬(1588-7632)
- 놀유니버스(1661-2385)
- 잠실야구장 내야 위팬샵(1루 내야 광장)
- 잠실야구장 외야 위팬샵(3루 외야 게이트 인근)
- 잠실야구장 내야 NOL 상품샵(1루 내야 광장)
- 잠실야구장 외야 베어스하우스
- 배달타자 APP 내 잠실야구장(내야석/외야석) 주문(픽업/배달)
- 카카오톡 채널(아모제)
- 잠실야구장 내 오프라인 F&B 업체
  (단, GS25, 똘이식당, 홈런마트,카페 바른생활 등 제외)
<table class=""benefit-table""><tr><th rowspan=""2"">구 분</th><th rowspan=""2"">할인율</th><th colspan=""2"">전월 실적별 월 할인한도</th></tr><tr><th>30만원 이상</th><th>80만원 이상</th></tr><tr><td>야구 홈경기 티켓/굿즈&용품</td><td>50%</td><td>1만원</td><td>2만원</td></tr><tr><td>홈구장 내 F&B</td><td>20%</td><td>5천원</td><td>1만원</td></tr></table>
<table class=""benefit-table""><tr><th>서비스</th><th>구분</th><th>할인 가맹점(매장, 홈페이지 등)</th><th>문의처</th></tr><tr><td rowspan=""2"">홈경기 티켓 주)</td><td>온라인</td><td>두산베어스 공식 홈페이지(www.doosanbears.com) NOL 티켓(nol.interpark.com/ticket)</td><td rowspan=""2"">NOL 티켓(1544-1555)</td></tr><tr><td>오프라인</td><td>잠실야구장 내 매표소 4개소</td></tr><tr><td rowspan=""2"">굿즈&용품</td><td>온라인</td><td>위팬 공식 온라인샵(www.doosanbearswefan.shop)</td><td rowspan=""2"">위팬(1588-7632) 놀유니버스(1661-2385)</td></tr><tr><td>오프라인</td><td>잠실야구장 내야 위팬샵(1루 내야 광장) 잠실야구장 외야 위팬샵(3루 외야 게이트 인근) 잠실야구장 내야 NOL 상품샵(1루 내야 광장) 잠실야구장 외야 베어스하우스</td></tr><tr><td rowspan=""2"">홈구장 F&B</td><td>온라인</td><td>배달타자 APP 내 잠실야구장(내야석/외야석) 주문(픽업/배달)</td><td rowspan=""2"">카카오톡 채널(아모제)</td></tr><tr><td>오프라인</td><td>잠실야구장 내 오프라인 F&B 업체 (단, GS25, 똘이식당, 홈런마트,카페 바른생활 등 제외)</td></tr></table>",2026-06-05
02219_B0002,2219,주요혜택,두산베어스 특화할인,야구 홈경기 티켓/굿즈&용품,레저/스포츠,9,Both,할인,50,%,"두산베어스 공식 홈페이지, NOL 티켓, 위팬 온라인샵, 잠실야구장 매표소 및 위팬샵",전월 실적 80만원 이상,800000,,,,20000,원,,,,"[두산베어스 특화할인]
※ 최초 카드 사용등록월의 실적이 30만원 이상일 경우에는 다음달에 해당실적 구간의 할인 제공
- 두산베어스 공식 홈페이지
- NOL 티켓(nol.interpark.com/ticket)
- NOL 티켓(1544-1555)
- 잠실야구장 내 매표소 4개소
- 위팬 공식 온라인샵
- 위팬(1588-7632)
- 놀유니버스(1661-2385)
- 잠실야구장 내야 위팬샵(1루 내야 광장)
- 잠실야구장 외야 위팬샵(3루 외야 게이트 인근)
- 잠실야구장 내야 NOL 상품샵(1루 내야 광장)
- 잠실야구장 외야 베어스하우스
- 배달타자 APP 내 잠실야구장(내야석/외야석) 주문(픽업/배달)
- 카카오톡 채널(아모제)
- 잠실야구장 내 오프라인 F&B 업체
  (단, GS25, 똘이식당, 홈런마트,카페 바른생활 등 제외)
<table class=""benefit-table""><tr><th rowspan=""2"">구 분</th><th rowspan=""2"">할인율</th><th colspan=""2"">전월 실적별 월 할인한도</th></tr><tr><th>30만원 이상</th><th>80만원 이상</th></tr><tr><td>야구 홈경기 티켓/굿즈&용품</td><td>50%</td><td>1만원</td><td>2만원</td></tr><tr><td>홈구장 내 F&B</td><td>20%</td><td>5천원</td><td>1만원</td></tr></table>
<table class=""benefit-table""><tr><th>서비스</th><th>구분</th><th>할인 가맹점(매장, 홈페이지 등)</th><th>문의처</th></tr><tr><td rowspan=""2"">홈경기 티켓 주)</td><td>온라인</td><td>두산베어스 공식 홈페이지(www.doosanbears.com) NOL 티켓(nol.interpark.com/ticket)</td><td rowspan=""2"">NOL 티켓(1544-1555)</td></tr><tr><td>오프라인</td><td>잠실야구장 내 매표소 4개소</td></tr><tr><td rowspan=""2"">굿즈&용품</td><td>온라인</td><td>위팬 공식 온라인샵(www.doosanbearswefan.shop)</td><td rowspan=""2"">위팬(1588-7632) 놀유니버스(1661-2385)</td></tr><tr><td>오프라인</td><td>잠실야구장 내야 위팬샵(1루 내야 광장) 잠실야구장 외야 위팬샵(3루 외야 게이트 인근) 잠실야구장 내야 NOL 상품샵(1루 내야 광장) 잠실야구장 외야 베어스하우스</td></tr><tr><td rowspan=""2"">홈구장 F&B</td><td>온라인</td><td>배달타자 APP 내 잠실야구장(내야석/외야석) 주문(픽업/배달)</td><td rowspan=""2"">카카오톡 채널(아모제)</td></tr><tr><td>오프라인</td><td>잠실야구장 내 오프라인 F&B 업체 (단, GS25, 똘이식당, 홈런마트,카페 바른생활 등 제외)</td></tr></table>",레저/스포츠 50% 할인,"[두산베어스 특화할인]
※ 최초 카드 사용등록월의 실적이 30만원 이상일 경우에는 다음달에 해당실적 구간의 할인 제공
- 두산베어스 공식 홈페이지
- NOL 티켓(nol.interpark.com/ticket)
- NOL 티켓(1544-1555)
- 잠실야구장 내 매표소 4개소
- 위팬 공식 온라인샵
- 위팬(1588-7632)
- 놀유니버스(1661-2385)
- 잠실야구장 내야 위팬샵(1루 내야 광장)
- 잠실야구장 외야 위팬샵(3루 외야 게이트 인근)
- 잠실야구장 내야 NOL 상품샵(1루 내야 광장)
- 잠실야구장 외야 베어스하우스
- 배달타자 APP 내 잠실야구장(내야석/외야석) 주문(픽업/배달)
- 카카오톡 채널(아모제)
- 잠실야구장 내 오프라인 F&B 업체
  (단, GS25, 똘이식당, 홈런마트,카페 바른생활 등 제외)
<table class=""benefit-table""><tr><th rowspan=""2"">구 분</th><th rowspan=""2"">할인율</th><th colspan=""2"">전월 실적별 월 할인한도</th></tr><tr><th>30만원 이상</th><th>80만원 이상</th></tr><tr><td>야구 홈경기 티켓/굿즈&용품</td><td>50%</td><td>1만원</td><td>2만원</td></tr><tr><td>홈구장 내 F&B</td><td>20%</td><td>5천원</td><td>1만원</td></tr></table>
<table class=""benefit-table""><tr><th>서비스</th><th>구분</th><th>할인 가맹점(매장, 홈페이지 등)</th><th>문의처</th></tr><tr><td rowspan=""2"">홈경기 티켓 주)</td><td>온라인</td><td>두산베어스 공식 홈페이지(www.doosanbears.com) NOL 티켓(nol.interpark.com/ticket)</td><td rowspan=""2"">NOL 티켓(1544-1555)</td></tr><tr><td>오프라인</td><td>잠실야구장 내 매표소 4개소</td></tr><tr><td rowspan=""2"">굿즈&용품</td><td>온라인</td><td>위팬 공식 온라인샵(www.doosanbearswefan.shop)</td><td rowspan=""2"">위팬(1588-7632) 놀유니버스(1661-2385)</td></tr><tr><td>오프라인</td><td>잠실야구장 내야 위팬샵(1루 내야 광장) 잠실야구장 외야 위팬샵(3루 외야 게이트 인근) 잠실야구장 내야 NOL 상품샵(1루 내야 광장) 잠실야구장 외야 베어스하우스</td></tr><tr><td rowspan=""2"">홈구장 F&B</td><td>온라인</td><td>배달타자 APP 내 잠실야구장(내야석/외야석) 주문(픽업/배달)</td><td rowspan=""2"">카카오톡 채널(아모제)</td></tr><tr><td>오프라인</td><td>잠실야구장 내 오프라인 F&B 업체 (단, GS25, 똘이식당, 홈런마트,카페 바른생활 등 제외)</td></tr></table>",2026-06-05
02219_B0003,2219,주요혜택,두산베어스 특화할인,홈구장 내 F&B,외식,16,Both,할인,20,%,"잠실야구장 내 F&B 업체, 배달타자 APP 내 주문",전월 실적 30만원 이상,300000,800000,,,5000,원,,,,"[두산베어스 특화할인]
※ 최초 카드 사용등록월의 실적이 30만원 이상일 경우에는 다음달에 해당실적 구간의 할인 제공
- 두산베어스 공식 홈페이지
- NOL 티켓(nol.interpark.com/ticket)
- NOL 티켓(1544-1555)
- 잠실야구장 내 매표소 4개소
- 위팬 공식 온라인샵
- 위팬(1588-7632)
- 놀유니버스(1661-2385)
- 잠실야구장 내야 위팬샵(1루 내야 광장)
- 잠실야구장 외야 위팬샵(3루 외야 게이트 인근)
- 잠실야구장 내야 NOL 상품샵(1루 내야 광장)
- 잠실야구장 외야 베어스하우스
- 배달타자 APP 내 잠실야구장(내야석/외야석) 주문(픽업/배달)
- 카카오톡 채널(아모제)
- 잠실야구장 내 오프라인 F&B 업체
  (단, GS25, 똘이식당, 홈런마트,카페 바른생활 등 제외)
<table class=""benefit-table""><tr><th rowspan=""2"">구 분</th><th rowspan=""2"">할인율</th><th colspan=""2"">전월 실적별 월 할인한도</th></tr><tr><th>30만원 이상</th><th>80만원 이상</th></tr><tr><td>야구 홈경기 티켓/굿즈&용품</td><td>50%</td><td>1만원</td><td>2만원</td></tr><tr><td>홈구장 내 F&B</td><td>20%</td><td>5천원</td><td>1만원</td></tr></table>
<table class=""benefit-table""><tr><th>서비스</th><th>구분</th><th>할인 가맹점(매장, 홈페이지 등)</th><th>문의처</th></tr><tr><td rowspan=""2"">홈경기 티켓 주)</td><td>온라인</td><td>두산베어스 공식 홈페이지(www.doosanbears.com) NOL 티켓(nol.interpark.com/ticket)</td><td rowspan=""2"">NOL 티켓(1544-1555)</td></tr><tr><td>오프라인</td><td>잠실야구장 내 매표소 4개소</td></tr><tr><td rowspan=""2"">굿즈&용품</td><td>온라인</td><td>위팬 공식 온라인샵(www.doosanbearswefan.shop)</td><td rowspan=""2"">위팬(1588-7632) 놀유니버스(1661-2385)</td></tr><tr><td>오프라인</td><td>잠실야구장 내야 위팬샵(1루 내야 광장) 잠실야구장 외야 위팬샵(3루 외야 게이트 인근) 잠실야구장 내야 NOL 상품샵(1루 내야 광장) 잠실야구장 외야 베어스하우스</td></tr><tr><td rowspan=""2"">홈구장 F&B</td><td>온라인</td><td>배달타자 APP 내 잠실야구장(내야석/외야석) 주문(픽업/배달)</td><td rowspan=""2"">카카오톡 채널(아모제)</td></tr><tr><td>오프라인</td><td>잠실야구장 내 오프라인 F&B 업체 (단, GS25, 똘이식당, 홈런마트,카페 바른생활 등 제외)</td></tr></table>",외식 20% 할인,"[두산베어스 특화할인]
※ 최초 카드 사용등록월의 실적이 30만원 이상일 경우에는 다음달에 해당실적 구간의 할인 제공
- 두산베어스 공식 홈페이지
- NOL 티켓(nol.interpark.com/ticket)
- NOL 티켓(1544-1555)
- 잠실야구장 내 매표소 4개소
- 위팬 공식 온라인샵
- 위팬(1588-7632)
- 놀유니버스(1661-2385)
- 잠실야구장 내야 위팬샵(1루 내야 광장)
- 잠실야구장 외야 위팬샵(3루 외야 게이트 인근)
- 잠실야구장 내야 NOL 상품샵(1루 내야 광장)
- 잠실야구장 외야 베어스하우스
- 배달타자 APP 내 잠실야구장(내야석/외야석) 주문(픽업/배달)
- 카카오톡 채널(아모제)
- 잠실야구장 내 오프라인 F&B 업체
  (단, GS25, 똘이식당, 홈런마트,카페 바른생활 등 제외)
<table class=""benefit-table""><tr><th rowspan=""2"">구 분</th><th rowspan=""2"">할인율</th><th colspan=""2"">전월 실적별 월 할인한도</th></tr><tr><th>30만원 이상</th><th>80만원 이상</th></tr><tr><td>야구 홈경기 티켓/굿즈&용품</td><td>50%</td><td>1만원</td><td>2만원</td></tr><tr><td>홈구장 내 F&B</td><td>20%</td><td>5천원</td><td>1만원</td></tr></table>
<table class=""benefit-table""><tr><th>서비스</th><th>구분</th><th>할인 가맹점(매장, 홈페이지 등)</th><th>문의처</th></tr><tr><td rowspan=""2"">홈경기 티켓 주)</td><td>온라인</td><td>두산베어스 공식 홈페이지(www.doosanbears.com) NOL 티켓(nol.interpark.com/ticket)</td><td rowspan=""2"">NOL 티켓(1544-1555)</td></tr><tr><td>오프라인</td><td>잠실야구장 내 매표소 4개소</td></tr><tr><td rowspan=""2"">굿즈&용품</td><td>온라인</td><td>위팬 공식 온라인샵(www.doosanbearswefan.shop)</td><td rowspan=""2"">위팬(1588-7632) 놀유니버스(1661-2385)</td></tr><tr><td>오프라인</td><td>잠실야구장 내야 위팬샵(1루 내야 광장) 잠실야구장 외야 위팬샵(3루 외야 게이트 인근) 잠실야구장 내야 NOL 상품샵(1루 내야 광장) 잠실야구장 외야 베어스하우스</td></tr><tr><td rowspan=""2"">홈구장 F&B</td><td>온라인</td><td>배달타자 APP 내 잠실야구장(내야석/외야석) 주문(픽업/배달)</td><td rowspan=""2"">카카오톡 채널(아모제)</td></tr><tr><td>오프라인</td><td>잠실야구장 내 오프라인 F&B 업체 (단, GS25, 똘이식당, 홈런마트,카페 바른생활 등 제외)</td></tr></table>",2026-06-05
02219_B0004,2219,주요혜택,두산베어스 특화할인,홈구장 내 F&B,외식,16,Both,할인,20,%,"잠실야구장 내 F&B 업체, 배달타자 APP 내 주문",전월 실적 80만원 이상,800000,,,,10000,원,,,,"[두산베어스 특화할인]
※ 최초 카드 사용등록월의 실적이 30만원 이상일 경우에는 다음달에 해당실적 구간의 할인 제공
- 두산베어스 공식 홈페이지
- NOL 티켓(nol.interpark.com/ticket)
- NOL 티켓(1544-1555)
- 잠실야구장 내 매표소 4개소
- 위팬 공식 온라인샵
- 위팬(1588-7632)
- 놀유니버스(1661-2385)
- 잠실야구장 내야 위팬샵(1루 내야 광장)
- 잠실야구장 외야 위팬샵(3루 외야 게이트 인근)
- 잠실야구장 내야 NOL 상품샵(1루 내야 광장)
- 잠실야구장 외야 베어스하우스
- 배달타자 APP 내 잠실야구장(내야석/외야석) 주문(픽업/배달)
- 카카오톡 채널(아모제)
- 잠실야구장 내 오프라인 F&B 업체
  (단, GS25, 똘이식당, 홈런마트,카페 바른생활 등 제외)
<table class=""benefit-table""><tr><th rowspan=""2"">구 분</th><th rowspan=""2"">할인율</th><th colspan=""2"">전월 실적별 월 할인한도</th></tr><tr><th>30만원 이상</th><th>80만원 이상</th></tr><tr><td>야구 홈경기 티켓/굿즈&용품</td><td>50%</td><td>1만원</td><td>2만원</td></tr><tr><td>홈구장 내 F&B</td><td>20%</td><td>5천원</td><td>1만원</td></tr></table>
<table class=""benefit-table""><tr><th>서비스</th><th>구분</th><th>할인 가맹점(매장, 홈페이지 등)</th><th>문의처</th></tr><tr><td rowspan=""2"">홈경기 티켓 주)</td><td>온라인</td><td>두산베어스 공식 홈페이지(www.doosanbears.com) NOL 티켓(nol.interpark.com/ticket)</td><td rowspan=""2"">NOL 티켓(1544-1555)</td></tr><tr><td>오프라인</td><td>잠실야구장 내 매표소 4개소</td></tr><tr><td rowspan=""2"">굿즈&용품</td><td>온라인</td><td>위팬 공식 온라인샵(www.doosanbearswefan.shop)</td><td rowspan=""2"">위팬(1588-7632) 놀유니버스(1661-2385)</td></tr><tr><td>오프라인</td><td>잠실야구장 내야 위팬샵(1루 내야 광장) 잠실야구장 외야 위팬샵(3루 외야 게이트 인근) 잠실야구장 내야 NOL 상품샵(1루 내야 광장) 잠실야구장 외야 베어스하우스</td></tr><tr><td rowspan=""2"">홈구장 F&B</td><td>온라인</td><td>배달타자 APP 내 잠실야구장(내야석/외야석) 주문(픽업/배달)</td><td rowspan=""2"">카카오톡 채널(아모제)</td></tr><tr><td>오프라인</td><td>잠실야구장 내 오프라인 F&B 업체 (단, GS25, 똘이식당, 홈런마트,카페 바른생활 등 제외)</td></tr></table>",외식 20% 할인,"[두산베어스 특화할인]
※ 최초 카드 사용등록월의 실적이 30만원 이상일 경우에는 다음달에 해당실적 구간의 할인 제공
- 두산베어스 공식 홈페이지
- NOL 티켓(nol.interpark.com/ticket)
- NOL 티켓(1544-1555)
- 잠실야구장 내 매표소 4개소
- 위팬 공식 온라인샵
- 위팬(1588-7632)
- 놀유니버스(1661-2385)
- 잠실야구장 내야 위팬샵(1루 내야 광장)
- 잠실야구장 외야 위팬샵(3루 외야 게이트 인근)
- 잠실야구장 내야 NOL 상품샵(1루 내야 광장)
- 잠실야구장 외야 베어스하우스
- 배달타자 APP 내 잠실야구장(내야석/외야석) 주문(픽업/배달)
- 카카오톡 채널(아모제)
- 잠실야구장 내 오프라인 F&B 업체
  (단, GS25, 똘이식당, 홈런마트,카페 바른생활 등 제외)
<table class=""benefit-table""><tr><th rowspan=""2"">구 분</th><th rowspan=""2"">할인율</th><th colspan=""2"">전월 실적별 월 할인한도</th></tr><tr><th>30만원 이상</th><th>80만원 이상</th></tr><tr><td>야구 홈경기 티켓/굿즈&용품</td><td>50%</td><td>1만원</td><td>2만원</td></tr><tr><td>홈구장 내 F&B</td><td>20%</td><td>5천원</td><td>1만원</td></tr></table>
<table class=""benefit-table""><tr><th>서비스</th><th>구분</th><th>할인 가맹점(매장, 홈페이지 등)</th><th>문의처</th></tr><tr><td rowspan=""2"">홈경기 티켓 주)</td><td>온라인</td><td>두산베어스 공식 홈페이지(www.doosanbears.com) NOL 티켓(nol.interpark.com/ticket)</td><td rowspan=""2"">NOL 티켓(1544-1555)</td></tr><tr><td>오프라인</td><td>잠실야구장 내 매표소 4개소</td></tr><tr><td rowspan=""2"">굿즈&용품</td><td>온라인</td><td>위팬 공식 온라인샵(www.doosanbearswefan.shop)</td><td rowspan=""2"">위팬(1588-7632) 놀유니버스(1661-2385)</td></tr><tr><td>오프라인</td><td>잠실야구장 내야 위팬샵(1루 내야 광장) 잠실야구장 외야 위팬샵(3루 외야 게이트 인근) 잠실야구장 내야 NOL 상품샵(1루 내야 광장) 잠실야구장 외야 베어스하우스</td></tr><tr><td rowspan=""2"">홈구장 F&B</td><td>온라인</td><td>배달타자 APP 내 잠실야구장(내야석/외야석) 주문(픽업/배달)</td><td rowspan=""2"">카카오톡 채널(아모제)</td></tr><tr><td>오프라인</td><td>잠실야구장 내 오프라인 F&B 업체 (단, GS25, 똘이식당, 홈런마트,카페 바른생활 등 제외)</td></tr></table>",2026-06-05
02219_B0005,2219,주요혜택,생활 영역 할인,OTT 할인,구독/스트리밍,8,Online,할인,30,%,"티빙, 넷플릭스, 유튜브 프리미엄, 디즈니 플러스",전월 실적 30만원 이상,300000,800000,,,5000,원,,,,"[생활 영역 할인]
- OTT : 티빙, 넷플릭스, 유튜브 프리미엄, 디즈니 플러스 / 편의점 : CU, GS25 / 배달앱 : 배달의 민족, 요기요, 쿠팡이츠, 마켓컬리
※ 최초 카드 사용등록월의 실적이 30만원 이상일 경우에는 다음달에 해당실적 구간의 할인 제공
<table class=""benefit-table""><tr><th rowspan=""2"">대상업종</th><th rowspan=""2"">할인율</th><th colspan=""2"">전월 실적별 월 할인한도</th></tr><tr><th>30만원 이상</th><th>80만원 이상</th></tr><tr><td>OTT</td><td>30%</td><td>5천원</td><td>1만원</td></tr><tr><td>편의점</td><td>5%</td><td>3천원</td><td>5천원</td></tr><tr><td>배달앱</td><td>5%</td><td>3천원</td><td>5천원</td></tr></table>",구독/스트리밍 30% 할인,"[생활 영역 할인]
- OTT : 티빙, 넷플릭스, 유튜브 프리미엄, 디즈니 플러스 / 편의점 : CU, GS25 / 배달앱 : 배달의 민족, 요기요, 쿠팡이츠, 마켓컬리
※ 최초 카드 사용등록월의 실적이 30만원 이상일 경우에는 다음달에 해당실적 구간의 할인 제공
<table class=""benefit-table""><tr><th rowspan=""2"">대상업종</th><th rowspan=""2"">할인율</th><th colspan=""2"">전월 실적별 월 할인한도</th></tr><tr><th>30만원 이상</th><th>80만원 이상</th></tr><tr><td>OTT</td><td>30%</td><td>5천원</td><td>1만원</td></tr><tr><td>편의점</td><td>5%</td><td>3천원</td><td>5천원</td></tr><tr><td>배달앱</td><td>5%</td><td>3천원</td><td>5천원</td></tr></table>",2026-06-05
02219_B0006,2219,주요혜택,생활 영역 할인,OTT 할인,구독/스트리밍,8,Online,할인,30,%,"티빙, 넷플릭스, 유튜브 프리미엄, 디즈니 플러스",전월 실적 80만원 이상,800000,,,,10000,원,,,,"[생활 영역 할인]
- OTT : 티빙, 넷플릭스, 유튜브 프리미엄, 디즈니 플러스 / 편의점 : CU, GS25 / 배달앱 : 배달의 민족, 요기요, 쿠팡이츠, 마켓컬리
※ 최초 카드 사용등록월의 실적이 30만원 이상일 경우에는 다음달에 해당실적 구간의 할인 제공
<table class=""benefit-table""><tr><th rowspan=""2"">대상업종</th><th rowspan=""2"">할인율</th><th colspan=""2"">전월 실적별 월 할인한도</th></tr><tr><th>30만원 이상</th><th>80만원 이상</th></tr><tr><td>OTT</td><td>30%</td><td>5천원</td><td>1만원</td></tr><tr><td>편의점</td><td>5%</td><td>3천원</td><td>5천원</td></tr><tr><td>배달앱</td><td>5%</td><td>3천원</td><td>5천원</td></tr></table>",구독/스트리밍 30% 할인,"[생활 영역 할인]
- OTT : 티빙, 넷플릭스, 유튜브 프리미엄, 디즈니 플러스 / 편의점 : CU, GS25 / 배달앱 : 배달의 민족, 요기요, 쿠팡이츠, 마켓컬리
※ 최초 카드 사용등록월의 실적이 30만원 이상일 경우에는 다음달에 해당실적 구간의 할인 제공
<table class=""benefit-table""><tr><th rowspan=""2"">대상업종</th><th rowspan=""2"">할인율</th><th colspan=""2"">전월 실적별 월 할인한도</th></tr><tr><th>30만원 이상</th><th>80만원 이상</th></tr><tr><td>OTT</td><td>30%</td><td>5천원</td><td>1만원</td></tr><tr><td>편의점</td><td>5%</td><td>3천원</td><td>5천원</td></tr><tr><td>배달앱</td><td>5%</td><td>3천원</td><td>5천원</td></tr></table>",2026-06-05
02219_B0007,2219,주요혜택,생활 영역 할인,편의점 할인,편의점,13,Offline,할인,5,%,"CU, GS25",전월 실적 30만원 이상,300000,800000,,,3000,원,,,,"[생활 영역 할인]
- OTT : 티빙, 넷플릭스, 유튜브 프리미엄, 디즈니 플러스 / 편의점 : CU, GS25 / 배달앱 : 배달의 민족, 요기요, 쿠팡이츠, 마켓컬리
※ 최초 카드 사용등록월의 실적이 30만원 이상일 경우에는 다음달에 해당실적 구간의 할인 제공
<table class=""benefit-table""><tr><th rowspan=""2"">대상업종</th><th rowspan=""2"">할인율</th><th colspan=""2"">전월 실적별 월 할인한도</th></tr><tr><th>30만원 이상</th><th>80만원 이상</th></tr><tr><td>OTT</td><td>30%</td><td>5천원</td><td>1만원</td></tr><tr><td>편의점</td><td>5%</td><td>3천원</td><td>5천원</td></tr><tr><td>배달앱</td><td>5%</td><td>3천원</td><td>5천원</td></tr></table>",편의점 5% 할인,"[생활 영역 할인]
- OTT : 티빙, 넷플릭스, 유튜브 프리미엄, 디즈니 플러스 / 편의점 : CU, GS25 / 배달앱 : 배달의 민족, 요기요, 쿠팡이츠, 마켓컬리
※ 최초 카드 사용등록월의 실적이 30만원 이상일 경우에는 다음달에 해당실적 구간의 할인 제공
<table class=""benefit-table""><tr><th rowspan=""2"">대상업종</th><th rowspan=""2"">할인율</th><th colspan=""2"">전월 실적별 월 할인한도</th></tr><tr><th>30만원 이상</th><th>80만원 이상</th></tr><tr><td>OTT</td><td>30%</td><td>5천원</td><td>1만원</td></tr><tr><td>편의점</td><td>5%</td><td>3천원</td><td>5천원</td></tr><tr><td>배달앱</td><td>5%</td><td>3천원</td><td>5천원</td></tr></table>",2026-06-05
02219_B0008,2219,주요혜택,생활 영역 할인,편의점 할인,편의점,13,Offline,할인,5,%,"CU, GS25",전월 실적 80만원 이상,800000,,,,5000,원,,,,"[생활 영역 할인]
- OTT : 티빙, 넷플릭스, 유튜브 프리미엄, 디즈니 플러스 / 편의점 : CU, GS25 / 배달앱 : 배달의 민족, 요기요, 쿠팡이츠, 마켓컬리
※ 최초 카드 사용등록월의 실적이 30만원 이상일 경우에는 다음달에 해당실적 구간의 할인 제공
<table class=""benefit-table""><tr><th rowspan=""2"">대상업종</th><th rowspan=""2"">할인율</th><th colspan=""2"">전월 실적별 월 할인한도</th></tr><tr><th>30만원 이상</th><th>80만원 이상</th></tr><tr><td>OTT</td><td>30%</td><td>5천원</td><td>1만원</td></tr><tr><td>편의점</td><td>5%</td><td>3천원</td><td>5천원</td></tr><tr><td>배달앱</td><td>5%</td><td>3천원</td><td>5천원</td></tr></table>",편의점 5% 할인,"[생활 영역 할인]
- OTT : 티빙, 넷플릭스, 유튜브 프리미엄, 디즈니 플러스 / 편의점 : CU, GS25 / 배달앱 : 배달의 민족, 요기요, 쿠팡이츠, 마켓컬리
※ 최초 카드 사용등록월의 실적이 30만원 이상일 경우에는 다음달에 해당실적 구간의 할인 제공
<table class=""benefit-table""><tr><th rowspan=""2"">대상업종</th><th rowspan=""2"">할인율</th><th colspan=""2"">전월 실적별 월 할인한도</th></tr><tr><th>30만원 이상</th><th>80만원 이상</th></tr><tr><td>OTT</td><td>30%</td><td>5천원</td><td>1만원</td></tr><tr><td>편의점</td><td>5%</td><td>3천원</td><td>5천원</td></tr><tr><td>배달앱</td><td>5%</td><td>3천원</td><td>5천원</td></tr></table>",2026-06-05
02219_B0009,2219,주요혜택,생활 영역 할인,배달앱 할인,배달,15,Online,할인,5,%,"배달의 민족, 요기요, 쿠팡이츠, 마켓컬리",전월 실적 30만원 이상,300000,800000,,,3000,원,,,,"[생활 영역 할인]
- OTT : 티빙, 넷플릭스, 유튜브 프리미엄, 디즈니 플러스 / 편의점 : CU, GS25 / 배달앱 : 배달의 민족, 요기요, 쿠팡이츠, 마켓컬리
※ 최초 카드 사용등록월의 실적이 30만원 이상일 경우에는 다음달에 해당실적 구간의 할인 제공
<table class=""benefit-table""><tr><th rowspan=""2"">대상업종</th><th rowspan=""2"">할인율</th><th colspan=""2"">전월 실적별 월 할인한도</th></tr><tr><th>30만원 이상</th><th>80만원 이상</th></tr><tr><td>OTT</td><td>30%</td><td>5천원</td><td>1만원</td></tr><tr><td>편의점</td><td>5%</td><td>3천원</td><td>5천원</td></tr><tr><td>배달앱</td><td>5%</td><td>3천원</td><td>5천원</td></tr></table>",배달 5% 할인,"[생활 영역 할인]
- OTT : 티빙, 넷플릭스, 유튜브 프리미엄, 디즈니 플러스 / 편의점 : CU, GS25 / 배달앱 : 배달의 민족, 요기요, 쿠팡이츠, 마켓컬리
※ 최초 카드 사용등록월의 실적이 30만원 이상일 경우에는 다음달에 해당실적 구간의 할인 제공
<table class=""benefit-table""><tr><th rowspan=""2"">대상업종</th><th rowspan=""2"">할인율</th><th colspan=""2"">전월 실적별 월 할인한도</th></tr><tr><th>30만원 이상</th><th>80만원 이상</th></tr><tr><td>OTT</td><td>30%</td><td>5천원</td><td>1만원</td></tr><tr><td>편의점</td><td>5%</td><td>3천원</td><td>5천원</td></tr><tr><td>배달앱</td><td>5%</td><td>3천원</td><td>5천원</td></tr></table>",2026-06-05
02219_B0010,2219,주요혜택,생활 영역 할인,배달앱 할인,배달,15,Online,할인,5,%,"배달의 민족, 요기요, 쿠팡이츠, 마켓컬리",전월 실적 80만원 이상,800000,,,,5000,원,,,,"[생활 영역 할인]
- OTT : 티빙, 넷플릭스, 유튜브 프리미엄, 디즈니 플러스 / 편의점 : CU, GS25 / 배달앱 : 배달의 민족, 요기요, 쿠팡이츠, 마켓컬리
※ 최초 카드 사용등록월의 실적이 30만원 이상일 경우에는 다음달에 해당실적 구간의 할인 제공
<table class=""benefit-table""><tr><th rowspan=""2"">대상업종</th><th rowspan=""2"">할인율</th><th colspan=""2"">전월 실적별 월 할인한도</th></tr><tr><th>30만원 이상</th><th>80만원 이상</th></tr><tr><td>OTT</td><td>30%</td><td>5천원</td><td>1만원</td></tr><tr><td>편의점</td><td>5%</td><td>3천원</td><td>5천원</td></tr><tr><td>배달앱</td><td>5%</td><td>3천원</td><td>5천원</td></tr></table>",배달 5% 할인,"[생활 영역 할인]
- OTT : 티빙, 넷플릭스, 유튜브 프리미엄, 디즈니 플러스 / 편의점 : CU, GS25 / 배달앱 : 배달의 민족, 요기요, 쿠팡이츠, 마켓컬리
※ 최초 카드 사용등록월의 실적이 30만원 이상일 경우에는 다음달에 해당실적 구간의 할인 제공
<table class=""benefit-table""><tr><th rowspan=""2"">대상업종</th><th rowspan=""2"">할인율</th><th colspan=""2"">전월 실적별 월 할인한도</th></tr><tr><th>30만원 이상</th><th>80만원 이상</th></tr><tr><td>OTT</td><td>30%</td><td>5천원</td><td>1만원</td></tr><tr><td>편의점</td><td>5%</td><td>3천원</td><td>5천원</td></tr><tr><td>배달앱</td><td>5%</td><td>3천원</td><td>5천원</td></tr></table>",2026-06-05
02245_B0001,2245,주요혜택,SK에너지 리터당 100원 현장할인,SK에너지 리터당 100원 현장할인,자동차/주유,6,Offline,할인,100,원,SK에너지 주유소,전월 실적 30만원 이상,300000,,,,300000,원,,,1,"[SK에너지 리터당 100원 현장할인]
- SK에너지 러브油 KB국민카드 직전 월 이용(승인) 실적에 따라 할인
  (카드 발급 후 60일간은 전월 실적 미달 시에도 리터당 100원 할인 적용)
  할인한도 : 일 30만원, 월 30만원 이용금액까지 할인 적용
  할인대상 : 휘발유, 경유, 등유 (LPG 제외)
  에너지 러브油 KB국민카드 해지 후 재발급 등은 실적에 따라 할인서비스 제공]
<table class=""benefit-table""><tr><th>SK에너지 러브油 KB국민카드 전월 일시불 및 할부 이용실적</th><th>할인액</th></tr><tr><td>30만원 이상</td><td>리터당 100원</td></tr></table>
- 실시간 할인금액 표시 서비스 제공
  실시간 할인금액 표시 서비스란, SK주유소에서 주유 후 「SK에너지 러브油 KB국민카드」 로 결제 시 전월 실적 및 한도
  등을 체크하여 주유 할인 적용을 받을 경우 실시간으로 할인금액을 영수증 및 SMS를 통하여 정보를 제공하고 안내된
  할인금액은 고객 결제일에 차감되어 청구되는 서비스입니다.
- 전월 이용실적 포함 대상 : 일시불, 할부 이용금액(가족카드 이용금액 포함)
- 전월 이용실적 미포함 대상 : SK주유할인 받은 이용금액(해당 이용금액 전체), 무승인 이용전표(대중교통 이용)등, 단기카드대출(현금서비스), 연회비, 장기카드대출(카드론), 각종 수수료, 취소금액
<table class=""benefit-table""><tr><th>사례</th><th>이용가맹점</th><th>이용금액</th><th>할인적용액</th><th>실 청구액</th><th>실적포함여부</th></tr><tr><td>사례1</td><td>SK주유소</td><td>50,000원</td><td>2,500원</td><td>47,500</td><td>X</td></tr><tr><td>사례2</td><td>SK주유소</td><td>100,000원</td><td>0원</td><td>100,000원</td><td>O</td></tr><tr><td>사례3</td><td>**마트</td><td>50,000원</td><td>0원</td><td>50,000원</td><td>O</td></tr></table>",자동차/주유 100원 할인,"[SK에너지 리터당 100원 현장할인]
- SK에너지 러브油 KB국민카드 직전 월 이용(승인) 실적에 따라 할인
  (카드 발급 후 60일간은 전월 실적 미달 시에도 리터당 100원 할인 적용)
  할인한도 : 일 30만원, 월 30만원 이용금액까지 할인 적용
  할인대상 : 휘발유, 경유, 등유 (LPG 제외)
  에너지 러브油 KB국민카드 해지 후 재발급 등은 실적에 따라 할인서비스 제공]
<table class=""benefit-table""><tr><th>SK에너지 러브油 KB국민카드 전월 일시불 및 할부 이용실적</th><th>할인액</th></tr><tr><td>30만원 이상</td><td>리터당 100원</td></tr></table>
- 실시간 할인금액 표시 서비스 제공
  실시간 할인금액 표시 서비스란, SK주유소에서 주유 후 「SK에너지 러브油 KB국민카드」 로 결제 시 전월 실적 및 한도
  등을 체크하여 주유 할인 적용을 받을 경우 실시간으로 할인금액을 영수증 및 SMS를 통하여 정보를 제공하고 안내된
  할인금액은 고객 결제일에 차감되어 청구되는 서비스입니다.
- 전월 이용실적 포함 대상 : 일시불, 할부 이용금액(가족카드 이용금액 포함)
- 전월 이용실적 미포함 대상 : SK주유할인 받은 이용금액(해당 이용금액 전체), 무승인 이용전표(대중교통 이용)등, 단기카드대출(현금서비스), 연회비, 장기카드대출(카드론), 각종 수수료, 취소금액
<table class=""benefit-table""><tr><th>사례</th><th>이용가맹점</th><th>이용금액</th><th>할인적용액</th><th>실 청구액</th><th>실적포함여부</th></tr><tr><td>사례1</td><td>SK주유소</td><td>50,000원</td><td>2,500원</td><td>47,500</td><td>X</td></tr><tr><td>사례2</td><td>SK주유소</td><td>100,000원</td><td>0원</td><td>100,000원</td><td>O</td></tr><tr><td>사례3</td><td>**마트</td><td>50,000원</td><td>0원</td><td>50,000원</td><td>O</td></tr></table>",2026-06-05
02245_B0002,2245,주요혜택,"스피드메이트 엔진오일 무료교환, 차량정비 현장할인 서비스",스피드메이트 차량정비 서비스,자동차/주유,6,Offline,서비스,,,SK네트웍스 스피드메이트,전월 실적 30만원 이상,300000,,,,,,,,,"[스피드메이트 엔진오일 무료교환, 차량정비 현장할인 서비스]
- 스피드메이트 자동차 정비관련 서비스 제공 (실적유예기간 없음)
  서비스 이용일 기준 전월 SK에너지 러브油 KB국민카드 일시불/할부 이용(승인) 실적 30만원 이상일 경우 서비스 제공
- SK네트웍스 스피드메이트 엔진오일 무료 교환 서비스
  오일필터 및 에어클리너 포함 / 연 1회 무료
  엔진오일은 ZIC-X7 기준이며, 5인승 이하 가솔린 승용차 기준으로 제공
  1.4톤 초과트럭 및 수입차는 서비스 제외
  기준차량 외 차량인 경우 추가요금은 고객 부담
  차종별 추가요금 안내
- SK네트웍스 스피드메이트 다빈도 정비상품 2만원 할인 서비스
  7가지 정비 다빈도 상품 중 월 1건에 대해 2만원 정액 현장할인 (연간 최대 3건 제공)
  7대 정비 다빈도 항목 : 엔진세정, 브레이크패드(앞) 교환, 에어컨가스 완충, 에어컨 살균, 엔진오일교환, 부동액 교환,
  항균필터(앞)
- 기타 정비관련 무료제공 서비스
  서비스 이용방법
  스피드메이트 매장에서 정비 전에 해당카드를 제시하여 서비스 이용가능여부를 확인
  엔진오일 무료교환 정비시 기준외차량의 경우 정비 후 추가 분담금액을 결제
  타이어 펑크 무료 수리 서비스 (1개 타이어에 한함 / 연1회 무료)
  워셔액 보충 (차량정비 시에만 가능)
  공임 10% 할인 (수시)
  연간 기준은 매년 1월 1일부터 12월 31일까지임
  상기 서비스는 SK에너지 러브油 KB카드를 소지한 본인고객에 한해서만 제공됩니다. (가족카드 제외)
  스피드메이트 서비스 센터 위치 및 서비스 안내 : 홈페이지","스피드메이트 차량정비 서비스 (엔진오일 무료교환 연 1회, 정비상품 2만원 할인 월 1건 연 3건, 공임 10% 할인)","[스피드메이트 엔진오일 무료교환, 차량정비 현장할인 서비스]
- 스피드메이트 자동차 정비관련 서비스 제공 (실적유예기간 없음)
  서비스 이용일 기준 전월 SK에너지 러브油 KB국민카드 일시불/할부 이용(승인) 실적 30만원 이상일 경우 서비스 제공
- SK네트웍스 스피드메이트 엔진오일 무료 교환 서비스
  오일필터 및 에어클리너 포함 / 연 1회 무료
  엔진오일은 ZIC-X7 기준이며, 5인승 이하 가솔린 승용차 기준으로 제공
  1.4톤 초과트럭 및 수입차는 서비스 제외
  기준차량 외 차량인 경우 추가요금은 고객 부담
  차종별 추가요금 안내
- SK네트웍스 스피드메이트 다빈도 정비상품 2만원 할인 서비스
  7가지 정비 다빈도 상품 중 월 1건에 대해 2만원 정액 현장할인 (연간 최대 3건 제공)
  7대 정비 다빈도 항목 : 엔진세정, 브레이크패드(앞) 교환, 에어컨가스 완충, 에어컨 살균, 엔진오일교환, 부동액 교환,
  항균필터(앞)
- 기타 정비관련 무료제공 서비스
  서비스 이용방법
  스피드메이트 매장에서 정비 전에 해당카드를 제시하여 서비스 이용가능여부를 확인
  엔진오일 무료교환 정비시 기준외차량의 경우 정비 후 추가 분담금액을 결제
  타이어 펑크 무료 수리 서비스 (1개 타이어에 한함 / 연1회 무료)
  워셔액 보충 (차량정비 시에만 가능)
  공임 10% 할인 (수시)
  연간 기준은 매년 1월 1일부터 12월 31일까지임
  상기 서비스는 SK에너지 러브油 KB카드를 소지한 본인고객에 한해서만 제공됩니다. (가족카드 제외)
  스피드메이트 서비스 센터 위치 및 서비스 안내 : 홈페이지",2026-06-05
02245_B0003,2245,주요혜택,버스 · 지하철 10% 청구할인,버스·지하철 10% 청구할인,대중교통/택시,5,Offline,할인,10,%,"시내버스, 지하철, 고속버스, 시외버스",전월 실적 30만원 이상,300000,,0,,4000,원,,,,"[버스 · 지하철 10% 청구할인]
- 후불교통(시내버스/지하철), 고속/시외버스 10% 청구할인
  당사 후불교통카드 제공지역에 한함
  후불교통서비스 이용처 보기
- 대중교통 할인 서비스 이용조건 및 할인
  (월 4만원 이용금액까지) 제공
  이용대금명세서상 기재된 이용일 기준(1일~말일)으로 월4만원 이용금액까지 할인적용 (실제 카드사용일 기준이 아님)
<table class=""benefit-table""><tr><th>SK에너지 러브油 KB국민카드 전월 일시불 및 할부 이용실적</th><th>할인율</th><th>월간 할인한도</th></tr><tr><td>30만원 이상</td><td>10%</td><td>4,000원</td></tr></table>",대중교통/택시 10% 할인,"[버스 · 지하철 10% 청구할인]
- 후불교통(시내버스/지하철), 고속/시외버스 10% 청구할인
  당사 후불교통카드 제공지역에 한함
  후불교통서비스 이용처 보기
- 대중교통 할인 서비스 이용조건 및 할인
  (월 4만원 이용금액까지) 제공
  이용대금명세서상 기재된 이용일 기준(1일~말일)으로 월4만원 이용금액까지 할인적용 (실제 카드사용일 기준이 아님)
<table class=""benefit-table""><tr><th>SK에너지 러브油 KB국민카드 전월 일시불 및 할부 이용실적</th><th>할인율</th><th>월간 할인한도</th></tr><tr><td>30만원 이상</td><td>10%</td><td>4,000원</td></tr></table>",2026-06-05
02245_B0004,2245,주요혜택,러브유 캠핑지원 캐시백,러브유 캠핑지원 캐시백,자동차/주유,6,Both,서비스,,,SK에너지 러브유 KB국민카드,,0,,,,,,,,,"[러브유 캠핑지원 캐시백]
[제휴서비스]
- SK에너지 러브유 KB국민카드 회원 대상으로 추첨을 통해 캠핑지원 캐시백 지급[연80명, 인당 70만원]",자동차/주유 700000원 캐시백,"[러브유 캠핑지원 캐시백]
[제휴서비스]
- SK에너지 러브유 KB국민카드 회원 대상으로 추첨을 통해 캠핑지원 캐시백 지급[연80명, 인당 70만원]",2026-06-05
04284_B0001,4284,주요혜택,요기패스 멤버십 청구할인,요기패스 멤버십 청구할인,구독/스트리밍,8,Online,할인,9900,원,요기패스 멤버십,전월 실적 30만원 이상,300000,,,,9900,원,,,,"[요기패스 멤버십 청구할인]
<table class=""benefit-table""><tr><th>전월 이용실적</th><th>월 할인한도</th><th>제공 기준</th><th>비고</th></tr><tr><td>30만원 이상</td><td>9,900원</td><td>요기패스 멤버십 구독료 자동납부 시</td><td>요기패스 구독료 결제금액 9,900원 미만 시 결제금액 해당분에 한해 청구할인 적용</td></tr></table>",구독/스트리밍 할인,"[요기패스 멤버십 청구할인]
<table class=""benefit-table""><tr><th>전월 이용실적</th><th>월 할인한도</th><th>제공 기준</th><th>비고</th></tr><tr><td>30만원 이상</td><td>9,900원</td><td>요기패스 멤버십 구독료 자동납부 시</td><td>요기패스 구독료 결제금액 9,900원 미만 시 결제금액 해당분에 한해 청구할인 적용</td></tr></table>",2026-06-05
04284_B0002,4284,주요혜택,생활업종 청구할인,생활업종 청구할인,카페/베이커리,14,Offline,할인,5,%,커피,전월 실적 30만원 이상,300000,600000,10000,,,,10000,원,,"[생활업종 청구할인]
<table class=""benefit-table""><tr><th colspan=""2"">전월 이용실적별 월 할인한도</th><th rowspan=""2"">할인율</th><th rowspan=""2"">대상 업종</th><th rowspan=""2"">제공 기준</th></tr><tr><th>30만원 이상</th><th>60만원 이상</th></tr><tr><td>1만원</td><td>2만원</td><td>5%</td><td>커피, 편의점, 패스트푸드, 패밀리레스토랑, 미용실</td><td>건당 1만원 이상 결제 시</td></tr></table>",카페/베이커리 5% 할인,"[생활업종 청구할인]
<table class=""benefit-table""><tr><th colspan=""2"">전월 이용실적별 월 할인한도</th><th rowspan=""2"">할인율</th><th rowspan=""2"">대상 업종</th><th rowspan=""2"">제공 기준</th></tr><tr><th>30만원 이상</th><th>60만원 이상</th></tr><tr><td>1만원</td><td>2만원</td><td>5%</td><td>커피, 편의점, 패스트푸드, 패밀리레스토랑, 미용실</td><td>건당 1만원 이상 결제 시</td></tr></table>",2026-06-05
04284_B0003,4284,주요혜택,생활업종 청구할인,생활업종 청구할인,카페/베이커리,14,Offline,할인,5,%,커피,전월 실적 60만원 이상,600000,,10000,,,,20000,원,,"[생활업종 청구할인]
<table class=""benefit-table""><tr><th colspan=""2"">전월 이용실적별 월 할인한도</th><th rowspan=""2"">할인율</th><th rowspan=""2"">대상 업종</th><th rowspan=""2"">제공 기준</th></tr><tr><th>30만원 이상</th><th>60만원 이상</th></tr><tr><td>1만원</td><td>2만원</td><td>5%</td><td>커피, 편의점, 패스트푸드, 패밀리레스토랑, 미용실</td><td>건당 1만원 이상 결제 시</td></tr></table>",카페/베이커리 5% 할인,"[생활업종 청구할인]
<table class=""benefit-table""><tr><th colspan=""2"">전월 이용실적별 월 할인한도</th><th rowspan=""2"">할인율</th><th rowspan=""2"">대상 업종</th><th rowspan=""2"">제공 기준</th></tr><tr><th>30만원 이상</th><th>60만원 이상</th></tr><tr><td>1만원</td><td>2만원</td><td>5%</td><td>커피, 편의점, 패스트푸드, 패밀리레스토랑, 미용실</td><td>건당 1만원 이상 결제 시</td></tr></table>",2026-06-05
04284_B0004,4284,주요혜택,구독서비스 청구할인,구독서비스 청구할인,구독/스트리밍,8,Online,할인,10,%,"넷플릭스, 웨이브",전월 실적 30만원 이상,300000,,,,5000,원,,,,"[구독서비스 청구할인]
※ 실적 유예기간 : 본인 회원 기준 최초 사용등록 후 다음 달 말일까지 요기패스 신용카드 전월 실적 30만원 미만 시에도 할인서비스 제공 (단, 전월 이용실적 30만원이상 구간 적용)
※ 세부 적용 기준 - 할인 제외 대상 : 무이자할부, 상품권 및 선불카드(선불전자지급수단 포함)구입/충전금액
<table class=""benefit-table""><tr><th>전월 이용실적</th><th>월 할인한도</th><th>할인율</th><th>대상 가맹점</th></tr><tr><td>30만원 이상</td><td>5천원</td><td>10%</td><td>넷플릭스, 웨이브</td></tr></table>",구독/스트리밍 10% 할인,"[구독서비스 청구할인]
※ 실적 유예기간 : 본인 회원 기준 최초 사용등록 후 다음 달 말일까지 요기패스 신용카드 전월 실적 30만원 미만 시에도 할인서비스 제공 (단, 전월 이용실적 30만원이상 구간 적용)
※ 세부 적용 기준 - 할인 제외 대상 : 무이자할부, 상품권 및 선불카드(선불전자지급수단 포함)구입/충전금액
<table class=""benefit-table""><tr><th>전월 이용실적</th><th>월 할인한도</th><th>할인율</th><th>대상 가맹점</th></tr><tr><td>30만원 이상</td><td>5천원</td><td>10%</td><td>넷플릭스, 웨이브</td></tr></table>",2026-06-05
04284_B0005,4284,주요혜택,생활업종 청구할인,생활업종 청구할인,편의점,13,Offline,할인,5,%,편의점,전월 실적 30만원 이상,300000,600000,10000,,,,10000,원,,"[생활업종 청구할인]
<table class=""benefit-table""><tr><th colspan=""2"">전월 이용실적별 월 할인한도</th><th rowspan=""2"">할인율</th><th rowspan=""2"">대상 업종</th><th rowspan=""2"">제공 기준</th></tr><tr><th>30만원 이상</th><th>60만원 이상</th></tr><tr><td>1만원</td><td>2만원</td><td>5%</td><td>커피, 편의점, 패스트푸드, 패밀리레스토랑, 미용실</td><td>건당 1만원 이상 결제 시</td></tr></table>",편의점 5% 할인,"[생활업종 청구할인]
<table class=""benefit-table""><tr><th colspan=""2"">전월 이용실적별 월 할인한도</th><th rowspan=""2"">할인율</th><th rowspan=""2"">대상 업종</th><th rowspan=""2"">제공 기준</th></tr><tr><th>30만원 이상</th><th>60만원 이상</th></tr><tr><td>1만원</td><td>2만원</td><td>5%</td><td>커피, 편의점, 패스트푸드, 패밀리레스토랑, 미용실</td><td>건당 1만원 이상 결제 시</td></tr></table>",2026-06-05
04284_B0006,4284,주요혜택,생활업종 청구할인,생활업종 청구할인,편의점,13,Offline,할인,5,%,편의점,전월 실적 60만원 이상,600000,,10000,,,,20000,원,,"[생활업종 청구할인]
<table class=""benefit-table""><tr><th colspan=""2"">전월 이용실적별 월 할인한도</th><th rowspan=""2"">할인율</th><th rowspan=""2"">대상 업종</th><th rowspan=""2"">제공 기준</th></tr><tr><th>30만원 이상</th><th>60만원 이상</th></tr><tr><td>1만원</td><td>2만원</td><td>5%</td><td>커피, 편의점, 패스트푸드, 패밀리레스토랑, 미용실</td><td>건당 1만원 이상 결제 시</td></tr></table>",편의점 5% 할인,"[생활업종 청구할인]
<table class=""benefit-table""><tr><th colspan=""2"">전월 이용실적별 월 할인한도</th><th rowspan=""2"">할인율</th><th rowspan=""2"">대상 업종</th><th rowspan=""2"">제공 기준</th></tr><tr><th>30만원 이상</th><th>60만원 이상</th></tr><tr><td>1만원</td><td>2만원</td><td>5%</td><td>커피, 편의점, 패스트푸드, 패밀리레스토랑, 미용실</td><td>건당 1만원 이상 결제 시</td></tr></table>",2026-06-05
04284_B0007,4284,주요혜택,생활업종 청구할인,생활업종 청구할인,외식,16,Offline,할인,5,%,"패스트푸드, 패밀리레스토랑",전월 실적 30만원 이상,300000,600000,10000,,,,10000,원,,"[생활업종 청구할인]
<table class=""benefit-table""><tr><th colspan=""2"">전월 이용실적별 월 할인한도</th><th rowspan=""2"">할인율</th><th rowspan=""2"">대상 업종</th><th rowspan=""2"">제공 기준</th></tr><tr><th>30만원 이상</th><th>60만원 이상</th></tr><tr><td>1만원</td><td>2만원</td><td>5%</td><td>커피, 편의점, 패스트푸드, 패밀리레스토랑, 미용실</td><td>건당 1만원 이상 결제 시</td></tr></table>",외식 5% 할인,"[생활업종 청구할인]
<table class=""benefit-table""><tr><th colspan=""2"">전월 이용실적별 월 할인한도</th><th rowspan=""2"">할인율</th><th rowspan=""2"">대상 업종</th><th rowspan=""2"">제공 기준</th></tr><tr><th>30만원 이상</th><th>60만원 이상</th></tr><tr><td>1만원</td><td>2만원</td><td>5%</td><td>커피, 편의점, 패스트푸드, 패밀리레스토랑, 미용실</td><td>건당 1만원 이상 결제 시</td></tr></table>",2026-06-05
04284_B0008,4284,주요혜택,생활업종 청구할인,생활업종 청구할인,외식,16,Offline,할인,5,%,"패스트푸드, 패밀리레스토랑",전월 실적 60만원 이상,600000,,10000,,,,20000,원,,"[생활업종 청구할인]
<table class=""benefit-table""><tr><th colspan=""2"">전월 이용실적별 월 할인한도</th><th rowspan=""2"">할인율</th><th rowspan=""2"">대상 업종</th><th rowspan=""2"">제공 기준</th></tr><tr><th>30만원 이상</th><th>60만원 이상</th></tr><tr><td>1만원</td><td>2만원</td><td>5%</td><td>커피, 편의점, 패스트푸드, 패밀리레스토랑, 미용실</td><td>건당 1만원 이상 결제 시</td></tr></table>",외식 5% 할인,"[생활업종 청구할인]
<table class=""benefit-table""><tr><th colspan=""2"">전월 이용실적별 월 할인한도</th><th rowspan=""2"">할인율</th><th rowspan=""2"">대상 업종</th><th rowspan=""2"">제공 기준</th></tr><tr><th>30만원 이상</th><th>60만원 이상</th></tr><tr><td>1만원</td><td>2만원</td><td>5%</td><td>커피, 편의점, 패스트푸드, 패밀리레스토랑, 미용실</td><td>건당 1만원 이상 결제 시</td></tr></table>",2026-06-05
04284_B0009,4284,주요혜택,생활업종 청구할인,생활업종 청구할인,패션/뷰티,2,Offline,할인,5,%,미용실,전월 실적 30만원 이상,300000,600000,10000,,,,10000,원,,"[생활업종 청구할인]
<table class=""benefit-table""><tr><th colspan=""2"">전월 이용실적별 월 할인한도</th><th rowspan=""2"">할인율</th><th rowspan=""2"">대상 업종</th><th rowspan=""2"">제공 기준</th></tr><tr><th>30만원 이상</th><th>60만원 이상</th></tr><tr><td>1만원</td><td>2만원</td><td>5%</td><td>커피, 편의점, 패스트푸드, 패밀리레스토랑, 미용실</td><td>건당 1만원 이상 결제 시</td></tr></table>",패션/뷰티 5% 할인,"[생활업종 청구할인]
<table class=""benefit-table""><tr><th colspan=""2"">전월 이용실적별 월 할인한도</th><th rowspan=""2"">할인율</th><th rowspan=""2"">대상 업종</th><th rowspan=""2"">제공 기준</th></tr><tr><th>30만원 이상</th><th>60만원 이상</th></tr><tr><td>1만원</td><td>2만원</td><td>5%</td><td>커피, 편의점, 패스트푸드, 패밀리레스토랑, 미용실</td><td>건당 1만원 이상 결제 시</td></tr></table>",2026-06-05
04284_B0010,4284,주요혜택,생활업종 청구할인,생활업종 청구할인,패션/뷰티,2,Offline,할인,5,%,미용실,전월 실적 60만원 이상,600000,,10000,,,,20000,원,,"[생활업종 청구할인]
<table class=""benefit-table""><tr><th colspan=""2"">전월 이용실적별 월 할인한도</th><th rowspan=""2"">할인율</th><th rowspan=""2"">대상 업종</th><th rowspan=""2"">제공 기준</th></tr><tr><th>30만원 이상</th><th>60만원 이상</th></tr><tr><td>1만원</td><td>2만원</td><td>5%</td><td>커피, 편의점, 패스트푸드, 패밀리레스토랑, 미용실</td><td>건당 1만원 이상 결제 시</td></tr></table>",패션/뷰티 5% 할인,"[생활업종 청구할인]
<table class=""benefit-table""><tr><th colspan=""2"">전월 이용실적별 월 할인한도</th><th rowspan=""2"">할인율</th><th rowspan=""2"">대상 업종</th><th rowspan=""2"">제공 기준</th></tr><tr><th>30만원 이상</th><th>60만원 이상</th></tr><tr><td>1만원</td><td>2만원</td><td>5%</td><td>커피, 편의점, 패스트푸드, 패밀리레스토랑, 미용실</td><td>건당 1만원 이상 결제 시</td></tr></table>",2026-06-05
04285_B0001,4285,주요혜택,적립 및 확인사항,국내 및 해외 가맹점 마일리지,해외,19,Both,마일리지,1,마일리지,국내 및 해외 가맹점,,0,,,,5000,마일리지,,,1000,"[적립 및 확인사항]
[마일리지]
- 마일리지 적립 제외 대상 및 적립기준은 필수 확인사항을 확인 해주세요.
<table class=""benefit-table""><tr><th>구 분</th><th>적립 마일리지</th><th>적립 한도</th><th>비 고</th></tr><tr><th>국내 및 해외 가맹점</th><td>1마일 기본 적립</td><td rowspan=""3"">월별 5천마일</td><td rowspan=""3"">건별 이용금액 1천원당 (일시불 및 할부)</td></tr><tr><th>해외 이용(직구, 온라인 포함)</th><td rowspan=""2"">1마일 추가 적립 (총 2마일 적립)</td></tr><tr><th>면세점 업종</th></tr></table>",해외 1마일리지 마일리지 적립,"[적립 및 확인사항]
[마일리지]
- 마일리지 적립 제외 대상 및 적립기준은 필수 확인사항을 확인 해주세요.
<table class=""benefit-table""><tr><th>구 분</th><th>적립 마일리지</th><th>적립 한도</th><th>비 고</th></tr><tr><th>국내 및 해외 가맹점</th><td>1마일 기본 적립</td><td rowspan=""3"">월별 5천마일</td><td rowspan=""3"">건별 이용금액 1천원당 (일시불 및 할부)</td></tr><tr><th>해외 이용(직구, 온라인 포함)</th><td rowspan=""2"">1마일 추가 적립 (총 2마일 적립)</td></tr><tr><th>면세점 업종</th></tr></table>",2026-06-05
04285_B0002,4285,주요혜택,적립 및 확인사항,해외 이용 및 면세점 마일리지,해외,19,Both,마일리지,2,마일리지,"해외 이용(직구, 온라인 포함), 면세점 업종",,0,,,,5000,마일리지,,,1000,"[적립 및 확인사항]
[마일리지]
- 마일리지 적립 제외 대상 및 적립기준은 필수 확인사항을 확인 해주세요.
<table class=""benefit-table""><tr><th>구 분</th><th>적립 마일리지</th><th>적립 한도</th><th>비 고</th></tr><tr><th>국내 및 해외 가맹점</th><td>1마일 기본 적립</td><td rowspan=""3"">월별 5천마일</td><td rowspan=""3"">건별 이용금액 1천원당 (일시불 및 할부)</td></tr><tr><th>해외 이용(직구, 온라인 포함)</th><td rowspan=""2"">1마일 추가 적립 (총 2마일 적립)</td></tr><tr><th>면세점 업종</th></tr></table>",해외 2마일리지 마일리지 적립,"[적립 및 확인사항]
[마일리지]
- 마일리지 적립 제외 대상 및 적립기준은 필수 확인사항을 확인 해주세요.
<table class=""benefit-table""><tr><th>구 분</th><th>적립 마일리지</th><th>적립 한도</th><th>비 고</th></tr><tr><th>국내 및 해외 가맹점</th><td>1마일 기본 적립</td><td rowspan=""3"">월별 5천마일</td><td rowspan=""3"">건별 이용금액 1천원당 (일시불 및 할부)</td></tr><tr><th>해외 이용(직구, 온라인 포함)</th><td rowspan=""2"">1마일 추가 적립 (총 2마일 적립)</td></tr><tr><th>면세점 업종</th></tr></table>",2026-06-05
04285_B0003,4285,주요혜택,서비스 제공 공통 조건,티타늄 서비스,기타,22,Both,서비스,,,,전월 실적 30만원 이상,300000,,,,,,,,,"[서비스 제공 공통 조건]
- 전월 이용실적 30만원 이상 이용시 제공(실적 유예기간없음)
- 실적 유예기간 없음 : 본인회원 기준 최초 사용등록 후 다음달 말까지 스카이패스 티타늄카드로 전월실적 30만원 미만시 서비스 미제공
- 전월 실적 산정 제외 대상 : (부분)무이자 할부, 취소금액, 단기카드대출, 장기카드대출, 각종 세금 및 공과금, 전기·수도, 아파트관리비, 정부지원금, 초·중·고등(국·공립) 학교 납입금, 대학(대학원) 등록금, 각종 수수료 및 이자, 연체료, 연회비, 상품권 및 선불카드(선불전자지급 수단포함) 구입·충전 금액, 교통요금, 무승인전표(자판기, 터널 통행료, 항공기내 이용 등)
- 전월실적 산정 대상 : 전월(1일~말일) 일시불 및 할부 정상 승인 금액
  해외이용 금액은 전월(1일 ~말일)까지 매입 완료 기준
  당월 승인/ 당월 승인취소는 당월 이용실적에서 제외
  매출 취소시 취소전표 접수월의 이용실적에서 차감",전월 실적 30만원 이상 시 티타늄 서비스 제공,"[서비스 제공 공통 조건]
- 전월 이용실적 30만원 이상 이용시 제공(실적 유예기간없음)
- 실적 유예기간 없음 : 본인회원 기준 최초 사용등록 후 다음달 말까지 스카이패스 티타늄카드로 전월실적 30만원 미만시 서비스 미제공
- 전월 실적 산정 제외 대상 : (부분)무이자 할부, 취소금액, 단기카드대출, 장기카드대출, 각종 세금 및 공과금, 전기·수도, 아파트관리비, 정부지원금, 초·중·고등(국·공립) 학교 납입금, 대학(대학원) 등록금, 각종 수수료 및 이자, 연체료, 연회비, 상품권 및 선불카드(선불전자지급 수단포함) 구입·충전 금액, 교통요금, 무승인전표(자판기, 터널 통행료, 항공기내 이용 등)
- 전월실적 산정 대상 : 전월(1일~말일) 일시불 및 할부 정상 승인 금액
  해외이용 금액은 전월(1일 ~말일)까지 매입 완료 기준
  당월 승인/ 당월 승인취소는 당월 이용실적에서 제외
  매출 취소시 취소전표 접수월의 이용실적에서 차감",2026-06-05
04285_B0004,4285,주요혜택,Mastercard  티타늄 기본서비스와 함께 제공되는 Mastercard 티타늄 01 선택 서비스,국내호텔 발레파킹 무료,여행/숙박,17,Offline,서비스,,,국내호텔,전월 실적 30만원 이상,300000,,,월 3회,,,,,,"[Mastercard  티타늄 기본서비스와 함께 제공되는 Mastercard 티타늄 01 선택 서비스]
- KB국민 티타늄카드를 Mastercard 브랜드 발급 시 Mastercard 티타늄 등급의 국제브랜드 서비스가 제공됩니다.
- 본 상품설명서는 Mastercard 티타늄 등급 기본서비스와 함께 제공되는 KB국민카드 선택서비스에 대한 안내로, Mastercard 홈페이지의 안내와 다른 경우 본 상품설명서의 내용을 우선으로 합니다.
- 서비스 유효기간은 별도로 명시한 경우를 제외하고 2026년 1월 1일부터 2026년 12월 31일까지 제공됩니다.
- 세부 이용조건 및 유의사항 등은 Mastercard 홈페이지
- 본 상품설명서는 대상 카드의 상품설명서와 함께 교부되며, 기타 카드 이용과 관련한 유의사항은 대상 카드의 상품설명서를 통해 확인하시기 바랍니다.
- 서비스 이용 전에는 상품설명서, 홈페이지 약관 등을 통해 이용조건을 확인 후 이용 바랍니다.
- KB국민카드 고객센터 : 1599-1688 (평일 09:00~18:00, 주말 및 공휴일 휴무)
<table class=""benefit-table""><tr><th>선택 서비스</th><th>제공 횟수</th><th>전월 이용실적</th></tr><tr><th>국내호텔 발레파킹 무료</th><td>월 3회, 연 12회</td><td rowspan=""3"">30만원 이상</td></tr><tr><th>인천공항 발레파킹 무료</th><td>월 3회, 연 12회</td></tr><tr><th>국내공항 라운지 무료</th><td>연 2회</td></tr></table>",국내호텔 발레파킹 월 3회(연 12회) 무료 이용,"[Mastercard  티타늄 기본서비스와 함께 제공되는 Mastercard 티타늄 01 선택 서비스]
- KB국민 티타늄카드를 Mastercard 브랜드 발급 시 Mastercard 티타늄 등급의 국제브랜드 서비스가 제공됩니다.
- 본 상품설명서는 Mastercard 티타늄 등급 기본서비스와 함께 제공되는 KB국민카드 선택서비스에 대한 안내로, Mastercard 홈페이지의 안내와 다른 경우 본 상품설명서의 내용을 우선으로 합니다.
- 서비스 유효기간은 별도로 명시한 경우를 제외하고 2026년 1월 1일부터 2026년 12월 31일까지 제공됩니다.
- 세부 이용조건 및 유의사항 등은 Mastercard 홈페이지
- 본 상품설명서는 대상 카드의 상품설명서와 함께 교부되며, 기타 카드 이용과 관련한 유의사항은 대상 카드의 상품설명서를 통해 확인하시기 바랍니다.
- 서비스 이용 전에는 상품설명서, 홈페이지 약관 등을 통해 이용조건을 확인 후 이용 바랍니다.
- KB국민카드 고객센터 : 1599-1688 (평일 09:00~18:00, 주말 및 공휴일 휴무)
<table class=""benefit-table""><tr><th>선택 서비스</th><th>제공 횟수</th><th>전월 이용실적</th></tr><tr><th>국내호텔 발레파킹 무료</th><td>월 3회, 연 12회</td><td rowspan=""3"">30만원 이상</td></tr><tr><th>인천공항 발레파킹 무료</th><td>월 3회, 연 12회</td></tr><tr><th>국내공항 라운지 무료</th><td>연 2회</td></tr></table>",2026-06-05
04285_B0005,4285,주요혜택,Mastercard  티타늄 기본서비스와 함께 제공되는 Mastercard 티타늄 01 선택 서비스,인천공항 발레파킹 무료,항공,18,Offline,서비스,,,"인천공항, 국내공항",전월 실적 30만원 이상,300000,,,월 3회,,,,,,"[Mastercard  티타늄 기본서비스와 함께 제공되는 Mastercard 티타늄 01 선택 서비스]
- KB국민 티타늄카드를 Mastercard 브랜드 발급 시 Mastercard 티타늄 등급의 국제브랜드 서비스가 제공됩니다.
- 본 상품설명서는 Mastercard 티타늄 등급 기본서비스와 함께 제공되는 KB국민카드 선택서비스에 대한 안내로, Mastercard 홈페이지의 안내와 다른 경우 본 상품설명서의 내용을 우선으로 합니다.
- 서비스 유효기간은 별도로 명시한 경우를 제외하고 2026년 1월 1일부터 2026년 12월 31일까지 제공됩니다.
- 세부 이용조건 및 유의사항 등은 Mastercard 홈페이지
- 본 상품설명서는 대상 카드의 상품설명서와 함께 교부되며, 기타 카드 이용과 관련한 유의사항은 대상 카드의 상품설명서를 통해 확인하시기 바랍니다.
- 서비스 이용 전에는 상품설명서, 홈페이지 약관 등을 통해 이용조건을 확인 후 이용 바랍니다.
- KB국민카드 고객센터 : 1599-1688 (평일 09:00~18:00, 주말 및 공휴일 휴무)
<table class=""benefit-table""><tr><th>선택 서비스</th><th>제공 횟수</th><th>전월 이용실적</th></tr><tr><th>국내호텔 발레파킹 무료</th><td>월 3회, 연 12회</td><td rowspan=""3"">30만원 이상</td></tr><tr><th>인천공항 발레파킹 무료</th><td>월 3회, 연 12회</td></tr><tr><th>국내공항 라운지 무료</th><td>연 2회</td></tr></table>",인천공항 발레파킹 월 3회(연 12회) 무료 이용,"[Mastercard  티타늄 기본서비스와 함께 제공되는 Mastercard 티타늄 01 선택 서비스]
- KB국민 티타늄카드를 Mastercard 브랜드 발급 시 Mastercard 티타늄 등급의 국제브랜드 서비스가 제공됩니다.
- 본 상품설명서는 Mastercard 티타늄 등급 기본서비스와 함께 제공되는 KB국민카드 선택서비스에 대한 안내로, Mastercard 홈페이지의 안내와 다른 경우 본 상품설명서의 내용을 우선으로 합니다.
- 서비스 유효기간은 별도로 명시한 경우를 제외하고 2026년 1월 1일부터 2026년 12월 31일까지 제공됩니다.
- 세부 이용조건 및 유의사항 등은 Mastercard 홈페이지
- 본 상품설명서는 대상 카드의 상품설명서와 함께 교부되며, 기타 카드 이용과 관련한 유의사항은 대상 카드의 상품설명서를 통해 확인하시기 바랍니다.
- 서비스 이용 전에는 상품설명서, 홈페이지 약관 등을 통해 이용조건을 확인 후 이용 바랍니다.
- KB국민카드 고객센터 : 1599-1688 (평일 09:00~18:00, 주말 및 공휴일 휴무)
<table class=""benefit-table""><tr><th>선택 서비스</th><th>제공 횟수</th><th>전월 이용실적</th></tr><tr><th>국내호텔 발레파킹 무료</th><td>월 3회, 연 12회</td><td rowspan=""3"">30만원 이상</td></tr><tr><th>인천공항 발레파킹 무료</th><td>월 3회, 연 12회</td></tr><tr><th>국내공항 라운지 무료</th><td>연 2회</td></tr></table>",2026-06-05
04285_B0006,4285,주요혜택,Mastercard  티타늄 기본서비스와 함께 제공되는 Mastercard 티타늄 01 선택 서비스,국내공항 라운지 무료 이용,항공,18,Offline,서비스,,,국내공항 라운지,전월 실적 30만원 이상,300000,,,연 2회,,,,,,"[Mastercard  티타늄 기본서비스와 함께 제공되는 Mastercard 티타늄 01 선택 서비스]
- KB국민 티타늄카드를 Mastercard 브랜드 발급 시 Mastercard 티타늄 등급의 국제브랜드 서비스가 제공됩니다.
- 본 상품설명서는 Mastercard 티타늄 등급 기본서비스와 함께 제공되는 KB국민카드 선택서비스에 대한 안내로, Mastercard 홈페이지의 안내와 다른 경우 본 상품설명서의 내용을 우선으로 합니다.
- 서비스 유효기간은 별도로 명시한 경우를 제외하고 2026년 1월 1일부터 2026년 12월 31일까지 제공됩니다.
- 세부 이용조건 및 유의사항 등은 Mastercard 홈페이지
- 본 상품설명서는 대상 카드의 상품설명서와 함께 교부되며, 기타 카드 이용과 관련한 유의사항은 대상 카드의 상품설명서를 통해 확인하시기 바랍니다.
- 서비스 이용 전에는 상품설명서, 홈페이지 약관 등을 통해 이용조건을 확인 후 이용 바랍니다.
- KB국민카드 고객센터 : 1599-1688 (평일 09:00~18:00, 주말 및 공휴일 휴무)
<table class=""benefit-table""><tr><th>선택 서비스</th><th>제공 횟수</th><th>전월 이용실적</th></tr><tr><th>국내호텔 발레파킹 무료</th><td>월 3회, 연 12회</td><td rowspan=""3"">30만원 이상</td></tr><tr><th>인천공항 발레파킹 무료</th><td>월 3회, 연 12회</td></tr><tr><th>국내공항 라운지 무료</th><td>연 2회</td></tr></table>",국내공항 라운지 연 2회 무료 이용,"[Mastercard  티타늄 기본서비스와 함께 제공되는 Mastercard 티타늄 01 선택 서비스]
- KB국민 티타늄카드를 Mastercard 브랜드 발급 시 Mastercard 티타늄 등급의 국제브랜드 서비스가 제공됩니다.
- 본 상품설명서는 Mastercard 티타늄 등급 기본서비스와 함께 제공되는 KB국민카드 선택서비스에 대한 안내로, Mastercard 홈페이지의 안내와 다른 경우 본 상품설명서의 내용을 우선으로 합니다.
- 서비스 유효기간은 별도로 명시한 경우를 제외하고 2026년 1월 1일부터 2026년 12월 31일까지 제공됩니다.
- 세부 이용조건 및 유의사항 등은 Mastercard 홈페이지
- 본 상품설명서는 대상 카드의 상품설명서와 함께 교부되며, 기타 카드 이용과 관련한 유의사항은 대상 카드의 상품설명서를 통해 확인하시기 바랍니다.
- 서비스 이용 전에는 상품설명서, 홈페이지 약관 등을 통해 이용조건을 확인 후 이용 바랍니다.
- KB국민카드 고객센터 : 1599-1688 (평일 09:00~18:00, 주말 및 공휴일 휴무)
<table class=""benefit-table""><tr><th>선택 서비스</th><th>제공 횟수</th><th>전월 이용실적</th></tr><tr><th>국내호텔 발레파킹 무료</th><td>월 3회, 연 12회</td><td rowspan=""3"">30만원 이상</td></tr><tr><th>인천공항 발레파킹 무료</th><td>월 3회, 연 12회</td></tr><tr><th>국내공항 라운지 무료</th><td>연 2회</td></tr></table>",2026-06-05
04288_B0001,4288,주요혜택,SKT 통신요금 자동이체 시 전월 실적에 따라 청구 할인,SKT 통신요금 청구할인,생활비,12,Both,할인,12000,원,SKT 이동통신요금,전월 실적 30만원 이상,300000,700000,,,12000,원,,,,"[SKT 통신요금 자동이체 시 전월 실적에 따라 청구 할인]
<table class=""benefit-table""><tr><th>전월 이용실적</th><th>1구간(30만원 이상)</th><th>2구간(70만원 이상)</th></tr><tr><td>월 할인금액 (한도)</td><td>12,000원</td><td>17,000원</td></tr></table>
- 최초 카드 사용 등록일로부터 다음 달 말일(실적 유예기간)까지 「T-economy KB국민카드」 전월 이용실적이 없는 경우에도 1구간(전월 이용실적 30만원 이상)에 해당하는 12,000원 청구할인 서비스가 적용됩니다.
- 할인 금액보다 자동이체 승인금액이 작을 경우 승인금액만큼 할인 제공됩니다. (예시) 전월 이용실적 30만원 이상, 자동납부 승인금액 9,000원일 경우 9,000원 할인 제공됩니다.
- SKT 통신요금 자동이체 승인 건이 여러 건인 경우 합산하여 월 할인금액 내에서 할인됩니다.
- 해당 청구할인 서비스는 자동이체 등록된 통신요금이 청구되는 시점부터 적용되며, T-economy KB국민카드로 SKT 이동통신요금, 국제전화등 SKT통신요금 자동이체 시에만 제공됩니다. (가입자 명의 무관), SKT에서 판매하는 상품(IPTV, 인터넷)을 가입 후 SKT고객센터에 요청하여 이동통신요금과 합산하여 자동이체 시에는 청구 할인 서비스가 적용됩니다.
- 카드 수령 후 SKT 고객센터에서 자동이체를 별도로 신청하시기 바랍니다.
- SKT 통신요금을 T-economy KB국민카드로 결제하더라도 자동납부가 아닌 다른 결제 방식일 경우 할인 혜택을 적용 받으실 수 없습니다.",생활비 12000원 할인,"[SKT 통신요금 자동이체 시 전월 실적에 따라 청구 할인]
<table class=""benefit-table""><tr><th>전월 이용실적</th><th>1구간(30만원 이상)</th><th>2구간(70만원 이상)</th></tr><tr><td>월 할인금액 (한도)</td><td>12,000원</td><td>17,000원</td></tr></table>
- 최초 카드 사용 등록일로부터 다음 달 말일(실적 유예기간)까지 「T-economy KB국민카드」 전월 이용실적이 없는 경우에도 1구간(전월 이용실적 30만원 이상)에 해당하는 12,000원 청구할인 서비스가 적용됩니다.
- 할인 금액보다 자동이체 승인금액이 작을 경우 승인금액만큼 할인 제공됩니다. (예시) 전월 이용실적 30만원 이상, 자동납부 승인금액 9,000원일 경우 9,000원 할인 제공됩니다.
- SKT 통신요금 자동이체 승인 건이 여러 건인 경우 합산하여 월 할인금액 내에서 할인됩니다.
- 해당 청구할인 서비스는 자동이체 등록된 통신요금이 청구되는 시점부터 적용되며, T-economy KB국민카드로 SKT 이동통신요금, 국제전화등 SKT통신요금 자동이체 시에만 제공됩니다. (가입자 명의 무관), SKT에서 판매하는 상품(IPTV, 인터넷)을 가입 후 SKT고객센터에 요청하여 이동통신요금과 합산하여 자동이체 시에는 청구 할인 서비스가 적용됩니다.
- 카드 수령 후 SKT 고객센터에서 자동이체를 별도로 신청하시기 바랍니다.
- SKT 통신요금을 T-economy KB국민카드로 결제하더라도 자동납부가 아닌 다른 결제 방식일 경우 할인 혜택을 적용 받으실 수 없습니다.",2026-06-06
04288_B0002,4288,주요혜택,SKT 통신요금 자동이체 시 전월 실적에 따라 청구 할인,SKT 통신요금 청구할인,생활비,12,Both,할인,17000,원,SKT 이동통신요금,전월 실적 70만원 이상,700000,,,,17000,원,,,,"[SKT 통신요금 자동이체 시 전월 실적에 따라 청구 할인]
<table class=""benefit-table""><tr><th>전월 이용실적</th><th>1구간(30만원 이상)</th><th>2구간(70만원 이상)</th></tr><tr><td>월 할인금액 (한도)</td><td>12,000원</td><td>17,000원</td></tr></table>
- 최초 카드 사용 등록일로부터 다음 달 말일(실적 유예기간)까지 「T-economy KB국민카드」 전월 이용실적이 없는 경우에도 1구간(전월 이용실적 30만원 이상)에 해당하는 12,000원 청구할인 서비스가 적용됩니다.
- 할인 금액보다 자동이체 승인금액이 작을 경우 승인금액만큼 할인 제공됩니다. (예시) 전월 이용실적 30만원 이상, 자동납부 승인금액 9,000원일 경우 9,000원 할인 제공됩니다.
- SKT 통신요금 자동이체 승인 건이 여러 건인 경우 합산하여 월 할인금액 내에서 할인됩니다.
- 해당 청구할인 서비스는 자동이체 등록된 통신요금이 청구되는 시점부터 적용되며, T-economy KB국민카드로 SKT 이동통신요금, 국제전화등 SKT통신요금 자동이체 시에만 제공됩니다. (가입자 명의 무관), SKT에서 판매하는 상품(IPTV, 인터넷)을 가입 후 SKT고객센터에 요청하여 이동통신요금과 합산하여 자동이체 시에는 청구 할인 서비스가 적용됩니다.
- 카드 수령 후 SKT 고객센터에서 자동이체를 별도로 신청하시기 바랍니다.
- SKT 통신요금을 T-economy KB국민카드로 결제하더라도 자동납부가 아닌 다른 결제 방식일 경우 할인 혜택을 적용 받으실 수 없습니다.",생활비 17000원 할인,"[SKT 통신요금 자동이체 시 전월 실적에 따라 청구 할인]
<table class=""benefit-table""><tr><th>전월 이용실적</th><th>1구간(30만원 이상)</th><th>2구간(70만원 이상)</th></tr><tr><td>월 할인금액 (한도)</td><td>12,000원</td><td>17,000원</td></tr></table>
- 최초 카드 사용 등록일로부터 다음 달 말일(실적 유예기간)까지 「T-economy KB국민카드」 전월 이용실적이 없는 경우에도 1구간(전월 이용실적 30만원 이상)에 해당하는 12,000원 청구할인 서비스가 적용됩니다.
- 할인 금액보다 자동이체 승인금액이 작을 경우 승인금액만큼 할인 제공됩니다. (예시) 전월 이용실적 30만원 이상, 자동납부 승인금액 9,000원일 경우 9,000원 할인 제공됩니다.
- SKT 통신요금 자동이체 승인 건이 여러 건인 경우 합산하여 월 할인금액 내에서 할인됩니다.
- 해당 청구할인 서비스는 자동이체 등록된 통신요금이 청구되는 시점부터 적용되며, T-economy KB국민카드로 SKT 이동통신요금, 국제전화등 SKT통신요금 자동이체 시에만 제공됩니다. (가입자 명의 무관), SKT에서 판매하는 상품(IPTV, 인터넷)을 가입 후 SKT고객센터에 요청하여 이동통신요금과 합산하여 자동이체 시에는 청구 할인 서비스가 적용됩니다.
- 카드 수령 후 SKT 고객센터에서 자동이체를 별도로 신청하시기 바랍니다.
- SKT 통신요금을 T-economy KB국민카드로 결제하더라도 자동납부가 아닌 다른 결제 방식일 경우 할인 혜택을 적용 받으실 수 없습니다.",2026-06-06
04320_B0001,4320,주요혜택,자동이체 시 전월 실적에 따라 청구 할인,자동이체 청구할인,교육/육아,20,Both,할인,12000,원,밀크T 학습비 자동이체,전월 실적 30만원 이상,300000,700000,,,12000,원,,,,"[자동이체 시 전월 실적에 따라 청구 할인]
<table class=""benefit-table""><tr><th>전월 이용실적</th><th>1구간(30만원 이상)</th><th>2구간(70만원 이상)</th></tr><tr><td>월 할인금액 (한도)</td><td>12,000원</td><td>17,000원</td></tr></table>
- 최초 카드 사용 등록일로부터 다음 달 말일(실적 유예기간)까지 KB국민 밀크T카드 전월 이용실적이 없는 경우에도 1구간 청구 할인 서비스가 제공됩니다. (전월 이용실적 30만원 이상 /1만 2천원 할인)
- 할인 금액보다 자동이체 승인금액이 작을 경우 승인금액만큼 할인 제공됩니다. (예시) 전월 이용실적 30만원 이상, 자동이체 승인금액 9,000원일 경우 9,000원 할인 제공됩니다.
- 밀크T 학습비 자동이체 승인 건이 여러 건인 경우 합산하여 월 할인금액 내에서 할인 제공되며, 할인한도 내에서 먼저 이용된 순서대로 할인 제공됩니다.
- 해당 청구할인서비스는 자동이체 등록된 요금이 KB국민카드에 청구되는 시점부터 적용되며, KB국민 밀크T카드로 학습비 자동이체하시는 경우에 한하여 할인이 제공됩니다.
※ 카드 수령 후 밀크T 고객센터를 통해 자동이체를 별도로 신청 하시기 바랍니다. (밀크T아이: 1522-6002/ 밀크T초등: 1577-1533/ 밀크T중고등: 1522-5533)",교육/육아 12000원 할인,"[자동이체 시 전월 실적에 따라 청구 할인]
<table class=""benefit-table""><tr><th>전월 이용실적</th><th>1구간(30만원 이상)</th><th>2구간(70만원 이상)</th></tr><tr><td>월 할인금액 (한도)</td><td>12,000원</td><td>17,000원</td></tr></table>
- 최초 카드 사용 등록일로부터 다음 달 말일(실적 유예기간)까지 KB국민 밀크T카드 전월 이용실적이 없는 경우에도 1구간 청구 할인 서비스가 제공됩니다. (전월 이용실적 30만원 이상 /1만 2천원 할인)
- 할인 금액보다 자동이체 승인금액이 작을 경우 승인금액만큼 할인 제공됩니다. (예시) 전월 이용실적 30만원 이상, 자동이체 승인금액 9,000원일 경우 9,000원 할인 제공됩니다.
- 밀크T 학습비 자동이체 승인 건이 여러 건인 경우 합산하여 월 할인금액 내에서 할인 제공되며, 할인한도 내에서 먼저 이용된 순서대로 할인 제공됩니다.
- 해당 청구할인서비스는 자동이체 등록된 요금이 KB국민카드에 청구되는 시점부터 적용되며, KB국민 밀크T카드로 학습비 자동이체하시는 경우에 한하여 할인이 제공됩니다.
※ 카드 수령 후 밀크T 고객센터를 통해 자동이체를 별도로 신청 하시기 바랍니다. (밀크T아이: 1522-6002/ 밀크T초등: 1577-1533/ 밀크T중고등: 1522-5533)",2026-06-06
04320_B0002,4320,주요혜택,자동이체 시 전월 실적에 따라 청구 할인,자동이체 청구할인,교육/육아,20,Both,할인,17000,원,밀크T 학습비 자동이체,전월 실적 70만원 이상,700000,,,,17000,원,,,,"[자동이체 시 전월 실적에 따라 청구 할인]
<table class=""benefit-table""><tr><th>전월 이용실적</th><th>1구간(30만원 이상)</th><th>2구간(70만원 이상)</th></tr><tr><td>월 할인금액 (한도)</td><td>12,000원</td><td>17,000원</td></tr></table>
- 최초 카드 사용 등록일로부터 다음 달 말일(실적 유예기간)까지 KB국민 밀크T카드 전월 이용실적이 없는 경우에도 1구간 청구 할인 서비스가 제공됩니다. (전월 이용실적 30만원 이상 /1만 2천원 할인)
- 할인 금액보다 자동이체 승인금액이 작을 경우 승인금액만큼 할인 제공됩니다. (예시) 전월 이용실적 30만원 이상, 자동이체 승인금액 9,000원일 경우 9,000원 할인 제공됩니다.
- 밀크T 학습비 자동이체 승인 건이 여러 건인 경우 합산하여 월 할인금액 내에서 할인 제공되며, 할인한도 내에서 먼저 이용된 순서대로 할인 제공됩니다.
- 해당 청구할인서비스는 자동이체 등록된 요금이 KB국민카드에 청구되는 시점부터 적용되며, KB국민 밀크T카드로 학습비 자동이체하시는 경우에 한하여 할인이 제공됩니다.
※ 카드 수령 후 밀크T 고객센터를 통해 자동이체를 별도로 신청 하시기 바랍니다. (밀크T아이: 1522-6002/ 밀크T초등: 1577-1533/ 밀크T중고등: 1522-5533)",교육/육아 17000원 할인,"[자동이체 시 전월 실적에 따라 청구 할인]
<table class=""benefit-table""><tr><th>전월 이용실적</th><th>1구간(30만원 이상)</th><th>2구간(70만원 이상)</th></tr><tr><td>월 할인금액 (한도)</td><td>12,000원</td><td>17,000원</td></tr></table>
- 최초 카드 사용 등록일로부터 다음 달 말일(실적 유예기간)까지 KB국민 밀크T카드 전월 이용실적이 없는 경우에도 1구간 청구 할인 서비스가 제공됩니다. (전월 이용실적 30만원 이상 /1만 2천원 할인)
- 할인 금액보다 자동이체 승인금액이 작을 경우 승인금액만큼 할인 제공됩니다. (예시) 전월 이용실적 30만원 이상, 자동이체 승인금액 9,000원일 경우 9,000원 할인 제공됩니다.
- 밀크T 학습비 자동이체 승인 건이 여러 건인 경우 합산하여 월 할인금액 내에서 할인 제공되며, 할인한도 내에서 먼저 이용된 순서대로 할인 제공됩니다.
- 해당 청구할인서비스는 자동이체 등록된 요금이 KB국민카드에 청구되는 시점부터 적용되며, KB국민 밀크T카드로 학습비 자동이체하시는 경우에 한하여 할인이 제공됩니다.
※ 카드 수령 후 밀크T 고객센터를 통해 자동이체를 별도로 신청 하시기 바랍니다. (밀크T아이: 1522-6002/ 밀크T초등: 1577-1533/ 밀크T중고등: 1522-5533)",2026-06-06
04336_B0001,4336,주요혜택,청호나이스 렌탈 자동납부요금 청구할인,청호나이스 렌탈 자동납부 할인,생활비,12,Both,할인,12000,원,청호나이스 렌탈요금,전월 실적 30만원 이상,300000,700000,,,12000,원,,,,"[청호나이스 렌탈 자동납부요금 청구할인]
<table class=""benefit-table""><tr><th rowspan=""2"">구분</th><th colspan=""2"">전월 승인실적에 따른 월간 할인금액</th></tr><tr><th>1구간(30만원 이상)</th><th>2구간(70만원 이상)</th></tr><tr><td>청호나이스 렌탈요금 자동납부</td><td>1만2천원</td><td>1만7천원</td></tr></table>
- 최초 카드 사용 등록일로부터 다음달 말일까지는 KB국민 청호나이스Ⅱ카드 전월 이용실적이 없는 경우에도 1구간(전월 이용실적 30만원 이상)에 해당하는 할인 서비스가 적용됩니다.
- 할인금액보다 자동납부 승인금액이 작을 경우 승인금액까지만 할인이 적용됩니다. (예시) 전월 이용실적이 30만원 이상, 자동납부 승인금액이 9,000원인 경우 9,000원이 할인됩니다.
- 청호나이스 렌탈요금 자동납부 승인 건이 여러 건인 경우 합산하여 월 할인금액 내에서 할인 됩니다.
- KB국민 청호나이스Ⅱ카드로 청호나이스 렌탈요금을 자동납부하시는 경우에 한하여 할인이 제공되며, 카드 수령 후 청호나이스 고객센터에서 자동납부를 별도로 신청하시기 바랍니다.",생활비 12000원 할인,"[청호나이스 렌탈 자동납부요금 청구할인]
<table class=""benefit-table""><tr><th rowspan=""2"">구분</th><th colspan=""2"">전월 승인실적에 따른 월간 할인금액</th></tr><tr><th>1구간(30만원 이상)</th><th>2구간(70만원 이상)</th></tr><tr><td>청호나이스 렌탈요금 자동납부</td><td>1만2천원</td><td>1만7천원</td></tr></table>
- 최초 카드 사용 등록일로부터 다음달 말일까지는 KB국민 청호나이스Ⅱ카드 전월 이용실적이 없는 경우에도 1구간(전월 이용실적 30만원 이상)에 해당하는 할인 서비스가 적용됩니다.
- 할인금액보다 자동납부 승인금액이 작을 경우 승인금액까지만 할인이 적용됩니다. (예시) 전월 이용실적이 30만원 이상, 자동납부 승인금액이 9,000원인 경우 9,000원이 할인됩니다.
- 청호나이스 렌탈요금 자동납부 승인 건이 여러 건인 경우 합산하여 월 할인금액 내에서 할인 됩니다.
- KB국민 청호나이스Ⅱ카드로 청호나이스 렌탈요금을 자동납부하시는 경우에 한하여 할인이 제공되며, 카드 수령 후 청호나이스 고객센터에서 자동납부를 별도로 신청하시기 바랍니다.",2026-06-06
04336_B0002,4336,주요혜택,청호나이스 렌탈 자동납부요금 청구할인,청호나이스 렌탈 자동납부 할인,생활비,12,Both,할인,17000,원,청호나이스 렌탈요금,전월 실적 70만원 이상,700000,,,,17000,원,,,,"[청호나이스 렌탈 자동납부요금 청구할인]
<table class=""benefit-table""><tr><th rowspan=""2"">구분</th><th colspan=""2"">전월 승인실적에 따른 월간 할인금액</th></tr><tr><th>1구간(30만원 이상)</th><th>2구간(70만원 이상)</th></tr><tr><td>청호나이스 렌탈요금 자동납부</td><td>1만2천원</td><td>1만7천원</td></tr></table>
- 최초 카드 사용 등록일로부터 다음달 말일까지는 KB국민 청호나이스Ⅱ카드 전월 이용실적이 없는 경우에도 1구간(전월 이용실적 30만원 이상)에 해당하는 할인 서비스가 적용됩니다.
- 할인금액보다 자동납부 승인금액이 작을 경우 승인금액까지만 할인이 적용됩니다. (예시) 전월 이용실적이 30만원 이상, 자동납부 승인금액이 9,000원인 경우 9,000원이 할인됩니다.
- 청호나이스 렌탈요금 자동납부 승인 건이 여러 건인 경우 합산하여 월 할인금액 내에서 할인 됩니다.
- KB국민 청호나이스Ⅱ카드로 청호나이스 렌탈요금을 자동납부하시는 경우에 한하여 할인이 제공되며, 카드 수령 후 청호나이스 고객센터에서 자동납부를 별도로 신청하시기 바랍니다.",생활비 17000원 할인,"[청호나이스 렌탈 자동납부요금 청구할인]
<table class=""benefit-table""><tr><th rowspan=""2"">구분</th><th colspan=""2"">전월 승인실적에 따른 월간 할인금액</th></tr><tr><th>1구간(30만원 이상)</th><th>2구간(70만원 이상)</th></tr><tr><td>청호나이스 렌탈요금 자동납부</td><td>1만2천원</td><td>1만7천원</td></tr></table>
- 최초 카드 사용 등록일로부터 다음달 말일까지는 KB국민 청호나이스Ⅱ카드 전월 이용실적이 없는 경우에도 1구간(전월 이용실적 30만원 이상)에 해당하는 할인 서비스가 적용됩니다.
- 할인금액보다 자동납부 승인금액이 작을 경우 승인금액까지만 할인이 적용됩니다. (예시) 전월 이용실적이 30만원 이상, 자동납부 승인금액이 9,000원인 경우 9,000원이 할인됩니다.
- 청호나이스 렌탈요금 자동납부 승인 건이 여러 건인 경우 합산하여 월 할인금액 내에서 할인 됩니다.
- KB국민 청호나이스Ⅱ카드로 청호나이스 렌탈요금을 자동납부하시는 경우에 한하여 할인이 제공되며, 카드 수령 후 청호나이스 고객센터에서 자동납부를 별도로 신청하시기 바랍니다.",2026-06-06
04348_B0001,4348,주요혜택,서비스 한눈에 보기,KT스카이라이프 요금 할인,생활비,12,Both,할인,5000,원,KT스카이라이프,전월 실적 30만원 이상,300000,700000,,,5000,원,,,,"[서비스 한눈에 보기]
<table class=""benefit-table""><tr><th rowspan=""2"">구분</th><th colspan=""2"">전월실적별 월 할인금액</th></tr><tr><th>1구간(30만원 이상)</th><th>2구간(70만원 이상)</th></tr><tr><td>KT스카이라이프 요금 자동이체</td><td>5천원</td><td>1만1천원</td></tr></table>
- KT스카이라이프 KB카드로 KT스카이라이프 요금을 자동납부하시는 경우에 한하여 할인이 제공되오니, 카드 수령 후 KT스카이라이프를 통해 자동납부를 별도로 신청하시기 바랍니다.
- KT스카이라이프 자동납부 승인 건이 여러 건인 경우 합산하여 월 할인금액 내에서 할인됩니다.
- 할인금액보다 자동납부 승인금액이 작을 경우 승인금액까지만 할인이 적용됩니다. (예시) 전월 이용실적 70만원 이상, 자동이체 승인금액이 9천원인 경우 9천원 할인됩니다.
- 최초 카드 사용 등록일(KB Pay 등 간편결제 등록 포함)로 부터 다음달 말일까지 KT스카이라이프 KB카드 전월 이용실적 30만원 미만 시, 월 2천5백원 할인금액이 제공됩니다.",생활비 5000원 할인,"[서비스 한눈에 보기]
<table class=""benefit-table""><tr><th rowspan=""2"">구분</th><th colspan=""2"">전월실적별 월 할인금액</th></tr><tr><th>1구간(30만원 이상)</th><th>2구간(70만원 이상)</th></tr><tr><td>KT스카이라이프 요금 자동이체</td><td>5천원</td><td>1만1천원</td></tr></table>
- KT스카이라이프 KB카드로 KT스카이라이프 요금을 자동납부하시는 경우에 한하여 할인이 제공되오니, 카드 수령 후 KT스카이라이프를 통해 자동납부를 별도로 신청하시기 바랍니다.
- KT스카이라이프 자동납부 승인 건이 여러 건인 경우 합산하여 월 할인금액 내에서 할인됩니다.
- 할인금액보다 자동납부 승인금액이 작을 경우 승인금액까지만 할인이 적용됩니다. (예시) 전월 이용실적 70만원 이상, 자동이체 승인금액이 9천원인 경우 9천원 할인됩니다.
- 최초 카드 사용 등록일(KB Pay 등 간편결제 등록 포함)로 부터 다음달 말일까지 KT스카이라이프 KB카드 전월 이용실적 30만원 미만 시, 월 2천5백원 할인금액이 제공됩니다.",2026-06-06
04348_B0002,4348,주요혜택,서비스 한눈에 보기,KT스카이라이프 요금 할인,생활비,12,Both,할인,11000,원,KT스카이라이프,전월 실적 70만원 이상,700000,,,,11000,원,,,,"[서비스 한눈에 보기]
<table class=""benefit-table""><tr><th rowspan=""2"">구분</th><th colspan=""2"">전월실적별 월 할인금액</th></tr><tr><th>1구간(30만원 이상)</th><th>2구간(70만원 이상)</th></tr><tr><td>KT스카이라이프 요금 자동이체</td><td>5천원</td><td>1만1천원</td></tr></table>
- KT스카이라이프 KB카드로 KT스카이라이프 요금을 자동납부하시는 경우에 한하여 할인이 제공되오니, 카드 수령 후 KT스카이라이프를 통해 자동납부를 별도로 신청하시기 바랍니다.
- KT스카이라이프 자동납부 승인 건이 여러 건인 경우 합산하여 월 할인금액 내에서 할인됩니다.
- 할인금액보다 자동납부 승인금액이 작을 경우 승인금액까지만 할인이 적용됩니다. (예시) 전월 이용실적 70만원 이상, 자동이체 승인금액이 9천원인 경우 9천원 할인됩니다.
- 최초 카드 사용 등록일(KB Pay 등 간편결제 등록 포함)로 부터 다음달 말일까지 KT스카이라이프 KB카드 전월 이용실적 30만원 미만 시, 월 2천5백원 할인금액이 제공됩니다.",생활비 11000원 할인,"[서비스 한눈에 보기]
<table class=""benefit-table""><tr><th rowspan=""2"">구분</th><th colspan=""2"">전월실적별 월 할인금액</th></tr><tr><th>1구간(30만원 이상)</th><th>2구간(70만원 이상)</th></tr><tr><td>KT스카이라이프 요금 자동이체</td><td>5천원</td><td>1만1천원</td></tr></table>
- KT스카이라이프 KB카드로 KT스카이라이프 요금을 자동납부하시는 경우에 한하여 할인이 제공되오니, 카드 수령 후 KT스카이라이프를 통해 자동납부를 별도로 신청하시기 바랍니다.
- KT스카이라이프 자동납부 승인 건이 여러 건인 경우 합산하여 월 할인금액 내에서 할인됩니다.
- 할인금액보다 자동납부 승인금액이 작을 경우 승인금액까지만 할인이 적용됩니다. (예시) 전월 이용실적 70만원 이상, 자동이체 승인금액이 9천원인 경우 9천원 할인됩니다.
- 최초 카드 사용 등록일(KB Pay 등 간편결제 등록 포함)로 부터 다음달 말일까지 KT스카이라이프 KB카드 전월 이용실적 30만원 미만 시, 월 2천5백원 할인금액이 제공됩니다.",2026-06-06
04351_B0001,4351,주요혜택,토스모바일 통신요금 자동납부 할인,토스모바일 통신요금 자동납부 할인,생활비,12,Both,할인,7000,원,토스모바일 통신요금,전월 실적 30만원 이상,300000,700000,,,7000,원,,,,"[토스모바일 통신요금 자동납부 할인]
<table class=""benefit-table""><tr><th>전월 이용실적</th><th>1구간 (30만원 이상)</th><th>2구간 (70만원 이상)</th></tr><tr><td>월간 청구할인 금액</td><td>7,000원</td><td>11,000원</td></tr></table>
- 최초 카드 사용 등록일(KB Pay 등 간편결제 등록 포함)로부터 다음달 말일까지는 「토스모바일 KB국민카드」 전월 이용실적이 없는 경우에도 1구간 (전월 이용실적 30만원 이상)에 해당하는 할인 서비스가 적용됩니다.
- 할인 금액보다 자동납부 승인금액이 작을 경우 승인금액까지만 할인이 적용됩니다. (예시) 전월 이용실적 30만원 이상, 자동납부 승인금액이 5,000원인 경우 5,000원 할인됩니다.
- 통신요금 자동납부 승인 건이 여러 건인 경우 합산하여 월 할인금액 내에서 할인됩니다.
- 토스모바일 KB국민카드로 토스모바일 통신요금을 자동납부하시는 경우에 한하여 할인이 제공되며, 카드 수령 후 토스 App을 통해 자동납부를 별도로 신청하시기 바랍니다.",생활비 7000원 할인,"[토스모바일 통신요금 자동납부 할인]
<table class=""benefit-table""><tr><th>전월 이용실적</th><th>1구간 (30만원 이상)</th><th>2구간 (70만원 이상)</th></tr><tr><td>월간 청구할인 금액</td><td>7,000원</td><td>11,000원</td></tr></table>
- 최초 카드 사용 등록일(KB Pay 등 간편결제 등록 포함)로부터 다음달 말일까지는 「토스모바일 KB국민카드」 전월 이용실적이 없는 경우에도 1구간 (전월 이용실적 30만원 이상)에 해당하는 할인 서비스가 적용됩니다.
- 할인 금액보다 자동납부 승인금액이 작을 경우 승인금액까지만 할인이 적용됩니다. (예시) 전월 이용실적 30만원 이상, 자동납부 승인금액이 5,000원인 경우 5,000원 할인됩니다.
- 통신요금 자동납부 승인 건이 여러 건인 경우 합산하여 월 할인금액 내에서 할인됩니다.
- 토스모바일 KB국민카드로 토스모바일 통신요금을 자동납부하시는 경우에 한하여 할인이 제공되며, 카드 수령 후 토스 App을 통해 자동납부를 별도로 신청하시기 바랍니다.",2026-06-06
04351_B0002,4351,주요혜택,토스모바일 통신요금 자동납부 할인,토스모바일 통신요금 자동납부 할인,생활비,12,Both,할인,11000,원,토스모바일 통신요금,전월 실적 70만원 이상,700000,,,,11000,원,,,,"[토스모바일 통신요금 자동납부 할인]
<table class=""benefit-table""><tr><th>전월 이용실적</th><th>1구간 (30만원 이상)</th><th>2구간 (70만원 이상)</th></tr><tr><td>월간 청구할인 금액</td><td>7,000원</td><td>11,000원</td></tr></table>
- 최초 카드 사용 등록일(KB Pay 등 간편결제 등록 포함)로부터 다음달 말일까지는 「토스모바일 KB국민카드」 전월 이용실적이 없는 경우에도 1구간 (전월 이용실적 30만원 이상)에 해당하는 할인 서비스가 적용됩니다.
- 할인 금액보다 자동납부 승인금액이 작을 경우 승인금액까지만 할인이 적용됩니다. (예시) 전월 이용실적 30만원 이상, 자동납부 승인금액이 5,000원인 경우 5,000원 할인됩니다.
- 통신요금 자동납부 승인 건이 여러 건인 경우 합산하여 월 할인금액 내에서 할인됩니다.
- 토스모바일 KB국민카드로 토스모바일 통신요금을 자동납부하시는 경우에 한하여 할인이 제공되며, 카드 수령 후 토스 App을 통해 자동납부를 별도로 신청하시기 바랍니다.",생활비 11000원 할인,"[토스모바일 통신요금 자동납부 할인]
<table class=""benefit-table""><tr><th>전월 이용실적</th><th>1구간 (30만원 이상)</th><th>2구간 (70만원 이상)</th></tr><tr><td>월간 청구할인 금액</td><td>7,000원</td><td>11,000원</td></tr></table>
- 최초 카드 사용 등록일(KB Pay 등 간편결제 등록 포함)로부터 다음달 말일까지는 「토스모바일 KB국민카드」 전월 이용실적이 없는 경우에도 1구간 (전월 이용실적 30만원 이상)에 해당하는 할인 서비스가 적용됩니다.
- 할인 금액보다 자동납부 승인금액이 작을 경우 승인금액까지만 할인이 적용됩니다. (예시) 전월 이용실적 30만원 이상, 자동납부 승인금액이 5,000원인 경우 5,000원 할인됩니다.
- 통신요금 자동납부 승인 건이 여러 건인 경우 합산하여 월 할인금액 내에서 할인됩니다.
- 토스모바일 KB국민카드로 토스모바일 통신요금을 자동납부하시는 경우에 한하여 할인이 제공되며, 카드 수령 후 토스 App을 통해 자동납부를 별도로 신청하시기 바랍니다.",2026-06-06
04361_B0001,4361,주요혜택,이마트/트레이더스 청구할인,이마트/트레이더스 청구할인,슈퍼마켓/생활잡화,3,Offline,할인,20,%,이마트/트레이더스 오프라인 가맹점,전월 실적 50만원 이상,500000,1000000,70000,,20000,원,,,,"[이마트/트레이더스 청구할인]
* 이마트/트레이더스 오프라인 가맹점에 한하여 제공되며, 입점매장 및 임대매장 이용시 할인 적용 제외 (* 할인 서비스 대상 이용금액 전월 실적 포함)
* 신세계백화점 및 이마트 등 신세계포인트 가맹점 이용시 신세계포인트 적립
- - 신세계포인트 적립, 사용방법은 신세계포인트 홈페이지 또는 고객센터(1899-4349)에서 확인 가능
- - 적립된 신세계포인트는 신세계포인트 멤버십 이용시 사용 가능하며, 신세계포인트 가맹점 관련 적립 / 사용처 및 포인트 유효기간 등 신세계포인트 관련 모든 사항은 신세계포인트 운영정책에 따름
<table class=""benefit-table""><tr><th>전월 이용실적</th><th>월 할인한도</th><th>할인율</th><th>제공기준</th></tr><tr><td>50만원 이상</td><td>2만원</td><td>20%</td><td rowspan=""2"">건당 7만원 이상 이용 시</td></tr><tr><td>100만원 이상</td><td>4만원</td><td>30%</td></tr></table>",슈퍼마켓/생활잡화 20% 할인,"[이마트/트레이더스 청구할인]
* 이마트/트레이더스 오프라인 가맹점에 한하여 제공되며, 입점매장 및 임대매장 이용시 할인 적용 제외 (* 할인 서비스 대상 이용금액 전월 실적 포함)
* 신세계백화점 및 이마트 등 신세계포인트 가맹점 이용시 신세계포인트 적립
- - 신세계포인트 적립, 사용방법은 신세계포인트 홈페이지 또는 고객센터(1899-4349)에서 확인 가능
- - 적립된 신세계포인트는 신세계포인트 멤버십 이용시 사용 가능하며, 신세계포인트 가맹점 관련 적립 / 사용처 및 포인트 유효기간 등 신세계포인트 관련 모든 사항은 신세계포인트 운영정책에 따름
<table class=""benefit-table""><tr><th>전월 이용실적</th><th>월 할인한도</th><th>할인율</th><th>제공기준</th></tr><tr><td>50만원 이상</td><td>2만원</td><td>20%</td><td rowspan=""2"">건당 7만원 이상 이용 시</td></tr><tr><td>100만원 이상</td><td>4만원</td><td>30%</td></tr></table>",2026-06-05
04361_B0002,4361,주요혜택,이마트/트레이더스 청구할인,이마트/트레이더스 청구할인,슈퍼마켓/생활잡화,3,Offline,할인,30,%,이마트/트레이더스 오프라인 가맹점,전월 실적 100만원 이상,1000000,,70000,,40000,원,,,,"[이마트/트레이더스 청구할인]
* 이마트/트레이더스 오프라인 가맹점에 한하여 제공되며, 입점매장 및 임대매장 이용시 할인 적용 제외 (* 할인 서비스 대상 이용금액 전월 실적 포함)
* 신세계백화점 및 이마트 등 신세계포인트 가맹점 이용시 신세계포인트 적립
- - 신세계포인트 적립, 사용방법은 신세계포인트 홈페이지 또는 고객센터(1899-4349)에서 확인 가능
- - 적립된 신세계포인트는 신세계포인트 멤버십 이용시 사용 가능하며, 신세계포인트 가맹점 관련 적립 / 사용처 및 포인트 유효기간 등 신세계포인트 관련 모든 사항은 신세계포인트 운영정책에 따름
<table class=""benefit-table""><tr><th>전월 이용실적</th><th>월 할인한도</th><th>할인율</th><th>제공기준</th></tr><tr><td>50만원 이상</td><td>2만원</td><td>20%</td><td rowspan=""2"">건당 7만원 이상 이용 시</td></tr><tr><td>100만원 이상</td><td>4만원</td><td>30%</td></tr></table>",슈퍼마켓/생활잡화 30% 할인,"[이마트/트레이더스 청구할인]
* 이마트/트레이더스 오프라인 가맹점에 한하여 제공되며, 입점매장 및 임대매장 이용시 할인 적용 제외 (* 할인 서비스 대상 이용금액 전월 실적 포함)
* 신세계백화점 및 이마트 등 신세계포인트 가맹점 이용시 신세계포인트 적립
- - 신세계포인트 적립, 사용방법은 신세계포인트 홈페이지 또는 고객센터(1899-4349)에서 확인 가능
- - 적립된 신세계포인트는 신세계포인트 멤버십 이용시 사용 가능하며, 신세계포인트 가맹점 관련 적립 / 사용처 및 포인트 유효기간 등 신세계포인트 관련 모든 사항은 신세계포인트 운영정책에 따름
<table class=""benefit-table""><tr><th>전월 이용실적</th><th>월 할인한도</th><th>할인율</th><th>제공기준</th></tr><tr><td>50만원 이상</td><td>2만원</td><td>20%</td><td rowspan=""2"">건당 7만원 이상 이용 시</td></tr><tr><td>100만원 이상</td><td>4만원</td><td>30%</td></tr></table>",2026-06-05
04361_B0003,4361,주요혜택,스타벅스 청구할인,스타벅스 청구할인,카페/베이커리,14,Both,할인,5,%,스타벅스,전월 실적 50만원 이상,500000,1000000,10000,,5000,원,,,,"[스타벅스 청구할인]
* 오프라인의 경우 백화점 및 할인점 입점매장/건물 내 임대매장 이용금액은 할인 제외
* 온라인의 경우 사이렌오더 및 딜리버리는 할인 적용, 사이렌오더 이용불가 매장 및 사이렌오더 선물하기는 할인 제외
* 상품권 및 선불카드 구입/충전 시 판매중계 App을 통한 이용시 할인 제외
<table class=""benefit-table""><tr><th>전월 이용실적</th><th>월 할인한도</th><th>할인율</th><th>제공기준</th></tr><tr><td>50만원 이상</td><td>5천원</td><td>5%</td><td rowspan=""2"">건당 1만원 이상 이용 시</td></tr><tr><td>100만원 이상</td><td>1만원</td><td>10%</td></tr></table>",카페/베이커리 5% 할인,"[스타벅스 청구할인]
* 오프라인의 경우 백화점 및 할인점 입점매장/건물 내 임대매장 이용금액은 할인 제외
* 온라인의 경우 사이렌오더 및 딜리버리는 할인 적용, 사이렌오더 이용불가 매장 및 사이렌오더 선물하기는 할인 제외
* 상품권 및 선불카드 구입/충전 시 판매중계 App을 통한 이용시 할인 제외
<table class=""benefit-table""><tr><th>전월 이용실적</th><th>월 할인한도</th><th>할인율</th><th>제공기준</th></tr><tr><td>50만원 이상</td><td>5천원</td><td>5%</td><td rowspan=""2"">건당 1만원 이상 이용 시</td></tr><tr><td>100만원 이상</td><td>1만원</td><td>10%</td></tr></table>",2026-06-05
04361_B0004,4361,주요혜택,스타벅스 청구할인,스타벅스 청구할인,카페/베이커리,14,Both,할인,10,%,스타벅스,전월 실적 100만원 이상,1000000,,10000,,10000,원,,,,"[스타벅스 청구할인]
* 오프라인의 경우 백화점 및 할인점 입점매장/건물 내 임대매장 이용금액은 할인 제외
* 온라인의 경우 사이렌오더 및 딜리버리는 할인 적용, 사이렌오더 이용불가 매장 및 사이렌오더 선물하기는 할인 제외
* 상품권 및 선불카드 구입/충전 시 판매중계 App을 통한 이용시 할인 제외
<table class=""benefit-table""><tr><th>전월 이용실적</th><th>월 할인한도</th><th>할인율</th><th>제공기준</th></tr><tr><td>50만원 이상</td><td>5천원</td><td>5%</td><td rowspan=""2"">건당 1만원 이상 이용 시</td></tr><tr><td>100만원 이상</td><td>1만원</td><td>10%</td></tr></table>",카페/베이커리 10% 할인,"[스타벅스 청구할인]
* 오프라인의 경우 백화점 및 할인점 입점매장/건물 내 임대매장 이용금액은 할인 제외
* 온라인의 경우 사이렌오더 및 딜리버리는 할인 적용, 사이렌오더 이용불가 매장 및 사이렌오더 선물하기는 할인 제외
* 상품권 및 선불카드 구입/충전 시 판매중계 App을 통한 이용시 할인 제외
<table class=""benefit-table""><tr><th>전월 이용실적</th><th>월 할인한도</th><th>할인율</th><th>제공기준</th></tr><tr><td>50만원 이상</td><td>5천원</td><td>5%</td><td rowspan=""2"">건당 1만원 이상 이용 시</td></tr><tr><td>100만원 이상</td><td>1만원</td><td>10%</td></tr></table>",2026-06-05
04361_B0005,4361,주요혜택,생활업종 청구할인,학원 청구할인,교육/육아,20,Offline,할인,5,%,학원,전월 실적 50만원 이상,500000,1000000,10000,,,원,10000,,,"[생활업종 청구할인]
* 생활업종 : 학원, 약국, 패밀리레스토랑, 편의점. 주유(충전), 미용실, 골프(연습)장
* 서비스 대상 업종은 KB국민카드에 등록된 가맹점 업종 분류 기준을 따름
* 오프라인 매장에 한하여 적용되며, 인터넷이나 모바일App을 통한 온라인 거래시 할인 제외
* 호텔, 백화점, 할인점, 면세점, 공항 기차역 등 임대매장에 입점한 오프라인 매장 및 배달앱을 통한 이용금액은 할인 제외
<table class=""benefit-table""><tr><th>전월 이용실적</th><th>월 할인한도</th><th>할인율</th><th>제공기준</th></tr><tr><td>50만원 이상</td><td>1만원</td><td>5%</td><td rowspan=""2"">건당 1만원 이상 이용 시</td></tr><tr><td>100만원 이상</td><td>2만원</td><td>10%</td></tr></table>",교육/육아 5% 할인,"[생활업종 청구할인]
* 생활업종 : 학원, 약국, 패밀리레스토랑, 편의점. 주유(충전), 미용실, 골프(연습)장
* 서비스 대상 업종은 KB국민카드에 등록된 가맹점 업종 분류 기준을 따름
* 오프라인 매장에 한하여 적용되며, 인터넷이나 모바일App을 통한 온라인 거래시 할인 제외
* 호텔, 백화점, 할인점, 면세점, 공항 기차역 등 임대매장에 입점한 오프라인 매장 및 배달앱을 통한 이용금액은 할인 제외
<table class=""benefit-table""><tr><th>전월 이용실적</th><th>월 할인한도</th><th>할인율</th><th>제공기준</th></tr><tr><td>50만원 이상</td><td>1만원</td><td>5%</td><td rowspan=""2"">건당 1만원 이상 이용 시</td></tr><tr><td>100만원 이상</td><td>2만원</td><td>10%</td></tr></table>",2026-06-05
04361_B0006,4361,주요혜택,생활업종 청구할인,학원 청구할인,교육/육아,20,Offline,할인,10,%,학원,전월 실적 100만원 이상,1000000,,10000,,,원,20000,,,"[생활업종 청구할인]
* 생활업종 : 학원, 약국, 패밀리레스토랑, 편의점. 주유(충전), 미용실, 골프(연습)장
* 서비스 대상 업종은 KB국민카드에 등록된 가맹점 업종 분류 기준을 따름
* 오프라인 매장에 한하여 적용되며, 인터넷이나 모바일App을 통한 온라인 거래시 할인 제외
* 호텔, 백화점, 할인점, 면세점, 공항 기차역 등 임대매장에 입점한 오프라인 매장 및 배달앱을 통한 이용금액은 할인 제외
<table class=""benefit-table""><tr><th>전월 이용실적</th><th>월 할인한도</th><th>할인율</th><th>제공기준</th></tr><tr><td>50만원 이상</td><td>1만원</td><td>5%</td><td rowspan=""2"">건당 1만원 이상 이용 시</td></tr><tr><td>100만원 이상</td><td>2만원</td><td>10%</td></tr></table>",교육/육아 10% 할인,"[생활업종 청구할인]
* 생활업종 : 학원, 약국, 패밀리레스토랑, 편의점. 주유(충전), 미용실, 골프(연습)장
* 서비스 대상 업종은 KB국민카드에 등록된 가맹점 업종 분류 기준을 따름
* 오프라인 매장에 한하여 적용되며, 인터넷이나 모바일App을 통한 온라인 거래시 할인 제외
* 호텔, 백화점, 할인점, 면세점, 공항 기차역 등 임대매장에 입점한 오프라인 매장 및 배달앱을 통한 이용금액은 할인 제외
<table class=""benefit-table""><tr><th>전월 이용실적</th><th>월 할인한도</th><th>할인율</th><th>제공기준</th></tr><tr><td>50만원 이상</td><td>1만원</td><td>5%</td><td rowspan=""2"">건당 1만원 이상 이용 시</td></tr><tr><td>100만원 이상</td><td>2만원</td><td>10%</td></tr></table>",2026-06-05
04361_B0007,4361,주요혜택,생활업종 청구할인,약국 청구할인,의료,21,Offline,할인,5,%,약국,전월 실적 50만원 이상,500000,1000000,10000,,,원,10000,,,"[생활업종 청구할인]
* 생활업종 : 학원, 약국, 패밀리레스토랑, 편의점. 주유(충전), 미용실, 골프(연습)장
* 서비스 대상 업종은 KB국민카드에 등록된 가맹점 업종 분류 기준을 따름
* 오프라인 매장에 한하여 적용되며, 인터넷이나 모바일App을 통한 온라인 거래시 할인 제외
* 호텔, 백화점, 할인점, 면세점, 공항 기차역 등 임대매장에 입점한 오프라인 매장 및 배달앱을 통한 이용금액은 할인 제외
<table class=""benefit-table""><tr><th>전월 이용실적</th><th>월 할인한도</th><th>할인율</th><th>제공기준</th></tr><tr><td>50만원 이상</td><td>1만원</td><td>5%</td><td rowspan=""2"">건당 1만원 이상 이용 시</td></tr><tr><td>100만원 이상</td><td>2만원</td><td>10%</td></tr></table>",의료 5% 할인,"[생활업종 청구할인]
* 생활업종 : 학원, 약국, 패밀리레스토랑, 편의점. 주유(충전), 미용실, 골프(연습)장
* 서비스 대상 업종은 KB국민카드에 등록된 가맹점 업종 분류 기준을 따름
* 오프라인 매장에 한하여 적용되며, 인터넷이나 모바일App을 통한 온라인 거래시 할인 제외
* 호텔, 백화점, 할인점, 면세점, 공항 기차역 등 임대매장에 입점한 오프라인 매장 및 배달앱을 통한 이용금액은 할인 제외
<table class=""benefit-table""><tr><th>전월 이용실적</th><th>월 할인한도</th><th>할인율</th><th>제공기준</th></tr><tr><td>50만원 이상</td><td>1만원</td><td>5%</td><td rowspan=""2"">건당 1만원 이상 이용 시</td></tr><tr><td>100만원 이상</td><td>2만원</td><td>10%</td></tr></table>",2026-06-05
04361_B0008,4361,주요혜택,생활업종 청구할인,약국 청구할인,의료,21,Offline,할인,10,%,약국,전월 실적 100만원 이상,1000000,,10000,,,원,20000,,,"[생활업종 청구할인]
* 생활업종 : 학원, 약국, 패밀리레스토랑, 편의점. 주유(충전), 미용실, 골프(연습)장
* 서비스 대상 업종은 KB국민카드에 등록된 가맹점 업종 분류 기준을 따름
* 오프라인 매장에 한하여 적용되며, 인터넷이나 모바일App을 통한 온라인 거래시 할인 제외
* 호텔, 백화점, 할인점, 면세점, 공항 기차역 등 임대매장에 입점한 오프라인 매장 및 배달앱을 통한 이용금액은 할인 제외
<table class=""benefit-table""><tr><th>전월 이용실적</th><th>월 할인한도</th><th>할인율</th><th>제공기준</th></tr><tr><td>50만원 이상</td><td>1만원</td><td>5%</td><td rowspan=""2"">건당 1만원 이상 이용 시</td></tr><tr><td>100만원 이상</td><td>2만원</td><td>10%</td></tr></table>",의료 10% 할인,"[생활업종 청구할인]
* 생활업종 : 학원, 약국, 패밀리레스토랑, 편의점. 주유(충전), 미용실, 골프(연습)장
* 서비스 대상 업종은 KB국민카드에 등록된 가맹점 업종 분류 기준을 따름
* 오프라인 매장에 한하여 적용되며, 인터넷이나 모바일App을 통한 온라인 거래시 할인 제외
* 호텔, 백화점, 할인점, 면세점, 공항 기차역 등 임대매장에 입점한 오프라인 매장 및 배달앱을 통한 이용금액은 할인 제외
<table class=""benefit-table""><tr><th>전월 이용실적</th><th>월 할인한도</th><th>할인율</th><th>제공기준</th></tr><tr><td>50만원 이상</td><td>1만원</td><td>5%</td><td rowspan=""2"">건당 1만원 이상 이용 시</td></tr><tr><td>100만원 이상</td><td>2만원</td><td>10%</td></tr></table>",2026-06-05
04361_B0009,4361,주요혜택,생활업종 청구할인,패밀리레스토랑 청구할인,외식,16,Offline,할인,5,%,패밀리레스토랑,전월 실적 50만원 이상,500000,1000000,10000,,,원,10000,,,"[생활업종 청구할인]
* 생활업종 : 학원, 약국, 패밀리레스토랑, 편의점. 주유(충전), 미용실, 골프(연습)장
* 서비스 대상 업종은 KB국민카드에 등록된 가맹점 업종 분류 기준을 따름
* 오프라인 매장에 한하여 적용되며, 인터넷이나 모바일App을 통한 온라인 거래시 할인 제외
* 호텔, 백화점, 할인점, 면세점, 공항 기차역 등 임대매장에 입점한 오프라인 매장 및 배달앱을 통한 이용금액은 할인 제외
<table class=""benefit-table""><tr><th>전월 이용실적</th><th>월 할인한도</th><th>할인율</th><th>제공기준</th></tr><tr><td>50만원 이상</td><td>1만원</td><td>5%</td><td rowspan=""2"">건당 1만원 이상 이용 시</td></tr><tr><td>100만원 이상</td><td>2만원</td><td>10%</td></tr></table>",외식 5% 할인,"[생활업종 청구할인]
* 생활업종 : 학원, 약국, 패밀리레스토랑, 편의점. 주유(충전), 미용실, 골프(연습)장
* 서비스 대상 업종은 KB국민카드에 등록된 가맹점 업종 분류 기준을 따름
* 오프라인 매장에 한하여 적용되며, 인터넷이나 모바일App을 통한 온라인 거래시 할인 제외
* 호텔, 백화점, 할인점, 면세점, 공항 기차역 등 임대매장에 입점한 오프라인 매장 및 배달앱을 통한 이용금액은 할인 제외
<table class=""benefit-table""><tr><th>전월 이용실적</th><th>월 할인한도</th><th>할인율</th><th>제공기준</th></tr><tr><td>50만원 이상</td><td>1만원</td><td>5%</td><td rowspan=""2"">건당 1만원 이상 이용 시</td></tr><tr><td>100만원 이상</td><td>2만원</td><td>10%</td></tr></table>",2026-06-05
04361_B0010,4361,주요혜택,생활업종 청구할인,패밀리레스토랑 청구할인,외식,16,Offline,할인,10,%,패밀리레스토랑,전월 실적 100만원 이상,1000000,,10000,,,원,20000,,,"[생활업종 청구할인]
* 생활업종 : 학원, 약국, 패밀리레스토랑, 편의점. 주유(충전), 미용실, 골프(연습)장
* 서비스 대상 업종은 KB국민카드에 등록된 가맹점 업종 분류 기준을 따름
* 오프라인 매장에 한하여 적용되며, 인터넷이나 모바일App을 통한 온라인 거래시 할인 제외
* 호텔, 백화점, 할인점, 면세점, 공항 기차역 등 임대매장에 입점한 오프라인 매장 및 배달앱을 통한 이용금액은 할인 제외
<table class=""benefit-table""><tr><th>전월 이용실적</th><th>월 할인한도</th><th>할인율</th><th>제공기준</th></tr><tr><td>50만원 이상</td><td>1만원</td><td>5%</td><td rowspan=""2"">건당 1만원 이상 이용 시</td></tr><tr><td>100만원 이상</td><td>2만원</td><td>10%</td></tr></table>",외식 10% 할인,"[생활업종 청구할인]
* 생활업종 : 학원, 약국, 패밀리레스토랑, 편의점. 주유(충전), 미용실, 골프(연습)장
* 서비스 대상 업종은 KB국민카드에 등록된 가맹점 업종 분류 기준을 따름
* 오프라인 매장에 한하여 적용되며, 인터넷이나 모바일App을 통한 온라인 거래시 할인 제외
* 호텔, 백화점, 할인점, 면세점, 공항 기차역 등 임대매장에 입점한 오프라인 매장 및 배달앱을 통한 이용금액은 할인 제외
<table class=""benefit-table""><tr><th>전월 이용실적</th><th>월 할인한도</th><th>할인율</th><th>제공기준</th></tr><tr><td>50만원 이상</td><td>1만원</td><td>5%</td><td rowspan=""2"">건당 1만원 이상 이용 시</td></tr><tr><td>100만원 이상</td><td>2만원</td><td>10%</td></tr></table>",2026-06-05
04361_B0011,4361,주요혜택,생활업종 청구할인,편의점 청구할인,편의점,13,Offline,할인,5,%,편의점,전월 실적 50만원 이상,500000,1000000,10000,,,원,10000,,,"[생활업종 청구할인]
* 생활업종 : 학원, 약국, 패밀리레스토랑, 편의점. 주유(충전), 미용실, 골프(연습)장
* 서비스 대상 업종은 KB국민카드에 등록된 가맹점 업종 분류 기준을 따름
* 오프라인 매장에 한하여 적용되며, 인터넷이나 모바일App을 통한 온라인 거래시 할인 제외
* 호텔, 백화점, 할인점, 면세점, 공항 기차역 등 임대매장에 입점한 오프라인 매장 및 배달앱을 통한 이용금액은 할인 제외
<table class=""benefit-table""><tr><th>전월 이용실적</th><th>월 할인한도</th><th>할인율</th><th>제공기준</th></tr><tr><td>50만원 이상</td><td>1만원</td><td>5%</td><td rowspan=""2"">건당 1만원 이상 이용 시</td></tr><tr><td>100만원 이상</td><td>2만원</td><td>10%</td></tr></table>",편의점 5% 할인,"[생활업종 청구할인]
* 생활업종 : 학원, 약국, 패밀리레스토랑, 편의점. 주유(충전), 미용실, 골프(연습)장
* 서비스 대상 업종은 KB국민카드에 등록된 가맹점 업종 분류 기준을 따름
* 오프라인 매장에 한하여 적용되며, 인터넷이나 모바일App을 통한 온라인 거래시 할인 제외
* 호텔, 백화점, 할인점, 면세점, 공항 기차역 등 임대매장에 입점한 오프라인 매장 및 배달앱을 통한 이용금액은 할인 제외
<table class=""benefit-table""><tr><th>전월 이용실적</th><th>월 할인한도</th><th>할인율</th><th>제공기준</th></tr><tr><td>50만원 이상</td><td>1만원</td><td>5%</td><td rowspan=""2"">건당 1만원 이상 이용 시</td></tr><tr><td>100만원 이상</td><td>2만원</td><td>10%</td></tr></table>",2026-06-05
04361_B0012,4361,주요혜택,생활업종 청구할인,편의점 청구할인,편의점,13,Offline,할인,10,%,편의점,전월 실적 100만원 이상,1000000,,10000,,,원,20000,,,"[생활업종 청구할인]
* 생활업종 : 학원, 약국, 패밀리레스토랑, 편의점. 주유(충전), 미용실, 골프(연습)장
* 서비스 대상 업종은 KB국민카드에 등록된 가맹점 업종 분류 기준을 따름
* 오프라인 매장에 한하여 적용되며, 인터넷이나 모바일App을 통한 온라인 거래시 할인 제외
* 호텔, 백화점, 할인점, 면세점, 공항 기차역 등 임대매장에 입점한 오프라인 매장 및 배달앱을 통한 이용금액은 할인 제외
<table class=""benefit-table""><tr><th>전월 이용실적</th><th>월 할인한도</th><th>할인율</th><th>제공기준</th></tr><tr><td>50만원 이상</td><td>1만원</td><td>5%</td><td rowspan=""2"">건당 1만원 이상 이용 시</td></tr><tr><td>100만원 이상</td><td>2만원</td><td>10%</td></tr></table>",편의점 10% 할인,"[생활업종 청구할인]
* 생활업종 : 학원, 약국, 패밀리레스토랑, 편의점. 주유(충전), 미용실, 골프(연습)장
* 서비스 대상 업종은 KB국민카드에 등록된 가맹점 업종 분류 기준을 따름
* 오프라인 매장에 한하여 적용되며, 인터넷이나 모바일App을 통한 온라인 거래시 할인 제외
* 호텔, 백화점, 할인점, 면세점, 공항 기차역 등 임대매장에 입점한 오프라인 매장 및 배달앱을 통한 이용금액은 할인 제외
<table class=""benefit-table""><tr><th>전월 이용실적</th><th>월 할인한도</th><th>할인율</th><th>제공기준</th></tr><tr><td>50만원 이상</td><td>1만원</td><td>5%</td><td rowspan=""2"">건당 1만원 이상 이용 시</td></tr><tr><td>100만원 이상</td><td>2만원</td><td>10%</td></tr></table>",2026-06-05
04361_B0013,4361,주요혜택,생활업종 청구할인,주유(충전) 청구할인,자동차/주유,6,Offline,할인,5,%,주유(충전),전월 실적 50만원 이상,500000,1000000,10000,,,원,10000,,,"[생활업종 청구할인]
* 생활업종 : 학원, 약국, 패밀리레스토랑, 편의점. 주유(충전), 미용실, 골프(연습)장
* 서비스 대상 업종은 KB국민카드에 등록된 가맹점 업종 분류 기준을 따름
* 오프라인 매장에 한하여 적용되며, 인터넷이나 모바일App을 통한 온라인 거래시 할인 제외
* 호텔, 백화점, 할인점, 면세점, 공항 기차역 등 임대매장에 입점한 오프라인 매장 및 배달앱을 통한 이용금액은 할인 제외
<table class=""benefit-table""><tr><th>전월 이용실적</th><th>월 할인한도</th><th>할인율</th><th>제공기준</th></tr><tr><td>50만원 이상</td><td>1만원</td><td>5%</td><td rowspan=""2"">건당 1만원 이상 이용 시</td></tr><tr><td>100만원 이상</td><td>2만원</td><td>10%</td></tr></table>",자동차/주유 5% 할인,"[생활업종 청구할인]
* 생활업종 : 학원, 약국, 패밀리레스토랑, 편의점. 주유(충전), 미용실, 골프(연습)장
* 서비스 대상 업종은 KB국민카드에 등록된 가맹점 업종 분류 기준을 따름
* 오프라인 매장에 한하여 적용되며, 인터넷이나 모바일App을 통한 온라인 거래시 할인 제외
* 호텔, 백화점, 할인점, 면세점, 공항 기차역 등 임대매장에 입점한 오프라인 매장 및 배달앱을 통한 이용금액은 할인 제외
<table class=""benefit-table""><tr><th>전월 이용실적</th><th>월 할인한도</th><th>할인율</th><th>제공기준</th></tr><tr><td>50만원 이상</td><td>1만원</td><td>5%</td><td rowspan=""2"">건당 1만원 이상 이용 시</td></tr><tr><td>100만원 이상</td><td>2만원</td><td>10%</td></tr></table>",2026-06-05
04361_B0014,4361,주요혜택,생활업종 청구할인,주유(충전) 청구할인,자동차/주유,6,Offline,할인,10,%,주유(충전),전월 실적 100만원 이상,1000000,,10000,,,원,20000,,,"[생활업종 청구할인]
* 생활업종 : 학원, 약국, 패밀리레스토랑, 편의점. 주유(충전), 미용실, 골프(연습)장
* 서비스 대상 업종은 KB국민카드에 등록된 가맹점 업종 분류 기준을 따름
* 오프라인 매장에 한하여 적용되며, 인터넷이나 모바일App을 통한 온라인 거래시 할인 제외
* 호텔, 백화점, 할인점, 면세점, 공항 기차역 등 임대매장에 입점한 오프라인 매장 및 배달앱을 통한 이용금액은 할인 제외
<table class=""benefit-table""><tr><th>전월 이용실적</th><th>월 할인한도</th><th>할인율</th><th>제공기준</th></tr><tr><td>50만원 이상</td><td>1만원</td><td>5%</td><td rowspan=""2"">건당 1만원 이상 이용 시</td></tr><tr><td>100만원 이상</td><td>2만원</td><td>10%</td></tr></table>",자동차/주유 10% 할인,"[생활업종 청구할인]
* 생활업종 : 학원, 약국, 패밀리레스토랑, 편의점. 주유(충전), 미용실, 골프(연습)장
* 서비스 대상 업종은 KB국민카드에 등록된 가맹점 업종 분류 기준을 따름
* 오프라인 매장에 한하여 적용되며, 인터넷이나 모바일App을 통한 온라인 거래시 할인 제외
* 호텔, 백화점, 할인점, 면세점, 공항 기차역 등 임대매장에 입점한 오프라인 매장 및 배달앱을 통한 이용금액은 할인 제외
<table class=""benefit-table""><tr><th>전월 이용실적</th><th>월 할인한도</th><th>할인율</th><th>제공기준</th></tr><tr><td>50만원 이상</td><td>1만원</td><td>5%</td><td rowspan=""2"">건당 1만원 이상 이용 시</td></tr><tr><td>100만원 이상</td><td>2만원</td><td>10%</td></tr></table>",2026-06-05
04361_B0015,4361,주요혜택,생활업종 청구할인,미용실 청구할인,패션/뷰티,2,Offline,할인,5,%,미용실,전월 실적 50만원 이상,500000,1000000,10000,,,원,10000,,,"[생활업종 청구할인]
* 생활업종 : 학원, 약국, 패밀리레스토랑, 편의점. 주유(충전), 미용실, 골프(연습)장
* 서비스 대상 업종은 KB국민카드에 등록된 가맹점 업종 분류 기준을 따름
* 오프라인 매장에 한하여 적용되며, 인터넷이나 모바일App을 통한 온라인 거래시 할인 제외
* 호텔, 백화점, 할인점, 면세점, 공항 기차역 등 임대매장에 입점한 오프라인 매장 및 배달앱을 통한 이용금액은 할인 제외
<table class=""benefit-table""><tr><th>전월 이용실적</th><th>월 할인한도</th><th>할인율</th><th>제공기준</th></tr><tr><td>50만원 이상</td><td>1만원</td><td>5%</td><td rowspan=""2"">건당 1만원 이상 이용 시</td></tr><tr><td>100만원 이상</td><td>2만원</td><td>10%</td></tr></table>",패션/뷰티 5% 할인,"[생활업종 청구할인]
* 생활업종 : 학원, 약국, 패밀리레스토랑, 편의점. 주유(충전), 미용실, 골프(연습)장
* 서비스 대상 업종은 KB국민카드에 등록된 가맹점 업종 분류 기준을 따름
* 오프라인 매장에 한하여 적용되며, 인터넷이나 모바일App을 통한 온라인 거래시 할인 제외
* 호텔, 백화점, 할인점, 면세점, 공항 기차역 등 임대매장에 입점한 오프라인 매장 및 배달앱을 통한 이용금액은 할인 제외
<table class=""benefit-table""><tr><th>전월 이용실적</th><th>월 할인한도</th><th>할인율</th><th>제공기준</th></tr><tr><td>50만원 이상</td><td>1만원</td><td>5%</td><td rowspan=""2"">건당 1만원 이상 이용 시</td></tr><tr><td>100만원 이상</td><td>2만원</td><td>10%</td></tr></table>",2026-06-05
04361_B0016,4361,주요혜택,생활업종 청구할인,미용실 청구할인,패션/뷰티,2,Offline,할인,10,%,미용실,전월 실적 100만원 이상,1000000,,10000,,,원,20000,,,"[생활업종 청구할인]
* 생활업종 : 학원, 약국, 패밀리레스토랑, 편의점. 주유(충전), 미용실, 골프(연습)장
* 서비스 대상 업종은 KB국민카드에 등록된 가맹점 업종 분류 기준을 따름
* 오프라인 매장에 한하여 적용되며, 인터넷이나 모바일App을 통한 온라인 거래시 할인 제외
* 호텔, 백화점, 할인점, 면세점, 공항 기차역 등 임대매장에 입점한 오프라인 매장 및 배달앱을 통한 이용금액은 할인 제외
<table class=""benefit-table""><tr><th>전월 이용실적</th><th>월 할인한도</th><th>할인율</th><th>제공기준</th></tr><tr><td>50만원 이상</td><td>1만원</td><td>5%</td><td rowspan=""2"">건당 1만원 이상 이용 시</td></tr><tr><td>100만원 이상</td><td>2만원</td><td>10%</td></tr></table>",패션/뷰티 10% 할인,"[생활업종 청구할인]
* 생활업종 : 학원, 약국, 패밀리레스토랑, 편의점. 주유(충전), 미용실, 골프(연습)장
* 서비스 대상 업종은 KB국민카드에 등록된 가맹점 업종 분류 기준을 따름
* 오프라인 매장에 한하여 적용되며, 인터넷이나 모바일App을 통한 온라인 거래시 할인 제외
* 호텔, 백화점, 할인점, 면세점, 공항 기차역 등 임대매장에 입점한 오프라인 매장 및 배달앱을 통한 이용금액은 할인 제외
<table class=""benefit-table""><tr><th>전월 이용실적</th><th>월 할인한도</th><th>할인율</th><th>제공기준</th></tr><tr><td>50만원 이상</td><td>1만원</td><td>5%</td><td rowspan=""2"">건당 1만원 이상 이용 시</td></tr><tr><td>100만원 이상</td><td>2만원</td><td>10%</td></tr></table>",2026-06-05
04361_B0017,4361,주요혜택,생활업종 청구할인,골프(연습)장 청구할인,레저/스포츠,9,Offline,할인,5,%,골프(연습)장,전월 실적 50만원 이상,500000,1000000,10000,,,원,10000,,,"[생활업종 청구할인]
* 생활업종 : 학원, 약국, 패밀리레스토랑, 편의점. 주유(충전), 미용실, 골프(연습)장
* 서비스 대상 업종은 KB국민카드에 등록된 가맹점 업종 분류 기준을 따름
* 오프라인 매장에 한하여 적용되며, 인터넷이나 모바일App을 통한 온라인 거래시 할인 제외
* 호텔, 백화점, 할인점, 면세점, 공항 기차역 등 임대매장에 입점한 오프라인 매장 및 배달앱을 통한 이용금액은 할인 제외
<table class=""benefit-table""><tr><th>전월 이용실적</th><th>월 할인한도</th><th>할인율</th><th>제공기준</th></tr><tr><td>50만원 이상</td><td>1만원</td><td>5%</td><td rowspan=""2"">건당 1만원 이상 이용 시</td></tr><tr><td>100만원 이상</td><td>2만원</td><td>10%</td></tr></table>",레저/스포츠 5% 할인,"[생활업종 청구할인]
* 생활업종 : 학원, 약국, 패밀리레스토랑, 편의점. 주유(충전), 미용실, 골프(연습)장
* 서비스 대상 업종은 KB국민카드에 등록된 가맹점 업종 분류 기준을 따름
* 오프라인 매장에 한하여 적용되며, 인터넷이나 모바일App을 통한 온라인 거래시 할인 제외
* 호텔, 백화점, 할인점, 면세점, 공항 기차역 등 임대매장에 입점한 오프라인 매장 및 배달앱을 통한 이용금액은 할인 제외
<table class=""benefit-table""><tr><th>전월 이용실적</th><th>월 할인한도</th><th>할인율</th><th>제공기준</th></tr><tr><td>50만원 이상</td><td>1만원</td><td>5%</td><td rowspan=""2"">건당 1만원 이상 이용 시</td></tr><tr><td>100만원 이상</td><td>2만원</td><td>10%</td></tr></table>",2026-06-05
04361_B0018,4361,주요혜택,생활업종 청구할인,골프(연습)장 청구할인,레저/스포츠,9,Offline,할인,10,%,골프(연습)장,전월 실적 100만원 이상,1000000,,10000,,,원,20000,,,"[생활업종 청구할인]
* 생활업종 : 학원, 약국, 패밀리레스토랑, 편의점. 주유(충전), 미용실, 골프(연습)장
* 서비스 대상 업종은 KB국민카드에 등록된 가맹점 업종 분류 기준을 따름
* 오프라인 매장에 한하여 적용되며, 인터넷이나 모바일App을 통한 온라인 거래시 할인 제외
* 호텔, 백화점, 할인점, 면세점, 공항 기차역 등 임대매장에 입점한 오프라인 매장 및 배달앱을 통한 이용금액은 할인 제외
<table class=""benefit-table""><tr><th>전월 이용실적</th><th>월 할인한도</th><th>할인율</th><th>제공기준</th></tr><tr><td>50만원 이상</td><td>1만원</td><td>5%</td><td rowspan=""2"">건당 1만원 이상 이용 시</td></tr><tr><td>100만원 이상</td><td>2만원</td><td>10%</td></tr></table>",레저/스포츠 10% 할인,"[생활업종 청구할인]
* 생활업종 : 학원, 약국, 패밀리레스토랑, 편의점. 주유(충전), 미용실, 골프(연습)장
* 서비스 대상 업종은 KB국민카드에 등록된 가맹점 업종 분류 기준을 따름
* 오프라인 매장에 한하여 적용되며, 인터넷이나 모바일App을 통한 온라인 거래시 할인 제외
* 호텔, 백화점, 할인점, 면세점, 공항 기차역 등 임대매장에 입점한 오프라인 매장 및 배달앱을 통한 이용금액은 할인 제외
<table class=""benefit-table""><tr><th>전월 이용실적</th><th>월 할인한도</th><th>할인율</th><th>제공기준</th></tr><tr><td>50만원 이상</td><td>1만원</td><td>5%</td><td rowspan=""2"">건당 1만원 이상 이용 시</td></tr><tr><td>100만원 이상</td><td>2만원</td><td>10%</td></tr></table>",2026-06-05
04361_B0019,4361,주요혜택,구독서비스 청구할인,구독서비스 청구할인,구독/스트리밍,8,Online,할인,10,%,"넷플릭스, 디즈니플러스, 웨이브",전월 실적 50만원 이상,500000,,0,,5000,원,,,,"[구독서비스 청구할인]
* 공식 홈페이지 및 모바일(App)을 통한 정기결제 시 제공
* 간편결제(Pay) 또는 구글 플레이스토어 및 앱스토어를 통한 인입 결제건 등은 할인 제외
<table class=""benefit-table""><tr><th>전월 이용실적</th><th>월 할인한도</th><th>할인율</th><th>대상 가맹점</th></tr><tr><td>50만원 이상</td><td>5천원</td><td>10%</td><td>넷플릭스, 디즈니플러스, 웨이브</td></tr></table>",구독/스트리밍 10% 할인,"[구독서비스 청구할인]
* 공식 홈페이지 및 모바일(App)을 통한 정기결제 시 제공
* 간편결제(Pay) 또는 구글 플레이스토어 및 앱스토어를 통한 인입 결제건 등은 할인 제외
<table class=""benefit-table""><tr><th>전월 이용실적</th><th>월 할인한도</th><th>할인율</th><th>대상 가맹점</th></tr><tr><td>50만원 이상</td><td>5천원</td><td>10%</td><td>넷플릭스, 디즈니플러스, 웨이브</td></tr></table>",2026-06-05
04420_B0001,4420,주요혜택,제주항공 J 포인트 적립,제주항공 J 포인트 적립,항공,18,Both,포인트,10,포인트,제주항공,,0,,,,,,,,1200,"[제주항공 J 포인트 적립]
[신판 1,200원당 10~20P 적립]
[제주항공 J 포인트 적립으로 똑똑한 항공권 할인!]
- 일시불, 할부 이용금액 1,200원당 10Point 적립
- 제주항공 이용금액 1,200원당 10Point 추가 적립
- 제주항공 J 포인트는 제주항공의 Loyalty 프로그램으로 제주항공 항공권 구매시 10포인트부터 현금처럼 자유롭게 사용할 수 있습니다.(10포인트=10원)",항공 10포인트 적립,"[제주항공 J 포인트 적립]
[신판 1,200원당 10~20P 적립]
[제주항공 J 포인트 적립으로 똑똑한 항공권 할인!]
- 일시불, 할부 이용금액 1,200원당 10Point 적립
- 제주항공 이용금액 1,200원당 10Point 추가 적립
- 제주항공 J 포인트는 제주항공의 Loyalty 프로그램으로 제주항공 항공권 구매시 10포인트부터 현금처럼 자유롭게 사용할 수 있습니다.(10포인트=10원)",2026-06-06
04420_B0002,4420,주요혜택,인천 및 김포공항 소재,공항라운지 연 2회 무료 이용,항공,18,Offline,서비스,,,"인천공항, 김포공항",전월 실적 30만원 이상,300000,,,연 2회,,,,,,"[인천 및 김포공항 소재]
[공항라운지 연 2회 무료 이용]
- 1일 1회,연2회 인천 및 김포공항 소재 공항라운지 무료이용(연간:1월1일~연말) 단, 전월 이용실적 30만원 이상 시, 본인회원에 한함
- 무료 공항라운지 현황
<table class=""benefit-table""><tr><th>공항</th><th>이용라운지</th><th>이용시간</th><th>이용 문의전화</th></tr><tr><td rowspan=""2"">인천</td><td>SKY HUB</td><td>오전 7:00 ~ 오후 10:00</td><td>동편 032-743-4814 서편 032-743-4811</td></tr><tr><td>MARTINA</td><td>오전 7:00 ~ 오후 9:00</td><td>동편 032-743-3012 서편 032-743-3006</td></tr><tr><td>김포</td><td>SKY HUB</td><td>오전 6:30 ~ 오후 9:00</td><td>02-2667-0680 면세 구역 35번 게이트 옆</td></tr></table>
- 공항라운지 이용시 제주항공 J 포인트 KB국민카드와 보딩패스를 제시해 주시기 바랍니다
- 제휴처의 사정에 따라 운영 시간이 변동될 수 있으며, 해당 공항 라운지가 만석 또는 혼잡 시 입장이 제한될 수 있습니다.","인천·김포공항 공항라운지 연 2회 무료 이용 (1일 1회 한정, 전월 실적 30만원 이상 시)","[인천 및 김포공항 소재]
[공항라운지 연 2회 무료 이용]
- 1일 1회,연2회 인천 및 김포공항 소재 공항라운지 무료이용(연간:1월1일~연말) 단, 전월 이용실적 30만원 이상 시, 본인회원에 한함
- 무료 공항라운지 현황
<table class=""benefit-table""><tr><th>공항</th><th>이용라운지</th><th>이용시간</th><th>이용 문의전화</th></tr><tr><td rowspan=""2"">인천</td><td>SKY HUB</td><td>오전 7:00 ~ 오후 10:00</td><td>동편 032-743-4814 서편 032-743-4811</td></tr><tr><td>MARTINA</td><td>오전 7:00 ~ 오후 9:00</td><td>동편 032-743-3012 서편 032-743-3006</td></tr><tr><td>김포</td><td>SKY HUB</td><td>오전 6:30 ~ 오후 9:00</td><td>02-2667-0680 면세 구역 35번 게이트 옆</td></tr></table>
- 공항라운지 이용시 제주항공 J 포인트 KB국민카드와 보딩패스를 제시해 주시기 바랍니다
- 제휴처의 사정에 따라 운영 시간이 변동될 수 있으며, 해당 공항 라운지가 만석 또는 혼잡 시 입장이 제한될 수 있습니다.",2026-06-06
04423_B0001,4423,주요혜택,코웨이 렌탈료 자동이체 시 1만 5천원~2만원 청구할인,코웨이 렌탈료 청구할인,생활비,12,Both,할인,15000,원,코웨이 렌탈료,전월 실적 40만원 이상,400000,800000,0,,15000,원,,,,"[코웨이 렌탈료 자동이체 시 1만 5천원~2만원 청구할인]
<table class=""benefit-table""><tr><th>전월 이용실적</th><th>할인금액</th><th>확인사항</th></tr><tr><td>40만원 이상</td><td>1만 5천원</td><td rowspan=""2"">할인금액보다 승인금액이 작을 경우 할인금액까지만 할인 코웨이 렌탈료 자동이체 건이 여러 건일 경우 합산하여 월 할인금액 내에서 할인</td></tr><tr><td>80만원 이상</td><td>2만원</td></tr></table>
- 최초카드 사용등록일로부터 다음달 말일까지는 전월 실적이 없는 경우에도 40만원 이상 구간인 1만 5천원 청구할인 제공
- 해당 렌탈료 청구할인서비스는 코웨이 II 카드로 렌탈료 자동이체 시에만 제공되며, 카드 수령 후 코웨이 콜센터(☎1588-5200)에서 자동이체를 별도로 신청하시기 바랍니다. (자동이체 등록된 렌탈료가 카드사에 청구되는 시점부터 청구할인 적용)",생활비 15000원 할인,"[코웨이 렌탈료 자동이체 시 1만 5천원~2만원 청구할인]
<table class=""benefit-table""><tr><th>전월 이용실적</th><th>할인금액</th><th>확인사항</th></tr><tr><td>40만원 이상</td><td>1만 5천원</td><td rowspan=""2"">할인금액보다 승인금액이 작을 경우 할인금액까지만 할인 코웨이 렌탈료 자동이체 건이 여러 건일 경우 합산하여 월 할인금액 내에서 할인</td></tr><tr><td>80만원 이상</td><td>2만원</td></tr></table>
- 최초카드 사용등록일로부터 다음달 말일까지는 전월 실적이 없는 경우에도 40만원 이상 구간인 1만 5천원 청구할인 제공
- 해당 렌탈료 청구할인서비스는 코웨이 II 카드로 렌탈료 자동이체 시에만 제공되며, 카드 수령 후 코웨이 콜센터(☎1588-5200)에서 자동이체를 별도로 신청하시기 바랍니다. (자동이체 등록된 렌탈료가 카드사에 청구되는 시점부터 청구할인 적용)",2026-06-06
04423_B0002,4423,주요혜택,코웨이 렌탈료 자동이체 시 1만 5천원~2만원 청구할인,코웨이 렌탈료 청구할인,생활비,12,Both,할인,20000,원,코웨이 렌탈료,전월 실적 80만원 이상,800000,,0,,20000,원,,,,"[코웨이 렌탈료 자동이체 시 1만 5천원~2만원 청구할인]
<table class=""benefit-table""><tr><th>전월 이용실적</th><th>할인금액</th><th>확인사항</th></tr><tr><td>40만원 이상</td><td>1만 5천원</td><td rowspan=""2"">할인금액보다 승인금액이 작을 경우 할인금액까지만 할인 코웨이 렌탈료 자동이체 건이 여러 건일 경우 합산하여 월 할인금액 내에서 할인</td></tr><tr><td>80만원 이상</td><td>2만원</td></tr></table>
- 최초카드 사용등록일로부터 다음달 말일까지는 전월 실적이 없는 경우에도 40만원 이상 구간인 1만 5천원 청구할인 제공
- 해당 렌탈료 청구할인서비스는 코웨이 II 카드로 렌탈료 자동이체 시에만 제공되며, 카드 수령 후 코웨이 콜센터(☎1588-5200)에서 자동이체를 별도로 신청하시기 바랍니다. (자동이체 등록된 렌탈료가 카드사에 청구되는 시점부터 청구할인 적용)",생활비 20000원 할인,"[코웨이 렌탈료 자동이체 시 1만 5천원~2만원 청구할인]
<table class=""benefit-table""><tr><th>전월 이용실적</th><th>할인금액</th><th>확인사항</th></tr><tr><td>40만원 이상</td><td>1만 5천원</td><td rowspan=""2"">할인금액보다 승인금액이 작을 경우 할인금액까지만 할인 코웨이 렌탈료 자동이체 건이 여러 건일 경우 합산하여 월 할인금액 내에서 할인</td></tr><tr><td>80만원 이상</td><td>2만원</td></tr></table>
- 최초카드 사용등록일로부터 다음달 말일까지는 전월 실적이 없는 경우에도 40만원 이상 구간인 1만 5천원 청구할인 제공
- 해당 렌탈료 청구할인서비스는 코웨이 II 카드로 렌탈료 자동이체 시에만 제공되며, 카드 수령 후 코웨이 콜센터(☎1588-5200)에서 자동이체를 별도로 신청하시기 바랍니다. (자동이체 등록된 렌탈료가 카드사에 청구되는 시점부터 청구할인 적용)",2026-06-06
04423_B0003,4423,주요혜택,코웨이 연간리워드 5~10% 포인트리 적립,코웨이 연간리워드,생활비,12,Offline,포인트,5,%,"코웨이 (렌탈료, 제품구매)",전월 실적 1000만원 이상,1000000,15000000,,연 1회,500000,포인트,,,,"[코웨이 연간리워드 5~10% 포인트리 적립]
- 코웨이II 카드로 코웨이에서 연간 결제한 금액 (전년도 1~12월, 렌탈료 및 제품구매금액)의 5~10% 포인트리 적립 (연 1회)
<table class=""benefit-table""><tr><th>연간 결제실적</th><th>적립률</th><th>연 적립한도</th></tr><tr><td>1,000만원 이상</td><td>5%</td><td>5만 포인트리</td></tr><tr><td>1,500만원 이상</td><td>10%</td><td>10만 포인트리</td></tr></table>
- 연간결제실적 기준 및 서비스 확인사항은 ""안내사항"" 참고
- 포인트리는 매년 2월 28일 (영업일이 아닌 경우 다음 영업일) 적립",생활비 5% 적립,"[코웨이 연간리워드 5~10% 포인트리 적립]
- 코웨이II 카드로 코웨이에서 연간 결제한 금액 (전년도 1~12월, 렌탈료 및 제품구매금액)의 5~10% 포인트리 적립 (연 1회)
<table class=""benefit-table""><tr><th>연간 결제실적</th><th>적립률</th><th>연 적립한도</th></tr><tr><td>1,000만원 이상</td><td>5%</td><td>5만 포인트리</td></tr><tr><td>1,500만원 이상</td><td>10%</td><td>10만 포인트리</td></tr></table>
- 연간결제실적 기준 및 서비스 확인사항은 ""안내사항"" 참고
- 포인트리는 매년 2월 28일 (영업일이 아닌 경우 다음 영업일) 적립",2026-06-06
04423_B0004,4423,주요혜택,코웨이 연간리워드 5~10% 포인트리 적립,코웨이 연간리워드,생활비,12,Offline,포인트,10,%,"코웨이 (렌탈료, 제품구매)",전월 실적 1500만원 이상,1500000,,,연 1회,1000000,포인트,,,,"[코웨이 연간리워드 5~10% 포인트리 적립]
- 코웨이II 카드로 코웨이에서 연간 결제한 금액 (전년도 1~12월, 렌탈료 및 제품구매금액)의 5~10% 포인트리 적립 (연 1회)
<table class=""benefit-table""><tr><th>연간 결제실적</th><th>적립률</th><th>연 적립한도</th></tr><tr><td>1,000만원 이상</td><td>5%</td><td>5만 포인트리</td></tr><tr><td>1,500만원 이상</td><td>10%</td><td>10만 포인트리</td></tr></table>
- 연간결제실적 기준 및 서비스 확인사항은 ""안내사항"" 참고
- 포인트리는 매년 2월 28일 (영업일이 아닌 경우 다음 영업일) 적립",생활비 10% 적립,"[코웨이 연간리워드 5~10% 포인트리 적립]
- 코웨이II 카드로 코웨이에서 연간 결제한 금액 (전년도 1~12월, 렌탈료 및 제품구매금액)의 5~10% 포인트리 적립 (연 1회)
<table class=""benefit-table""><tr><th>연간 결제실적</th><th>적립률</th><th>연 적립한도</th></tr><tr><td>1,000만원 이상</td><td>5%</td><td>5만 포인트리</td></tr><tr><td>1,500만원 이상</td><td>10%</td><td>10만 포인트리</td></tr></table>
- 연간결제실적 기준 및 서비스 확인사항은 ""안내사항"" 참고
- 포인트리는 매년 2월 28일 (영업일이 아닌 경우 다음 영업일) 적립",2026-06-06
04423_B0005,4423,주요혜택,놀이공원 30~50% 현장할인,롯데월드 종합이용권 할인,레저/스포츠,9,Offline,할인,50,%,"롯데월드, 에버랜드",전월 실적 40만원 이상,400000,,,,,,,,,"[놀이공원 30~50% 현장할인]
<table class=""benefit-table""><tr><th>할인 대상</th><th>전월 이용실적</th><th>할인율</th><th>할인한도</th></tr><tr><th>롯데월드 종합이용권</th><td rowspan=""3"">40만원 이상</td><td>50%</td><td>회원별 일 1매, 월 2매, 연 5매 이내</td></tr><tr><th>에버랜드 자유이용권</th><td>50%</td><td>카드별 일 1매, 회원별 연 10매 이내</td></tr><tr><th>캐리비안베이 입장권</th><td>30%</td><td>카드별 일 1매 이내</td></tr></table>
- 최초카드 사용등록일로부터 다음달 말일까지는 전월 실적이 없는 경우에도 현장할인 제공",레저/스포츠 50% 할인,"[놀이공원 30~50% 현장할인]
<table class=""benefit-table""><tr><th>할인 대상</th><th>전월 이용실적</th><th>할인율</th><th>할인한도</th></tr><tr><th>롯데월드 종합이용권</th><td rowspan=""3"">40만원 이상</td><td>50%</td><td>회원별 일 1매, 월 2매, 연 5매 이내</td></tr><tr><th>에버랜드 자유이용권</th><td>50%</td><td>카드별 일 1매, 회원별 연 10매 이내</td></tr><tr><th>캐리비안베이 입장권</th><td>30%</td><td>카드별 일 1매 이내</td></tr></table>
- 최초카드 사용등록일로부터 다음달 말일까지는 전월 실적이 없는 경우에도 현장할인 제공",2026-06-06
04423_B0006,4423,주요혜택,놀이공원 30~50% 현장할인,캐리비안베이 입장권 할인,레저/스포츠,9,Offline,할인,30,%,캐리비안베이,전월 실적 40만원 이상,400000,,,,,,,,,"[놀이공원 30~50% 현장할인]
<table class=""benefit-table""><tr><th>할인 대상</th><th>전월 이용실적</th><th>할인율</th><th>할인한도</th></tr><tr><th>롯데월드 종합이용권</th><td rowspan=""3"">40만원 이상</td><td>50%</td><td>회원별 일 1매, 월 2매, 연 5매 이내</td></tr><tr><th>에버랜드 자유이용권</th><td>50%</td><td>카드별 일 1매, 회원별 연 10매 이내</td></tr><tr><th>캐리비안베이 입장권</th><td>30%</td><td>카드별 일 1매 이내</td></tr></table>
- 최초카드 사용등록일로부터 다음달 말일까지는 전월 실적이 없는 경우에도 현장할인 제공",레저/스포츠 30% 할인,"[놀이공원 30~50% 현장할인]
<table class=""benefit-table""><tr><th>할인 대상</th><th>전월 이용실적</th><th>할인율</th><th>할인한도</th></tr><tr><th>롯데월드 종합이용권</th><td rowspan=""3"">40만원 이상</td><td>50%</td><td>회원별 일 1매, 월 2매, 연 5매 이내</td></tr><tr><th>에버랜드 자유이용권</th><td>50%</td><td>카드별 일 1매, 회원별 연 10매 이내</td></tr><tr><th>캐리비안베이 입장권</th><td>30%</td><td>카드별 일 1매 이내</td></tr></table>
- 최초카드 사용등록일로부터 다음달 말일까지는 전월 실적이 없는 경우에도 현장할인 제공",2026-06-06
04434_B0001,4434,주요혜택,삼성 페이 할인서비스,삼성 페이 할인,페이/간편결제,10,Both,할인,10,%,삼성 페이,전월 실적 40만원 이상,400000,,30000,,15000,원,,,,"[삼성 페이 할인서비스]
<table class=""benefit-table""><tr><th>구분</th><th>할인율</th><th>월 할인 한도</th><th>확인사항</th></tr><tr><td>삼성 페이 할인</td><td>10%</td><td>15,000원</td><td>삼성 페이로 건당 3만원 이상 결제 시 청구 할인</td></tr></table>
- 삼성 PAY카드 할인서비스는 전월 이용실적 40만원 이상 시 혜택이 제공됩니다.
- 최초 카드 사용등록일로부터 다음 달 말일까지는 전월 이용실적이 없는 경우에도 할인서비스가 제공됩니다.
- 삼성 페이 이용약관 등 세부사항은 삼성 페이 App에서 확인할 수 있습니다.",페이/간편결제 10% 할인,"[삼성 페이 할인서비스]
<table class=""benefit-table""><tr><th>구분</th><th>할인율</th><th>월 할인 한도</th><th>확인사항</th></tr><tr><td>삼성 페이 할인</td><td>10%</td><td>15,000원</td><td>삼성 페이로 건당 3만원 이상 결제 시 청구 할인</td></tr></table>
- 삼성 PAY카드 할인서비스는 전월 이용실적 40만원 이상 시 혜택이 제공됩니다.
- 최초 카드 사용등록일로부터 다음 달 말일까지는 전월 이용실적이 없는 경우에도 할인서비스가 제공됩니다.
- 삼성 페이 이용약관 등 세부사항은 삼성 페이 App에서 확인할 수 있습니다.",2026-06-06
04434_B0002,4434,주요혜택,주요 생활 할인서비스,이동통신 할인,생활비,12,Both,할인,5,%,"SKT, KT, LGU+",전월 실적 40만원 이상,400000,,10000,,,,5000,원,,"[주요 생활 할인서비스]
<table class=""benefit-table""><tr><th>구분</th><th>할인율</th><th>월 할인 한도</th><th>확인사항</th></tr><tr><td>주요 생활 할인</td><td>5%</td><td>5,000원</td><td>- 할인대상 가맹점에서 건당 1만원 이상 결제 시 청구 할인 - 할인대상 가맹점 : 이동통신(SKT, KT, LGU+)*, 커피전문점 업종, 약국업종, 편의점업종, 영화(CGV, 롯데시네마), 패스트푸드업종 * 이동통신요금 자동납부 시 할인</td></tr></table>
- 삼성 PAY카드 할인서비스는 전월 이용실적 40만원 이상 시 혜택이 제공됩니다.
- 최초 카드 사용등록일로부터 다음 달 말일까지는 전월 이용실적이 없는 경우에도 할인서비스가 제공됩니다.
- 삼성 페이 이용약관 등 세부사항은 삼성 페이 App에서 확인할 수 있습니다.
- '주요 생활 할인' 할인대상 가맹점은 해당 가맹점 사업자번호로 당사 영업점 및 고객센터(☎1588-1688), KB국민은행 영업점을 통해 확인이 가능합니다.",생활비 5% 할인,"[주요 생활 할인서비스]
<table class=""benefit-table""><tr><th>구분</th><th>할인율</th><th>월 할인 한도</th><th>확인사항</th></tr><tr><td>주요 생활 할인</td><td>5%</td><td>5,000원</td><td>- 할인대상 가맹점에서 건당 1만원 이상 결제 시 청구 할인 - 할인대상 가맹점 : 이동통신(SKT, KT, LGU+)*, 커피전문점 업종, 약국업종, 편의점업종, 영화(CGV, 롯데시네마), 패스트푸드업종 * 이동통신요금 자동납부 시 할인</td></tr></table>
- 삼성 PAY카드 할인서비스는 전월 이용실적 40만원 이상 시 혜택이 제공됩니다.
- 최초 카드 사용등록일로부터 다음 달 말일까지는 전월 이용실적이 없는 경우에도 할인서비스가 제공됩니다.
- 삼성 페이 이용약관 등 세부사항은 삼성 페이 App에서 확인할 수 있습니다.
- '주요 생활 할인' 할인대상 가맹점은 해당 가맹점 사업자번호로 당사 영업점 및 고객센터(☎1588-1688), KB국민은행 영업점을 통해 확인이 가능합니다.",2026-06-06
04434_B0003,4434,주요혜택,주요 생활 할인서비스,커피전문점 할인,카페/베이커리,14,Both,할인,5,%,커피전문점,전월 실적 40만원 이상,400000,,10000,,,,5000,원,,"[주요 생활 할인서비스]
<table class=""benefit-table""><tr><th>구분</th><th>할인율</th><th>월 할인 한도</th><th>확인사항</th></tr><tr><td>주요 생활 할인</td><td>5%</td><td>5,000원</td><td>- 할인대상 가맹점에서 건당 1만원 이상 결제 시 청구 할인 - 할인대상 가맹점 : 이동통신(SKT, KT, LGU+)*, 커피전문점 업종, 약국업종, 편의점업종, 영화(CGV, 롯데시네마), 패스트푸드업종 * 이동통신요금 자동납부 시 할인</td></tr></table>
- 삼성 PAY카드 할인서비스는 전월 이용실적 40만원 이상 시 혜택이 제공됩니다.
- 최초 카드 사용등록일로부터 다음 달 말일까지는 전월 이용실적이 없는 경우에도 할인서비스가 제공됩니다.
- 삼성 페이 이용약관 등 세부사항은 삼성 페이 App에서 확인할 수 있습니다.
- '주요 생활 할인' 할인대상 가맹점은 해당 가맹점 사업자번호로 당사 영업점 및 고객센터(☎1588-1688), KB국민은행 영업점을 통해 확인이 가능합니다.",카페/베이커리 5% 할인,"[주요 생활 할인서비스]
<table class=""benefit-table""><tr><th>구분</th><th>할인율</th><th>월 할인 한도</th><th>확인사항</th></tr><tr><td>주요 생활 할인</td><td>5%</td><td>5,000원</td><td>- 할인대상 가맹점에서 건당 1만원 이상 결제 시 청구 할인 - 할인대상 가맹점 : 이동통신(SKT, KT, LGU+)*, 커피전문점 업종, 약국업종, 편의점업종, 영화(CGV, 롯데시네마), 패스트푸드업종 * 이동통신요금 자동납부 시 할인</td></tr></table>
- 삼성 PAY카드 할인서비스는 전월 이용실적 40만원 이상 시 혜택이 제공됩니다.
- 최초 카드 사용등록일로부터 다음 달 말일까지는 전월 이용실적이 없는 경우에도 할인서비스가 제공됩니다.
- 삼성 페이 이용약관 등 세부사항은 삼성 페이 App에서 확인할 수 있습니다.
- '주요 생활 할인' 할인대상 가맹점은 해당 가맹점 사업자번호로 당사 영업점 및 고객센터(☎1588-1688), KB국민은행 영업점을 통해 확인이 가능합니다.",2026-06-06
04434_B0004,4434,주요혜택,주요 생활 할인서비스,약국 할인,의료,21,Both,할인,5,%,약국,전월 실적 40만원 이상,400000,,10000,,,,5000,원,,"[주요 생활 할인서비스]
<table class=""benefit-table""><tr><th>구분</th><th>할인율</th><th>월 할인 한도</th><th>확인사항</th></tr><tr><td>주요 생활 할인</td><td>5%</td><td>5,000원</td><td>- 할인대상 가맹점에서 건당 1만원 이상 결제 시 청구 할인 - 할인대상 가맹점 : 이동통신(SKT, KT, LGU+)*, 커피전문점 업종, 약국업종, 편의점업종, 영화(CGV, 롯데시네마), 패스트푸드업종 * 이동통신요금 자동납부 시 할인</td></tr></table>
- 삼성 PAY카드 할인서비스는 전월 이용실적 40만원 이상 시 혜택이 제공됩니다.
- 최초 카드 사용등록일로부터 다음 달 말일까지는 전월 이용실적이 없는 경우에도 할인서비스가 제공됩니다.
- 삼성 페이 이용약관 등 세부사항은 삼성 페이 App에서 확인할 수 있습니다.
- '주요 생활 할인' 할인대상 가맹점은 해당 가맹점 사업자번호로 당사 영업점 및 고객센터(☎1588-1688), KB국민은행 영업점을 통해 확인이 가능합니다.",의료 5% 할인,"[주요 생활 할인서비스]
<table class=""benefit-table""><tr><th>구분</th><th>할인율</th><th>월 할인 한도</th><th>확인사항</th></tr><tr><td>주요 생활 할인</td><td>5%</td><td>5,000원</td><td>- 할인대상 가맹점에서 건당 1만원 이상 결제 시 청구 할인 - 할인대상 가맹점 : 이동통신(SKT, KT, LGU+)*, 커피전문점 업종, 약국업종, 편의점업종, 영화(CGV, 롯데시네마), 패스트푸드업종 * 이동통신요금 자동납부 시 할인</td></tr></table>
- 삼성 PAY카드 할인서비스는 전월 이용실적 40만원 이상 시 혜택이 제공됩니다.
- 최초 카드 사용등록일로부터 다음 달 말일까지는 전월 이용실적이 없는 경우에도 할인서비스가 제공됩니다.
- 삼성 페이 이용약관 등 세부사항은 삼성 페이 App에서 확인할 수 있습니다.
- '주요 생활 할인' 할인대상 가맹점은 해당 가맹점 사업자번호로 당사 영업점 및 고객센터(☎1588-1688), KB국민은행 영업점을 통해 확인이 가능합니다.",2026-06-06
04434_B0005,4434,주요혜택,주요 생활 할인서비스,편의점 할인,편의점,13,Both,할인,5,%,편의점,전월 실적 40만원 이상,400000,,10000,,,,5000,원,,"[주요 생활 할인서비스]
<table class=""benefit-table""><tr><th>구분</th><th>할인율</th><th>월 할인 한도</th><th>확인사항</th></tr><tr><td>주요 생활 할인</td><td>5%</td><td>5,000원</td><td>- 할인대상 가맹점에서 건당 1만원 이상 결제 시 청구 할인 - 할인대상 가맹점 : 이동통신(SKT, KT, LGU+)*, 커피전문점 업종, 약국업종, 편의점업종, 영화(CGV, 롯데시네마), 패스트푸드업종 * 이동통신요금 자동납부 시 할인</td></tr></table>
- 삼성 PAY카드 할인서비스는 전월 이용실적 40만원 이상 시 혜택이 제공됩니다.
- 최초 카드 사용등록일로부터 다음 달 말일까지는 전월 이용실적이 없는 경우에도 할인서비스가 제공됩니다.
- 삼성 페이 이용약관 등 세부사항은 삼성 페이 App에서 확인할 수 있습니다.
- '주요 생활 할인' 할인대상 가맹점은 해당 가맹점 사업자번호로 당사 영업점 및 고객센터(☎1588-1688), KB국민은행 영업점을 통해 확인이 가능합니다.",편의점 5% 할인,"[주요 생활 할인서비스]
<table class=""benefit-table""><tr><th>구분</th><th>할인율</th><th>월 할인 한도</th><th>확인사항</th></tr><tr><td>주요 생활 할인</td><td>5%</td><td>5,000원</td><td>- 할인대상 가맹점에서 건당 1만원 이상 결제 시 청구 할인 - 할인대상 가맹점 : 이동통신(SKT, KT, LGU+)*, 커피전문점 업종, 약국업종, 편의점업종, 영화(CGV, 롯데시네마), 패스트푸드업종 * 이동통신요금 자동납부 시 할인</td></tr></table>
- 삼성 PAY카드 할인서비스는 전월 이용실적 40만원 이상 시 혜택이 제공됩니다.
- 최초 카드 사용등록일로부터 다음 달 말일까지는 전월 이용실적이 없는 경우에도 할인서비스가 제공됩니다.
- 삼성 페이 이용약관 등 세부사항은 삼성 페이 App에서 확인할 수 있습니다.
- '주요 생활 할인' 할인대상 가맹점은 해당 가맹점 사업자번호로 당사 영업점 및 고객센터(☎1588-1688), KB국민은행 영업점을 통해 확인이 가능합니다.",2026-06-06
04434_B0006,4434,주요혜택,주요 생활 할인서비스,영화관 할인,문화/엔터,11,Both,할인,5,%,"CGV, 롯데시네마",전월 실적 40만원 이상,400000,,10000,,,,5000,원,,"[주요 생활 할인서비스]
<table class=""benefit-table""><tr><th>구분</th><th>할인율</th><th>월 할인 한도</th><th>확인사항</th></tr><tr><td>주요 생활 할인</td><td>5%</td><td>5,000원</td><td>- 할인대상 가맹점에서 건당 1만원 이상 결제 시 청구 할인 - 할인대상 가맹점 : 이동통신(SKT, KT, LGU+)*, 커피전문점 업종, 약국업종, 편의점업종, 영화(CGV, 롯데시네마), 패스트푸드업종 * 이동통신요금 자동납부 시 할인</td></tr></table>
- 삼성 PAY카드 할인서비스는 전월 이용실적 40만원 이상 시 혜택이 제공됩니다.
- 최초 카드 사용등록일로부터 다음 달 말일까지는 전월 이용실적이 없는 경우에도 할인서비스가 제공됩니다.
- 삼성 페이 이용약관 등 세부사항은 삼성 페이 App에서 확인할 수 있습니다.
- '주요 생활 할인' 할인대상 가맹점은 해당 가맹점 사업자번호로 당사 영업점 및 고객센터(☎1588-1688), KB국민은행 영업점을 통해 확인이 가능합니다.",문화/엔터 5% 할인,"[주요 생활 할인서비스]
<table class=""benefit-table""><tr><th>구분</th><th>할인율</th><th>월 할인 한도</th><th>확인사항</th></tr><tr><td>주요 생활 할인</td><td>5%</td><td>5,000원</td><td>- 할인대상 가맹점에서 건당 1만원 이상 결제 시 청구 할인 - 할인대상 가맹점 : 이동통신(SKT, KT, LGU+)*, 커피전문점 업종, 약국업종, 편의점업종, 영화(CGV, 롯데시네마), 패스트푸드업종 * 이동통신요금 자동납부 시 할인</td></tr></table>
- 삼성 PAY카드 할인서비스는 전월 이용실적 40만원 이상 시 혜택이 제공됩니다.
- 최초 카드 사용등록일로부터 다음 달 말일까지는 전월 이용실적이 없는 경우에도 할인서비스가 제공됩니다.
- 삼성 페이 이용약관 등 세부사항은 삼성 페이 App에서 확인할 수 있습니다.
- '주요 생활 할인' 할인대상 가맹점은 해당 가맹점 사업자번호로 당사 영업점 및 고객센터(☎1588-1688), KB국민은행 영업점을 통해 확인이 가능합니다.",2026-06-06
04434_B0007,4434,주요혜택,주요 생활 할인서비스,패스트푸드 할인,외식,16,Both,할인,5,%,패스트푸드,전월 실적 40만원 이상,400000,,10000,,,,5000,원,,"[주요 생활 할인서비스]
<table class=""benefit-table""><tr><th>구분</th><th>할인율</th><th>월 할인 한도</th><th>확인사항</th></tr><tr><td>주요 생활 할인</td><td>5%</td><td>5,000원</td><td>- 할인대상 가맹점에서 건당 1만원 이상 결제 시 청구 할인 - 할인대상 가맹점 : 이동통신(SKT, KT, LGU+)*, 커피전문점 업종, 약국업종, 편의점업종, 영화(CGV, 롯데시네마), 패스트푸드업종 * 이동통신요금 자동납부 시 할인</td></tr></table>
- 삼성 PAY카드 할인서비스는 전월 이용실적 40만원 이상 시 혜택이 제공됩니다.
- 최초 카드 사용등록일로부터 다음 달 말일까지는 전월 이용실적이 없는 경우에도 할인서비스가 제공됩니다.
- 삼성 페이 이용약관 등 세부사항은 삼성 페이 App에서 확인할 수 있습니다.
- '주요 생활 할인' 할인대상 가맹점은 해당 가맹점 사업자번호로 당사 영업점 및 고객센터(☎1588-1688), KB국민은행 영업점을 통해 확인이 가능합니다.",외식 5% 할인,"[주요 생활 할인서비스]
<table class=""benefit-table""><tr><th>구분</th><th>할인율</th><th>월 할인 한도</th><th>확인사항</th></tr><tr><td>주요 생활 할인</td><td>5%</td><td>5,000원</td><td>- 할인대상 가맹점에서 건당 1만원 이상 결제 시 청구 할인 - 할인대상 가맹점 : 이동통신(SKT, KT, LGU+)*, 커피전문점 업종, 약국업종, 편의점업종, 영화(CGV, 롯데시네마), 패스트푸드업종 * 이동통신요금 자동납부 시 할인</td></tr></table>
- 삼성 PAY카드 할인서비스는 전월 이용실적 40만원 이상 시 혜택이 제공됩니다.
- 최초 카드 사용등록일로부터 다음 달 말일까지는 전월 이용실적이 없는 경우에도 할인서비스가 제공됩니다.
- 삼성 페이 이용약관 등 세부사항은 삼성 페이 App에서 확인할 수 있습니다.
- '주요 생활 할인' 할인대상 가맹점은 해당 가맹점 사업자번호로 당사 영업점 및 고객센터(☎1588-1688), KB국민은행 영업점을 통해 확인이 가능합니다.",2026-06-06
09060_B0001,9060,주요혜택,CU 최대 50% 청구 할인,CU 청구 할인,편의점,13,Offline,할인,30,%,CU,전월 실적 40만원 이상,400000,,,,15000,원,,,,"[CU 최대 50% 청구 할인]
- CU에서 KB Pay 결제 시 추가 할인
<table class=""benefit-table""><tr><th>구분</th><th>할인율</th><th>할인 한도</th><th>전월 실적 조건</th></tr><tr><td>CU 청구 할인</td><td>30%</td><td>1만5천원</td><td rowspan=""2"">40만원</td></tr><tr><td>KB Pay 추가 청구 할인*</td><td>20%</td><td>5천원</td></tr></table>",편의점 30% 할인,"[CU 최대 50% 청구 할인]
- CU에서 KB Pay 결제 시 추가 할인
<table class=""benefit-table""><tr><th>구분</th><th>할인율</th><th>할인 한도</th><th>전월 실적 조건</th></tr><tr><td>CU 청구 할인</td><td>30%</td><td>1만5천원</td><td rowspan=""2"">40만원</td></tr><tr><td>KB Pay 추가 청구 할인*</td><td>20%</td><td>5천원</td></tr></table>",2026-06-05
09060_B0002,9060,주요혜택,CU 최대 50% 청구 할인,KB Pay 추가 청구 할인,페이/간편결제,10,Offline,할인,20,%,CU (KB Pay 결제),전월 실적 40만원 이상,400000,,,,5000,원,,,,"[CU 최대 50% 청구 할인]
- CU에서 KB Pay 결제 시 추가 할인
<table class=""benefit-table""><tr><th>구분</th><th>할인율</th><th>할인 한도</th><th>전월 실적 조건</th></tr><tr><td>CU 청구 할인</td><td>30%</td><td>1만5천원</td><td rowspan=""2"">40만원</td></tr><tr><td>KB Pay 추가 청구 할인*</td><td>20%</td><td>5천원</td></tr></table>",페이/간편결제 20% 할인,"[CU 최대 50% 청구 할인]
- CU에서 KB Pay 결제 시 추가 할인
<table class=""benefit-table""><tr><th>구분</th><th>할인율</th><th>할인 한도</th><th>전월 실적 조건</th></tr><tr><td>CU 청구 할인</td><td>30%</td><td>1만5천원</td><td rowspan=""2"">40만원</td></tr><tr><td>KB Pay 추가 청구 할인*</td><td>20%</td><td>5천원</td></tr></table>",2026-06-05
09060_B0003,9060,주요혜택,이동 통신 요금 자동납부 5% 청구 할인,이동통신 요금 자동납부 할인,생활비,12,Both,할인,5,%,"SKT, KT, LG U+, Liiv M",전월 실적 40만원 이상,400000,,,,5000,원,,,,"[이동 통신 요금 자동납부 5% 청구 할인]
- 인터넷, IPTV 등 결합상품 제외
<table class=""benefit-table""><tr><th>구분</th><th>할인율</th><th>할인 한도</th><th>전월 실적 조건</th></tr><tr><td>SKT, KT, LG U+, Liiv M</td><td>5%</td><td>5천원</td><td>40만원</td></tr></table>",생활비 5% 할인,"[이동 통신 요금 자동납부 5% 청구 할인]
- 인터넷, IPTV 등 결합상품 제외
<table class=""benefit-table""><tr><th>구분</th><th>할인율</th><th>할인 한도</th><th>전월 실적 조건</th></tr><tr><td>SKT, KT, LG U+, Liiv M</td><td>5%</td><td>5천원</td><td>40만원</td></tr></table>",2026-06-05
09060_B0004,9060,주요혜택,OTT 정기 결제 10% 청구 할인,OTT 정기결제 10% 청구할인,구독/스트리밍,8,Online,할인,10,%,"넷플릭스, 유튜브프리미엄, 웨이브, 티빙, 디즈니플러스",전월 실적 40만원 이상,400000,,,,10000,원,,,,"[OTT 정기 결제 10% 청구 할인]
- 공식 홈페이지를 통한 정기 결제 이용 건에 한함
- 간편 결제 또는 인앱 결제 건 등은 제외
<table class=""benefit-table""><tr><th>구분</th><th>할인율</th><th>할인 한도</th><th>전월 실적 조건</th></tr><tr><td>넷플릭스, 유튜브 프리미엄, 웨이브, 티빙, 디즈니 플러스</td><td>10%</td><td>1만원</td><td>40만원</td></tr></table>",구독/스트리밍 10% 할인,"[OTT 정기 결제 10% 청구 할인]
- 공식 홈페이지를 통한 정기 결제 이용 건에 한함
- 간편 결제 또는 인앱 결제 건 등은 제외
<table class=""benefit-table""><tr><th>구분</th><th>할인율</th><th>할인 한도</th><th>전월 실적 조건</th></tr><tr><td>넷플릭스, 유튜브 프리미엄, 웨이브, 티빙, 디즈니 플러스</td><td>10%</td><td>1만원</td><td>40만원</td></tr></table>",2026-06-05
09064_B0001,9064,주요혜택,Shopping 서비스,온라인쇼핑몰 10% 포인트리,온라인쇼핑,1,Online,포인트,10,%,"11번가, 옥션, G마켓, 쿠팡, 위메프, 티몬",전월 실적 50만원 이상 100만원 미만,500000,1000000,,,,,10000,포인트,,"[Shopping 서비스]
<table class=""benefit-table""><tr><th rowspan=""2"">구분</th><th colspan=""2"" rowspan=""2"">내용</th><th rowspan=""2"">포인트리 적립률</th><th colspan=""3"">전월 이용실적에 따른 월 포인트리 적립 한도</th></tr><tr><th>1구간 (50만원 이상 100만원 미만)</th><th>2구간 (100만원 이상 150만원 미만)</th><th>3구간 (150만원 이상)</th></tr><tr><th rowspan=""4"">Shopping 서비스</th><td>온라인쇼핑몰</td><td>11번가, 옥션, G마켓</td><td rowspan=""4"">10%</td><td rowspan=""4"">1만점</td><td rowspan=""4"">1만5천점</td><td rowspan=""4"">2만점</td></tr><tr><td>대형마트</td><td>이마트, 롯데마트, 홈플러스</td></tr><tr><td>소셜커머스</td><td>쿠팡, 위메프, 티몬</td></tr><tr><td>백화점</td><td>롯데, 현대, 신세계</td></tr></table>
[온라인쇼핑몰, 대형마트, 소셜커머스, 백화점, 10% 포인트리 적립]
- 온라인쇼핑몰: 11번가, 옥션, G마켓
* 상품권, 여행, 항공권, 티켓, 도서, 별도 팝업사이트 제외
- 대형마트: 이마트, 롯데마트, 홈플러스
* 온라인결제, 상품권 구매 및 임대매장, SSM(이마트 에브리데이, 롯데슈퍼, 홈플러스 익스프레스 등) 이용금액 제외
- 소셜커머스: 쿠팡, 위메프, 티몬
* 상품권, 여행, 항공권, 티켓, 도서, 별도 팝업사이트 제외
- 백화점: 롯데백화점, 현대백화점, 신세계백화점
* 온라인결제, 상품권 구매 이용금액 제외
- KB국민 Easy shopping카드의 Shopping 서비스는 전월 이용실적 50만원 이상 시 제공되며, 전월 이용실적에 따라 월간 적립한도가 제공됩니다.
- 최초 카드 사용 등록일로부터 다음달 말일(실적 유예기간)까지 ‘KB국민 Easy shopping카드‘ 실적이 없는 경우에도 Shopping서비스 (50만원 이상 100만원 미만)가 제공됩니다.",온라인쇼핑 10% 적립,"[Shopping 서비스]
<table class=""benefit-table""><tr><th rowspan=""2"">구분</th><th colspan=""2"" rowspan=""2"">내용</th><th rowspan=""2"">포인트리 적립률</th><th colspan=""3"">전월 이용실적에 따른 월 포인트리 적립 한도</th></tr><tr><th>1구간 (50만원 이상 100만원 미만)</th><th>2구간 (100만원 이상 150만원 미만)</th><th>3구간 (150만원 이상)</th></tr><tr><th rowspan=""4"">Shopping 서비스</th><td>온라인쇼핑몰</td><td>11번가, 옥션, G마켓</td><td rowspan=""4"">10%</td><td rowspan=""4"">1만점</td><td rowspan=""4"">1만5천점</td><td rowspan=""4"">2만점</td></tr><tr><td>대형마트</td><td>이마트, 롯데마트, 홈플러스</td></tr><tr><td>소셜커머스</td><td>쿠팡, 위메프, 티몬</td></tr><tr><td>백화점</td><td>롯데, 현대, 신세계</td></tr></table>
[온라인쇼핑몰, 대형마트, 소셜커머스, 백화점, 10% 포인트리 적립]
- 온라인쇼핑몰: 11번가, 옥션, G마켓
* 상품권, 여행, 항공권, 티켓, 도서, 별도 팝업사이트 제외
- 대형마트: 이마트, 롯데마트, 홈플러스
* 온라인결제, 상품권 구매 및 임대매장, SSM(이마트 에브리데이, 롯데슈퍼, 홈플러스 익스프레스 등) 이용금액 제외
- 소셜커머스: 쿠팡, 위메프, 티몬
* 상품권, 여행, 항공권, 티켓, 도서, 별도 팝업사이트 제외
- 백화점: 롯데백화점, 현대백화점, 신세계백화점
* 온라인결제, 상품권 구매 이용금액 제외
- KB국민 Easy shopping카드의 Shopping 서비스는 전월 이용실적 50만원 이상 시 제공되며, 전월 이용실적에 따라 월간 적립한도가 제공됩니다.
- 최초 카드 사용 등록일로부터 다음달 말일(실적 유예기간)까지 ‘KB국민 Easy shopping카드‘ 실적이 없는 경우에도 Shopping서비스 (50만원 이상 100만원 미만)가 제공됩니다.",2026-06-06
09064_B0002,9064,주요혜택,Shopping 서비스,온라인쇼핑몰 10% 포인트리,온라인쇼핑,1,Online,포인트,10,%,"11번가, 옥션, G마켓, 쿠팡, 위메프, 티몬",전월 실적 100만원 이상 150만원 미만,1000000,1500000,,,,,15000,포인트,,"[Shopping 서비스]
<table class=""benefit-table""><tr><th rowspan=""2"">구분</th><th colspan=""2"" rowspan=""2"">내용</th><th rowspan=""2"">포인트리 적립률</th><th colspan=""3"">전월 이용실적에 따른 월 포인트리 적립 한도</th></tr><tr><th>1구간 (50만원 이상 100만원 미만)</th><th>2구간 (100만원 이상 150만원 미만)</th><th>3구간 (150만원 이상)</th></tr><tr><th rowspan=""4"">Shopping 서비스</th><td>온라인쇼핑몰</td><td>11번가, 옥션, G마켓</td><td rowspan=""4"">10%</td><td rowspan=""4"">1만점</td><td rowspan=""4"">1만5천점</td><td rowspan=""4"">2만점</td></tr><tr><td>대형마트</td><td>이마트, 롯데마트, 홈플러스</td></tr><tr><td>소셜커머스</td><td>쿠팡, 위메프, 티몬</td></tr><tr><td>백화점</td><td>롯데, 현대, 신세계</td></tr></table>
[온라인쇼핑몰, 대형마트, 소셜커머스, 백화점, 10% 포인트리 적립]
- 온라인쇼핑몰: 11번가, 옥션, G마켓
* 상품권, 여행, 항공권, 티켓, 도서, 별도 팝업사이트 제외
- 대형마트: 이마트, 롯데마트, 홈플러스
* 온라인결제, 상품권 구매 및 임대매장, SSM(이마트 에브리데이, 롯데슈퍼, 홈플러스 익스프레스 등) 이용금액 제외
- 소셜커머스: 쿠팡, 위메프, 티몬
* 상품권, 여행, 항공권, 티켓, 도서, 별도 팝업사이트 제외
- 백화점: 롯데백화점, 현대백화점, 신세계백화점
* 온라인결제, 상품권 구매 이용금액 제외
- KB국민 Easy shopping카드의 Shopping 서비스는 전월 이용실적 50만원 이상 시 제공되며, 전월 이용실적에 따라 월간 적립한도가 제공됩니다.
- 최초 카드 사용 등록일로부터 다음달 말일(실적 유예기간)까지 ‘KB국민 Easy shopping카드‘ 실적이 없는 경우에도 Shopping서비스 (50만원 이상 100만원 미만)가 제공됩니다.",온라인쇼핑 10% 적립,"[Shopping 서비스]
<table class=""benefit-table""><tr><th rowspan=""2"">구분</th><th colspan=""2"" rowspan=""2"">내용</th><th rowspan=""2"">포인트리 적립률</th><th colspan=""3"">전월 이용실적에 따른 월 포인트리 적립 한도</th></tr><tr><th>1구간 (50만원 이상 100만원 미만)</th><th>2구간 (100만원 이상 150만원 미만)</th><th>3구간 (150만원 이상)</th></tr><tr><th rowspan=""4"">Shopping 서비스</th><td>온라인쇼핑몰</td><td>11번가, 옥션, G마켓</td><td rowspan=""4"">10%</td><td rowspan=""4"">1만점</td><td rowspan=""4"">1만5천점</td><td rowspan=""4"">2만점</td></tr><tr><td>대형마트</td><td>이마트, 롯데마트, 홈플러스</td></tr><tr><td>소셜커머스</td><td>쿠팡, 위메프, 티몬</td></tr><tr><td>백화점</td><td>롯데, 현대, 신세계</td></tr></table>
[온라인쇼핑몰, 대형마트, 소셜커머스, 백화점, 10% 포인트리 적립]
- 온라인쇼핑몰: 11번가, 옥션, G마켓
* 상품권, 여행, 항공권, 티켓, 도서, 별도 팝업사이트 제외
- 대형마트: 이마트, 롯데마트, 홈플러스
* 온라인결제, 상품권 구매 및 임대매장, SSM(이마트 에브리데이, 롯데슈퍼, 홈플러스 익스프레스 등) 이용금액 제외
- 소셜커머스: 쿠팡, 위메프, 티몬
* 상품권, 여행, 항공권, 티켓, 도서, 별도 팝업사이트 제외
- 백화점: 롯데백화점, 현대백화점, 신세계백화점
* 온라인결제, 상품권 구매 이용금액 제외
- KB국민 Easy shopping카드의 Shopping 서비스는 전월 이용실적 50만원 이상 시 제공되며, 전월 이용실적에 따라 월간 적립한도가 제공됩니다.
- 최초 카드 사용 등록일로부터 다음달 말일(실적 유예기간)까지 ‘KB국민 Easy shopping카드‘ 실적이 없는 경우에도 Shopping서비스 (50만원 이상 100만원 미만)가 제공됩니다.",2026-06-06
09064_B0003,9064,주요혜택,Shopping 서비스,온라인쇼핑몰 10% 포인트리,온라인쇼핑,1,Online,포인트,10,%,"11번가, 옥션, G마켓, 쿠팡, 위메프, 티몬",전월 실적 150만원 이상,1500000,,,,,,20000,포인트,,"[Shopping 서비스]
<table class=""benefit-table""><tr><th rowspan=""2"">구분</th><th colspan=""2"" rowspan=""2"">내용</th><th rowspan=""2"">포인트리 적립률</th><th colspan=""3"">전월 이용실적에 따른 월 포인트리 적립 한도</th></tr><tr><th>1구간 (50만원 이상 100만원 미만)</th><th>2구간 (100만원 이상 150만원 미만)</th><th>3구간 (150만원 이상)</th></tr><tr><th rowspan=""4"">Shopping 서비스</th><td>온라인쇼핑몰</td><td>11번가, 옥션, G마켓</td><td rowspan=""4"">10%</td><td rowspan=""4"">1만점</td><td rowspan=""4"">1만5천점</td><td rowspan=""4"">2만점</td></tr><tr><td>대형마트</td><td>이마트, 롯데마트, 홈플러스</td></tr><tr><td>소셜커머스</td><td>쿠팡, 위메프, 티몬</td></tr><tr><td>백화점</td><td>롯데, 현대, 신세계</td></tr></table>
[온라인쇼핑몰, 대형마트, 소셜커머스, 백화점, 10% 포인트리 적립]
- 온라인쇼핑몰: 11번가, 옥션, G마켓
* 상품권, 여행, 항공권, 티켓, 도서, 별도 팝업사이트 제외
- 대형마트: 이마트, 롯데마트, 홈플러스
* 온라인결제, 상품권 구매 및 임대매장, SSM(이마트 에브리데이, 롯데슈퍼, 홈플러스 익스프레스 등) 이용금액 제외
- 소셜커머스: 쿠팡, 위메프, 티몬
* 상품권, 여행, 항공권, 티켓, 도서, 별도 팝업사이트 제외
- 백화점: 롯데백화점, 현대백화점, 신세계백화점
* 온라인결제, 상품권 구매 이용금액 제외
- KB국민 Easy shopping카드의 Shopping 서비스는 전월 이용실적 50만원 이상 시 제공되며, 전월 이용실적에 따라 월간 적립한도가 제공됩니다.
- 최초 카드 사용 등록일로부터 다음달 말일(실적 유예기간)까지 ‘KB국민 Easy shopping카드‘ 실적이 없는 경우에도 Shopping서비스 (50만원 이상 100만원 미만)가 제공됩니다.",온라인쇼핑 10% 적립,"[Shopping 서비스]
<table class=""benefit-table""><tr><th rowspan=""2"">구분</th><th colspan=""2"" rowspan=""2"">내용</th><th rowspan=""2"">포인트리 적립률</th><th colspan=""3"">전월 이용실적에 따른 월 포인트리 적립 한도</th></tr><tr><th>1구간 (50만원 이상 100만원 미만)</th><th>2구간 (100만원 이상 150만원 미만)</th><th>3구간 (150만원 이상)</th></tr><tr><th rowspan=""4"">Shopping 서비스</th><td>온라인쇼핑몰</td><td>11번가, 옥션, G마켓</td><td rowspan=""4"">10%</td><td rowspan=""4"">1만점</td><td rowspan=""4"">1만5천점</td><td rowspan=""4"">2만점</td></tr><tr><td>대형마트</td><td>이마트, 롯데마트, 홈플러스</td></tr><tr><td>소셜커머스</td><td>쿠팡, 위메프, 티몬</td></tr><tr><td>백화점</td><td>롯데, 현대, 신세계</td></tr></table>
[온라인쇼핑몰, 대형마트, 소셜커머스, 백화점, 10% 포인트리 적립]
- 온라인쇼핑몰: 11번가, 옥션, G마켓
* 상품권, 여행, 항공권, 티켓, 도서, 별도 팝업사이트 제외
- 대형마트: 이마트, 롯데마트, 홈플러스
* 온라인결제, 상품권 구매 및 임대매장, SSM(이마트 에브리데이, 롯데슈퍼, 홈플러스 익스프레스 등) 이용금액 제외
- 소셜커머스: 쿠팡, 위메프, 티몬
* 상품권, 여행, 항공권, 티켓, 도서, 별도 팝업사이트 제외
- 백화점: 롯데백화점, 현대백화점, 신세계백화점
* 온라인결제, 상품권 구매 이용금액 제외
- KB국민 Easy shopping카드의 Shopping 서비스는 전월 이용실적 50만원 이상 시 제공되며, 전월 이용실적에 따라 월간 적립한도가 제공됩니다.
- 최초 카드 사용 등록일로부터 다음달 말일(실적 유예기간)까지 ‘KB국민 Easy shopping카드‘ 실적이 없는 경우에도 Shopping서비스 (50만원 이상 100만원 미만)가 제공됩니다.",2026-06-06
09064_B0004,9064,주요혜택,Shopping 서비스,대형마트 10% 포인트리,슈퍼마켓/생활잡화,3,Both,포인트,10,%,"이마트, 롯데마트, 홈플러스",전월 실적 50만원 이상 100만원 미만,500000,1000000,,,,,10000,포인트,,"[Shopping 서비스]
<table class=""benefit-table""><tr><th rowspan=""2"">구분</th><th colspan=""2"" rowspan=""2"">내용</th><th rowspan=""2"">포인트리 적립률</th><th colspan=""3"">전월 이용실적에 따른 월 포인트리 적립 한도</th></tr><tr><th>1구간 (50만원 이상 100만원 미만)</th><th>2구간 (100만원 이상 150만원 미만)</th><th>3구간 (150만원 이상)</th></tr><tr><th rowspan=""4"">Shopping 서비스</th><td>온라인쇼핑몰</td><td>11번가, 옥션, G마켓</td><td rowspan=""4"">10%</td><td rowspan=""4"">1만점</td><td rowspan=""4"">1만5천점</td><td rowspan=""4"">2만점</td></tr><tr><td>대형마트</td><td>이마트, 롯데마트, 홈플러스</td></tr><tr><td>소셜커머스</td><td>쿠팡, 위메프, 티몬</td></tr><tr><td>백화점</td><td>롯데, 현대, 신세계</td></tr></table>
[온라인쇼핑몰, 대형마트, 소셜커머스, 백화점, 10% 포인트리 적립]
- 온라인쇼핑몰: 11번가, 옥션, G마켓
* 상품권, 여행, 항공권, 티켓, 도서, 별도 팝업사이트 제외
- 대형마트: 이마트, 롯데마트, 홈플러스
* 온라인결제, 상품권 구매 및 임대매장, SSM(이마트 에브리데이, 롯데슈퍼, 홈플러스 익스프레스 등) 이용금액 제외
- 소셜커머스: 쿠팡, 위메프, 티몬
* 상품권, 여행, 항공권, 티켓, 도서, 별도 팝업사이트 제외
- 백화점: 롯데백화점, 현대백화점, 신세계백화점
* 온라인결제, 상품권 구매 이용금액 제외
- KB국민 Easy shopping카드의 Shopping 서비스는 전월 이용실적 50만원 이상 시 제공되며, 전월 이용실적에 따라 월간 적립한도가 제공됩니다.
- 최초 카드 사용 등록일로부터 다음달 말일(실적 유예기간)까지 ‘KB국민 Easy shopping카드‘ 실적이 없는 경우에도 Shopping서비스 (50만원 이상 100만원 미만)가 제공됩니다.",슈퍼마켓/생활잡화 10% 적립,"[Shopping 서비스]
<table class=""benefit-table""><tr><th rowspan=""2"">구분</th><th colspan=""2"" rowspan=""2"">내용</th><th rowspan=""2"">포인트리 적립률</th><th colspan=""3"">전월 이용실적에 따른 월 포인트리 적립 한도</th></tr><tr><th>1구간 (50만원 이상 100만원 미만)</th><th>2구간 (100만원 이상 150만원 미만)</th><th>3구간 (150만원 이상)</th></tr><tr><th rowspan=""4"">Shopping 서비스</th><td>온라인쇼핑몰</td><td>11번가, 옥션, G마켓</td><td rowspan=""4"">10%</td><td rowspan=""4"">1만점</td><td rowspan=""4"">1만5천점</td><td rowspan=""4"">2만점</td></tr><tr><td>대형마트</td><td>이마트, 롯데마트, 홈플러스</td></tr><tr><td>소셜커머스</td><td>쿠팡, 위메프, 티몬</td></tr><tr><td>백화점</td><td>롯데, 현대, 신세계</td></tr></table>
[온라인쇼핑몰, 대형마트, 소셜커머스, 백화점, 10% 포인트리 적립]
- 온라인쇼핑몰: 11번가, 옥션, G마켓
* 상품권, 여행, 항공권, 티켓, 도서, 별도 팝업사이트 제외
- 대형마트: 이마트, 롯데마트, 홈플러스
* 온라인결제, 상품권 구매 및 임대매장, SSM(이마트 에브리데이, 롯데슈퍼, 홈플러스 익스프레스 등) 이용금액 제외
- 소셜커머스: 쿠팡, 위메프, 티몬
* 상품권, 여행, 항공권, 티켓, 도서, 별도 팝업사이트 제외
- 백화점: 롯데백화점, 현대백화점, 신세계백화점
* 온라인결제, 상품권 구매 이용금액 제외
- KB국민 Easy shopping카드의 Shopping 서비스는 전월 이용실적 50만원 이상 시 제공되며, 전월 이용실적에 따라 월간 적립한도가 제공됩니다.
- 최초 카드 사용 등록일로부터 다음달 말일(실적 유예기간)까지 ‘KB국민 Easy shopping카드‘ 실적이 없는 경우에도 Shopping서비스 (50만원 이상 100만원 미만)가 제공됩니다.",2026-06-06
09064_B0005,9064,주요혜택,Shopping 서비스,대형마트 10% 포인트리,슈퍼마켓/생활잡화,3,Both,포인트,10,%,"이마트, 롯데마트, 홈플러스",전월 실적 100만원 이상 150만원 미만,1000000,1500000,,,,,15000,포인트,,"[Shopping 서비스]
<table class=""benefit-table""><tr><th rowspan=""2"">구분</th><th colspan=""2"" rowspan=""2"">내용</th><th rowspan=""2"">포인트리 적립률</th><th colspan=""3"">전월 이용실적에 따른 월 포인트리 적립 한도</th></tr><tr><th>1구간 (50만원 이상 100만원 미만)</th><th>2구간 (100만원 이상 150만원 미만)</th><th>3구간 (150만원 이상)</th></tr><tr><th rowspan=""4"">Shopping 서비스</th><td>온라인쇼핑몰</td><td>11번가, 옥션, G마켓</td><td rowspan=""4"">10%</td><td rowspan=""4"">1만점</td><td rowspan=""4"">1만5천점</td><td rowspan=""4"">2만점</td></tr><tr><td>대형마트</td><td>이마트, 롯데마트, 홈플러스</td></tr><tr><td>소셜커머스</td><td>쿠팡, 위메프, 티몬</td></tr><tr><td>백화점</td><td>롯데, 현대, 신세계</td></tr></table>
[온라인쇼핑몰, 대형마트, 소셜커머스, 백화점, 10% 포인트리 적립]
- 온라인쇼핑몰: 11번가, 옥션, G마켓
* 상품권, 여행, 항공권, 티켓, 도서, 별도 팝업사이트 제외
- 대형마트: 이마트, 롯데마트, 홈플러스
* 온라인결제, 상품권 구매 및 임대매장, SSM(이마트 에브리데이, 롯데슈퍼, 홈플러스 익스프레스 등) 이용금액 제외
- 소셜커머스: 쿠팡, 위메프, 티몬
* 상품권, 여행, 항공권, 티켓, 도서, 별도 팝업사이트 제외
- 백화점: 롯데백화점, 현대백화점, 신세계백화점
* 온라인결제, 상품권 구매 이용금액 제외
- KB국민 Easy shopping카드의 Shopping 서비스는 전월 이용실적 50만원 이상 시 제공되며, 전월 이용실적에 따라 월간 적립한도가 제공됩니다.
- 최초 카드 사용 등록일로부터 다음달 말일(실적 유예기간)까지 ‘KB국민 Easy shopping카드‘ 실적이 없는 경우에도 Shopping서비스 (50만원 이상 100만원 미만)가 제공됩니다.",슈퍼마켓/생활잡화 10% 적립,"[Shopping 서비스]
<table class=""benefit-table""><tr><th rowspan=""2"">구분</th><th colspan=""2"" rowspan=""2"">내용</th><th rowspan=""2"">포인트리 적립률</th><th colspan=""3"">전월 이용실적에 따른 월 포인트리 적립 한도</th></tr><tr><th>1구간 (50만원 이상 100만원 미만)</th><th>2구간 (100만원 이상 150만원 미만)</th><th>3구간 (150만원 이상)</th></tr><tr><th rowspan=""4"">Shopping 서비스</th><td>온라인쇼핑몰</td><td>11번가, 옥션, G마켓</td><td rowspan=""4"">10%</td><td rowspan=""4"">1만점</td><td rowspan=""4"">1만5천점</td><td rowspan=""4"">2만점</td></tr><tr><td>대형마트</td><td>이마트, 롯데마트, 홈플러스</td></tr><tr><td>소셜커머스</td><td>쿠팡, 위메프, 티몬</td></tr><tr><td>백화점</td><td>롯데, 현대, 신세계</td></tr></table>
[온라인쇼핑몰, 대형마트, 소셜커머스, 백화점, 10% 포인트리 적립]
- 온라인쇼핑몰: 11번가, 옥션, G마켓
* 상품권, 여행, 항공권, 티켓, 도서, 별도 팝업사이트 제외
- 대형마트: 이마트, 롯데마트, 홈플러스
* 온라인결제, 상품권 구매 및 임대매장, SSM(이마트 에브리데이, 롯데슈퍼, 홈플러스 익스프레스 등) 이용금액 제외
- 소셜커머스: 쿠팡, 위메프, 티몬
* 상품권, 여행, 항공권, 티켓, 도서, 별도 팝업사이트 제외
- 백화점: 롯데백화점, 현대백화점, 신세계백화점
* 온라인결제, 상품권 구매 이용금액 제외
- KB국민 Easy shopping카드의 Shopping 서비스는 전월 이용실적 50만원 이상 시 제공되며, 전월 이용실적에 따라 월간 적립한도가 제공됩니다.
- 최초 카드 사용 등록일로부터 다음달 말일(실적 유예기간)까지 ‘KB국민 Easy shopping카드‘ 실적이 없는 경우에도 Shopping서비스 (50만원 이상 100만원 미만)가 제공됩니다.",2026-06-06
09064_B0006,9064,주요혜택,Shopping 서비스,대형마트 10% 포인트리,슈퍼마켓/생활잡화,3,Both,포인트,10,%,"이마트, 롯데마트, 홈플러스",전월 실적 150만원 이상,1500000,,,,,,20000,포인트,,"[Shopping 서비스]
<table class=""benefit-table""><tr><th rowspan=""2"">구분</th><th colspan=""2"" rowspan=""2"">내용</th><th rowspan=""2"">포인트리 적립률</th><th colspan=""3"">전월 이용실적에 따른 월 포인트리 적립 한도</th></tr><tr><th>1구간 (50만원 이상 100만원 미만)</th><th>2구간 (100만원 이상 150만원 미만)</th><th>3구간 (150만원 이상)</th></tr><tr><th rowspan=""4"">Shopping 서비스</th><td>온라인쇼핑몰</td><td>11번가, 옥션, G마켓</td><td rowspan=""4"">10%</td><td rowspan=""4"">1만점</td><td rowspan=""4"">1만5천점</td><td rowspan=""4"">2만점</td></tr><tr><td>대형마트</td><td>이마트, 롯데마트, 홈플러스</td></tr><tr><td>소셜커머스</td><td>쿠팡, 위메프, 티몬</td></tr><tr><td>백화점</td><td>롯데, 현대, 신세계</td></tr></table>
[온라인쇼핑몰, 대형마트, 소셜커머스, 백화점, 10% 포인트리 적립]
- 온라인쇼핑몰: 11번가, 옥션, G마켓
* 상품권, 여행, 항공권, 티켓, 도서, 별도 팝업사이트 제외
- 대형마트: 이마트, 롯데마트, 홈플러스
* 온라인결제, 상품권 구매 및 임대매장, SSM(이마트 에브리데이, 롯데슈퍼, 홈플러스 익스프레스 등) 이용금액 제외
- 소셜커머스: 쿠팡, 위메프, 티몬
* 상품권, 여행, 항공권, 티켓, 도서, 별도 팝업사이트 제외
- 백화점: 롯데백화점, 현대백화점, 신세계백화점
* 온라인결제, 상품권 구매 이용금액 제외
- KB국민 Easy shopping카드의 Shopping 서비스는 전월 이용실적 50만원 이상 시 제공되며, 전월 이용실적에 따라 월간 적립한도가 제공됩니다.
- 최초 카드 사용 등록일로부터 다음달 말일(실적 유예기간)까지 ‘KB국민 Easy shopping카드‘ 실적이 없는 경우에도 Shopping서비스 (50만원 이상 100만원 미만)가 제공됩니다.",슈퍼마켓/생활잡화 10% 적립,"[Shopping 서비스]
<table class=""benefit-table""><tr><th rowspan=""2"">구분</th><th colspan=""2"" rowspan=""2"">내용</th><th rowspan=""2"">포인트리 적립률</th><th colspan=""3"">전월 이용실적에 따른 월 포인트리 적립 한도</th></tr><tr><th>1구간 (50만원 이상 100만원 미만)</th><th>2구간 (100만원 이상 150만원 미만)</th><th>3구간 (150만원 이상)</th></tr><tr><th rowspan=""4"">Shopping 서비스</th><td>온라인쇼핑몰</td><td>11번가, 옥션, G마켓</td><td rowspan=""4"">10%</td><td rowspan=""4"">1만점</td><td rowspan=""4"">1만5천점</td><td rowspan=""4"">2만점</td></tr><tr><td>대형마트</td><td>이마트, 롯데마트, 홈플러스</td></tr><tr><td>소셜커머스</td><td>쿠팡, 위메프, 티몬</td></tr><tr><td>백화점</td><td>롯데, 현대, 신세계</td></tr></table>
[온라인쇼핑몰, 대형마트, 소셜커머스, 백화점, 10% 포인트리 적립]
- 온라인쇼핑몰: 11번가, 옥션, G마켓
* 상품권, 여행, 항공권, 티켓, 도서, 별도 팝업사이트 제외
- 대형마트: 이마트, 롯데마트, 홈플러스
* 온라인결제, 상품권 구매 및 임대매장, SSM(이마트 에브리데이, 롯데슈퍼, 홈플러스 익스프레스 등) 이용금액 제외
- 소셜커머스: 쿠팡, 위메프, 티몬
* 상품권, 여행, 항공권, 티켓, 도서, 별도 팝업사이트 제외
- 백화점: 롯데백화점, 현대백화점, 신세계백화점
* 온라인결제, 상품권 구매 이용금액 제외
- KB국민 Easy shopping카드의 Shopping 서비스는 전월 이용실적 50만원 이상 시 제공되며, 전월 이용실적에 따라 월간 적립한도가 제공됩니다.
- 최초 카드 사용 등록일로부터 다음달 말일(실적 유예기간)까지 ‘KB국민 Easy shopping카드‘ 실적이 없는 경우에도 Shopping서비스 (50만원 이상 100만원 미만)가 제공됩니다.",2026-06-06
09064_B0007,9064,주요혜택,Shopping 서비스,백화점 10% 포인트리,백화점/아울렛/면세점,4,Both,포인트,10,%,"롯데백화점, 현대백화점, 신세계백화점",전월 실적 50만원 이상 100만원 미만,500000,1000000,,,,,10000,포인트,,"[Shopping 서비스]
<table class=""benefit-table""><tr><th rowspan=""2"">구분</th><th colspan=""2"" rowspan=""2"">내용</th><th rowspan=""2"">포인트리 적립률</th><th colspan=""3"">전월 이용실적에 따른 월 포인트리 적립 한도</th></tr><tr><th>1구간 (50만원 이상 100만원 미만)</th><th>2구간 (100만원 이상 150만원 미만)</th><th>3구간 (150만원 이상)</th></tr><tr><th rowspan=""4"">Shopping 서비스</th><td>온라인쇼핑몰</td><td>11번가, 옥션, G마켓</td><td rowspan=""4"">10%</td><td rowspan=""4"">1만점</td><td rowspan=""4"">1만5천점</td><td rowspan=""4"">2만점</td></tr><tr><td>대형마트</td><td>이마트, 롯데마트, 홈플러스</td></tr><tr><td>소셜커머스</td><td>쿠팡, 위메프, 티몬</td></tr><tr><td>백화점</td><td>롯데, 현대, 신세계</td></tr></table>
[온라인쇼핑몰, 대형마트, 소셜커머스, 백화점, 10% 포인트리 적립]
- 온라인쇼핑몰: 11번가, 옥션, G마켓
* 상품권, 여행, 항공권, 티켓, 도서, 별도 팝업사이트 제외
- 대형마트: 이마트, 롯데마트, 홈플러스
* 온라인결제, 상품권 구매 및 임대매장, SSM(이마트 에브리데이, 롯데슈퍼, 홈플러스 익스프레스 등) 이용금액 제외
- 소셜커머스: 쿠팡, 위메프, 티몬
* 상품권, 여행, 항공권, 티켓, 도서, 별도 팝업사이트 제외
- 백화점: 롯데백화점, 현대백화점, 신세계백화점
* 온라인결제, 상품권 구매 이용금액 제외
- KB국민 Easy shopping카드의 Shopping 서비스는 전월 이용실적 50만원 이상 시 제공되며, 전월 이용실적에 따라 월간 적립한도가 제공됩니다.
- 최초 카드 사용 등록일로부터 다음달 말일(실적 유예기간)까지 ‘KB국민 Easy shopping카드‘ 실적이 없는 경우에도 Shopping서비스 (50만원 이상 100만원 미만)가 제공됩니다.",백화점/아울렛/면세점 10% 적립,"[Shopping 서비스]
<table class=""benefit-table""><tr><th rowspan=""2"">구분</th><th colspan=""2"" rowspan=""2"">내용</th><th rowspan=""2"">포인트리 적립률</th><th colspan=""3"">전월 이용실적에 따른 월 포인트리 적립 한도</th></tr><tr><th>1구간 (50만원 이상 100만원 미만)</th><th>2구간 (100만원 이상 150만원 미만)</th><th>3구간 (150만원 이상)</th></tr><tr><th rowspan=""4"">Shopping 서비스</th><td>온라인쇼핑몰</td><td>11번가, 옥션, G마켓</td><td rowspan=""4"">10%</td><td rowspan=""4"">1만점</td><td rowspan=""4"">1만5천점</td><td rowspan=""4"">2만점</td></tr><tr><td>대형마트</td><td>이마트, 롯데마트, 홈플러스</td></tr><tr><td>소셜커머스</td><td>쿠팡, 위메프, 티몬</td></tr><tr><td>백화점</td><td>롯데, 현대, 신세계</td></tr></table>
[온라인쇼핑몰, 대형마트, 소셜커머스, 백화점, 10% 포인트리 적립]
- 온라인쇼핑몰: 11번가, 옥션, G마켓
* 상품권, 여행, 항공권, 티켓, 도서, 별도 팝업사이트 제외
- 대형마트: 이마트, 롯데마트, 홈플러스
* 온라인결제, 상품권 구매 및 임대매장, SSM(이마트 에브리데이, 롯데슈퍼, 홈플러스 익스프레스 등) 이용금액 제외
- 소셜커머스: 쿠팡, 위메프, 티몬
* 상품권, 여행, 항공권, 티켓, 도서, 별도 팝업사이트 제외
- 백화점: 롯데백화점, 현대백화점, 신세계백화점
* 온라인결제, 상품권 구매 이용금액 제외
- KB국민 Easy shopping카드의 Shopping 서비스는 전월 이용실적 50만원 이상 시 제공되며, 전월 이용실적에 따라 월간 적립한도가 제공됩니다.
- 최초 카드 사용 등록일로부터 다음달 말일(실적 유예기간)까지 ‘KB국민 Easy shopping카드‘ 실적이 없는 경우에도 Shopping서비스 (50만원 이상 100만원 미만)가 제공됩니다.",2026-06-06
09064_B0008,9064,주요혜택,Shopping 서비스,백화점 10% 포인트리,백화점/아울렛/면세점,4,Both,포인트,10,%,"롯데백화점, 현대백화점, 신세계백화점",전월 실적 100만원 이상 150만원 미만,1000000,1500000,,,,,15000,포인트,,"[Shopping 서비스]
<table class=""benefit-table""><tr><th rowspan=""2"">구분</th><th colspan=""2"" rowspan=""2"">내용</th><th rowspan=""2"">포인트리 적립률</th><th colspan=""3"">전월 이용실적에 따른 월 포인트리 적립 한도</th></tr><tr><th>1구간 (50만원 이상 100만원 미만)</th><th>2구간 (100만원 이상 150만원 미만)</th><th>3구간 (150만원 이상)</th></tr><tr><th rowspan=""4"">Shopping 서비스</th><td>온라인쇼핑몰</td><td>11번가, 옥션, G마켓</td><td rowspan=""4"">10%</td><td rowspan=""4"">1만점</td><td rowspan=""4"">1만5천점</td><td rowspan=""4"">2만점</td></tr><tr><td>대형마트</td><td>이마트, 롯데마트, 홈플러스</td></tr><tr><td>소셜커머스</td><td>쿠팡, 위메프, 티몬</td></tr><tr><td>백화점</td><td>롯데, 현대, 신세계</td></tr></table>
[온라인쇼핑몰, 대형마트, 소셜커머스, 백화점, 10% 포인트리 적립]
- 온라인쇼핑몰: 11번가, 옥션, G마켓
* 상품권, 여행, 항공권, 티켓, 도서, 별도 팝업사이트 제외
- 대형마트: 이마트, 롯데마트, 홈플러스
* 온라인결제, 상품권 구매 및 임대매장, SSM(이마트 에브리데이, 롯데슈퍼, 홈플러스 익스프레스 등) 이용금액 제외
- 소셜커머스: 쿠팡, 위메프, 티몬
* 상품권, 여행, 항공권, 티켓, 도서, 별도 팝업사이트 제외
- 백화점: 롯데백화점, 현대백화점, 신세계백화점
* 온라인결제, 상품권 구매 이용금액 제외
- KB국민 Easy shopping카드의 Shopping 서비스는 전월 이용실적 50만원 이상 시 제공되며, 전월 이용실적에 따라 월간 적립한도가 제공됩니다.
- 최초 카드 사용 등록일로부터 다음달 말일(실적 유예기간)까지 ‘KB국민 Easy shopping카드‘ 실적이 없는 경우에도 Shopping서비스 (50만원 이상 100만원 미만)가 제공됩니다.",백화점/아울렛/면세점 10% 적립,"[Shopping 서비스]
<table class=""benefit-table""><tr><th rowspan=""2"">구분</th><th colspan=""2"" rowspan=""2"">내용</th><th rowspan=""2"">포인트리 적립률</th><th colspan=""3"">전월 이용실적에 따른 월 포인트리 적립 한도</th></tr><tr><th>1구간 (50만원 이상 100만원 미만)</th><th>2구간 (100만원 이상 150만원 미만)</th><th>3구간 (150만원 이상)</th></tr><tr><th rowspan=""4"">Shopping 서비스</th><td>온라인쇼핑몰</td><td>11번가, 옥션, G마켓</td><td rowspan=""4"">10%</td><td rowspan=""4"">1만점</td><td rowspan=""4"">1만5천점</td><td rowspan=""4"">2만점</td></tr><tr><td>대형마트</td><td>이마트, 롯데마트, 홈플러스</td></tr><tr><td>소셜커머스</td><td>쿠팡, 위메프, 티몬</td></tr><tr><td>백화점</td><td>롯데, 현대, 신세계</td></tr></table>
[온라인쇼핑몰, 대형마트, 소셜커머스, 백화점, 10% 포인트리 적립]
- 온라인쇼핑몰: 11번가, 옥션, G마켓
* 상품권, 여행, 항공권, 티켓, 도서, 별도 팝업사이트 제외
- 대형마트: 이마트, 롯데마트, 홈플러스
* 온라인결제, 상품권 구매 및 임대매장, SSM(이마트 에브리데이, 롯데슈퍼, 홈플러스 익스프레스 등) 이용금액 제외
- 소셜커머스: 쿠팡, 위메프, 티몬
* 상품권, 여행, 항공권, 티켓, 도서, 별도 팝업사이트 제외
- 백화점: 롯데백화점, 현대백화점, 신세계백화점
* 온라인결제, 상품권 구매 이용금액 제외
- KB국민 Easy shopping카드의 Shopping 서비스는 전월 이용실적 50만원 이상 시 제공되며, 전월 이용실적에 따라 월간 적립한도가 제공됩니다.
- 최초 카드 사용 등록일로부터 다음달 말일(실적 유예기간)까지 ‘KB국민 Easy shopping카드‘ 실적이 없는 경우에도 Shopping서비스 (50만원 이상 100만원 미만)가 제공됩니다.",2026-06-06
09064_B0009,9064,주요혜택,Shopping 서비스,백화점 10% 포인트리,백화점/아울렛/면세점,4,Both,포인트,10,%,"롯데백화점, 현대백화점, 신세계백화점",전월 실적 150만원 이상,1500000,,,,,,20000,포인트,,"[Shopping 서비스]
<table class=""benefit-table""><tr><th rowspan=""2"">구분</th><th colspan=""2"" rowspan=""2"">내용</th><th rowspan=""2"">포인트리 적립률</th><th colspan=""3"">전월 이용실적에 따른 월 포인트리 적립 한도</th></tr><tr><th>1구간 (50만원 이상 100만원 미만)</th><th>2구간 (100만원 이상 150만원 미만)</th><th>3구간 (150만원 이상)</th></tr><tr><th rowspan=""4"">Shopping 서비스</th><td>온라인쇼핑몰</td><td>11번가, 옥션, G마켓</td><td rowspan=""4"">10%</td><td rowspan=""4"">1만점</td><td rowspan=""4"">1만5천점</td><td rowspan=""4"">2만점</td></tr><tr><td>대형마트</td><td>이마트, 롯데마트, 홈플러스</td></tr><tr><td>소셜커머스</td><td>쿠팡, 위메프, 티몬</td></tr><tr><td>백화점</td><td>롯데, 현대, 신세계</td></tr></table>
[온라인쇼핑몰, 대형마트, 소셜커머스, 백화점, 10% 포인트리 적립]
- 온라인쇼핑몰: 11번가, 옥션, G마켓
* 상품권, 여행, 항공권, 티켓, 도서, 별도 팝업사이트 제외
- 대형마트: 이마트, 롯데마트, 홈플러스
* 온라인결제, 상품권 구매 및 임대매장, SSM(이마트 에브리데이, 롯데슈퍼, 홈플러스 익스프레스 등) 이용금액 제외
- 소셜커머스: 쿠팡, 위메프, 티몬
* 상품권, 여행, 항공권, 티켓, 도서, 별도 팝업사이트 제외
- 백화점: 롯데백화점, 현대백화점, 신세계백화점
* 온라인결제, 상품권 구매 이용금액 제외
- KB국민 Easy shopping카드의 Shopping 서비스는 전월 이용실적 50만원 이상 시 제공되며, 전월 이용실적에 따라 월간 적립한도가 제공됩니다.
- 최초 카드 사용 등록일로부터 다음달 말일(실적 유예기간)까지 ‘KB국민 Easy shopping카드‘ 실적이 없는 경우에도 Shopping서비스 (50만원 이상 100만원 미만)가 제공됩니다.",백화점/아울렛/면세점 10% 적립,"[Shopping 서비스]
<table class=""benefit-table""><tr><th rowspan=""2"">구분</th><th colspan=""2"" rowspan=""2"">내용</th><th rowspan=""2"">포인트리 적립률</th><th colspan=""3"">전월 이용실적에 따른 월 포인트리 적립 한도</th></tr><tr><th>1구간 (50만원 이상 100만원 미만)</th><th>2구간 (100만원 이상 150만원 미만)</th><th>3구간 (150만원 이상)</th></tr><tr><th rowspan=""4"">Shopping 서비스</th><td>온라인쇼핑몰</td><td>11번가, 옥션, G마켓</td><td rowspan=""4"">10%</td><td rowspan=""4"">1만점</td><td rowspan=""4"">1만5천점</td><td rowspan=""4"">2만점</td></tr><tr><td>대형마트</td><td>이마트, 롯데마트, 홈플러스</td></tr><tr><td>소셜커머스</td><td>쿠팡, 위메프, 티몬</td></tr><tr><td>백화점</td><td>롯데, 현대, 신세계</td></tr></table>
[온라인쇼핑몰, 대형마트, 소셜커머스, 백화점, 10% 포인트리 적립]
- 온라인쇼핑몰: 11번가, 옥션, G마켓
* 상품권, 여행, 항공권, 티켓, 도서, 별도 팝업사이트 제외
- 대형마트: 이마트, 롯데마트, 홈플러스
* 온라인결제, 상품권 구매 및 임대매장, SSM(이마트 에브리데이, 롯데슈퍼, 홈플러스 익스프레스 등) 이용금액 제외
- 소셜커머스: 쿠팡, 위메프, 티몬
* 상품권, 여행, 항공권, 티켓, 도서, 별도 팝업사이트 제외
- 백화점: 롯데백화점, 현대백화점, 신세계백화점
* 온라인결제, 상품권 구매 이용금액 제외
- KB국민 Easy shopping카드의 Shopping 서비스는 전월 이용실적 50만원 이상 시 제공되며, 전월 이용실적에 따라 월간 적립한도가 제공됩니다.
- 최초 카드 사용 등록일로부터 다음달 말일(실적 유예기간)까지 ‘KB국민 Easy shopping카드‘ 실적이 없는 경우에도 Shopping서비스 (50만원 이상 100만원 미만)가 제공됩니다.",2026-06-06
09064_B0010,9064,안내,선택서비스 (택1),선택서비스 (택1),생활비,17,Both,포인트,5,%,"관리비(아파트), 편의점(GS25, CU, 세븐일레븐), 배달앱(배달의 민족, 요기요, 마켓컬리)",전월 실적 50만원 이상,500000,,,,5000,포인트,,,,"[선택서비스 (택1)]
<table class=""benefit-table""><tr><th rowspan=""2"">구분</th><th colspan=""2"" rowspan=""2"">내용</th><th rowspan=""2"">포인트리 적립률</th><th colspan=""3"">전월 이용실적에 따른 월 포인트리 적립 한도</th></tr><tr><th colspan=""3"">1구간 (50만원 이상)</th></tr><tr><th rowspan=""3"">선택서비스 (택1)</th><td>관리비</td><td>아파트 관리비</td><td>5%</td><td colspan=""3"">5천점</td></tr><tr><td>편의점</td><td>GS25, CU, 세븐일레븐</td><td>5%</td><td colspan=""3"">5천점</td></tr><tr><td>배달앱</td><td>배달의 민족, 요기요, 마켓컬리</td><td>5%</td><td colspan=""3"">5천점</td></tr></table>
[아파트 관리비 5% 포인트리 적립]
- 당사를 통해 조회 가능한 아파트에 한해 자동납부 등록 가능 (전용고객센터 1577-9900)
[편의점 5% 포인트리 적립]
- GS25, CU, 세븐일레븐
* 백화점, 마트 등 일부 입점 매장의 경우 제외
[배달앱  5% 포인트리 적립]
- 배달의 민족, 요기요, 마켓컬리
- KB국민 Easy shopping카드의 선택서비스는 전월 이용실적 50만원 이상 시 제공되며, 전월 이용실적에 따라 월간 적립한도가 제공됩니다.
- 최초 카드 사용 등록일로부터 다음달 말일(실적 유예기간)까지 ‘KB국민 Easy shopping카드‘ 실적이 없는 경우에도 선택서비스가 제공 됩니다.
- 선택서비스는 월 단위로 변경 신청 가능하며, 변경 신청일 기준 다음달 1일부터 변경 적용됩니다.
- 선택서비스는 KB국민카드 홈페이지( 및 모바일 앱, 고객센터(1588-1688)를 통해 변경 가능합니다.",생활비 5% 적립,"[선택서비스 (택1)]
<table class=""benefit-table""><tr><th rowspan=""2"">구분</th><th colspan=""2"" rowspan=""2"">내용</th><th rowspan=""2"">포인트리 적립률</th><th colspan=""3"">전월 이용실적에 따른 월 포인트리 적립 한도</th></tr><tr><th colspan=""3"">1구간 (50만원 이상)</th></tr><tr><th rowspan=""3"">선택서비스 (택1)</th><td>관리비</td><td>아파트 관리비</td><td>5%</td><td colspan=""3"">5천점</td></tr><tr><td>편의점</td><td>GS25, CU, 세븐일레븐</td><td>5%</td><td colspan=""3"">5천점</td></tr><tr><td>배달앱</td><td>배달의 민족, 요기요, 마켓컬리</td><td>5%</td><td colspan=""3"">5천점</td></tr></table>
[아파트 관리비 5% 포인트리 적립]
- 당사를 통해 조회 가능한 아파트에 한해 자동납부 등록 가능 (전용고객센터 1577-9900)
[편의점 5% 포인트리 적립]
- GS25, CU, 세븐일레븐
* 백화점, 마트 등 일부 입점 매장의 경우 제외
[배달앱  5% 포인트리 적립]
- 배달의 민족, 요기요, 마켓컬리
- KB국민 Easy shopping카드의 선택서비스는 전월 이용실적 50만원 이상 시 제공되며, 전월 이용실적에 따라 월간 적립한도가 제공됩니다.
- 최초 카드 사용 등록일로부터 다음달 말일(실적 유예기간)까지 ‘KB국민 Easy shopping카드‘ 실적이 없는 경우에도 선택서비스가 제공 됩니다.
- 선택서비스는 월 단위로 변경 신청 가능하며, 변경 신청일 기준 다음달 1일부터 변경 적용됩니다.
- 선택서비스는 KB국민카드 홈페이지( 및 모바일 앱, 고객센터(1588-1688)를 통해 변경 가능합니다.",2026-06-06
09064_B0011,9064,안내,+KB Pay 서비스,온라인쇼핑 5% 적립,온라인쇼핑,1,Online,포인트,5,%,"온라인쇼핑몰(11번가, 옥션, G마켓)",전월 실적 50만원 이상,500000,,,,5000,포인트,,,,"[+KB Pay 서비스]
<table class=""benefit-table""><tr><th rowspan=""2"">구분</th><th colspan=""2"" rowspan=""2"">내용</th><th rowspan=""2"">포인트리 적립률</th><th colspan=""3"">전월 이용실적에 따른 월 포인트리 적립 한도</th></tr><tr><th colspan=""3"">1구간 (50만원 이상)</th></tr><tr><th>+KB Pay 서비스</th><td colspan=""2"">온라인쇼핑몰 KB Pay 이용 시</td><td>5%</td><td colspan=""3"">5천점</td></tr></table>
[온라인쇼핑몰에서 KB Pay 이용 시 5% 포인트리 적립]
- 온라인쇼핑몰 : 11번가, 옥션, G마켓 상품권, 여행, 항공권, 티켓, 도서, 별도 팝업사이트 제외 일반결제(ISP) 이용금액은 서비스 제외 Shopping서비스의 온라인쇼핑몰 이용 혜택과 중복 적용되며, 적립한도는 각각 적용 예시) G마켓에서 KB Pay 로 10만원 결제 시 (전월 이용실적 50만원 이상 시 가정) ☞ Shopping서비스 G마켓 10% 포인트리 적립: 10,000점 + +KB Pay서비스 5% 포인트리 적립: 5,000점 = 총 15,000점 포인트리 적립 ☞ Shopping서비스 월 적립한도 중 10,000점 차감 & +KB Pay서비스 월 적립한도 5천점 각각 차감
- KB국민 Easy shopping카드의 +KB Pay 서비스는 전월 이용실적 50만원 이상 시 제공되며, 전월 이용실적에 따라 월간 적립한도가 제공됩니다.
- 최초 카드 사용 등록일로부터 다음달 말일(실적 유예기간)까지 'KB국민 Easy shopping카드' 실적이 없는 경우에도 +KB Pay 서비스가 제공됩니다.",온라인쇼핑 5% 적립,"[+KB Pay 서비스]
<table class=""benefit-table""><tr><th rowspan=""2"">구분</th><th colspan=""2"" rowspan=""2"">내용</th><th rowspan=""2"">포인트리 적립률</th><th colspan=""3"">전월 이용실적에 따른 월 포인트리 적립 한도</th></tr><tr><th colspan=""3"">1구간 (50만원 이상)</th></tr><tr><th>+KB Pay 서비스</th><td colspan=""2"">온라인쇼핑몰 KB Pay 이용 시</td><td>5%</td><td colspan=""3"">5천점</td></tr></table>
[온라인쇼핑몰에서 KB Pay 이용 시 5% 포인트리 적립]
- 온라인쇼핑몰 : 11번가, 옥션, G마켓 상품권, 여행, 항공권, 티켓, 도서, 별도 팝업사이트 제외 일반결제(ISP) 이용금액은 서비스 제외 Shopping서비스의 온라인쇼핑몰 이용 혜택과 중복 적용되며, 적립한도는 각각 적용 예시) G마켓에서 KB Pay 로 10만원 결제 시 (전월 이용실적 50만원 이상 시 가정) ☞ Shopping서비스 G마켓 10% 포인트리 적립: 10,000점 + +KB Pay서비스 5% 포인트리 적립: 5,000점 = 총 15,000점 포인트리 적립 ☞ Shopping서비스 월 적립한도 중 10,000점 차감 & +KB Pay서비스 월 적립한도 5천점 각각 차감
- KB국민 Easy shopping카드의 +KB Pay 서비스는 전월 이용실적 50만원 이상 시 제공되며, 전월 이용실적에 따라 월간 적립한도가 제공됩니다.
- 최초 카드 사용 등록일로부터 다음달 말일(실적 유예기간)까지 'KB국민 Easy shopping카드' 실적이 없는 경우에도 +KB Pay 서비스가 제공됩니다.",2026-06-06
09115_B0001,9115,주요혜택,온라인 쇼핑 10% 할인 (KB Pay 결제 시),온라인 쇼핑 할인,페이/간편결제,10,Online,할인,10,%,"G마켓, 11번가, SSG.COM (KB Pay 결제)",전월 실적 30만원 이상,300000,700000,,,10000,원,,,,"[온라인 쇼핑 10% 할인 (KB Pay 결제 시)]
[서비스대상]
- G마켓, 11번가, SSG.COM의 KB Pay 이용건
[유의사항]
※ KB Pay 결제 건에 한하며, 타 간편 결제 이용 시 할인 제외
※ 상품권, 여행, 항공권, 티켓, 도서, 별도 팝업 사이트 제외
[할인한도]
<table class=""benefit-table""><tr><th rowspan=""2"">구분</th><th rowspan=""2"">할인율</th><th colspan=""3"">전월 이용실적별 월 할인한도</th></tr><tr><th>1구간 30만원 이상</th><th>2구간 70만원 이상</th><th>3구간 120만원 이상</th></tr><tr><td>온라인 쇼핑</td><td>10%</td><td>1만원</td><td>1만 5천원</td><td>2만원</td></tr></table>",페이/간편결제 10% 할인,"[온라인 쇼핑 10% 할인 (KB Pay 결제 시)]
[서비스대상]
- G마켓, 11번가, SSG.COM의 KB Pay 이용건
[유의사항]
※ KB Pay 결제 건에 한하며, 타 간편 결제 이용 시 할인 제외
※ 상품권, 여행, 항공권, 티켓, 도서, 별도 팝업 사이트 제외
[할인한도]
<table class=""benefit-table""><tr><th rowspan=""2"">구분</th><th rowspan=""2"">할인율</th><th colspan=""3"">전월 이용실적별 월 할인한도</th></tr><tr><th>1구간 30만원 이상</th><th>2구간 70만원 이상</th><th>3구간 120만원 이상</th></tr><tr><td>온라인 쇼핑</td><td>10%</td><td>1만원</td><td>1만 5천원</td><td>2만원</td></tr></table>",2026-06-05
09115_B0002,9115,주요혜택,온라인 쇼핑 10% 할인 (KB Pay 결제 시),온라인 쇼핑 할인,페이/간편결제,10,Online,할인,10,%,"G마켓, 11번가, SSG.COM (KB Pay 결제)",전월 실적 70만원 이상,700000,1200000,,,15000,원,,,,"[온라인 쇼핑 10% 할인 (KB Pay 결제 시)]
[서비스대상]
- G마켓, 11번가, SSG.COM의 KB Pay 이용건
[유의사항]
※ KB Pay 결제 건에 한하며, 타 간편 결제 이용 시 할인 제외
※ 상품권, 여행, 항공권, 티켓, 도서, 별도 팝업 사이트 제외
[할인한도]
<table class=""benefit-table""><tr><th rowspan=""2"">구분</th><th rowspan=""2"">할인율</th><th colspan=""3"">전월 이용실적별 월 할인한도</th></tr><tr><th>1구간 30만원 이상</th><th>2구간 70만원 이상</th><th>3구간 120만원 이상</th></tr><tr><td>온라인 쇼핑</td><td>10%</td><td>1만원</td><td>1만 5천원</td><td>2만원</td></tr></table>",페이/간편결제 10% 할인,"[온라인 쇼핑 10% 할인 (KB Pay 결제 시)]
[서비스대상]
- G마켓, 11번가, SSG.COM의 KB Pay 이용건
[유의사항]
※ KB Pay 결제 건에 한하며, 타 간편 결제 이용 시 할인 제외
※ 상품권, 여행, 항공권, 티켓, 도서, 별도 팝업 사이트 제외
[할인한도]
<table class=""benefit-table""><tr><th rowspan=""2"">구분</th><th rowspan=""2"">할인율</th><th colspan=""3"">전월 이용실적별 월 할인한도</th></tr><tr><th>1구간 30만원 이상</th><th>2구간 70만원 이상</th><th>3구간 120만원 이상</th></tr><tr><td>온라인 쇼핑</td><td>10%</td><td>1만원</td><td>1만 5천원</td><td>2만원</td></tr></table>",2026-06-05
09115_B0003,9115,주요혜택,온라인 쇼핑 10% 할인 (KB Pay 결제 시),온라인 쇼핑 할인,페이/간편결제,10,Online,할인,10,%,"G마켓, 11번가, SSG.COM (KB Pay 결제)",전월 실적 120만원 이상,1200000,,,,20000,원,,,,"[온라인 쇼핑 10% 할인 (KB Pay 결제 시)]
[서비스대상]
- G마켓, 11번가, SSG.COM의 KB Pay 이용건
[유의사항]
※ KB Pay 결제 건에 한하며, 타 간편 결제 이용 시 할인 제외
※ 상품권, 여행, 항공권, 티켓, 도서, 별도 팝업 사이트 제외
[할인한도]
<table class=""benefit-table""><tr><th rowspan=""2"">구분</th><th rowspan=""2"">할인율</th><th colspan=""3"">전월 이용실적별 월 할인한도</th></tr><tr><th>1구간 30만원 이상</th><th>2구간 70만원 이상</th><th>3구간 120만원 이상</th></tr><tr><td>온라인 쇼핑</td><td>10%</td><td>1만원</td><td>1만 5천원</td><td>2만원</td></tr></table>",페이/간편결제 10% 할인,"[온라인 쇼핑 10% 할인 (KB Pay 결제 시)]
[서비스대상]
- G마켓, 11번가, SSG.COM의 KB Pay 이용건
[유의사항]
※ KB Pay 결제 건에 한하며, 타 간편 결제 이용 시 할인 제외
※ 상품권, 여행, 항공권, 티켓, 도서, 별도 팝업 사이트 제외
[할인한도]
<table class=""benefit-table""><tr><th rowspan=""2"">구분</th><th rowspan=""2"">할인율</th><th colspan=""3"">전월 이용실적별 월 할인한도</th></tr><tr><th>1구간 30만원 이상</th><th>2구간 70만원 이상</th><th>3구간 120만원 이상</th></tr><tr><td>온라인 쇼핑</td><td>10%</td><td>1만원</td><td>1만 5천원</td><td>2만원</td></tr></table>",2026-06-05
09115_B0004,9115,주요혜택,"주유 100원/L , 편의점 5% 할인",주유 할인,자동차/주유,6,Offline,할인,100,원,"SK에너지, GS칼텍스",전월 실적 30만원 이상,300000,700000,,,,,5000,원,1,"[주유 100원/L , 편의점 5% 할인]
[서비스대상]
- SK에너지, GS칼텍스
- GS25, CU
[유의사항]
※ LPG, 경유, 등유는 휘발유 가격에 비례하여 할인율 적용
※ 휘발유 가격은 SK에너지 고시 휘발유가 기준
※ 백화점/대형마트 등 일부 입점 매장 제외
※ 오프라인 매장 일반 결제건에 한함 (온라인 가맹점 제외)
[할인한도]
<table class=""benefit-table""><tr><th rowspan=""2"">구분</th><th rowspan=""2"">할인율</th><th colspan=""3"">전월 이용실적별 월 할인한도</th></tr><tr><th>1구간 30만원 이상</th><th>2구간 70만원 이상</th><th>3구간 120만원 이상</th></tr><tr><th>주유</th><td>100원/L</td><td colspan=""3"" rowspan=""2"">5천원</td></tr><tr><th>편의점</th><td>5%</td></tr></table>",자동차/주유 100원 할인,"[주유 100원/L , 편의점 5% 할인]
[서비스대상]
- SK에너지, GS칼텍스
- GS25, CU
[유의사항]
※ LPG, 경유, 등유는 휘발유 가격에 비례하여 할인율 적용
※ 휘발유 가격은 SK에너지 고시 휘발유가 기준
※ 백화점/대형마트 등 일부 입점 매장 제외
※ 오프라인 매장 일반 결제건에 한함 (온라인 가맹점 제외)
[할인한도]
<table class=""benefit-table""><tr><th rowspan=""2"">구분</th><th rowspan=""2"">할인율</th><th colspan=""3"">전월 이용실적별 월 할인한도</th></tr><tr><th>1구간 30만원 이상</th><th>2구간 70만원 이상</th><th>3구간 120만원 이상</th></tr><tr><th>주유</th><td>100원/L</td><td colspan=""3"" rowspan=""2"">5천원</td></tr><tr><th>편의점</th><td>5%</td></tr></table>",2026-06-05
09115_B0005,9115,주요혜택,"주유 100원/L , 편의점 5% 할인",주유 할인,자동차/주유,6,Offline,할인,100,원,"SK에너지, GS칼텍스",전월 실적 70만원 이상,700000,1200000,,,,,5000,원,1,"[주유 100원/L , 편의점 5% 할인]
[서비스대상]
- SK에너지, GS칼텍스
- GS25, CU
[유의사항]
※ LPG, 경유, 등유는 휘발유 가격에 비례하여 할인율 적용
※ 휘발유 가격은 SK에너지 고시 휘발유가 기준
※ 백화점/대형마트 등 일부 입점 매장 제외
※ 오프라인 매장 일반 결제건에 한함 (온라인 가맹점 제외)
[할인한도]
<table class=""benefit-table""><tr><th rowspan=""2"">구분</th><th rowspan=""2"">할인율</th><th colspan=""3"">전월 이용실적별 월 할인한도</th></tr><tr><th>1구간 30만원 이상</th><th>2구간 70만원 이상</th><th>3구간 120만원 이상</th></tr><tr><th>주유</th><td>100원/L</td><td colspan=""3"" rowspan=""2"">5천원</td></tr><tr><th>편의점</th><td>5%</td></tr></table>",자동차/주유 100원 할인,"[주유 100원/L , 편의점 5% 할인]
[서비스대상]
- SK에너지, GS칼텍스
- GS25, CU
[유의사항]
※ LPG, 경유, 등유는 휘발유 가격에 비례하여 할인율 적용
※ 휘발유 가격은 SK에너지 고시 휘발유가 기준
※ 백화점/대형마트 등 일부 입점 매장 제외
※ 오프라인 매장 일반 결제건에 한함 (온라인 가맹점 제외)
[할인한도]
<table class=""benefit-table""><tr><th rowspan=""2"">구분</th><th rowspan=""2"">할인율</th><th colspan=""3"">전월 이용실적별 월 할인한도</th></tr><tr><th>1구간 30만원 이상</th><th>2구간 70만원 이상</th><th>3구간 120만원 이상</th></tr><tr><th>주유</th><td>100원/L</td><td colspan=""3"" rowspan=""2"">5천원</td></tr><tr><th>편의점</th><td>5%</td></tr></table>",2026-06-05
09115_B0006,9115,주요혜택,"주유 100원/L , 편의점 5% 할인",주유 할인,자동차/주유,6,Offline,할인,100,원,"SK에너지, GS칼텍스",전월 실적 120만원 이상,1200000,,,,,,5000,원,1,"[주유 100원/L , 편의점 5% 할인]
[서비스대상]
- SK에너지, GS칼텍스
- GS25, CU
[유의사항]
※ LPG, 경유, 등유는 휘발유 가격에 비례하여 할인율 적용
※ 휘발유 가격은 SK에너지 고시 휘발유가 기준
※ 백화점/대형마트 등 일부 입점 매장 제외
※ 오프라인 매장 일반 결제건에 한함 (온라인 가맹점 제외)
[할인한도]
<table class=""benefit-table""><tr><th rowspan=""2"">구분</th><th rowspan=""2"">할인율</th><th colspan=""3"">전월 이용실적별 월 할인한도</th></tr><tr><th>1구간 30만원 이상</th><th>2구간 70만원 이상</th><th>3구간 120만원 이상</th></tr><tr><th>주유</th><td>100원/L</td><td colspan=""3"" rowspan=""2"">5천원</td></tr><tr><th>편의점</th><td>5%</td></tr></table>",자동차/주유 100원 할인,"[주유 100원/L , 편의점 5% 할인]
[서비스대상]
- SK에너지, GS칼텍스
- GS25, CU
[유의사항]
※ LPG, 경유, 등유는 휘발유 가격에 비례하여 할인율 적용
※ 휘발유 가격은 SK에너지 고시 휘발유가 기준
※ 백화점/대형마트 등 일부 입점 매장 제외
※ 오프라인 매장 일반 결제건에 한함 (온라인 가맹점 제외)
[할인한도]
<table class=""benefit-table""><tr><th rowspan=""2"">구분</th><th rowspan=""2"">할인율</th><th colspan=""3"">전월 이용실적별 월 할인한도</th></tr><tr><th>1구간 30만원 이상</th><th>2구간 70만원 이상</th><th>3구간 120만원 이상</th></tr><tr><th>주유</th><td>100원/L</td><td colspan=""3"" rowspan=""2"">5천원</td></tr><tr><th>편의점</th><td>5%</td></tr></table>",2026-06-05
09115_B0007,9115,주요혜택,"주유 100원/L , 편의점 5% 할인",편의점 할인,편의점,13,Offline,할인,5,%,"GS25, CU",전월 실적 30만원 이상,300000,700000,,,,,5000,원,,"[주유 100원/L , 편의점 5% 할인]
[서비스대상]
- SK에너지, GS칼텍스
- GS25, CU
[유의사항]
※ LPG, 경유, 등유는 휘발유 가격에 비례하여 할인율 적용
※ 휘발유 가격은 SK에너지 고시 휘발유가 기준
※ 백화점/대형마트 등 일부 입점 매장 제외
※ 오프라인 매장 일반 결제건에 한함 (온라인 가맹점 제외)
[할인한도]
<table class=""benefit-table""><tr><th rowspan=""2"">구분</th><th rowspan=""2"">할인율</th><th colspan=""3"">전월 이용실적별 월 할인한도</th></tr><tr><th>1구간 30만원 이상</th><th>2구간 70만원 이상</th><th>3구간 120만원 이상</th></tr><tr><th>주유</th><td>100원/L</td><td colspan=""3"" rowspan=""2"">5천원</td></tr><tr><th>편의점</th><td>5%</td></tr></table>",편의점 5% 할인,"[주유 100원/L , 편의점 5% 할인]
[서비스대상]
- SK에너지, GS칼텍스
- GS25, CU
[유의사항]
※ LPG, 경유, 등유는 휘발유 가격에 비례하여 할인율 적용
※ 휘발유 가격은 SK에너지 고시 휘발유가 기준
※ 백화점/대형마트 등 일부 입점 매장 제외
※ 오프라인 매장 일반 결제건에 한함 (온라인 가맹점 제외)
[할인한도]
<table class=""benefit-table""><tr><th rowspan=""2"">구분</th><th rowspan=""2"">할인율</th><th colspan=""3"">전월 이용실적별 월 할인한도</th></tr><tr><th>1구간 30만원 이상</th><th>2구간 70만원 이상</th><th>3구간 120만원 이상</th></tr><tr><th>주유</th><td>100원/L</td><td colspan=""3"" rowspan=""2"">5천원</td></tr><tr><th>편의점</th><td>5%</td></tr></table>",2026-06-05
09115_B0008,9115,주요혜택,"주유 100원/L , 편의점 5% 할인",편의점 할인,편의점,13,Offline,할인,5,%,"GS25, CU",전월 실적 70만원 이상,700000,1200000,,,,,5000,원,,"[주유 100원/L , 편의점 5% 할인]
[서비스대상]
- SK에너지, GS칼텍스
- GS25, CU
[유의사항]
※ LPG, 경유, 등유는 휘발유 가격에 비례하여 할인율 적용
※ 휘발유 가격은 SK에너지 고시 휘발유가 기준
※ 백화점/대형마트 등 일부 입점 매장 제외
※ 오프라인 매장 일반 결제건에 한함 (온라인 가맹점 제외)
[할인한도]
<table class=""benefit-table""><tr><th rowspan=""2"">구분</th><th rowspan=""2"">할인율</th><th colspan=""3"">전월 이용실적별 월 할인한도</th></tr><tr><th>1구간 30만원 이상</th><th>2구간 70만원 이상</th><th>3구간 120만원 이상</th></tr><tr><th>주유</th><td>100원/L</td><td colspan=""3"" rowspan=""2"">5천원</td></tr><tr><th>편의점</th><td>5%</td></tr></table>",편의점 5% 할인,"[주유 100원/L , 편의점 5% 할인]
[서비스대상]
- SK에너지, GS칼텍스
- GS25, CU
[유의사항]
※ LPG, 경유, 등유는 휘발유 가격에 비례하여 할인율 적용
※ 휘발유 가격은 SK에너지 고시 휘발유가 기준
※ 백화점/대형마트 등 일부 입점 매장 제외
※ 오프라인 매장 일반 결제건에 한함 (온라인 가맹점 제외)
[할인한도]
<table class=""benefit-table""><tr><th rowspan=""2"">구분</th><th rowspan=""2"">할인율</th><th colspan=""3"">전월 이용실적별 월 할인한도</th></tr><tr><th>1구간 30만원 이상</th><th>2구간 70만원 이상</th><th>3구간 120만원 이상</th></tr><tr><th>주유</th><td>100원/L</td><td colspan=""3"" rowspan=""2"">5천원</td></tr><tr><th>편의점</th><td>5%</td></tr></table>",2026-06-05
09115_B0009,9115,주요혜택,"주유 100원/L , 편의점 5% 할인",편의점 할인,편의점,13,Offline,할인,5,%,"GS25, CU",전월 실적 120만원 이상,1200000,,,,,,5000,원,,"[주유 100원/L , 편의점 5% 할인]
[서비스대상]
- SK에너지, GS칼텍스
- GS25, CU
[유의사항]
※ LPG, 경유, 등유는 휘발유 가격에 비례하여 할인율 적용
※ 휘발유 가격은 SK에너지 고시 휘발유가 기준
※ 백화점/대형마트 등 일부 입점 매장 제외
※ 오프라인 매장 일반 결제건에 한함 (온라인 가맹점 제외)
[할인한도]
<table class=""benefit-table""><tr><th rowspan=""2"">구분</th><th rowspan=""2"">할인율</th><th colspan=""3"">전월 이용실적별 월 할인한도</th></tr><tr><th>1구간 30만원 이상</th><th>2구간 70만원 이상</th><th>3구간 120만원 이상</th></tr><tr><th>주유</th><td>100원/L</td><td colspan=""3"" rowspan=""2"">5천원</td></tr><tr><th>편의점</th><td>5%</td></tr></table>",편의점 5% 할인,"[주유 100원/L , 편의점 5% 할인]
[서비스대상]
- SK에너지, GS칼텍스
- GS25, CU
[유의사항]
※ LPG, 경유, 등유는 휘발유 가격에 비례하여 할인율 적용
※ 휘발유 가격은 SK에너지 고시 휘발유가 기준
※ 백화점/대형마트 등 일부 입점 매장 제외
※ 오프라인 매장 일반 결제건에 한함 (온라인 가맹점 제외)
[할인한도]
<table class=""benefit-table""><tr><th rowspan=""2"">구분</th><th rowspan=""2"">할인율</th><th colspan=""3"">전월 이용실적별 월 할인한도</th></tr><tr><th>1구간 30만원 이상</th><th>2구간 70만원 이상</th><th>3구간 120만원 이상</th></tr><tr><th>주유</th><td>100원/L</td><td colspan=""3"" rowspan=""2"">5천원</td></tr><tr><th>편의점</th><td>5%</td></tr></table>",2026-06-05
09115_B0010,9115,주요혜택,"이동통신 10% , OTT 30% 할인",이동통신 할인,생활비,12,Both,할인,10,%,"SKT, KT, LG U+, Liiv M 이동통신 자동납부",전월 실적 30만원 이상,300000,700000,,,,,3000,원,,"[이동통신 10% , OTT 30% 할인]
[서비스대상]
- SKT, KT, LG U+, Liiv M 이동통신 자동납부 요금
- 넷플릭스, 유튜브 프리미엄, Wavve, 티빙, 디즈니 플러스 공식 홈페이지를 통한 정기결제 이용건
[유의사항]
※ 인터넷, IPTV 등 결합상품 제외
※ 간편결제 또는 인앱 결제건 등은 제외
[할인한도]
<table class=""benefit-table""><tr><th rowspan=""2"">구분</th><th rowspan=""2"">할인율</th><th colspan=""3"">전월 이용실적별 월 할인한도</th></tr><tr><th>1구간 30만원 이상</th><th>2구간 70만원 이상</th><th>3구간 120만원 이상</th></tr><tr><th>이동통신</th><td>10%</td><td colspan=""3"" rowspan=""2"">3천원</td></tr><tr><th>OTT</th><td>30%</td></tr></table>",생활비 10% 할인,"[이동통신 10% , OTT 30% 할인]
[서비스대상]
- SKT, KT, LG U+, Liiv M 이동통신 자동납부 요금
- 넷플릭스, 유튜브 프리미엄, Wavve, 티빙, 디즈니 플러스 공식 홈페이지를 통한 정기결제 이용건
[유의사항]
※ 인터넷, IPTV 등 결합상품 제외
※ 간편결제 또는 인앱 결제건 등은 제외
[할인한도]
<table class=""benefit-table""><tr><th rowspan=""2"">구분</th><th rowspan=""2"">할인율</th><th colspan=""3"">전월 이용실적별 월 할인한도</th></tr><tr><th>1구간 30만원 이상</th><th>2구간 70만원 이상</th><th>3구간 120만원 이상</th></tr><tr><th>이동통신</th><td>10%</td><td colspan=""3"" rowspan=""2"">3천원</td></tr><tr><th>OTT</th><td>30%</td></tr></table>",2026-06-05
09115_B0011,9115,주요혜택,"이동통신 10% , OTT 30% 할인",OTT 할인,구독/스트리밍,8,Online,할인,30,%,"넷플릭스, 유튜브 프리미엄, Wavve, 티빙, 디즈니 플러스",전월 실적 30만원 이상,300000,700000,,,,,3000,원,,"[이동통신 10% , OTT 30% 할인]
[서비스대상]
- SKT, KT, LG U+, Liiv M 이동통신 자동납부 요금
- 넷플릭스, 유튜브 프리미엄, Wavve, 티빙, 디즈니 플러스 공식 홈페이지를 통한 정기결제 이용건
[유의사항]
※ 인터넷, IPTV 등 결합상품 제외
※ 간편결제 또는 인앱 결제건 등은 제외
[할인한도]
<table class=""benefit-table""><tr><th rowspan=""2"">구분</th><th rowspan=""2"">할인율</th><th colspan=""3"">전월 이용실적별 월 할인한도</th></tr><tr><th>1구간 30만원 이상</th><th>2구간 70만원 이상</th><th>3구간 120만원 이상</th></tr><tr><th>이동통신</th><td>10%</td><td colspan=""3"" rowspan=""2"">3천원</td></tr><tr><th>OTT</th><td>30%</td></tr></table>",구독/스트리밍 30% 할인,"[이동통신 10% , OTT 30% 할인]
[서비스대상]
- SKT, KT, LG U+, Liiv M 이동통신 자동납부 요금
- 넷플릭스, 유튜브 프리미엄, Wavve, 티빙, 디즈니 플러스 공식 홈페이지를 통한 정기결제 이용건
[유의사항]
※ 인터넷, IPTV 등 결합상품 제외
※ 간편결제 또는 인앱 결제건 등은 제외
[할인한도]
<table class=""benefit-table""><tr><th rowspan=""2"">구분</th><th rowspan=""2"">할인율</th><th colspan=""3"">전월 이용실적별 월 할인한도</th></tr><tr><th>1구간 30만원 이상</th><th>2구간 70만원 이상</th><th>3구간 120만원 이상</th></tr><tr><th>이동통신</th><td>10%</td><td colspan=""3"" rowspan=""2"">3천원</td></tr><tr><th>OTT</th><td>30%</td></tr></table>",2026-06-05
09115_B0012,9115,주요혜택,"이동통신 10% , OTT 30% 할인",이동통신 할인,생활비,12,Both,할인,10,%,"SKT, KT, LG U+, Liiv M 이동통신 자동납부",전월 실적 70만원 이상,700000,1200000,,,,,3000,원,,"[이동통신 10% , OTT 30% 할인]
[서비스대상]
- SKT, KT, LG U+, Liiv M 이동통신 자동납부 요금
- 넷플릭스, 유튜브 프리미엄, Wavve, 티빙, 디즈니 플러스 공식 홈페이지를 통한 정기결제 이용건
[유의사항]
※ 인터넷, IPTV 등 결합상품 제외
※ 간편결제 또는 인앱 결제건 등은 제외
[할인한도]
<table class=""benefit-table""><tr><th rowspan=""2"">구분</th><th rowspan=""2"">할인율</th><th colspan=""3"">전월 이용실적별 월 할인한도</th></tr><tr><th>1구간 30만원 이상</th><th>2구간 70만원 이상</th><th>3구간 120만원 이상</th></tr><tr><th>이동통신</th><td>10%</td><td colspan=""3"" rowspan=""2"">3천원</td></tr><tr><th>OTT</th><td>30%</td></tr></table>",생활비 10% 할인,"[이동통신 10% , OTT 30% 할인]
[서비스대상]
- SKT, KT, LG U+, Liiv M 이동통신 자동납부 요금
- 넷플릭스, 유튜브 프리미엄, Wavve, 티빙, 디즈니 플러스 공식 홈페이지를 통한 정기결제 이용건
[유의사항]
※ 인터넷, IPTV 등 결합상품 제외
※ 간편결제 또는 인앱 결제건 등은 제외
[할인한도]
<table class=""benefit-table""><tr><th rowspan=""2"">구분</th><th rowspan=""2"">할인율</th><th colspan=""3"">전월 이용실적별 월 할인한도</th></tr><tr><th>1구간 30만원 이상</th><th>2구간 70만원 이상</th><th>3구간 120만원 이상</th></tr><tr><th>이동통신</th><td>10%</td><td colspan=""3"" rowspan=""2"">3천원</td></tr><tr><th>OTT</th><td>30%</td></tr></table>",2026-06-05
09115_B0013,9115,주요혜택,"이동통신 10% , OTT 30% 할인",OTT 할인,구독/스트리밍,8,Online,할인,30,%,"넷플릭스, 유튜브 프리미엄, Wavve, 티빙, 디즈니 플러스",전월 실적 70만원 이상,700000,1200000,,,,,3000,원,,"[이동통신 10% , OTT 30% 할인]
[서비스대상]
- SKT, KT, LG U+, Liiv M 이동통신 자동납부 요금
- 넷플릭스, 유튜브 프리미엄, Wavve, 티빙, 디즈니 플러스 공식 홈페이지를 통한 정기결제 이용건
[유의사항]
※ 인터넷, IPTV 등 결합상품 제외
※ 간편결제 또는 인앱 결제건 등은 제외
[할인한도]
<table class=""benefit-table""><tr><th rowspan=""2"">구분</th><th rowspan=""2"">할인율</th><th colspan=""3"">전월 이용실적별 월 할인한도</th></tr><tr><th>1구간 30만원 이상</th><th>2구간 70만원 이상</th><th>3구간 120만원 이상</th></tr><tr><th>이동통신</th><td>10%</td><td colspan=""3"" rowspan=""2"">3천원</td></tr><tr><th>OTT</th><td>30%</td></tr></table>",구독/스트리밍 30% 할인,"[이동통신 10% , OTT 30% 할인]
[서비스대상]
- SKT, KT, LG U+, Liiv M 이동통신 자동납부 요금
- 넷플릭스, 유튜브 프리미엄, Wavve, 티빙, 디즈니 플러스 공식 홈페이지를 통한 정기결제 이용건
[유의사항]
※ 인터넷, IPTV 등 결합상품 제외
※ 간편결제 또는 인앱 결제건 등은 제외
[할인한도]
<table class=""benefit-table""><tr><th rowspan=""2"">구분</th><th rowspan=""2"">할인율</th><th colspan=""3"">전월 이용실적별 월 할인한도</th></tr><tr><th>1구간 30만원 이상</th><th>2구간 70만원 이상</th><th>3구간 120만원 이상</th></tr><tr><th>이동통신</th><td>10%</td><td colspan=""3"" rowspan=""2"">3천원</td></tr><tr><th>OTT</th><td>30%</td></tr></table>",2026-06-05
09115_B0014,9115,주요혜택,"이동통신 10% , OTT 30% 할인",이동통신 할인,생활비,12,Both,할인,10,%,"SKT, KT, LG U+, Liiv M 이동통신 자동납부",전월 실적 120만원 이상,1200000,,,,,,3000,원,,"[이동통신 10% , OTT 30% 할인]
[서비스대상]
- SKT, KT, LG U+, Liiv M 이동통신 자동납부 요금
- 넷플릭스, 유튜브 프리미엄, Wavve, 티빙, 디즈니 플러스 공식 홈페이지를 통한 정기결제 이용건
[유의사항]
※ 인터넷, IPTV 등 결합상품 제외
※ 간편결제 또는 인앱 결제건 등은 제외
[할인한도]
<table class=""benefit-table""><tr><th rowspan=""2"">구분</th><th rowspan=""2"">할인율</th><th colspan=""3"">전월 이용실적별 월 할인한도</th></tr><tr><th>1구간 30만원 이상</th><th>2구간 70만원 이상</th><th>3구간 120만원 이상</th></tr><tr><th>이동통신</th><td>10%</td><td colspan=""3"" rowspan=""2"">3천원</td></tr><tr><th>OTT</th><td>30%</td></tr></table>",생활비 10% 할인,"[이동통신 10% , OTT 30% 할인]
[서비스대상]
- SKT, KT, LG U+, Liiv M 이동통신 자동납부 요금
- 넷플릭스, 유튜브 프리미엄, Wavve, 티빙, 디즈니 플러스 공식 홈페이지를 통한 정기결제 이용건
[유의사항]
※ 인터넷, IPTV 등 결합상품 제외
※ 간편결제 또는 인앱 결제건 등은 제외
[할인한도]
<table class=""benefit-table""><tr><th rowspan=""2"">구분</th><th rowspan=""2"">할인율</th><th colspan=""3"">전월 이용실적별 월 할인한도</th></tr><tr><th>1구간 30만원 이상</th><th>2구간 70만원 이상</th><th>3구간 120만원 이상</th></tr><tr><th>이동통신</th><td>10%</td><td colspan=""3"" rowspan=""2"">3천원</td></tr><tr><th>OTT</th><td>30%</td></tr></table>",2026-06-05
09115_B0015,9115,주요혜택,"이동통신 10% , OTT 30% 할인",OTT 할인,구독/스트리밍,8,Online,할인,30,%,"넷플릭스, 유튜브 프리미엄, Wavve, 티빙, 디즈니 플러스",전월 실적 120만원 이상,1200000,,,,,,3000,원,,"[이동통신 10% , OTT 30% 할인]
[서비스대상]
- SKT, KT, LG U+, Liiv M 이동통신 자동납부 요금
- 넷플릭스, 유튜브 프리미엄, Wavve, 티빙, 디즈니 플러스 공식 홈페이지를 통한 정기결제 이용건
[유의사항]
※ 인터넷, IPTV 등 결합상품 제외
※ 간편결제 또는 인앱 결제건 등은 제외
[할인한도]
<table class=""benefit-table""><tr><th rowspan=""2"">구분</th><th rowspan=""2"">할인율</th><th colspan=""3"">전월 이용실적별 월 할인한도</th></tr><tr><th>1구간 30만원 이상</th><th>2구간 70만원 이상</th><th>3구간 120만원 이상</th></tr><tr><th>이동통신</th><td>10%</td><td colspan=""3"" rowspan=""2"">3천원</td></tr><tr><th>OTT</th><td>30%</td></tr></table>",구독/스트리밍 30% 할인,"[이동통신 10% , OTT 30% 할인]
[서비스대상]
- SKT, KT, LG U+, Liiv M 이동통신 자동납부 요금
- 넷플릭스, 유튜브 프리미엄, Wavve, 티빙, 디즈니 플러스 공식 홈페이지를 통한 정기결제 이용건
[유의사항]
※ 인터넷, IPTV 등 결합상품 제외
※ 간편결제 또는 인앱 결제건 등은 제외
[할인한도]
<table class=""benefit-table""><tr><th rowspan=""2"">구분</th><th rowspan=""2"">할인율</th><th colspan=""3"">전월 이용실적별 월 할인한도</th></tr><tr><th>1구간 30만원 이상</th><th>2구간 70만원 이상</th><th>3구간 120만원 이상</th></tr><tr><th>이동통신</th><td>10%</td><td colspan=""3"" rowspan=""2"">3천원</td></tr><tr><th>OTT</th><td>30%</td></tr></table>",2026-06-05
09115_B0016,9115,주요혜택,패밀리레스토랑 30% 할인,패밀리레스토랑 할인,외식,16,Both,할인,30,%,아웃백스테이크하우스,전월 실적 30만원 이상,300000,700000,,,30000,원,,,,"[패밀리레스토랑 30% 할인]
[서비스대상]
- 아웃백스테이크하우스
[유의사항]
※ 백화점/대형마트 등 일부 입점 매장 및 아웃백 딜리버리 제외
[할인한도]
<table class=""benefit-table""><tr><th rowspan=""2"">구분</th><th rowspan=""2"">할인율</th><th colspan=""3"">전월 이용실적별 월 할인한도</th></tr><tr><th>1구간 30만원 이상</th><th>2구간 70만원 이상</th><th>3구간 120만원 이상</th></tr><tr><td>패밀리레스토랑</td><td>30%</td><td colspan=""3"">3만원 (연 6만원)</td></tr></table>",외식 30% 할인,"[패밀리레스토랑 30% 할인]
[서비스대상]
- 아웃백스테이크하우스
[유의사항]
※ 백화점/대형마트 등 일부 입점 매장 및 아웃백 딜리버리 제외
[할인한도]
<table class=""benefit-table""><tr><th rowspan=""2"">구분</th><th rowspan=""2"">할인율</th><th colspan=""3"">전월 이용실적별 월 할인한도</th></tr><tr><th>1구간 30만원 이상</th><th>2구간 70만원 이상</th><th>3구간 120만원 이상</th></tr><tr><td>패밀리레스토랑</td><td>30%</td><td colspan=""3"">3만원 (연 6만원)</td></tr></table>",2026-06-05
09115_B0017,9115,주요혜택,패밀리레스토랑 30% 할인,패밀리레스토랑 할인,외식,16,Both,할인,30,%,아웃백스테이크하우스,전월 실적 70만원 이상,700000,1200000,,,30000,원,,,,"[패밀리레스토랑 30% 할인]
[서비스대상]
- 아웃백스테이크하우스
[유의사항]
※ 백화점/대형마트 등 일부 입점 매장 및 아웃백 딜리버리 제외
[할인한도]
<table class=""benefit-table""><tr><th rowspan=""2"">구분</th><th rowspan=""2"">할인율</th><th colspan=""3"">전월 이용실적별 월 할인한도</th></tr><tr><th>1구간 30만원 이상</th><th>2구간 70만원 이상</th><th>3구간 120만원 이상</th></tr><tr><td>패밀리레스토랑</td><td>30%</td><td colspan=""3"">3만원 (연 6만원)</td></tr></table>",외식 30% 할인,"[패밀리레스토랑 30% 할인]
[서비스대상]
- 아웃백스테이크하우스
[유의사항]
※ 백화점/대형마트 등 일부 입점 매장 및 아웃백 딜리버리 제외
[할인한도]
<table class=""benefit-table""><tr><th rowspan=""2"">구분</th><th rowspan=""2"">할인율</th><th colspan=""3"">전월 이용실적별 월 할인한도</th></tr><tr><th>1구간 30만원 이상</th><th>2구간 70만원 이상</th><th>3구간 120만원 이상</th></tr><tr><td>패밀리레스토랑</td><td>30%</td><td colspan=""3"">3만원 (연 6만원)</td></tr></table>",2026-06-05
09115_B0018,9115,주요혜택,패밀리레스토랑 30% 할인,패밀리레스토랑 할인,외식,16,Both,할인,30,%,아웃백스테이크하우스,전월 실적 120만원 이상,1200000,,,,30000,원,,,,"[패밀리레스토랑 30% 할인]
[서비스대상]
- 아웃백스테이크하우스
[유의사항]
※ 백화점/대형마트 등 일부 입점 매장 및 아웃백 딜리버리 제외
[할인한도]
<table class=""benefit-table""><tr><th rowspan=""2"">구분</th><th rowspan=""2"">할인율</th><th colspan=""3"">전월 이용실적별 월 할인한도</th></tr><tr><th>1구간 30만원 이상</th><th>2구간 70만원 이상</th><th>3구간 120만원 이상</th></tr><tr><td>패밀리레스토랑</td><td>30%</td><td colspan=""3"">3만원 (연 6만원)</td></tr></table>",외식 30% 할인,"[패밀리레스토랑 30% 할인]
[서비스대상]
- 아웃백스테이크하우스
[유의사항]
※ 백화점/대형마트 등 일부 입점 매장 및 아웃백 딜리버리 제외
[할인한도]
<table class=""benefit-table""><tr><th rowspan=""2"">구분</th><th rowspan=""2"">할인율</th><th colspan=""3"">전월 이용실적별 월 할인한도</th></tr><tr><th>1구간 30만원 이상</th><th>2구간 70만원 이상</th><th>3구간 120만원 이상</th></tr><tr><td>패밀리레스토랑</td><td>30%</td><td colspan=""3"">3만원 (연 6만원)</td></tr></table>",2026-06-05
09115_B0019,9115,주요혜택,해외 혜택,해외 가맹점 할인,해외,19,Offline,할인,5,%,해외 가맹점,전월 실적 30만원 이상,300000,700000,,,5000,원,,,,"[해외 가맹점 5% 할인]
[서비스대상]
- 해외 가맹점
[유의사항]
※ 해외 이용 시 별도의 수수료 부과되며, 자세한 내용은 ‘이용 전 확인 사항’ 참조
[할인한도]
<table class=""benefit-table""><tr><th rowspan=""2"">구분</th><th rowspan=""2"">할인율</th><th colspan=""3"">전월 이용실적별 월 할인한도</th></tr><tr><th>1구간 30만원 이상</th><th>2구간 70만원 이상</th><th>3구간 120만원 이상</th></tr><tr><td>해외 가맹점</td><td>5%</td><td colspan=""3"">5천원</td></tr></table>",해외 5% 할인,"[해외 가맹점 5% 할인]
[서비스대상]
- 해외 가맹점
[유의사항]
※ 해외 이용 시 별도의 수수료 부과되며, 자세한 내용은 ‘이용 전 확인 사항’ 참조
[할인한도]
<table class=""benefit-table""><tr><th rowspan=""2"">구분</th><th rowspan=""2"">할인율</th><th colspan=""3"">전월 이용실적별 월 할인한도</th></tr><tr><th>1구간 30만원 이상</th><th>2구간 70만원 이상</th><th>3구간 120만원 이상</th></tr><tr><td>해외 가맹점</td><td>5%</td><td colspan=""3"">5천원</td></tr></table>",2026-06-05
09115_B0020,9115,주요혜택,해외 혜택,해외 가맹점 할인,해외,19,Offline,할인,5,%,해외 가맹점,전월 실적 70만원 이상,700000,1200000,,,5000,원,,,,"[해외 가맹점 5% 할인]
[서비스대상]
- 해외 가맹점
[유의사항]
※ 해외 이용 시 별도의 수수료 부과되며, 자세한 내용은 ‘이용 전 확인 사항’ 참조
[할인한도]
<table class=""benefit-table""><tr><th rowspan=""2"">구분</th><th rowspan=""2"">할인율</th><th colspan=""3"">전월 이용실적별 월 할인한도</th></tr><tr><th>1구간 30만원 이상</th><th>2구간 70만원 이상</th><th>3구간 120만원 이상</th></tr><tr><td>해외 가맹점</td><td>5%</td><td colspan=""3"">5천원</td></tr></table>",해외 5% 할인,"[해외 가맹점 5% 할인]
[서비스대상]
- 해외 가맹점
[유의사항]
※ 해외 이용 시 별도의 수수료 부과되며, 자세한 내용은 ‘이용 전 확인 사항’ 참조
[할인한도]
<table class=""benefit-table""><tr><th rowspan=""2"">구분</th><th rowspan=""2"">할인율</th><th colspan=""3"">전월 이용실적별 월 할인한도</th></tr><tr><th>1구간 30만원 이상</th><th>2구간 70만원 이상</th><th>3구간 120만원 이상</th></tr><tr><td>해외 가맹점</td><td>5%</td><td colspan=""3"">5천원</td></tr></table>",2026-06-05
09115_B0021,9115,주요혜택,해외 혜택,해외 가맹점 할인,해외,19,Offline,할인,5,%,해외 가맹점,전월 실적 120만원 이상,1200000,,,,5000,원,,,,"[해외 가맹점 5% 할인]
[서비스대상]
- 해외 가맹점
[유의사항]
※ 해외 이용 시 별도의 수수료 부과되며, 자세한 내용은 ‘이용 전 확인 사항’ 참조
[할인한도]
<table class=""benefit-table""><tr><th rowspan=""2"">구분</th><th rowspan=""2"">할인율</th><th colspan=""3"">전월 이용실적별 월 할인한도</th></tr><tr><th>1구간 30만원 이상</th><th>2구간 70만원 이상</th><th>3구간 120만원 이상</th></tr><tr><td>해외 가맹점</td><td>5%</td><td colspan=""3"">5천원</td></tr></table>",해외 5% 할인,"[해외 가맹점 5% 할인]
[서비스대상]
- 해외 가맹점
[유의사항]
※ 해외 이용 시 별도의 수수료 부과되며, 자세한 내용은 ‘이용 전 확인 사항’ 참조
[할인한도]
<table class=""benefit-table""><tr><th rowspan=""2"">구분</th><th rowspan=""2"">할인율</th><th colspan=""3"">전월 이용실적별 월 할인한도</th></tr><tr><th>1구간 30만원 이상</th><th>2구간 70만원 이상</th><th>3구간 120만원 이상</th></tr><tr><td>해외 가맹점</td><td>5%</td><td colspan=""3"">5천원</td></tr></table>",2026-06-05
09115_B0022,9115,주요혜택,놀이공원 현장 할인,롯데월드 어드벤처 할인,레저/스포츠,9,Offline,할인,50,%,"롯데월드 어드벤처, 에버랜드",전월 실적 30만원 이상,300000,,,,,,,,,"[놀이공원 현장 할인]
- 롯데월드 어드벤처 종합이용권 50% 할인
※ 회원별 1일 1매, 월 2매, 연간 5매 이내
- 에버랜드 1일 이용권 50% 할인
※ 카드별(가족카드 포함) 1일 1매, 회원별 연간 10매 이내
- 캐리비안베이 이용권 30% 할인
※ 카드별(가족카드 포함) 1일 1매
- 전월 이용실적 30만원 이상 시 할인 제공하며, 놀이공원 현장 결제 시 실물카드 소지 필수",레저/스포츠 50% 할인,"[놀이공원 현장 할인]
- 롯데월드 어드벤처 종합이용권 50% 할인
※ 회원별 1일 1매, 월 2매, 연간 5매 이내
- 에버랜드 1일 이용권 50% 할인
※ 카드별(가족카드 포함) 1일 1매, 회원별 연간 10매 이내
- 캐리비안베이 이용권 30% 할인
※ 카드별(가족카드 포함) 1일 1매
- 전월 이용실적 30만원 이상 시 할인 제공하며, 놀이공원 현장 결제 시 실물카드 소지 필수",2026-06-05
09115_B0023,9115,주요혜택,놀이공원 현장 할인,캐리비안베이 할인,레저/스포츠,9,Offline,할인,30,%,캐리비안베이,전월 실적 30만원 이상,300000,,,,,,,,,"[놀이공원 현장 할인]
- 롯데월드 어드벤처 종합이용권 50% 할인
※ 회원별 1일 1매, 월 2매, 연간 5매 이내
- 에버랜드 1일 이용권 50% 할인
※ 카드별(가족카드 포함) 1일 1매, 회원별 연간 10매 이내
- 캐리비안베이 이용권 30% 할인
※ 카드별(가족카드 포함) 1일 1매
- 전월 이용실적 30만원 이상 시 할인 제공하며, 놀이공원 현장 결제 시 실물카드 소지 필수",레저/스포츠 30% 할인,"[놀이공원 현장 할인]
- 롯데월드 어드벤처 종합이용권 50% 할인
※ 회원별 1일 1매, 월 2매, 연간 5매 이내
- 에버랜드 1일 이용권 50% 할인
※ 카드별(가족카드 포함) 1일 1매, 회원별 연간 10매 이내
- 캐리비안베이 이용권 30% 할인
※ 카드별(가족카드 포함) 1일 1매
- 전월 이용실적 30만원 이상 시 할인 제공하며, 놀이공원 현장 결제 시 실물카드 소지 필수",2026-06-05
09115_B0024,9115,주요혜택,Amex 서비스,Amex Selects 서비스,기타,22,Both,서비스,,,,,0,,,,,,,,,"[Amex 서비스]
- Amex Selects 서비스는 모든 아멕스 카드 대상으로 제공되는 Amex의 공통 서비스로 해당 카드 발급 시 이용 가능합니다.
- 세부내용 및 유의사항은 Amex 홈페이지를 통해 확인하실 수 있습니다.",Amex Selects(셀렉츠) 서비스,"[Amex 서비스]
- Amex Selects 서비스는 모든 아멕스 카드 대상으로 제공되는 Amex의 공통 서비스로 해당 카드 발급 시 이용 가능합니다.
- 세부내용 및 유의사항은 Amex 홈페이지를 통해 확인하실 수 있습니다.",2026-06-05
09137_B0001,9137,주요혜택,해외 혜택,해외 가맹점 청구할인,해외,19,Both,할인,3.5,%,해외 가맹점,,0,,,,,,,,,"[해외 가맹점 3.5% 청구할인]
- 전월 이용실적 조건 및 할인한도 없음
- 국내외겸용 카드에 한하여 제공
- 해외이용 시 별도의 수수료가 부과되며, 자세한 내용은 '해외이용 확인사항' 참조
- 해외 온라인 사이트에서 국내 가맹점(결제대행업체(PG))으로 결제되는 경우 국내 할인으로 제공됩니다.",해외 3.5% 할인,"[해외 가맹점 3.5% 청구할인]
- 전월 이용실적 조건 및 할인한도 없음
- 국내외겸용 카드에 한하여 제공
- 해외이용 시 별도의 수수료가 부과되며, 자세한 내용은 '해외이용 확인사항' 참조
- 해외 온라인 사이트에서 국내 가맹점(결제대행업체(PG))으로 결제되는 경우 국내 할인으로 제공됩니다.",2026-06-05
09137_B0002,9137,주요혜택,국내 혜택,국내 가맹점 청구할인,기타,22,Both,할인,0.5,%,국내 가맹점,,0,,,,,,,,,"[국내 가맹점 0.5% 청구할인]
- 전월 이용실적 조건 및 할인한도 없음",국내 가맹점 0.5% 할인,"[국내 가맹점 0.5% 청구할인]
- 전월 이용실적 조건 및 할인한도 없음",2026-06-05
09174_B0001,9174,주요혜택,스타벅스 50% 청구할인,스타벅스 50% 청구할인,카페/베이커리,14,Both,할인,50,%,스타벅스,전월 실적 30만원 이상,300000,,,,10000,원,,,,"[스타벅스 50% 청구할인]
- 월 할인한도: 1만원
  상품권 구매 및 건물 내 임대매장 이용금액은 서비스 제외
- Great 서비스는 전월 이용실적 30만원 이상 시 제공됩니다.
  최초 카드 사용등록일로부터 다음 달 말일까지 청춘대로 톡톡카드 이용 실적이 없는 경우에도 해당하는 서비스가 제공됩니다.",카페/베이커리 50% 할인,"[스타벅스 50% 청구할인]
- 월 할인한도: 1만원
  상품권 구매 및 건물 내 임대매장 이용금액은 서비스 제외
- Great 서비스는 전월 이용실적 30만원 이상 시 제공됩니다.
  최초 카드 사용등록일로부터 다음 달 말일까지 청춘대로 톡톡카드 이용 실적이 없는 경우에도 해당하는 서비스가 제공됩니다.",2026-06-05
09174_B0002,9174,주요혜택,버거/패스트푸드 업종 20% 청구할인,버거/패스트푸드 20% 청구할인,외식,16,Offline,할인,20,%,"맥도날드, 버거킹, 롯데리아 등",전월 실적 30만원 이상,300000,,,,5000,원,,,,"[버거/패스트푸드 업종 20% 청구할인]
- 월 할인한도: 5천원
- 버거/패스트푸드 업종: 맥도날드, 버거킹, 롯데리아 등
  상품권 구매 및 건물 내 임대매장 이용금액은 서비스 제외
- Enjoy 서비스는 전월 이용실적 30만원 이상 시 제공됩니다.
  최초 카드 사용등록일로부터 다음 달 말일까지 청춘대로 톡톡카드 이용 실적이 없는 경우에도 해당하는 서비스가 제공됩니다.",외식 20% 할인,"[버거/패스트푸드 업종 20% 청구할인]
- 월 할인한도: 5천원
- 버거/패스트푸드 업종: 맥도날드, 버거킹, 롯데리아 등
  상품권 구매 및 건물 내 임대매장 이용금액은 서비스 제외
- Enjoy 서비스는 전월 이용실적 30만원 이상 시 제공됩니다.
  최초 카드 사용등록일로부터 다음 달 말일까지 청춘대로 톡톡카드 이용 실적이 없는 경우에도 해당하는 서비스가 제공됩니다.",2026-06-05
09174_B0003,9174,주요혜택,간편결제 10% 청구할인,간편결제 10% 청구할인,페이/간편결제,10,Both,할인,10,%,"삼성페이, 네이버페이, 카카오페이, KB Pay 등",전월 실적 30만원 이상,300000,,,,5000,원,,,,"[간편결제 10% 청구할인]
- 월 할인한도: 5천원
  간편결제(Pay) : 온/오프라인에서 이용되는 모든 간편결제로서, 삼성페이, 네이버페이, 카카오페이, KB Pay 등
  (단, ISP, MISP 이용금액은 제외)
- 간편결제(Pay) 할인서비스는 타 서비스와 동시적용 가능하며, 이 경우 할인한도는 각각 차감됩니다.
  예) 스타벅스에서 삼성페이로 10,000원 이용 시
  → 스타벅스에서 50% 청구할인(5,000원) + 간편결제(Pay) 10% 청구할인(1,000원) = 60% (6,000원) 청구할인
  → 스타벅스 월 할인한도 5,000원 차감 / 간편결제(Pay) 월 할인한도 1,000원 차감
- Check 서비스는 전월 이용실적 30만원 이상 시 제공됩니다.
  최초 카드 사용등록일로부터 다음 달 말일까지 청춘대로 톡톡카드 이용 실적이 없는 경우에도 해당하는 서비스가 제공됩니다.",페이/간편결제 10% 할인,"[간편결제 10% 청구할인]
- 월 할인한도: 5천원
  간편결제(Pay) : 온/오프라인에서 이용되는 모든 간편결제로서, 삼성페이, 네이버페이, 카카오페이, KB Pay 등
  (단, ISP, MISP 이용금액은 제외)
- 간편결제(Pay) 할인서비스는 타 서비스와 동시적용 가능하며, 이 경우 할인한도는 각각 차감됩니다.
  예) 스타벅스에서 삼성페이로 10,000원 이용 시
  → 스타벅스에서 50% 청구할인(5,000원) + 간편결제(Pay) 10% 청구할인(1,000원) = 60% (6,000원) 청구할인
  → 스타벅스 월 할인한도 5,000원 차감 / 간편결제(Pay) 월 할인한도 1,000원 차감
- Check 서비스는 전월 이용실적 30만원 이상 시 제공됩니다.
  최초 카드 사용등록일로부터 다음 달 말일까지 청춘대로 톡톡카드 이용 실적이 없는 경우에도 해당하는 서비스가 제공됩니다.",2026-06-05
09174_B0004,9174,주요혜택,"대중교통, 택시, 이동통신요금 10% 청구할인",대중교통·택시·이동통신 할인,대중교통/택시,5,Both,할인,10,%,"대중교통, 택시",전월 실적 30만원 이상,300000,,,,,,5000,원,,"[대중교통, 택시, 이동통신요금 10% 청구할인]
- 월 할인한도: 5천원
- SKT, KT Olleh, LG U+ 이동통신요금 자동납부
  인터넷, IPTV 등 결합상품 및 알뜰폰은 서비스 제외
- 대중교통, 택시 요금
  시외버스,고속버스,모바일티머니(후불형) 서비스 제외
  버스/지하철 요금은 실제 카드 사용일이 아닌 이용대금명세서 상 기재된 이용일 기준으로 서비스 제공
- Basic 서비스는 전월 이용실적 30만원 이상 시 제공됩니다.
  최초 카드 사용등록일로부터 다음 달 말일까지 청춘대로 톡톡카드 이용 실적이 없는 경우에도 해당하는 서비스가 제공됩니다.",대중교통/택시 10% 할인,"[대중교통, 택시, 이동통신요금 10% 청구할인]
- 월 할인한도: 5천원
- SKT, KT Olleh, LG U+ 이동통신요금 자동납부
  인터넷, IPTV 등 결합상품 및 알뜰폰은 서비스 제외
- 대중교통, 택시 요금
  시외버스,고속버스,모바일티머니(후불형) 서비스 제외
  버스/지하철 요금은 실제 카드 사용일이 아닌 이용대금명세서 상 기재된 이용일 기준으로 서비스 제공
- Basic 서비스는 전월 이용실적 30만원 이상 시 제공됩니다.
  최초 카드 사용등록일로부터 다음 달 말일까지 청춘대로 톡톡카드 이용 실적이 없는 경우에도 해당하는 서비스가 제공됩니다.",2026-06-05
09174_B0005,9174,주요혜택,"대중교통, 택시, 이동통신요금 10% 청구할인",이동통신요금 할인,생활비,12,Both,할인,10,%,"SKT, KT Olleh, LG U+",전월 실적 30만원 이상,300000,,,,,,5000,원,,"[대중교통, 택시, 이동통신요금 10% 청구할인]
- 월 할인한도: 5천원
- SKT, KT Olleh, LG U+ 이동통신요금 자동납부
  인터넷, IPTV 등 결합상품 및 알뜰폰은 서비스 제외
- 대중교통, 택시 요금
  시외버스,고속버스,모바일티머니(후불형) 서비스 제외
  버스/지하철 요금은 실제 카드 사용일이 아닌 이용대금명세서 상 기재된 이용일 기준으로 서비스 제공
- Basic 서비스는 전월 이용실적 30만원 이상 시 제공됩니다.
  최초 카드 사용등록일로부터 다음 달 말일까지 청춘대로 톡톡카드 이용 실적이 없는 경우에도 해당하는 서비스가 제공됩니다.",생활비 10% 할인,"[대중교통, 택시, 이동통신요금 10% 청구할인]
- 월 할인한도: 5천원
- SKT, KT Olleh, LG U+ 이동통신요금 자동납부
  인터넷, IPTV 등 결합상품 및 알뜰폰은 서비스 제외
- 대중교통, 택시 요금
  시외버스,고속버스,모바일티머니(후불형) 서비스 제외
  버스/지하철 요금은 실제 카드 사용일이 아닌 이용대금명세서 상 기재된 이용일 기준으로 서비스 제공
- Basic 서비스는 전월 이용실적 30만원 이상 시 제공됩니다.
  최초 카드 사용등록일로부터 다음 달 말일까지 청춘대로 톡톡카드 이용 실적이 없는 경우에도 해당하는 서비스가 제공됩니다.",2026-06-05
09244_B0001,9244,주요혜택,Easy on 특화서비스 - 푸드,Easy on 특화서비스 5% 할인,외식,16,Both,할인,5,%,"한식, 중식, 일식, 양식, 뷔페, 패밀리레스토랑, 패스트푸드 등",전월 실적 50만원 이상 100만원 미만,500000,1000000,,,5000,,,원,,"[Easy on 특화서비스]
<table class=""benefit-table""><tr><th rowspan=""2"">구분</th><th rowspan=""2"">할인율</th><th colspan=""2"">전월 이용실적에 따른 월 할인 한도</th></tr><tr><th>1구간 (50만원 이상)</th><th>2구간 (100만원 이상)</th></tr><tr><th>푸드</th><td>5%</td><td>5천원</td><td>1만원</td></tr></table>
- 푸드 : 음식 업종 한식, 중식, 일식/생선회집, 양식, 뷔페, 패밀리레스토랑, 일반음식점, 패스트푸드 등 음식 업종",외식 5% 할인,"[Easy on 특화서비스]
<table class=""benefit-table""><tr><th rowspan=""2"">구분</th><th rowspan=""2"">할인율</th><th colspan=""2"">전월 이용실적에 따른 월 할인 한도</th></tr><tr><th>1구간 (50만원 이상)</th><th>2구간 (100만원 이상)</th></tr><tr><th>푸드</th><td>5%</td><td>5천원</td><td>1만원</td></tr></table>
- 푸드 : 음식 업종 한식, 중식, 일식/생선회집, 양식, 뷔페, 패밀리레스토랑, 일반음식점, 패스트푸드 등 음식 업종",2026-06-06
09244_B0002,9244,주요혜택,Easy on 특화서비스 - 푸드,Easy on 특화서비스 5% 할인,외식,16,Both,할인,5,%,"한식, 중식, 일식, 양식, 뷔페, 패밀리레스토랑, 패스트푸드 등",전월 실적 100만원 이상,1000000,,,,10000,,,원,,"[Easy on 특화서비스]
<table class=""benefit-table""><tr><th rowspan=""2"">구분</th><th rowspan=""2"">할인율</th><th colspan=""2"">전월 이용실적에 따른 월 할인 한도</th></tr><tr><th>1구간 (50만원 이상)</th><th>2구간 (100만원 이상)</th></tr><tr><th>푸드</th><td>5%</td><td>5천원</td><td>1만원</td></tr></table>
- 푸드 : 음식 업종 한식, 중식, 일식/생선회집, 양식, 뷔페, 패밀리레스토랑, 일반음식점, 패스트푸드 등 음식 업종",외식 5% 할인,"[Easy on 특화서비스]
<table class=""benefit-table""><tr><th rowspan=""2"">구분</th><th rowspan=""2"">할인율</th><th colspan=""2"">전월 이용실적에 따른 월 할인 한도</th></tr><tr><th>1구간 (50만원 이상)</th><th>2구간 (100만원 이상)</th></tr><tr><th>푸드</th><td>5%</td><td>5천원</td><td>1만원</td></tr></table>
- 푸드 : 음식 업종 한식, 중식, 일식/생선회집, 양식, 뷔페, 패밀리레스토랑, 일반음식점, 패스트푸드 등 음식 업종",2026-06-06
09244_B0003,9244,주요혜택,Easy on 특화서비스 - 쇼핑/배달/백화점,Easy on 특화서비스 5% 할인,온라인쇼핑,1,Online,할인,5,%,"G마켓, 옥션, 11번가, 쿠팡, 티몬, 위메프",전월 실적 50만원 이상 100만원 미만,500000,1000000,,,,,5000,원,,"[Easy on 특화서비스]
<table class=""benefit-table""><tr><th rowspan=""2"">구분</th><th rowspan=""2"">할인율</th><th colspan=""2"">전월 이용실적에 따른 월 할인 한도</th></tr><tr><th>1구간 (50만원 이상)</th><th>2구간 (100만원 이상)</th></tr><tr><th>인터넷쇼핑몰/소셜커머스/배달앱/백화점</th><td>5%</td><td>5천원</td><td>1만원</td></tr></table>
- 인터넷 쇼핑몰 : G마켓, 옥션, 11번가 상품권, 여행, 항공권, 티켓, 도서 이용금액 서비스 제외
- 소셜커머스 : 쿠팡, 티몬, 위메프 상품권, 여행, 항공권, 티켓, 도서 이용금액 서비스 제외
- 배달앱 : 배달의민족, 마켓컬리 배달의 민족에서 결제수단 > 다른결제수단 > 신용/체크결제, 마켓컬리에서 신용카드 결제수단 이용 시 서비스 제공
- 백화점 : 롯데, 신세계, 현대 오프라인 매장에 한하며 온라인몰, 상품권 구매 이용금액 서비스 제외",온라인쇼핑 5% 할인,"[Easy on 특화서비스]
<table class=""benefit-table""><tr><th rowspan=""2"">구분</th><th rowspan=""2"">할인율</th><th colspan=""2"">전월 이용실적에 따른 월 할인 한도</th></tr><tr><th>1구간 (50만원 이상)</th><th>2구간 (100만원 이상)</th></tr><tr><th>인터넷쇼핑몰/소셜커머스/배달앱/백화점</th><td>5%</td><td>5천원</td><td>1만원</td></tr></table>
- 인터넷 쇼핑몰 : G마켓, 옥션, 11번가 상품권, 여행, 항공권, 티켓, 도서 이용금액 서비스 제외
- 소셜커머스 : 쿠팡, 티몬, 위메프 상품권, 여행, 항공권, 티켓, 도서 이용금액 서비스 제외
- 배달앱 : 배달의민족, 마켓컬리 배달의 민족에서 결제수단 > 다른결제수단 > 신용/체크결제, 마켓컬리에서 신용카드 결제수단 이용 시 서비스 제공
- 백화점 : 롯데, 신세계, 현대 오프라인 매장에 한하며 온라인몰, 상품권 구매 이용금액 서비스 제외",2026-06-06
09244_B0004,9244,주요혜택,Easy on 특화서비스 - 쇼핑/배달/백화점,Easy on 특화서비스 5% 할인,온라인쇼핑,1,Online,할인,5,%,"G마켓, 옥션, 11번가, 쿠팡, 티몬, 위메프",전월 실적 100만원 이상,1000000,,,,,,10000,원,,"[Easy on 특화서비스]
<table class=""benefit-table""><tr><th rowspan=""2"">구분</th><th rowspan=""2"">할인율</th><th colspan=""2"">전월 이용실적에 따른 월 할인 한도</th></tr><tr><th>1구간 (50만원 이상)</th><th>2구간 (100만원 이상)</th></tr><tr><th>인터넷쇼핑몰/소셜커머스/배달앱/백화점</th><td>5%</td><td>5천원</td><td>1만원</td></tr></table>
- 인터넷 쇼핑몰 : G마켓, 옥션, 11번가 상품권, 여행, 항공권, 티켓, 도서 이용금액 서비스 제외
- 소셜커머스 : 쿠팡, 티몬, 위메프 상품권, 여행, 항공권, 티켓, 도서 이용금액 서비스 제외
- 배달앱 : 배달의민족, 마켓컬리 배달의 민족에서 결제수단 > 다른결제수단 > 신용/체크결제, 마켓컬리에서 신용카드 결제수단 이용 시 서비스 제공
- 백화점 : 롯데, 신세계, 현대 오프라인 매장에 한하며 온라인몰, 상품권 구매 이용금액 서비스 제외",온라인쇼핑 5% 할인,"[Easy on 특화서비스]
<table class=""benefit-table""><tr><th rowspan=""2"">구분</th><th rowspan=""2"">할인율</th><th colspan=""2"">전월 이용실적에 따른 월 할인 한도</th></tr><tr><th>1구간 (50만원 이상)</th><th>2구간 (100만원 이상)</th></tr><tr><th>인터넷쇼핑몰/소셜커머스/배달앱/백화점</th><td>5%</td><td>5천원</td><td>1만원</td></tr></table>
- 인터넷 쇼핑몰 : G마켓, 옥션, 11번가 상품권, 여행, 항공권, 티켓, 도서 이용금액 서비스 제외
- 소셜커머스 : 쿠팡, 티몬, 위메프 상품권, 여행, 항공권, 티켓, 도서 이용금액 서비스 제외
- 배달앱 : 배달의민족, 마켓컬리 배달의 민족에서 결제수단 > 다른결제수단 > 신용/체크결제, 마켓컬리에서 신용카드 결제수단 이용 시 서비스 제공
- 백화점 : 롯데, 신세계, 현대 오프라인 매장에 한하며 온라인몰, 상품권 구매 이용금액 서비스 제외",2026-06-06
09244_B0005,9244,주요혜택,Easy on 특화서비스 - 쇼핑/배달/백화점,Easy on 특화서비스 5% 할인,배달,15,Both,할인,5,%,"배달의민족, 마켓컬리",전월 실적 50만원 이상 100만원 미만,500000,1000000,,,,,5000,원,,"[Easy on 특화서비스]
<table class=""benefit-table""><tr><th rowspan=""2"">구분</th><th rowspan=""2"">할인율</th><th colspan=""2"">전월 이용실적에 따른 월 할인 한도</th></tr><tr><th>1구간 (50만원 이상)</th><th>2구간 (100만원 이상)</th></tr><tr><th>인터넷쇼핑몰/소셜커머스/배달앱/백화점</th><td>5%</td><td>5천원</td><td>1만원</td></tr></table>
- 인터넷 쇼핑몰 : G마켓, 옥션, 11번가 상품권, 여행, 항공권, 티켓, 도서 이용금액 서비스 제외
- 소셜커머스 : 쿠팡, 티몬, 위메프 상품권, 여행, 항공권, 티켓, 도서 이용금액 서비스 제외
- 배달앱 : 배달의민족, 마켓컬리 배달의 민족에서 결제수단 > 다른결제수단 > 신용/체크결제, 마켓컬리에서 신용카드 결제수단 이용 시 서비스 제공
- 백화점 : 롯데, 신세계, 현대 오프라인 매장에 한하며 온라인몰, 상품권 구매 이용금액 서비스 제외",배달 5% 할인,"[Easy on 특화서비스]
<table class=""benefit-table""><tr><th rowspan=""2"">구분</th><th rowspan=""2"">할인율</th><th colspan=""2"">전월 이용실적에 따른 월 할인 한도</th></tr><tr><th>1구간 (50만원 이상)</th><th>2구간 (100만원 이상)</th></tr><tr><th>인터넷쇼핑몰/소셜커머스/배달앱/백화점</th><td>5%</td><td>5천원</td><td>1만원</td></tr></table>
- 인터넷 쇼핑몰 : G마켓, 옥션, 11번가 상품권, 여행, 항공권, 티켓, 도서 이용금액 서비스 제외
- 소셜커머스 : 쿠팡, 티몬, 위메프 상품권, 여행, 항공권, 티켓, 도서 이용금액 서비스 제외
- 배달앱 : 배달의민족, 마켓컬리 배달의 민족에서 결제수단 > 다른결제수단 > 신용/체크결제, 마켓컬리에서 신용카드 결제수단 이용 시 서비스 제공
- 백화점 : 롯데, 신세계, 현대 오프라인 매장에 한하며 온라인몰, 상품권 구매 이용금액 서비스 제외",2026-06-06
09244_B0006,9244,주요혜택,Easy on 특화서비스 - 쇼핑/배달/백화점,Easy on 특화서비스 5% 할인,배달,15,Both,할인,5,%,"배달의민족, 마켓컬리",전월 실적 100만원 이상,1000000,,,,,,10000,원,,"[Easy on 특화서비스]
<table class=""benefit-table""><tr><th rowspan=""2"">구분</th><th rowspan=""2"">할인율</th><th colspan=""2"">전월 이용실적에 따른 월 할인 한도</th></tr><tr><th>1구간 (50만원 이상)</th><th>2구간 (100만원 이상)</th></tr><tr><th>인터넷쇼핑몰/소셜커머스/배달앱/백화점</th><td>5%</td><td>5천원</td><td>1만원</td></tr></table>
- 인터넷 쇼핑몰 : G마켓, 옥션, 11번가 상품권, 여행, 항공권, 티켓, 도서 이용금액 서비스 제외
- 소셜커머스 : 쿠팡, 티몬, 위메프 상품권, 여행, 항공권, 티켓, 도서 이용금액 서비스 제외
- 배달앱 : 배달의민족, 마켓컬리 배달의 민족에서 결제수단 > 다른결제수단 > 신용/체크결제, 마켓컬리에서 신용카드 결제수단 이용 시 서비스 제공
- 백화점 : 롯데, 신세계, 현대 오프라인 매장에 한하며 온라인몰, 상품권 구매 이용금액 서비스 제외",배달 5% 할인,"[Easy on 특화서비스]
<table class=""benefit-table""><tr><th rowspan=""2"">구분</th><th rowspan=""2"">할인율</th><th colspan=""2"">전월 이용실적에 따른 월 할인 한도</th></tr><tr><th>1구간 (50만원 이상)</th><th>2구간 (100만원 이상)</th></tr><tr><th>인터넷쇼핑몰/소셜커머스/배달앱/백화점</th><td>5%</td><td>5천원</td><td>1만원</td></tr></table>
- 인터넷 쇼핑몰 : G마켓, 옥션, 11번가 상품권, 여행, 항공권, 티켓, 도서 이용금액 서비스 제외
- 소셜커머스 : 쿠팡, 티몬, 위메프 상품권, 여행, 항공권, 티켓, 도서 이용금액 서비스 제외
- 배달앱 : 배달의민족, 마켓컬리 배달의 민족에서 결제수단 > 다른결제수단 > 신용/체크결제, 마켓컬리에서 신용카드 결제수단 이용 시 서비스 제공
- 백화점 : 롯데, 신세계, 현대 오프라인 매장에 한하며 온라인몰, 상품권 구매 이용금액 서비스 제외",2026-06-06
09244_B0007,9244,주요혜택,Easy on 특화서비스 - 쇼핑/배달/백화점,Easy on 특화서비스 5% 할인,백화점/아울렛/면세점,4,Offline,할인,5,%,"롯데, 신세계, 현대",전월 실적 50만원 이상 100만원 미만,500000,1000000,,,,,5000,원,,"[Easy on 특화서비스]
<table class=""benefit-table""><tr><th rowspan=""2"">구분</th><th rowspan=""2"">할인율</th><th colspan=""2"">전월 이용실적에 따른 월 할인 한도</th></tr><tr><th>1구간 (50만원 이상)</th><th>2구간 (100만원 이상)</th></tr><tr><th>인터넷쇼핑몰/소셜커머스/배달앱/백화점</th><td>5%</td><td>5천원</td><td>1만원</td></tr></table>
- 인터넷 쇼핑몰 : G마켓, 옥션, 11번가 상품권, 여행, 항공권, 티켓, 도서 이용금액 서비스 제외
- 소셜커머스 : 쿠팡, 티몬, 위메프 상품권, 여행, 항공권, 티켓, 도서 이용금액 서비스 제외
- 배달앱 : 배달의민족, 마켓컬리 배달의 민족에서 결제수단 > 다른결제수단 > 신용/체크결제, 마켓컬리에서 신용카드 결제수단 이용 시 서비스 제공
- 백화점 : 롯데, 신세계, 현대 오프라인 매장에 한하며 온라인몰, 상품권 구매 이용금액 서비스 제외",백화점/아울렛/면세점 5% 할인,"[Easy on 특화서비스]
<table class=""benefit-table""><tr><th rowspan=""2"">구분</th><th rowspan=""2"">할인율</th><th colspan=""2"">전월 이용실적에 따른 월 할인 한도</th></tr><tr><th>1구간 (50만원 이상)</th><th>2구간 (100만원 이상)</th></tr><tr><th>인터넷쇼핑몰/소셜커머스/배달앱/백화점</th><td>5%</td><td>5천원</td><td>1만원</td></tr></table>
- 인터넷 쇼핑몰 : G마켓, 옥션, 11번가 상품권, 여행, 항공권, 티켓, 도서 이용금액 서비스 제외
- 소셜커머스 : 쿠팡, 티몬, 위메프 상품권, 여행, 항공권, 티켓, 도서 이용금액 서비스 제외
- 배달앱 : 배달의민족, 마켓컬리 배달의 민족에서 결제수단 > 다른결제수단 > 신용/체크결제, 마켓컬리에서 신용카드 결제수단 이용 시 서비스 제공
- 백화점 : 롯데, 신세계, 현대 오프라인 매장에 한하며 온라인몰, 상품권 구매 이용금액 서비스 제외",2026-06-06
09244_B0008,9244,주요혜택,Easy on 특화서비스 - 쇼핑/배달/백화점,Easy on 특화서비스 5% 할인,백화점/아울렛/면세점,4,Offline,할인,5,%,"롯데, 신세계, 현대",전월 실적 100만원 이상,1000000,,,,,,10000,원,,"[Easy on 특화서비스]
<table class=""benefit-table""><tr><th rowspan=""2"">구분</th><th rowspan=""2"">할인율</th><th colspan=""2"">전월 이용실적에 따른 월 할인 한도</th></tr><tr><th>1구간 (50만원 이상)</th><th>2구간 (100만원 이상)</th></tr><tr><th>인터넷쇼핑몰/소셜커머스/배달앱/백화점</th><td>5%</td><td>5천원</td><td>1만원</td></tr></table>
- 인터넷 쇼핑몰 : G마켓, 옥션, 11번가 상품권, 여행, 항공권, 티켓, 도서 이용금액 서비스 제외
- 소셜커머스 : 쿠팡, 티몬, 위메프 상품권, 여행, 항공권, 티켓, 도서 이용금액 서비스 제외
- 배달앱 : 배달의민족, 마켓컬리 배달의 민족에서 결제수단 > 다른결제수단 > 신용/체크결제, 마켓컬리에서 신용카드 결제수단 이용 시 서비스 제공
- 백화점 : 롯데, 신세계, 현대 오프라인 매장에 한하며 온라인몰, 상품권 구매 이용금액 서비스 제외",백화점/아울렛/면세점 5% 할인,"[Easy on 특화서비스]
<table class=""benefit-table""><tr><th rowspan=""2"">구분</th><th rowspan=""2"">할인율</th><th colspan=""2"">전월 이용실적에 따른 월 할인 한도</th></tr><tr><th>1구간 (50만원 이상)</th><th>2구간 (100만원 이상)</th></tr><tr><th>인터넷쇼핑몰/소셜커머스/배달앱/백화점</th><td>5%</td><td>5천원</td><td>1만원</td></tr></table>
- 인터넷 쇼핑몰 : G마켓, 옥션, 11번가 상품권, 여행, 항공권, 티켓, 도서 이용금액 서비스 제외
- 소셜커머스 : 쿠팡, 티몬, 위메프 상품권, 여행, 항공권, 티켓, 도서 이용금액 서비스 제외
- 배달앱 : 배달의민족, 마켓컬리 배달의 민족에서 결제수단 > 다른결제수단 > 신용/체크결제, 마켓컬리에서 신용카드 결제수단 이용 시 서비스 제공
- 백화점 : 롯데, 신세계, 현대 오프라인 매장에 한하며 온라인몰, 상품권 구매 이용금액 서비스 제외",2026-06-06
09244_B0009,9244,주요혜택,Easy on 특화서비스 - 커피/편의점,Easy on 특화서비스 5% 할인,카페/베이커리,14,Both,할인,5,%,"스타벅스, 커피빈, 제과, 아이스크림 업종",전월 실적 50만원 이상 100만원 미만,500000,1000000,,,,,5000,원,,"[Easy on 특화서비스]
<table class=""benefit-table""><tr><th rowspan=""2"">구분</th><th rowspan=""2"">할인율</th><th colspan=""2"">전월 이용실적에 따른 월 할인 한도</th></tr><tr><th>1구간 (50만원 이상)</th><th>2구간 (100만원 이상)</th></tr><tr><th>커피/편의점/제과/아이스크림점</th><td>5%</td><td>5천원</td><td>1만원</td></tr></table>
- 커피 : 스타벅스(사이렌오더 포함), 커피빈 상품권 구입(사이렌오더 선물하기) 및 선불식 충전카드 이용금액, 백화점, 대형마트 등에 입점한 일부 가맹점의 경우 서비스 제외
- 편의점 : GS25, CU 백화점, 대형마트 등에 입점한 일부 가맹점의 경우 서비스 제외
- 제과 아이스크림 업종 백화점, 대형마트 등에 입점한 일부 가맹점의 경우 서비스 제외",카페/베이커리 5% 할인,"[Easy on 특화서비스]
<table class=""benefit-table""><tr><th rowspan=""2"">구분</th><th rowspan=""2"">할인율</th><th colspan=""2"">전월 이용실적에 따른 월 할인 한도</th></tr><tr><th>1구간 (50만원 이상)</th><th>2구간 (100만원 이상)</th></tr><tr><th>커피/편의점/제과/아이스크림점</th><td>5%</td><td>5천원</td><td>1만원</td></tr></table>
- 커피 : 스타벅스(사이렌오더 포함), 커피빈 상품권 구입(사이렌오더 선물하기) 및 선불식 충전카드 이용금액, 백화점, 대형마트 등에 입점한 일부 가맹점의 경우 서비스 제외
- 편의점 : GS25, CU 백화점, 대형마트 등에 입점한 일부 가맹점의 경우 서비스 제외
- 제과 아이스크림 업종 백화점, 대형마트 등에 입점한 일부 가맹점의 경우 서비스 제외",2026-06-06
09244_B0010,9244,주요혜택,Easy on 특화서비스 - 커피/편의점,Easy on 특화서비스 5% 할인,카페/베이커리,14,Both,할인,5,%,"스타벅스, 커피빈, 제과, 아이스크림 업종",전월 실적 100만원 이상,1000000,,,,,,10000,원,,"[Easy on 특화서비스]
<table class=""benefit-table""><tr><th rowspan=""2"">구분</th><th rowspan=""2"">할인율</th><th colspan=""2"">전월 이용실적에 따른 월 할인 한도</th></tr><tr><th>1구간 (50만원 이상)</th><th>2구간 (100만원 이상)</th></tr><tr><th>커피/편의점/제과/아이스크림점</th><td>5%</td><td>5천원</td><td>1만원</td></tr></table>
- 커피 : 스타벅스(사이렌오더 포함), 커피빈 상품권 구입(사이렌오더 선물하기) 및 선불식 충전카드 이용금액, 백화점, 대형마트 등에 입점한 일부 가맹점의 경우 서비스 제외
- 편의점 : GS25, CU 백화점, 대형마트 등에 입점한 일부 가맹점의 경우 서비스 제외
- 제과 아이스크림 업종 백화점, 대형마트 등에 입점한 일부 가맹점의 경우 서비스 제외",카페/베이커리 5% 할인,"[Easy on 특화서비스]
<table class=""benefit-table""><tr><th rowspan=""2"">구분</th><th rowspan=""2"">할인율</th><th colspan=""2"">전월 이용실적에 따른 월 할인 한도</th></tr><tr><th>1구간 (50만원 이상)</th><th>2구간 (100만원 이상)</th></tr><tr><th>커피/편의점/제과/아이스크림점</th><td>5%</td><td>5천원</td><td>1만원</td></tr></table>
- 커피 : 스타벅스(사이렌오더 포함), 커피빈 상품권 구입(사이렌오더 선물하기) 및 선불식 충전카드 이용금액, 백화점, 대형마트 등에 입점한 일부 가맹점의 경우 서비스 제외
- 편의점 : GS25, CU 백화점, 대형마트 등에 입점한 일부 가맹점의 경우 서비스 제외
- 제과 아이스크림 업종 백화점, 대형마트 등에 입점한 일부 가맹점의 경우 서비스 제외",2026-06-06
09244_B0011,9244,주요혜택,Easy on 특화서비스 - 커피/편의점,Easy on 특화서비스 5% 할인,편의점,13,Both,할인,5,%,"GS25, CU",전월 실적 50만원 이상 100만원 미만,500000,1000000,,,,,5000,원,,"[Easy on 특화서비스]
<table class=""benefit-table""><tr><th rowspan=""2"">구분</th><th rowspan=""2"">할인율</th><th colspan=""2"">전월 이용실적에 따른 월 할인 한도</th></tr><tr><th>1구간 (50만원 이상)</th><th>2구간 (100만원 이상)</th></tr><tr><th>커피/편의점/제과/아이스크림점</th><td>5%</td><td>5천원</td><td>1만원</td></tr></table>
- 커피 : 스타벅스(사이렌오더 포함), 커피빈 상품권 구입(사이렌오더 선물하기) 및 선불식 충전카드 이용금액, 백화점, 대형마트 등에 입점한 일부 가맹점의 경우 서비스 제외
- 편의점 : GS25, CU 백화점, 대형마트 등에 입점한 일부 가맹점의 경우 서비스 제외
- 제과 아이스크림 업종 백화점, 대형마트 등에 입점한 일부 가맹점의 경우 서비스 제외",편의점 5% 할인,"[Easy on 특화서비스]
<table class=""benefit-table""><tr><th rowspan=""2"">구분</th><th rowspan=""2"">할인율</th><th colspan=""2"">전월 이용실적에 따른 월 할인 한도</th></tr><tr><th>1구간 (50만원 이상)</th><th>2구간 (100만원 이상)</th></tr><tr><th>커피/편의점/제과/아이스크림점</th><td>5%</td><td>5천원</td><td>1만원</td></tr></table>
- 커피 : 스타벅스(사이렌오더 포함), 커피빈 상품권 구입(사이렌오더 선물하기) 및 선불식 충전카드 이용금액, 백화점, 대형마트 등에 입점한 일부 가맹점의 경우 서비스 제외
- 편의점 : GS25, CU 백화점, 대형마트 등에 입점한 일부 가맹점의 경우 서비스 제외
- 제과 아이스크림 업종 백화점, 대형마트 등에 입점한 일부 가맹점의 경우 서비스 제외",2026-06-06
09244_B0012,9244,주요혜택,Easy on 특화서비스 - 커피/편의점,Easy on 특화서비스 5% 할인,편의점,13,Both,할인,5,%,"GS25, CU",전월 실적 100만원 이상,1000000,,,,,,10000,원,,"[Easy on 특화서비스]
<table class=""benefit-table""><tr><th rowspan=""2"">구분</th><th rowspan=""2"">할인율</th><th colspan=""2"">전월 이용실적에 따른 월 할인 한도</th></tr><tr><th>1구간 (50만원 이상)</th><th>2구간 (100만원 이상)</th></tr><tr><th>커피/편의점/제과/아이스크림점</th><td>5%</td><td>5천원</td><td>1만원</td></tr></table>
- 커피 : 스타벅스(사이렌오더 포함), 커피빈 상품권 구입(사이렌오더 선물하기) 및 선불식 충전카드 이용금액, 백화점, 대형마트 등에 입점한 일부 가맹점의 경우 서비스 제외
- 편의점 : GS25, CU 백화점, 대형마트 등에 입점한 일부 가맹점의 경우 서비스 제외
- 제과 아이스크림 업종 백화점, 대형마트 등에 입점한 일부 가맹점의 경우 서비스 제외",편의점 5% 할인,"[Easy on 특화서비스]
<table class=""benefit-table""><tr><th rowspan=""2"">구분</th><th rowspan=""2"">할인율</th><th colspan=""2"">전월 이용실적에 따른 월 할인 한도</th></tr><tr><th>1구간 (50만원 이상)</th><th>2구간 (100만원 이상)</th></tr><tr><th>커피/편의점/제과/아이스크림점</th><td>5%</td><td>5천원</td><td>1만원</td></tr></table>
- 커피 : 스타벅스(사이렌오더 포함), 커피빈 상품권 구입(사이렌오더 선물하기) 및 선불식 충전카드 이용금액, 백화점, 대형마트 등에 입점한 일부 가맹점의 경우 서비스 제외
- 편의점 : GS25, CU 백화점, 대형마트 등에 입점한 일부 가맹점의 경우 서비스 제외
- 제과 아이스크림 업종 백화점, 대형마트 등에 입점한 일부 가맹점의 경우 서비스 제외",2026-06-06
09244_B0013,9244,주요혜택,Easy on Plus 서비스 - 대중교통/이동통신,대중교통 5% 할인,대중교통/택시,5,Offline,할인,5,%,"버스, 지하철",전월 실적 50만원 이상,500000,1000000,,,,,5000,원,,"[Easy on Plus 서비스]
<table class=""benefit-table""><tr><th rowspan=""2"">구분</th><th rowspan=""2"">할인율</th><th colspan=""2"">전월 이용실적에 따른 월 할인 한도</th></tr><tr><th>1구간 (50만원 이상)</th><th>2구간 (100만원 이상)</th></tr><tr><th>대중교통/이동통신</th><td>5%</td><td colspan=""2"">5천원</td></tr></table>
- 대중교통: 버스/지하철 시외버스, 고속버스, 공항버스 이용금액 제외 버스/지하철 요금은 실제 카드 사용일이 아닌 이용대금명세서상 기재된 이용일 기준으로 서비스 적용
- 이동통신: SKT, KT, LG U+ 이동통신요금 자동이체 이동통신요금, 유선전화, 인터넷 결합상품 포함 알뜰폰 이용금액 서비스 제외",대중교통/택시 5% 할인,"[Easy on Plus 서비스]
<table class=""benefit-table""><tr><th rowspan=""2"">구분</th><th rowspan=""2"">할인율</th><th colspan=""2"">전월 이용실적에 따른 월 할인 한도</th></tr><tr><th>1구간 (50만원 이상)</th><th>2구간 (100만원 이상)</th></tr><tr><th>대중교통/이동통신</th><td>5%</td><td colspan=""2"">5천원</td></tr></table>
- 대중교통: 버스/지하철 시외버스, 고속버스, 공항버스 이용금액 제외 버스/지하철 요금은 실제 카드 사용일이 아닌 이용대금명세서상 기재된 이용일 기준으로 서비스 적용
- 이동통신: SKT, KT, LG U+ 이동통신요금 자동이체 이동통신요금, 유선전화, 인터넷 결합상품 포함 알뜰폰 이용금액 서비스 제외",2026-06-06
09244_B0014,9244,주요혜택,Easy on Plus 서비스 - 대중교통/이동통신,대중교통 5% 할인,대중교통/택시,5,Offline,할인,5,%,"버스, 지하철",전월 실적 100만원 이상,1000000,,,,,,5000,원,,"[Easy on Plus 서비스]
<table class=""benefit-table""><tr><th rowspan=""2"">구분</th><th rowspan=""2"">할인율</th><th colspan=""2"">전월 이용실적에 따른 월 할인 한도</th></tr><tr><th>1구간 (50만원 이상)</th><th>2구간 (100만원 이상)</th></tr><tr><th>대중교통/이동통신</th><td>5%</td><td colspan=""2"">5천원</td></tr></table>
- 대중교통: 버스/지하철 시외버스, 고속버스, 공항버스 이용금액 제외 버스/지하철 요금은 실제 카드 사용일이 아닌 이용대금명세서상 기재된 이용일 기준으로 서비스 적용
- 이동통신: SKT, KT, LG U+ 이동통신요금 자동이체 이동통신요금, 유선전화, 인터넷 결합상품 포함 알뜰폰 이용금액 서비스 제외",대중교통/택시 5% 할인,"[Easy on Plus 서비스]
<table class=""benefit-table""><tr><th rowspan=""2"">구분</th><th rowspan=""2"">할인율</th><th colspan=""2"">전월 이용실적에 따른 월 할인 한도</th></tr><tr><th>1구간 (50만원 이상)</th><th>2구간 (100만원 이상)</th></tr><tr><th>대중교통/이동통신</th><td>5%</td><td colspan=""2"">5천원</td></tr></table>
- 대중교통: 버스/지하철 시외버스, 고속버스, 공항버스 이용금액 제외 버스/지하철 요금은 실제 카드 사용일이 아닌 이용대금명세서상 기재된 이용일 기준으로 서비스 적용
- 이동통신: SKT, KT, LG U+ 이동통신요금 자동이체 이동통신요금, 유선전화, 인터넷 결합상품 포함 알뜰폰 이용금액 서비스 제외",2026-06-06
09244_B0015,9244,주요혜택,Easy on Plus 서비스 - 대중교통/이동통신,이동통신 5% 할인,생활비,12,Both,할인,5,%,"SKT, KT, LG U+ 이동통신요금",전월 실적 50만원 이상,500000,1000000,,,,,5000,원,,"[Easy on Plus 서비스]
<table class=""benefit-table""><tr><th rowspan=""2"">구분</th><th rowspan=""2"">할인율</th><th colspan=""2"">전월 이용실적에 따른 월 할인 한도</th></tr><tr><th>1구간 (50만원 이상)</th><th>2구간 (100만원 이상)</th></tr><tr><th>대중교통/이동통신</th><td>5%</td><td colspan=""2"">5천원</td></tr></table>
- 대중교통: 버스/지하철 시외버스, 고속버스, 공항버스 이용금액 제외 버스/지하철 요금은 실제 카드 사용일이 아닌 이용대금명세서상 기재된 이용일 기준으로 서비스 적용
- 이동통신: SKT, KT, LG U+ 이동통신요금 자동이체 이동통신요금, 유선전화, 인터넷 결합상품 포함 알뜰폰 이용금액 서비스 제외",생활비 5% 할인,"[Easy on Plus 서비스]
<table class=""benefit-table""><tr><th rowspan=""2"">구분</th><th rowspan=""2"">할인율</th><th colspan=""2"">전월 이용실적에 따른 월 할인 한도</th></tr><tr><th>1구간 (50만원 이상)</th><th>2구간 (100만원 이상)</th></tr><tr><th>대중교통/이동통신</th><td>5%</td><td colspan=""2"">5천원</td></tr></table>
- 대중교통: 버스/지하철 시외버스, 고속버스, 공항버스 이용금액 제외 버스/지하철 요금은 실제 카드 사용일이 아닌 이용대금명세서상 기재된 이용일 기준으로 서비스 적용
- 이동통신: SKT, KT, LG U+ 이동통신요금 자동이체 이동통신요금, 유선전화, 인터넷 결합상품 포함 알뜰폰 이용금액 서비스 제외",2026-06-06
09244_B0016,9244,주요혜택,Easy on Plus 서비스 - 대중교통/이동통신,이동통신 5% 할인,생활비,12,Both,할인,5,%,"SKT, KT, LG U+ 이동통신요금",전월 실적 100만원 이상,1000000,,,,,,5000,원,,"[Easy on Plus 서비스]
<table class=""benefit-table""><tr><th rowspan=""2"">구분</th><th rowspan=""2"">할인율</th><th colspan=""2"">전월 이용실적에 따른 월 할인 한도</th></tr><tr><th>1구간 (50만원 이상)</th><th>2구간 (100만원 이상)</th></tr><tr><th>대중교통/이동통신</th><td>5%</td><td colspan=""2"">5천원</td></tr></table>
- 대중교통: 버스/지하철 시외버스, 고속버스, 공항버스 이용금액 제외 버스/지하철 요금은 실제 카드 사용일이 아닌 이용대금명세서상 기재된 이용일 기준으로 서비스 적용
- 이동통신: SKT, KT, LG U+ 이동통신요금 자동이체 이동통신요금, 유선전화, 인터넷 결합상품 포함 알뜰폰 이용금액 서비스 제외",생활비 5% 할인,"[Easy on Plus 서비스]
<table class=""benefit-table""><tr><th rowspan=""2"">구분</th><th rowspan=""2"">할인율</th><th colspan=""2"">전월 이용실적에 따른 월 할인 한도</th></tr><tr><th>1구간 (50만원 이상)</th><th>2구간 (100만원 이상)</th></tr><tr><th>대중교통/이동통신</th><td>5%</td><td colspan=""2"">5천원</td></tr></table>
- 대중교통: 버스/지하철 시외버스, 고속버스, 공항버스 이용금액 제외 버스/지하철 요금은 실제 카드 사용일이 아닌 이용대금명세서상 기재된 이용일 기준으로 서비스 적용
- 이동통신: SKT, KT, LG U+ 이동통신요금 자동이체 이동통신요금, 유선전화, 인터넷 결합상품 포함 알뜰폰 이용금액 서비스 제외",2026-06-06
09244_B0017,9244,주요혜택,Easy on Plus 서비스 - 음원/숙박,온라인음원 5% 할인,구독/스트리밍,8,Online,할인,5,%,"멜론, 지니",전월 실적 50만원 이상,500000,1000000,,,,,5000,원,,"[Easy on Plus 서비스]
<table class=""benefit-table""><tr><th rowspan=""2"">구분</th><th rowspan=""2"">할인율</th><th colspan=""2"">전월 이용실적에 따른 월 할인 한도</th></tr><tr><th>1구간 (50만원 이상)</th><th>2구간 (100만원 이상)</th></tr><tr><th>온라인음원, 숙박App</th><td>5%</td><td colspan=""2"">5천원</td></tr></table>
- 온라인 음원 : 멜론, 지니 음악서비스 이용권 구매시에만 할인 적용되며, 간편결제(pay) 서비스를 통한 이용금액 할인 제외
- 숙박 App : 야놀자, 여기어때, 데일리호텔",구독/스트리밍 5% 할인,"[Easy on Plus 서비스]
<table class=""benefit-table""><tr><th rowspan=""2"">구분</th><th rowspan=""2"">할인율</th><th colspan=""2"">전월 이용실적에 따른 월 할인 한도</th></tr><tr><th>1구간 (50만원 이상)</th><th>2구간 (100만원 이상)</th></tr><tr><th>온라인음원, 숙박App</th><td>5%</td><td colspan=""2"">5천원</td></tr></table>
- 온라인 음원 : 멜론, 지니 음악서비스 이용권 구매시에만 할인 적용되며, 간편결제(pay) 서비스를 통한 이용금액 할인 제외
- 숙박 App : 야놀자, 여기어때, 데일리호텔",2026-06-06
09244_B0018,9244,주요혜택,Easy on Plus 서비스 - 음원/숙박,온라인음원 5% 할인,구독/스트리밍,8,Online,할인,5,%,"멜론, 지니",전월 실적 100만원 이상,1000000,,,,,,5000,원,,"[Easy on Plus 서비스]
<table class=""benefit-table""><tr><th rowspan=""2"">구분</th><th rowspan=""2"">할인율</th><th colspan=""2"">전월 이용실적에 따른 월 할인 한도</th></tr><tr><th>1구간 (50만원 이상)</th><th>2구간 (100만원 이상)</th></tr><tr><th>온라인음원, 숙박App</th><td>5%</td><td colspan=""2"">5천원</td></tr></table>
- 온라인 음원 : 멜론, 지니 음악서비스 이용권 구매시에만 할인 적용되며, 간편결제(pay) 서비스를 통한 이용금액 할인 제외
- 숙박 App : 야놀자, 여기어때, 데일리호텔",구독/스트리밍 5% 할인,"[Easy on Plus 서비스]
<table class=""benefit-table""><tr><th rowspan=""2"">구분</th><th rowspan=""2"">할인율</th><th colspan=""2"">전월 이용실적에 따른 월 할인 한도</th></tr><tr><th>1구간 (50만원 이상)</th><th>2구간 (100만원 이상)</th></tr><tr><th>온라인음원, 숙박App</th><td>5%</td><td colspan=""2"">5천원</td></tr></table>
- 온라인 음원 : 멜론, 지니 음악서비스 이용권 구매시에만 할인 적용되며, 간편결제(pay) 서비스를 통한 이용금액 할인 제외
- 숙박 App : 야놀자, 여기어때, 데일리호텔",2026-06-06
09244_B0019,9244,주요혜택,Easy on Plus 서비스 - 음원/숙박,숙박App 5% 할인,여행/숙박,17,Online,할인,5,%,"야놀자, 여기어때, 데일리호텔",전월 실적 50만원 이상,500000,1000000,,,,,5000,원,,"[Easy on Plus 서비스]
<table class=""benefit-table""><tr><th rowspan=""2"">구분</th><th rowspan=""2"">할인율</th><th colspan=""2"">전월 이용실적에 따른 월 할인 한도</th></tr><tr><th>1구간 (50만원 이상)</th><th>2구간 (100만원 이상)</th></tr><tr><th>온라인음원, 숙박App</th><td>5%</td><td colspan=""2"">5천원</td></tr></table>
- 온라인 음원 : 멜론, 지니 음악서비스 이용권 구매시에만 할인 적용되며, 간편결제(pay) 서비스를 통한 이용금액 할인 제외
- 숙박 App : 야놀자, 여기어때, 데일리호텔",여행/숙박 5% 할인,"[Easy on Plus 서비스]
<table class=""benefit-table""><tr><th rowspan=""2"">구분</th><th rowspan=""2"">할인율</th><th colspan=""2"">전월 이용실적에 따른 월 할인 한도</th></tr><tr><th>1구간 (50만원 이상)</th><th>2구간 (100만원 이상)</th></tr><tr><th>온라인음원, 숙박App</th><td>5%</td><td colspan=""2"">5천원</td></tr></table>
- 온라인 음원 : 멜론, 지니 음악서비스 이용권 구매시에만 할인 적용되며, 간편결제(pay) 서비스를 통한 이용금액 할인 제외
- 숙박 App : 야놀자, 여기어때, 데일리호텔",2026-06-06
09244_B0020,9244,주요혜택,Easy on Plus 서비스 - 음원/숙박,숙박App 5% 할인,여행/숙박,17,Online,할인,5,%,"야놀자, 여기어때, 데일리호텔",전월 실적 100만원 이상,1000000,,,,,,5000,원,,"[Easy on Plus 서비스]
<table class=""benefit-table""><tr><th rowspan=""2"">구분</th><th rowspan=""2"">할인율</th><th colspan=""2"">전월 이용실적에 따른 월 할인 한도</th></tr><tr><th>1구간 (50만원 이상)</th><th>2구간 (100만원 이상)</th></tr><tr><th>온라인음원, 숙박App</th><td>5%</td><td colspan=""2"">5천원</td></tr></table>
- 온라인 음원 : 멜론, 지니 음악서비스 이용권 구매시에만 할인 적용되며, 간편결제(pay) 서비스를 통한 이용금액 할인 제외
- 숙박 App : 야놀자, 여기어때, 데일리호텔",여행/숙박 5% 할인,"[Easy on Plus 서비스]
<table class=""benefit-table""><tr><th rowspan=""2"">구분</th><th rowspan=""2"">할인율</th><th colspan=""2"">전월 이용실적에 따른 월 할인 한도</th></tr><tr><th>1구간 (50만원 이상)</th><th>2구간 (100만원 이상)</th></tr><tr><th>온라인음원, 숙박App</th><td>5%</td><td colspan=""2"">5천원</td></tr></table>
- 온라인 음원 : 멜론, 지니 음악서비스 이용권 구매시에만 할인 적용되며, 간편결제(pay) 서비스를 통한 이용금액 할인 제외
- 숙박 App : 야놀자, 여기어때, 데일리호텔",2026-06-06
09244_B0021,9244,주요혜택,Easy on Plus 서비스 - KB Pay,인터넷쇼핑 KB Pay 5% 할인,페이/간편결제,10,Online,할인,5,%,"G마켓, 옥션, 11번가 (KB Pay 결제)",전월 실적 50만원 이상,500000,1000000,,,5000,,,원,,"[Easy on Plus 서비스]
<table class=""benefit-table""><tr><th rowspan=""2"">구분</th><th rowspan=""2"">할인율</th><th colspan=""2"">전월 이용실적에 따른 월 할인 한도</th></tr><tr><th>1구간 (50만원 이상)</th><th>2구간 (100만원 이상)</th></tr><tr><th>인터넷쇼핑몰 KB Pay 결제</th><td>5%</td><td colspan=""2"">5천원</td></tr></table>
- 인터넷 쇼핑몰 KB Pay 결제 : G마켓, 옥션, 11번가에서 KB Pay 결제 이용금액 Easy on 특화서비스와 중복 적용되며, 할인한도는 각각 차감",페이/간편결제 5% 할인,"[Easy on Plus 서비스]
<table class=""benefit-table""><tr><th rowspan=""2"">구분</th><th rowspan=""2"">할인율</th><th colspan=""2"">전월 이용실적에 따른 월 할인 한도</th></tr><tr><th>1구간 (50만원 이상)</th><th>2구간 (100만원 이상)</th></tr><tr><th>인터넷쇼핑몰 KB Pay 결제</th><td>5%</td><td colspan=""2"">5천원</td></tr></table>
- 인터넷 쇼핑몰 KB Pay 결제 : G마켓, 옥션, 11번가에서 KB Pay 결제 이용금액 Easy on 특화서비스와 중복 적용되며, 할인한도는 각각 차감",2026-06-06
09244_B0022,9244,주요혜택,Easy on Plus 서비스 - KB Pay,인터넷쇼핑 KB Pay 5% 할인,페이/간편결제,10,Online,할인,5,%,"G마켓, 옥션, 11번가 (KB Pay 결제)",전월 실적 100만원 이상,1000000,,,,5000,,,원,,"[Easy on Plus 서비스]
<table class=""benefit-table""><tr><th rowspan=""2"">구분</th><th rowspan=""2"">할인율</th><th colspan=""2"">전월 이용실적에 따른 월 할인 한도</th></tr><tr><th>1구간 (50만원 이상)</th><th>2구간 (100만원 이상)</th></tr><tr><th>인터넷쇼핑몰 KB Pay 결제</th><td>5%</td><td colspan=""2"">5천원</td></tr></table>
- 인터넷 쇼핑몰 KB Pay 결제 : G마켓, 옥션, 11번가에서 KB Pay 결제 이용금액 Easy on 특화서비스와 중복 적용되며, 할인한도는 각각 차감",페이/간편결제 5% 할인,"[Easy on Plus 서비스]
<table class=""benefit-table""><tr><th rowspan=""2"">구분</th><th rowspan=""2"">할인율</th><th colspan=""2"">전월 이용실적에 따른 월 할인 한도</th></tr><tr><th>1구간 (50만원 이상)</th><th>2구간 (100만원 이상)</th></tr><tr><th>인터넷쇼핑몰 KB Pay 결제</th><td>5%</td><td colspan=""2"">5천원</td></tr></table>
- 인터넷 쇼핑몰 KB Pay 결제 : G마켓, 옥션, 11번가에서 KB Pay 결제 이용금액 Easy on 특화서비스와 중복 적용되며, 할인한도는 각각 차감",2026-06-06
09248_B0001,9248,주요혜택,푸드(#외식 #커피) 5% 청구할인,푸드 5% 청구할인,외식,16,Both,할인,5,%,"VIPS, 아웃백",전월 실적 30만원 이상 50만원 미만,300000,500000,10000,,,,2000,원,,"[푸드(#외식 #커피) 5% 청구할인]
- #외식 : VIPS, 아웃백
* 백화점/대형마트 등 일부 입점 매장의 경우 서비스 제외
- #커피 : 스타벅스(사이렌오더 포함), 커피빈
* 상품권 구입(사이렌오더 선물하기) 및 선불식 충전카드 이용금액, 백화점, 대형마트 등 일부 입점 매장의 경우 서비스

[이용 조건]
마이핏카드(할인형) 할인 서비스는 전월 이용실적 30만원 이상 시 제공되며, 전월 이용실적에 따라 월간 할인한도가 / 건당 1만원 이상 이용 시
<table class=""benefit-table""><tr><th rowspan=""2"">서비스</th><th rowspan=""2"">청구 할인</th><th colspan=""3"">전월 이용실적에 따른 월 할인 한도</th></tr><tr><th>30만원 이상 50만원 미만</th><th>50만원 이상 100만원 미만</th><th>100만원 이상</th></tr><tr><td>푸드 #외식 #커피</td><td>5%</td><td>2천원</td><td>5천원</td><td>1만원</td></tr></table>",외식 5% 할인,"[푸드(#외식 #커피) 5% 청구할인]
- #외식 : VIPS, 아웃백
* 백화점/대형마트 등 일부 입점 매장의 경우 서비스 제외
- #커피 : 스타벅스(사이렌오더 포함), 커피빈
* 상품권 구입(사이렌오더 선물하기) 및 선불식 충전카드 이용금액, 백화점, 대형마트 등 일부 입점 매장의 경우 서비스

[이용 조건]
마이핏카드(할인형) 할인 서비스는 전월 이용실적 30만원 이상 시 제공되며, 전월 이용실적에 따라 월간 할인한도가 / 건당 1만원 이상 이용 시
<table class=""benefit-table""><tr><th rowspan=""2"">서비스</th><th rowspan=""2"">청구 할인</th><th colspan=""3"">전월 이용실적에 따른 월 할인 한도</th></tr><tr><th>30만원 이상 50만원 미만</th><th>50만원 이상 100만원 미만</th><th>100만원 이상</th></tr><tr><td>푸드 #외식 #커피</td><td>5%</td><td>2천원</td><td>5천원</td><td>1만원</td></tr></table>",2026-06-05
09248_B0002,9248,주요혜택,푸드(#외식 #커피) 5% 청구할인,푸드 5% 청구할인,외식,16,Both,할인,5,%,"VIPS, 아웃백",전월 실적 50만원 이상 100만원 미만,500000,1000000,10000,,,,5000,원,,"[푸드(#외식 #커피) 5% 청구할인]
- #외식 : VIPS, 아웃백
* 백화점/대형마트 등 일부 입점 매장의 경우 서비스 제외
- #커피 : 스타벅스(사이렌오더 포함), 커피빈
* 상품권 구입(사이렌오더 선물하기) 및 선불식 충전카드 이용금액, 백화점, 대형마트 등 일부 입점 매장의 경우 서비스

[이용 조건]
마이핏카드(할인형) 할인 서비스는 전월 이용실적 30만원 이상 시 제공되며, 전월 이용실적에 따라 월간 할인한도가 / 건당 1만원 이상 이용 시
<table class=""benefit-table""><tr><th rowspan=""2"">서비스</th><th rowspan=""2"">청구 할인</th><th colspan=""3"">전월 이용실적에 따른 월 할인 한도</th></tr><tr><th>30만원 이상 50만원 미만</th><th>50만원 이상 100만원 미만</th><th>100만원 이상</th></tr><tr><td>푸드 #외식 #커피</td><td>5%</td><td>2천원</td><td>5천원</td><td>1만원</td></tr></table>",외식 5% 할인,"[푸드(#외식 #커피) 5% 청구할인]
- #외식 : VIPS, 아웃백
* 백화점/대형마트 등 일부 입점 매장의 경우 서비스 제외
- #커피 : 스타벅스(사이렌오더 포함), 커피빈
* 상품권 구입(사이렌오더 선물하기) 및 선불식 충전카드 이용금액, 백화점, 대형마트 등 일부 입점 매장의 경우 서비스

[이용 조건]
마이핏카드(할인형) 할인 서비스는 전월 이용실적 30만원 이상 시 제공되며, 전월 이용실적에 따라 월간 할인한도가 / 건당 1만원 이상 이용 시
<table class=""benefit-table""><tr><th rowspan=""2"">서비스</th><th rowspan=""2"">청구 할인</th><th colspan=""3"">전월 이용실적에 따른 월 할인 한도</th></tr><tr><th>30만원 이상 50만원 미만</th><th>50만원 이상 100만원 미만</th><th>100만원 이상</th></tr><tr><td>푸드 #외식 #커피</td><td>5%</td><td>2천원</td><td>5천원</td><td>1만원</td></tr></table>",2026-06-05
09248_B0003,9248,주요혜택,푸드(#외식 #커피) 5% 청구할인,푸드 5% 청구할인,외식,16,Both,할인,5,%,"VIPS, 아웃백",전월 실적 100만원 이상,1000000,,10000,,,,10000,원,,"[푸드(#외식 #커피) 5% 청구할인]
- #외식 : VIPS, 아웃백
* 백화점/대형마트 등 일부 입점 매장의 경우 서비스 제외
- #커피 : 스타벅스(사이렌오더 포함), 커피빈
* 상품권 구입(사이렌오더 선물하기) 및 선불식 충전카드 이용금액, 백화점, 대형마트 등 일부 입점 매장의 경우 서비스

[이용 조건]
마이핏카드(할인형) 할인 서비스는 전월 이용실적 30만원 이상 시 제공되며, 전월 이용실적에 따라 월간 할인한도가 / 건당 1만원 이상 이용 시
<table class=""benefit-table""><tr><th rowspan=""2"">서비스</th><th rowspan=""2"">청구 할인</th><th colspan=""3"">전월 이용실적에 따른 월 할인 한도</th></tr><tr><th>30만원 이상 50만원 미만</th><th>50만원 이상 100만원 미만</th><th>100만원 이상</th></tr><tr><td>푸드 #외식 #커피</td><td>5%</td><td>2천원</td><td>5천원</td><td>1만원</td></tr></table>",외식 5% 할인,"[푸드(#외식 #커피) 5% 청구할인]
- #외식 : VIPS, 아웃백
* 백화점/대형마트 등 일부 입점 매장의 경우 서비스 제외
- #커피 : 스타벅스(사이렌오더 포함), 커피빈
* 상품권 구입(사이렌오더 선물하기) 및 선불식 충전카드 이용금액, 백화점, 대형마트 등 일부 입점 매장의 경우 서비스

[이용 조건]
마이핏카드(할인형) 할인 서비스는 전월 이용실적 30만원 이상 시 제공되며, 전월 이용실적에 따라 월간 할인한도가 / 건당 1만원 이상 이용 시
<table class=""benefit-table""><tr><th rowspan=""2"">서비스</th><th rowspan=""2"">청구 할인</th><th colspan=""3"">전월 이용실적에 따른 월 할인 한도</th></tr><tr><th>30만원 이상 50만원 미만</th><th>50만원 이상 100만원 미만</th><th>100만원 이상</th></tr><tr><td>푸드 #외식 #커피</td><td>5%</td><td>2천원</td><td>5천원</td><td>1만원</td></tr></table>",2026-06-05
09248_B0004,9248,주요혜택,편의(#편의점 #뷰티) 5% 청구할인,편의점·뷰티 할인,편의점,13,Offline,할인,5,%,"GS25, CU",전월 실적 30만원 이상 50만원 미만,300000,500000,10000,,,,2000,원,,"[편의(#편의점 #뷰티) 5% 청구할인]
- #편의점 : GS25, CU
* 백화점/대형마트 등 일부 입점 매장의 경우 서비스 제외
- #뷰티 : 올리브영
* 백화점/대형마트 등 일부 입점 매장의 경우 서비스 제외

[이용 조건]
마이핏카드(할인형) 할인 서비스는 전월 이용실적 30만원 이상 시 제공되며, 전월 이용실적에 따라 월간 할인한도가 / 건당 1만원 이상 이용 시
<table class=""benefit-table""><tr><th rowspan=""2"">서비스</th><th rowspan=""2"">청구 할인</th><th colspan=""3"">전월 이용실적에 따른 월 할인 한도</th></tr><tr><th>30만원 이상 50만원 미만</th><th>50만원 이상 100만원 미만</th><th>100만원 이상</th></tr><tr><td>편의 #편의점 #뷰티</td><td>5%</td><td>2천원</td><td>5천원</td><td>1만원</td></tr></table>",편의점 5% 할인,"[편의(#편의점 #뷰티) 5% 청구할인]
- #편의점 : GS25, CU
* 백화점/대형마트 등 일부 입점 매장의 경우 서비스 제외
- #뷰티 : 올리브영
* 백화점/대형마트 등 일부 입점 매장의 경우 서비스 제외

[이용 조건]
마이핏카드(할인형) 할인 서비스는 전월 이용실적 30만원 이상 시 제공되며, 전월 이용실적에 따라 월간 할인한도가 / 건당 1만원 이상 이용 시
<table class=""benefit-table""><tr><th rowspan=""2"">서비스</th><th rowspan=""2"">청구 할인</th><th colspan=""3"">전월 이용실적에 따른 월 할인 한도</th></tr><tr><th>30만원 이상 50만원 미만</th><th>50만원 이상 100만원 미만</th><th>100만원 이상</th></tr><tr><td>편의 #편의점 #뷰티</td><td>5%</td><td>2천원</td><td>5천원</td><td>1만원</td></tr></table>",2026-06-05
09248_B0005,9248,주요혜택,푸드(#외식 #커피) 5% 청구할인,푸드 5% 청구할인,카페/베이커리,14,Both,할인,5,%,"스타벅스, 커피빈",전월 실적 30만원 이상 50만원 미만,300000,500000,10000,,,,2000,원,,"[푸드(#외식 #커피) 5% 청구할인]
- #외식 : VIPS, 아웃백
* 백화점/대형마트 등 일부 입점 매장의 경우 서비스 제외
- #커피 : 스타벅스(사이렌오더 포함), 커피빈
* 상품권 구입(사이렌오더 선물하기) 및 선불식 충전카드 이용금액, 백화점, 대형마트 등 일부 입점 매장의 경우 서비스

[이용 조건]
마이핏카드(할인형) 할인 서비스는 전월 이용실적 30만원 이상 시 제공되며, 전월 이용실적에 따라 월간 할인한도가 / 건당 1만원 이상 이용 시
<table class=""benefit-table""><tr><th rowspan=""2"">서비스</th><th rowspan=""2"">청구 할인</th><th colspan=""3"">전월 이용실적에 따른 월 할인 한도</th></tr><tr><th>30만원 이상 50만원 미만</th><th>50만원 이상 100만원 미만</th><th>100만원 이상</th></tr><tr><td>푸드 #외식 #커피</td><td>5%</td><td>2천원</td><td>5천원</td><td>1만원</td></tr></table>",카페/베이커리 5% 할인,"[푸드(#외식 #커피) 5% 청구할인]
- #외식 : VIPS, 아웃백
* 백화점/대형마트 등 일부 입점 매장의 경우 서비스 제외
- #커피 : 스타벅스(사이렌오더 포함), 커피빈
* 상품권 구입(사이렌오더 선물하기) 및 선불식 충전카드 이용금액, 백화점, 대형마트 등 일부 입점 매장의 경우 서비스

[이용 조건]
마이핏카드(할인형) 할인 서비스는 전월 이용실적 30만원 이상 시 제공되며, 전월 이용실적에 따라 월간 할인한도가 / 건당 1만원 이상 이용 시
<table class=""benefit-table""><tr><th rowspan=""2"">서비스</th><th rowspan=""2"">청구 할인</th><th colspan=""3"">전월 이용실적에 따른 월 할인 한도</th></tr><tr><th>30만원 이상 50만원 미만</th><th>50만원 이상 100만원 미만</th><th>100만원 이상</th></tr><tr><td>푸드 #외식 #커피</td><td>5%</td><td>2천원</td><td>5천원</td><td>1만원</td></tr></table>",2026-06-05
09248_B0006,9248,주요혜택,편의(#편의점 #뷰티) 5% 청구할인,편의점·뷰티 할인,편의점,13,Offline,할인,5,%,"GS25, CU",전월 실적 50만원 이상 100만원 미만,500000,1000000,10000,,,,5000,원,,"[편의(#편의점 #뷰티) 5% 청구할인]
- #편의점 : GS25, CU
* 백화점/대형마트 등 일부 입점 매장의 경우 서비스 제외
- #뷰티 : 올리브영
* 백화점/대형마트 등 일부 입점 매장의 경우 서비스 제외

[이용 조건]
마이핏카드(할인형) 할인 서비스는 전월 이용실적 30만원 이상 시 제공되며, 전월 이용실적에 따라 월간 할인한도가 / 건당 1만원 이상 이용 시
<table class=""benefit-table""><tr><th rowspan=""2"">서비스</th><th rowspan=""2"">청구 할인</th><th colspan=""3"">전월 이용실적에 따른 월 할인 한도</th></tr><tr><th>30만원 이상 50만원 미만</th><th>50만원 이상 100만원 미만</th><th>100만원 이상</th></tr><tr><td>편의 #편의점 #뷰티</td><td>5%</td><td>2천원</td><td>5천원</td><td>1만원</td></tr></table>",편의점 5% 할인,"[편의(#편의점 #뷰티) 5% 청구할인]
- #편의점 : GS25, CU
* 백화점/대형마트 등 일부 입점 매장의 경우 서비스 제외
- #뷰티 : 올리브영
* 백화점/대형마트 등 일부 입점 매장의 경우 서비스 제외

[이용 조건]
마이핏카드(할인형) 할인 서비스는 전월 이용실적 30만원 이상 시 제공되며, 전월 이용실적에 따라 월간 할인한도가 / 건당 1만원 이상 이용 시
<table class=""benefit-table""><tr><th rowspan=""2"">서비스</th><th rowspan=""2"">청구 할인</th><th colspan=""3"">전월 이용실적에 따른 월 할인 한도</th></tr><tr><th>30만원 이상 50만원 미만</th><th>50만원 이상 100만원 미만</th><th>100만원 이상</th></tr><tr><td>편의 #편의점 #뷰티</td><td>5%</td><td>2천원</td><td>5천원</td><td>1만원</td></tr></table>",2026-06-05
09248_B0007,9248,주요혜택,푸드(#외식 #커피) 5% 청구할인,푸드 5% 청구할인,카페/베이커리,14,Both,할인,5,%,"스타벅스, 커피빈",전월 실적 50만원 이상 100만원 미만,500000,1000000,10000,,,,5000,원,,"[푸드(#외식 #커피) 5% 청구할인]
- #외식 : VIPS, 아웃백
* 백화점/대형마트 등 일부 입점 매장의 경우 서비스 제외
- #커피 : 스타벅스(사이렌오더 포함), 커피빈
* 상품권 구입(사이렌오더 선물하기) 및 선불식 충전카드 이용금액, 백화점, 대형마트 등 일부 입점 매장의 경우 서비스

[이용 조건]
마이핏카드(할인형) 할인 서비스는 전월 이용실적 30만원 이상 시 제공되며, 전월 이용실적에 따라 월간 할인한도가 / 건당 1만원 이상 이용 시
<table class=""benefit-table""><tr><th rowspan=""2"">서비스</th><th rowspan=""2"">청구 할인</th><th colspan=""3"">전월 이용실적에 따른 월 할인 한도</th></tr><tr><th>30만원 이상 50만원 미만</th><th>50만원 이상 100만원 미만</th><th>100만원 이상</th></tr><tr><td>푸드 #외식 #커피</td><td>5%</td><td>2천원</td><td>5천원</td><td>1만원</td></tr></table>",카페/베이커리 5% 할인,"[푸드(#외식 #커피) 5% 청구할인]
- #외식 : VIPS, 아웃백
* 백화점/대형마트 등 일부 입점 매장의 경우 서비스 제외
- #커피 : 스타벅스(사이렌오더 포함), 커피빈
* 상품권 구입(사이렌오더 선물하기) 및 선불식 충전카드 이용금액, 백화점, 대형마트 등 일부 입점 매장의 경우 서비스

[이용 조건]
마이핏카드(할인형) 할인 서비스는 전월 이용실적 30만원 이상 시 제공되며, 전월 이용실적에 따라 월간 할인한도가 / 건당 1만원 이상 이용 시
<table class=""benefit-table""><tr><th rowspan=""2"">서비스</th><th rowspan=""2"">청구 할인</th><th colspan=""3"">전월 이용실적에 따른 월 할인 한도</th></tr><tr><th>30만원 이상 50만원 미만</th><th>50만원 이상 100만원 미만</th><th>100만원 이상</th></tr><tr><td>푸드 #외식 #커피</td><td>5%</td><td>2천원</td><td>5천원</td><td>1만원</td></tr></table>",2026-06-05
09248_B0008,9248,주요혜택,편의(#편의점 #뷰티) 5% 청구할인,편의점·뷰티 할인,편의점,13,Offline,할인,5,%,"GS25, CU",전월 실적 100만원 이상,1000000,,10000,,,,10000,원,,"[편의(#편의점 #뷰티) 5% 청구할인]
- #편의점 : GS25, CU
* 백화점/대형마트 등 일부 입점 매장의 경우 서비스 제외
- #뷰티 : 올리브영
* 백화점/대형마트 등 일부 입점 매장의 경우 서비스 제외

[이용 조건]
마이핏카드(할인형) 할인 서비스는 전월 이용실적 30만원 이상 시 제공되며, 전월 이용실적에 따라 월간 할인한도가 / 건당 1만원 이상 이용 시
<table class=""benefit-table""><tr><th rowspan=""2"">서비스</th><th rowspan=""2"">청구 할인</th><th colspan=""3"">전월 이용실적에 따른 월 할인 한도</th></tr><tr><th>30만원 이상 50만원 미만</th><th>50만원 이상 100만원 미만</th><th>100만원 이상</th></tr><tr><td>편의 #편의점 #뷰티</td><td>5%</td><td>2천원</td><td>5천원</td><td>1만원</td></tr></table>",편의점 5% 할인,"[편의(#편의점 #뷰티) 5% 청구할인]
- #편의점 : GS25, CU
* 백화점/대형마트 등 일부 입점 매장의 경우 서비스 제외
- #뷰티 : 올리브영
* 백화점/대형마트 등 일부 입점 매장의 경우 서비스 제외

[이용 조건]
마이핏카드(할인형) 할인 서비스는 전월 이용실적 30만원 이상 시 제공되며, 전월 이용실적에 따라 월간 할인한도가 / 건당 1만원 이상 이용 시
<table class=""benefit-table""><tr><th rowspan=""2"">서비스</th><th rowspan=""2"">청구 할인</th><th colspan=""3"">전월 이용실적에 따른 월 할인 한도</th></tr><tr><th>30만원 이상 50만원 미만</th><th>50만원 이상 100만원 미만</th><th>100만원 이상</th></tr><tr><td>편의 #편의점 #뷰티</td><td>5%</td><td>2천원</td><td>5천원</td><td>1만원</td></tr></table>",2026-06-05
09248_B0009,9248,주요혜택,푸드(#외식 #커피) 5% 청구할인,푸드 5% 청구할인,카페/베이커리,14,Both,할인,5,%,"스타벅스, 커피빈",전월 실적 100만원 이상,1000000,,10000,,,,10000,원,,"[푸드(#외식 #커피) 5% 청구할인]
- #외식 : VIPS, 아웃백
* 백화점/대형마트 등 일부 입점 매장의 경우 서비스 제외
- #커피 : 스타벅스(사이렌오더 포함), 커피빈
* 상품권 구입(사이렌오더 선물하기) 및 선불식 충전카드 이용금액, 백화점, 대형마트 등 일부 입점 매장의 경우 서비스

[이용 조건]
마이핏카드(할인형) 할인 서비스는 전월 이용실적 30만원 이상 시 제공되며, 전월 이용실적에 따라 월간 할인한도가 / 건당 1만원 이상 이용 시
<table class=""benefit-table""><tr><th rowspan=""2"">서비스</th><th rowspan=""2"">청구 할인</th><th colspan=""3"">전월 이용실적에 따른 월 할인 한도</th></tr><tr><th>30만원 이상 50만원 미만</th><th>50만원 이상 100만원 미만</th><th>100만원 이상</th></tr><tr><td>푸드 #외식 #커피</td><td>5%</td><td>2천원</td><td>5천원</td><td>1만원</td></tr></table>",카페/베이커리 5% 할인,"[푸드(#외식 #커피) 5% 청구할인]
- #외식 : VIPS, 아웃백
* 백화점/대형마트 등 일부 입점 매장의 경우 서비스 제외
- #커피 : 스타벅스(사이렌오더 포함), 커피빈
* 상품권 구입(사이렌오더 선물하기) 및 선불식 충전카드 이용금액, 백화점, 대형마트 등 일부 입점 매장의 경우 서비스

[이용 조건]
마이핏카드(할인형) 할인 서비스는 전월 이용실적 30만원 이상 시 제공되며, 전월 이용실적에 따라 월간 할인한도가 / 건당 1만원 이상 이용 시
<table class=""benefit-table""><tr><th rowspan=""2"">서비스</th><th rowspan=""2"">청구 할인</th><th colspan=""3"">전월 이용실적에 따른 월 할인 한도</th></tr><tr><th>30만원 이상 50만원 미만</th><th>50만원 이상 100만원 미만</th><th>100만원 이상</th></tr><tr><td>푸드 #외식 #커피</td><td>5%</td><td>2천원</td><td>5천원</td><td>1만원</td></tr></table>",2026-06-05
09248_B0010,9248,주요혜택,편의(#편의점 #뷰티) 5% 청구할인,뷰티 할인,패션/뷰티,2,Offline,할인,5,%,올리브영,전월 실적 30만원 이상 50만원 미만,300000,500000,10000,,,,2000,원,,"[편의(#편의점 #뷰티) 5% 청구할인]
- #편의점 : GS25, CU
* 백화점/대형마트 등 일부 입점 매장의 경우 서비스 제외
- #뷰티 : 올리브영
* 백화점/대형마트 등 일부 입점 매장의 경우 서비스 제외

[이용 조건]
마이핏카드(할인형) 할인 서비스는 전월 이용실적 30만원 이상 시 제공되며, 전월 이용실적에 따라 월간 할인한도가 / 건당 1만원 이상 이용 시
<table class=""benefit-table""><tr><th rowspan=""2"">서비스</th><th rowspan=""2"">청구 할인</th><th colspan=""3"">전월 이용실적에 따른 월 할인 한도</th></tr><tr><th>30만원 이상 50만원 미만</th><th>50만원 이상 100만원 미만</th><th>100만원 이상</th></tr><tr><td>편의 #편의점 #뷰티</td><td>5%</td><td>2천원</td><td>5천원</td><td>1만원</td></tr></table>",패션/뷰티 5% 할인,"[편의(#편의점 #뷰티) 5% 청구할인]
- #편의점 : GS25, CU
* 백화점/대형마트 등 일부 입점 매장의 경우 서비스 제외
- #뷰티 : 올리브영
* 백화점/대형마트 등 일부 입점 매장의 경우 서비스 제외

[이용 조건]
마이핏카드(할인형) 할인 서비스는 전월 이용실적 30만원 이상 시 제공되며, 전월 이용실적에 따라 월간 할인한도가 / 건당 1만원 이상 이용 시
<table class=""benefit-table""><tr><th rowspan=""2"">서비스</th><th rowspan=""2"">청구 할인</th><th colspan=""3"">전월 이용실적에 따른 월 할인 한도</th></tr><tr><th>30만원 이상 50만원 미만</th><th>50만원 이상 100만원 미만</th><th>100만원 이상</th></tr><tr><td>편의 #편의점 #뷰티</td><td>5%</td><td>2천원</td><td>5천원</td><td>1만원</td></tr></table>",2026-06-05
09248_B0011,9248,주요혜택,편의(#편의점 #뷰티) 5% 청구할인,뷰티 할인,패션/뷰티,2,Offline,할인,5,%,올리브영,전월 실적 50만원 이상 100만원 미만,500000,1000000,10000,,,,5000,원,,"[편의(#편의점 #뷰티) 5% 청구할인]
- #편의점 : GS25, CU
* 백화점/대형마트 등 일부 입점 매장의 경우 서비스 제외
- #뷰티 : 올리브영
* 백화점/대형마트 등 일부 입점 매장의 경우 서비스 제외

[이용 조건]
마이핏카드(할인형) 할인 서비스는 전월 이용실적 30만원 이상 시 제공되며, 전월 이용실적에 따라 월간 할인한도가 / 건당 1만원 이상 이용 시
<table class=""benefit-table""><tr><th rowspan=""2"">서비스</th><th rowspan=""2"">청구 할인</th><th colspan=""3"">전월 이용실적에 따른 월 할인 한도</th></tr><tr><th>30만원 이상 50만원 미만</th><th>50만원 이상 100만원 미만</th><th>100만원 이상</th></tr><tr><td>편의 #편의점 #뷰티</td><td>5%</td><td>2천원</td><td>5천원</td><td>1만원</td></tr></table>",패션/뷰티 5% 할인,"[편의(#편의점 #뷰티) 5% 청구할인]
- #편의점 : GS25, CU
* 백화점/대형마트 등 일부 입점 매장의 경우 서비스 제외
- #뷰티 : 올리브영
* 백화점/대형마트 등 일부 입점 매장의 경우 서비스 제외

[이용 조건]
마이핏카드(할인형) 할인 서비스는 전월 이용실적 30만원 이상 시 제공되며, 전월 이용실적에 따라 월간 할인한도가 / 건당 1만원 이상 이용 시
<table class=""benefit-table""><tr><th rowspan=""2"">서비스</th><th rowspan=""2"">청구 할인</th><th colspan=""3"">전월 이용실적에 따른 월 할인 한도</th></tr><tr><th>30만원 이상 50만원 미만</th><th>50만원 이상 100만원 미만</th><th>100만원 이상</th></tr><tr><td>편의 #편의점 #뷰티</td><td>5%</td><td>2천원</td><td>5천원</td><td>1만원</td></tr></table>",2026-06-05
09248_B0012,9248,주요혜택,편의(#편의점 #뷰티) 5% 청구할인,뷰티 할인,패션/뷰티,2,Offline,할인,5,%,올리브영,전월 실적 100만원 이상,1000000,,10000,,,,10000,원,,"[편의(#편의점 #뷰티) 5% 청구할인]
- #편의점 : GS25, CU
* 백화점/대형마트 등 일부 입점 매장의 경우 서비스 제외
- #뷰티 : 올리브영
* 백화점/대형마트 등 일부 입점 매장의 경우 서비스 제외

[이용 조건]
마이핏카드(할인형) 할인 서비스는 전월 이용실적 30만원 이상 시 제공되며, 전월 이용실적에 따라 월간 할인한도가 / 건당 1만원 이상 이용 시
<table class=""benefit-table""><tr><th rowspan=""2"">서비스</th><th rowspan=""2"">청구 할인</th><th colspan=""3"">전월 이용실적에 따른 월 할인 한도</th></tr><tr><th>30만원 이상 50만원 미만</th><th>50만원 이상 100만원 미만</th><th>100만원 이상</th></tr><tr><td>편의 #편의점 #뷰티</td><td>5%</td><td>2천원</td><td>5천원</td><td>1만원</td></tr></table>",패션/뷰티 5% 할인,"[편의(#편의점 #뷰티) 5% 청구할인]
- #편의점 : GS25, CU
* 백화점/대형마트 등 일부 입점 매장의 경우 서비스 제외
- #뷰티 : 올리브영
* 백화점/대형마트 등 일부 입점 매장의 경우 서비스 제외

[이용 조건]
마이핏카드(할인형) 할인 서비스는 전월 이용실적 30만원 이상 시 제공되며, 전월 이용실적에 따라 월간 할인한도가 / 건당 1만원 이상 이용 시
<table class=""benefit-table""><tr><th rowspan=""2"">서비스</th><th rowspan=""2"">청구 할인</th><th colspan=""3"">전월 이용실적에 따른 월 할인 한도</th></tr><tr><th>30만원 이상 50만원 미만</th><th>50만원 이상 100만원 미만</th><th>100만원 이상</th></tr><tr><td>편의 #편의점 #뷰티</td><td>5%</td><td>2천원</td><td>5천원</td><td>1만원</td></tr></table>",2026-06-05
09248_B0013,9248,주요혜택,생활(#마트 #주유 #통신) 5% 청구할인,생활(마트/주유/통신) 5% 청구할인,슈퍼마켓/생활잡화,3,Both,할인,5,%,"이마트, 롯데마트",전월 실적 30만원 이상 50만원 미만,300000,500000,10000,,,,2000,원,,"[생활(#마트 #주유 #통신) 5% 청구할인]
- #마트 : 이마트, 롯데마트
- #주유 : SK에너지, GS칼텍스
* 충전소 포함
- #통신 : SKT/KT/LG U+ 이동통신 자동납부
* 알뜰폰 이용금액 서비스 제외

[이용 조건]
마이핏카드(할인형) 할인 서비스는 전월 이용실적 30만원 이상 시 제공되며, 전월 이용실적에 따라 월간 할인한도가 / 건당 1만원 이상 이용 시
<table class=""benefit-table""><tr><th rowspan=""2"">서비스</th><th rowspan=""2"">청구 할인</th><th colspan=""3"">전월 이용실적에 따른 월 할인 한도</th></tr><tr><th>30만원 이상 50만원 미만</th><th>50만원 이상 100만원 미만</th><th>100만원 이상</th></tr><tr><td>생활 #마트 #주유 #통신</td><td>5%</td><td>2천원</td><td>5천원</td><td>1만원</td></tr></table>",슈퍼마켓/생활잡화 5% 할인,"[생활(#마트 #주유 #통신) 5% 청구할인]
- #마트 : 이마트, 롯데마트
- #주유 : SK에너지, GS칼텍스
* 충전소 포함
- #통신 : SKT/KT/LG U+ 이동통신 자동납부
* 알뜰폰 이용금액 서비스 제외

[이용 조건]
마이핏카드(할인형) 할인 서비스는 전월 이용실적 30만원 이상 시 제공되며, 전월 이용실적에 따라 월간 할인한도가 / 건당 1만원 이상 이용 시
<table class=""benefit-table""><tr><th rowspan=""2"">서비스</th><th rowspan=""2"">청구 할인</th><th colspan=""3"">전월 이용실적에 따른 월 할인 한도</th></tr><tr><th>30만원 이상 50만원 미만</th><th>50만원 이상 100만원 미만</th><th>100만원 이상</th></tr><tr><td>생활 #마트 #주유 #통신</td><td>5%</td><td>2천원</td><td>5천원</td><td>1만원</td></tr></table>",2026-06-05
09248_B0014,9248,주요혜택,생활(#마트 #주유 #통신) 5% 청구할인,생활(마트/주유/통신) 5% 청구할인,슈퍼마켓/생활잡화,3,Both,할인,5,%,"이마트, 롯데마트",전월 실적 50만원 이상 100만원 미만,500000,1000000,10000,,,,5000,원,,"[생활(#마트 #주유 #통신) 5% 청구할인]
- #마트 : 이마트, 롯데마트
- #주유 : SK에너지, GS칼텍스
* 충전소 포함
- #통신 : SKT/KT/LG U+ 이동통신 자동납부
* 알뜰폰 이용금액 서비스 제외

[이용 조건]
마이핏카드(할인형) 할인 서비스는 전월 이용실적 30만원 이상 시 제공되며, 전월 이용실적에 따라 월간 할인한도가 / 건당 1만원 이상 이용 시
<table class=""benefit-table""><tr><th rowspan=""2"">서비스</th><th rowspan=""2"">청구 할인</th><th colspan=""3"">전월 이용실적에 따른 월 할인 한도</th></tr><tr><th>30만원 이상 50만원 미만</th><th>50만원 이상 100만원 미만</th><th>100만원 이상</th></tr><tr><td>생활 #마트 #주유 #통신</td><td>5%</td><td>2천원</td><td>5천원</td><td>1만원</td></tr></table>",슈퍼마켓/생활잡화 5% 할인,"[생활(#마트 #주유 #통신) 5% 청구할인]
- #마트 : 이마트, 롯데마트
- #주유 : SK에너지, GS칼텍스
* 충전소 포함
- #통신 : SKT/KT/LG U+ 이동통신 자동납부
* 알뜰폰 이용금액 서비스 제외

[이용 조건]
마이핏카드(할인형) 할인 서비스는 전월 이용실적 30만원 이상 시 제공되며, 전월 이용실적에 따라 월간 할인한도가 / 건당 1만원 이상 이용 시
<table class=""benefit-table""><tr><th rowspan=""2"">서비스</th><th rowspan=""2"">청구 할인</th><th colspan=""3"">전월 이용실적에 따른 월 할인 한도</th></tr><tr><th>30만원 이상 50만원 미만</th><th>50만원 이상 100만원 미만</th><th>100만원 이상</th></tr><tr><td>생활 #마트 #주유 #통신</td><td>5%</td><td>2천원</td><td>5천원</td><td>1만원</td></tr></table>",2026-06-05
09248_B0015,9248,주요혜택,생활(#마트 #주유 #통신) 5% 청구할인,생활(마트/주유/통신) 5% 청구할인,슈퍼마켓/생활잡화,3,Both,할인,5,%,"이마트, 롯데마트",전월 실적 100만원 이상,1000000,,10000,,,,10000,원,,"[생활(#마트 #주유 #통신) 5% 청구할인]
- #마트 : 이마트, 롯데마트
- #주유 : SK에너지, GS칼텍스
* 충전소 포함
- #통신 : SKT/KT/LG U+ 이동통신 자동납부
* 알뜰폰 이용금액 서비스 제외

[이용 조건]
마이핏카드(할인형) 할인 서비스는 전월 이용실적 30만원 이상 시 제공되며, 전월 이용실적에 따라 월간 할인한도가 / 건당 1만원 이상 이용 시
<table class=""benefit-table""><tr><th rowspan=""2"">서비스</th><th rowspan=""2"">청구 할인</th><th colspan=""3"">전월 이용실적에 따른 월 할인 한도</th></tr><tr><th>30만원 이상 50만원 미만</th><th>50만원 이상 100만원 미만</th><th>100만원 이상</th></tr><tr><td>생활 #마트 #주유 #통신</td><td>5%</td><td>2천원</td><td>5천원</td><td>1만원</td></tr></table>",슈퍼마켓/생활잡화 5% 할인,"[생활(#마트 #주유 #통신) 5% 청구할인]
- #마트 : 이마트, 롯데마트
- #주유 : SK에너지, GS칼텍스
* 충전소 포함
- #통신 : SKT/KT/LG U+ 이동통신 자동납부
* 알뜰폰 이용금액 서비스 제외

[이용 조건]
마이핏카드(할인형) 할인 서비스는 전월 이용실적 30만원 이상 시 제공되며, 전월 이용실적에 따라 월간 할인한도가 / 건당 1만원 이상 이용 시
<table class=""benefit-table""><tr><th rowspan=""2"">서비스</th><th rowspan=""2"">청구 할인</th><th colspan=""3"">전월 이용실적에 따른 월 할인 한도</th></tr><tr><th>30만원 이상 50만원 미만</th><th>50만원 이상 100만원 미만</th><th>100만원 이상</th></tr><tr><td>생활 #마트 #주유 #통신</td><td>5%</td><td>2천원</td><td>5천원</td><td>1만원</td></tr></table>",2026-06-05
09248_B0016,9248,주요혜택,쇼핑/배달 5% 청구할인,쿠팡 5% 청구할인,온라인쇼핑,1,Online,할인,5,%,"쿠팡, G마켓",전월 실적 30만원 이상 50만원 미만,300000,500000,,,,,1000,원,,"[쇼핑/배달 5% 청구할인]
- 쿠팡, G마켓, 배달의민족
* 쿠팡, G마켓 : 상품권, 여행, 항공권, 티켓, 도서 이용금액 서비스 제외
* 배달의 민족에서 '결제수단 > 다른결제수단 > 신용/체크결제'를 통해 결제 시 서비스 제공
- 마이핏카드(할인형) 할인 서비스는 전월 이용실적 30만원 이상 시 제공되며, 전월 이용실적에 따라 월간 할인한도가
  제공됩니다.
  제공됩니다.

[이용 조건]
<table class=""benefit-table""><tr><th rowspan=""2"">서비스</th><th rowspan=""2"">청구 할인</th><th colspan=""3"">전월 이용실적에 따른 월 할인 한도</th></tr><tr><th>30만원 이상 50만원 미만</th><th>50만원 이상 100만원 미만</th><th>100만원 이상</th></tr><tr><td>쇼핑/배달</td><td>5%</td><td>1천원</td><td>3천원</td><td>5천원</td></tr></table>",온라인쇼핑 5% 할인,"[쇼핑/배달 5% 청구할인]
- 쿠팡, G마켓, 배달의민족
* 쿠팡, G마켓 : 상품권, 여행, 항공권, 티켓, 도서 이용금액 서비스 제외
* 배달의 민족에서 '결제수단 > 다른결제수단 > 신용/체크결제'를 통해 결제 시 서비스 제공
- 마이핏카드(할인형) 할인 서비스는 전월 이용실적 30만원 이상 시 제공되며, 전월 이용실적에 따라 월간 할인한도가
  제공됩니다.
  제공됩니다.

[이용 조건]
<table class=""benefit-table""><tr><th rowspan=""2"">서비스</th><th rowspan=""2"">청구 할인</th><th colspan=""3"">전월 이용실적에 따른 월 할인 한도</th></tr><tr><th>30만원 이상 50만원 미만</th><th>50만원 이상 100만원 미만</th><th>100만원 이상</th></tr><tr><td>쇼핑/배달</td><td>5%</td><td>1천원</td><td>3천원</td><td>5천원</td></tr></table>",2026-06-05
09248_B0017,9248,주요혜택,쇼핑/배달 5% 청구할인,쿠팡 5% 청구할인,온라인쇼핑,1,Online,할인,5,%,"쿠팡, G마켓",전월 실적 50만원 이상 100만원 미만,500000,1000000,,,,,3000,원,,"[쇼핑/배달 5% 청구할인]
- 쿠팡, G마켓, 배달의민족
* 쿠팡, G마켓 : 상품권, 여행, 항공권, 티켓, 도서 이용금액 서비스 제외
* 배달의 민족에서 '결제수단 > 다른결제수단 > 신용/체크결제'를 통해 결제 시 서비스 제공
- 마이핏카드(할인형) 할인 서비스는 전월 이용실적 30만원 이상 시 제공되며, 전월 이용실적에 따라 월간 할인한도가
  제공됩니다.
  제공됩니다.

[이용 조건]
<table class=""benefit-table""><tr><th rowspan=""2"">서비스</th><th rowspan=""2"">청구 할인</th><th colspan=""3"">전월 이용실적에 따른 월 할인 한도</th></tr><tr><th>30만원 이상 50만원 미만</th><th>50만원 이상 100만원 미만</th><th>100만원 이상</th></tr><tr><td>쇼핑/배달</td><td>5%</td><td>1천원</td><td>3천원</td><td>5천원</td></tr></table>",온라인쇼핑 5% 할인,"[쇼핑/배달 5% 청구할인]
- 쿠팡, G마켓, 배달의민족
* 쿠팡, G마켓 : 상품권, 여행, 항공권, 티켓, 도서 이용금액 서비스 제외
* 배달의 민족에서 '결제수단 > 다른결제수단 > 신용/체크결제'를 통해 결제 시 서비스 제공
- 마이핏카드(할인형) 할인 서비스는 전월 이용실적 30만원 이상 시 제공되며, 전월 이용실적에 따라 월간 할인한도가
  제공됩니다.
  제공됩니다.

[이용 조건]
<table class=""benefit-table""><tr><th rowspan=""2"">서비스</th><th rowspan=""2"">청구 할인</th><th colspan=""3"">전월 이용실적에 따른 월 할인 한도</th></tr><tr><th>30만원 이상 50만원 미만</th><th>50만원 이상 100만원 미만</th><th>100만원 이상</th></tr><tr><td>쇼핑/배달</td><td>5%</td><td>1천원</td><td>3천원</td><td>5천원</td></tr></table>",2026-06-05
09248_B0018,9248,주요혜택,쇼핑/배달 5% 청구할인,쿠팡 5% 청구할인,온라인쇼핑,1,Online,할인,5,%,"쿠팡, G마켓",전월 실적 100만원 이상,1000000,,,,,,5000,원,,"[쇼핑/배달 5% 청구할인]
- 쿠팡, G마켓, 배달의민족
* 쿠팡, G마켓 : 상품권, 여행, 항공권, 티켓, 도서 이용금액 서비스 제외
* 배달의 민족에서 '결제수단 > 다른결제수단 > 신용/체크결제'를 통해 결제 시 서비스 제공
- 마이핏카드(할인형) 할인 서비스는 전월 이용실적 30만원 이상 시 제공되며, 전월 이용실적에 따라 월간 할인한도가
  제공됩니다.
  제공됩니다.

[이용 조건]
<table class=""benefit-table""><tr><th rowspan=""2"">서비스</th><th rowspan=""2"">청구 할인</th><th colspan=""3"">전월 이용실적에 따른 월 할인 한도</th></tr><tr><th>30만원 이상 50만원 미만</th><th>50만원 이상 100만원 미만</th><th>100만원 이상</th></tr><tr><td>쇼핑/배달</td><td>5%</td><td>1천원</td><td>3천원</td><td>5천원</td></tr></table>",온라인쇼핑 5% 할인,"[쇼핑/배달 5% 청구할인]
- 쿠팡, G마켓, 배달의민족
* 쿠팡, G마켓 : 상품권, 여행, 항공권, 티켓, 도서 이용금액 서비스 제외
* 배달의 민족에서 '결제수단 > 다른결제수단 > 신용/체크결제'를 통해 결제 시 서비스 제공
- 마이핏카드(할인형) 할인 서비스는 전월 이용실적 30만원 이상 시 제공되며, 전월 이용실적에 따라 월간 할인한도가
  제공됩니다.
  제공됩니다.

[이용 조건]
<table class=""benefit-table""><tr><th rowspan=""2"">서비스</th><th rowspan=""2"">청구 할인</th><th colspan=""3"">전월 이용실적에 따른 월 할인 한도</th></tr><tr><th>30만원 이상 50만원 미만</th><th>50만원 이상 100만원 미만</th><th>100만원 이상</th></tr><tr><td>쇼핑/배달</td><td>5%</td><td>1천원</td><td>3천원</td><td>5천원</td></tr></table>",2026-06-05
09248_B0019,9248,주요혜택,쇼핑/배달 5% 청구할인,배달의민족 5% 청구할인,배달,15,Online,할인,5,%,배달의민족,전월 실적 30만원 이상 50만원 미만,300000,500000,,,,,1000,원,,"[쇼핑/배달 5% 청구할인]
- 쿠팡, G마켓, 배달의민족
* 쿠팡, G마켓 : 상품권, 여행, 항공권, 티켓, 도서 이용금액 서비스 제외
* 배달의 민족에서 '결제수단 > 다른결제수단 > 신용/체크결제'를 통해 결제 시 서비스 제공
- 마이핏카드(할인형) 할인 서비스는 전월 이용실적 30만원 이상 시 제공되며, 전월 이용실적에 따라 월간 할인한도가
  제공됩니다.
  제공됩니다.

[이용 조건]
<table class=""benefit-table""><tr><th rowspan=""2"">서비스</th><th rowspan=""2"">청구 할인</th><th colspan=""3"">전월 이용실적에 따른 월 할인 한도</th></tr><tr><th>30만원 이상 50만원 미만</th><th>50만원 이상 100만원 미만</th><th>100만원 이상</th></tr><tr><td>쇼핑/배달</td><td>5%</td><td>1천원</td><td>3천원</td><td>5천원</td></tr></table>",배달 5% 할인,"[쇼핑/배달 5% 청구할인]
- 쿠팡, G마켓, 배달의민족
* 쿠팡, G마켓 : 상품권, 여행, 항공권, 티켓, 도서 이용금액 서비스 제외
* 배달의 민족에서 '결제수단 > 다른결제수단 > 신용/체크결제'를 통해 결제 시 서비스 제공
- 마이핏카드(할인형) 할인 서비스는 전월 이용실적 30만원 이상 시 제공되며, 전월 이용실적에 따라 월간 할인한도가
  제공됩니다.
  제공됩니다.

[이용 조건]
<table class=""benefit-table""><tr><th rowspan=""2"">서비스</th><th rowspan=""2"">청구 할인</th><th colspan=""3"">전월 이용실적에 따른 월 할인 한도</th></tr><tr><th>30만원 이상 50만원 미만</th><th>50만원 이상 100만원 미만</th><th>100만원 이상</th></tr><tr><td>쇼핑/배달</td><td>5%</td><td>1천원</td><td>3천원</td><td>5천원</td></tr></table>",2026-06-05
09248_B0020,9248,주요혜택,생활(#마트 #주유 #통신) 5% 청구할인,생활(마트/주유/통신) 5% 청구할인,자동차/주유,6,Offline,할인,5,%,"SK에너지, GS칼텍스 충전소",전월 실적 30만원 이상 50만원 미만,300000,500000,10000,,,,2000,원,,"[생활(#마트 #주유 #통신) 5% 청구할인]
- #마트 : 이마트, 롯데마트
- #주유 : SK에너지, GS칼텍스
* 충전소 포함
- #통신 : SKT/KT/LG U+ 이동통신 자동납부
* 알뜰폰 이용금액 서비스 제외

[이용 조건]
마이핏카드(할인형) 할인 서비스는 전월 이용실적 30만원 이상 시 제공되며, 전월 이용실적에 따라 월간 할인한도가 / 건당 1만원 이상 이용 시
<table class=""benefit-table""><tr><th rowspan=""2"">서비스</th><th rowspan=""2"">청구 할인</th><th colspan=""3"">전월 이용실적에 따른 월 할인 한도</th></tr><tr><th>30만원 이상 50만원 미만</th><th>50만원 이상 100만원 미만</th><th>100만원 이상</th></tr><tr><td>생활 #마트 #주유 #통신</td><td>5%</td><td>2천원</td><td>5천원</td><td>1만원</td></tr></table>",자동차/주유 5% 할인,"[생활(#마트 #주유 #통신) 5% 청구할인]
- #마트 : 이마트, 롯데마트
- #주유 : SK에너지, GS칼텍스
* 충전소 포함
- #통신 : SKT/KT/LG U+ 이동통신 자동납부
* 알뜰폰 이용금액 서비스 제외

[이용 조건]
마이핏카드(할인형) 할인 서비스는 전월 이용실적 30만원 이상 시 제공되며, 전월 이용실적에 따라 월간 할인한도가 / 건당 1만원 이상 이용 시
<table class=""benefit-table""><tr><th rowspan=""2"">서비스</th><th rowspan=""2"">청구 할인</th><th colspan=""3"">전월 이용실적에 따른 월 할인 한도</th></tr><tr><th>30만원 이상 50만원 미만</th><th>50만원 이상 100만원 미만</th><th>100만원 이상</th></tr><tr><td>생활 #마트 #주유 #통신</td><td>5%</td><td>2천원</td><td>5천원</td><td>1만원</td></tr></table>",2026-06-05
09248_B0021,9248,주요혜택,쇼핑/배달 5% 청구할인,배달의민족 5% 청구할인,배달,15,Online,할인,5,%,배달의민족,전월 실적 50만원 이상 100만원 미만,500000,1000000,,,,,3000,원,,"[쇼핑/배달 5% 청구할인]
- 쿠팡, G마켓, 배달의민족
* 쿠팡, G마켓 : 상품권, 여행, 항공권, 티켓, 도서 이용금액 서비스 제외
* 배달의 민족에서 '결제수단 > 다른결제수단 > 신용/체크결제'를 통해 결제 시 서비스 제공
- 마이핏카드(할인형) 할인 서비스는 전월 이용실적 30만원 이상 시 제공되며, 전월 이용실적에 따라 월간 할인한도가
  제공됩니다.
  제공됩니다.

[이용 조건]
<table class=""benefit-table""><tr><th rowspan=""2"">서비스</th><th rowspan=""2"">청구 할인</th><th colspan=""3"">전월 이용실적에 따른 월 할인 한도</th></tr><tr><th>30만원 이상 50만원 미만</th><th>50만원 이상 100만원 미만</th><th>100만원 이상</th></tr><tr><td>쇼핑/배달</td><td>5%</td><td>1천원</td><td>3천원</td><td>5천원</td></tr></table>",배달 5% 할인,"[쇼핑/배달 5% 청구할인]
- 쿠팡, G마켓, 배달의민족
* 쿠팡, G마켓 : 상품권, 여행, 항공권, 티켓, 도서 이용금액 서비스 제외
* 배달의 민족에서 '결제수단 > 다른결제수단 > 신용/체크결제'를 통해 결제 시 서비스 제공
- 마이핏카드(할인형) 할인 서비스는 전월 이용실적 30만원 이상 시 제공되며, 전월 이용실적에 따라 월간 할인한도가
  제공됩니다.
  제공됩니다.

[이용 조건]
<table class=""benefit-table""><tr><th rowspan=""2"">서비스</th><th rowspan=""2"">청구 할인</th><th colspan=""3"">전월 이용실적에 따른 월 할인 한도</th></tr><tr><th>30만원 이상 50만원 미만</th><th>50만원 이상 100만원 미만</th><th>100만원 이상</th></tr><tr><td>쇼핑/배달</td><td>5%</td><td>1천원</td><td>3천원</td><td>5천원</td></tr></table>",2026-06-05
09248_B0022,9248,주요혜택,생활(#마트 #주유 #통신) 5% 청구할인,생활(마트/주유/통신) 5% 청구할인,자동차/주유,6,Offline,할인,5,%,"SK에너지, GS칼텍스 충전소",전월 실적 50만원 이상 100만원 미만,500000,1000000,10000,,,,5000,원,,"[생활(#마트 #주유 #통신) 5% 청구할인]
- #마트 : 이마트, 롯데마트
- #주유 : SK에너지, GS칼텍스
* 충전소 포함
- #통신 : SKT/KT/LG U+ 이동통신 자동납부
* 알뜰폰 이용금액 서비스 제외

[이용 조건]
마이핏카드(할인형) 할인 서비스는 전월 이용실적 30만원 이상 시 제공되며, 전월 이용실적에 따라 월간 할인한도가 / 건당 1만원 이상 이용 시
<table class=""benefit-table""><tr><th rowspan=""2"">서비스</th><th rowspan=""2"">청구 할인</th><th colspan=""3"">전월 이용실적에 따른 월 할인 한도</th></tr><tr><th>30만원 이상 50만원 미만</th><th>50만원 이상 100만원 미만</th><th>100만원 이상</th></tr><tr><td>생활 #마트 #주유 #통신</td><td>5%</td><td>2천원</td><td>5천원</td><td>1만원</td></tr></table>",자동차/주유 5% 할인,"[생활(#마트 #주유 #통신) 5% 청구할인]
- #마트 : 이마트, 롯데마트
- #주유 : SK에너지, GS칼텍스
* 충전소 포함
- #통신 : SKT/KT/LG U+ 이동통신 자동납부
* 알뜰폰 이용금액 서비스 제외

[이용 조건]
마이핏카드(할인형) 할인 서비스는 전월 이용실적 30만원 이상 시 제공되며, 전월 이용실적에 따라 월간 할인한도가 / 건당 1만원 이상 이용 시
<table class=""benefit-table""><tr><th rowspan=""2"">서비스</th><th rowspan=""2"">청구 할인</th><th colspan=""3"">전월 이용실적에 따른 월 할인 한도</th></tr><tr><th>30만원 이상 50만원 미만</th><th>50만원 이상 100만원 미만</th><th>100만원 이상</th></tr><tr><td>생활 #마트 #주유 #통신</td><td>5%</td><td>2천원</td><td>5천원</td><td>1만원</td></tr></table>",2026-06-05
09248_B0023,9248,주요혜택,쇼핑/배달 5% 청구할인,배달의민족 5% 청구할인,배달,15,Online,할인,5,%,배달의민족,전월 실적 100만원 이상,1000000,,,,,,5000,원,,"[쇼핑/배달 5% 청구할인]
- 쿠팡, G마켓, 배달의민족
* 쿠팡, G마켓 : 상품권, 여행, 항공권, 티켓, 도서 이용금액 서비스 제외
* 배달의 민족에서 '결제수단 > 다른결제수단 > 신용/체크결제'를 통해 결제 시 서비스 제공
- 마이핏카드(할인형) 할인 서비스는 전월 이용실적 30만원 이상 시 제공되며, 전월 이용실적에 따라 월간 할인한도가
  제공됩니다.
  제공됩니다.

[이용 조건]
<table class=""benefit-table""><tr><th rowspan=""2"">서비스</th><th rowspan=""2"">청구 할인</th><th colspan=""3"">전월 이용실적에 따른 월 할인 한도</th></tr><tr><th>30만원 이상 50만원 미만</th><th>50만원 이상 100만원 미만</th><th>100만원 이상</th></tr><tr><td>쇼핑/배달</td><td>5%</td><td>1천원</td><td>3천원</td><td>5천원</td></tr></table>",배달 5% 할인,"[쇼핑/배달 5% 청구할인]
- 쿠팡, G마켓, 배달의민족
* 쿠팡, G마켓 : 상품권, 여행, 항공권, 티켓, 도서 이용금액 서비스 제외
* 배달의 민족에서 '결제수단 > 다른결제수단 > 신용/체크결제'를 통해 결제 시 서비스 제공
- 마이핏카드(할인형) 할인 서비스는 전월 이용실적 30만원 이상 시 제공되며, 전월 이용실적에 따라 월간 할인한도가
  제공됩니다.
  제공됩니다.

[이용 조건]
<table class=""benefit-table""><tr><th rowspan=""2"">서비스</th><th rowspan=""2"">청구 할인</th><th colspan=""3"">전월 이용실적에 따른 월 할인 한도</th></tr><tr><th>30만원 이상 50만원 미만</th><th>50만원 이상 100만원 미만</th><th>100만원 이상</th></tr><tr><td>쇼핑/배달</td><td>5%</td><td>1천원</td><td>3천원</td><td>5천원</td></tr></table>",2026-06-05
09248_B0024,9248,주요혜택,생활(#마트 #주유 #통신) 5% 청구할인,생활(마트/주유/통신) 5% 청구할인,자동차/주유,6,Offline,할인,5,%,"SK에너지, GS칼텍스 충전소",전월 실적 100만원 이상,1000000,,10000,,,,10000,원,,"[생활(#마트 #주유 #통신) 5% 청구할인]
- #마트 : 이마트, 롯데마트
- #주유 : SK에너지, GS칼텍스
* 충전소 포함
- #통신 : SKT/KT/LG U+ 이동통신 자동납부
* 알뜰폰 이용금액 서비스 제외

[이용 조건]
마이핏카드(할인형) 할인 서비스는 전월 이용실적 30만원 이상 시 제공되며, 전월 이용실적에 따라 월간 할인한도가 / 건당 1만원 이상 이용 시
<table class=""benefit-table""><tr><th rowspan=""2"">서비스</th><th rowspan=""2"">청구 할인</th><th colspan=""3"">전월 이용실적에 따른 월 할인 한도</th></tr><tr><th>30만원 이상 50만원 미만</th><th>50만원 이상 100만원 미만</th><th>100만원 이상</th></tr><tr><td>생활 #마트 #주유 #통신</td><td>5%</td><td>2천원</td><td>5천원</td><td>1만원</td></tr></table>",자동차/주유 5% 할인,"[생활(#마트 #주유 #통신) 5% 청구할인]
- #마트 : 이마트, 롯데마트
- #주유 : SK에너지, GS칼텍스
* 충전소 포함
- #통신 : SKT/KT/LG U+ 이동통신 자동납부
* 알뜰폰 이용금액 서비스 제외

[이용 조건]
마이핏카드(할인형) 할인 서비스는 전월 이용실적 30만원 이상 시 제공되며, 전월 이용실적에 따라 월간 할인한도가 / 건당 1만원 이상 이용 시
<table class=""benefit-table""><tr><th rowspan=""2"">서비스</th><th rowspan=""2"">청구 할인</th><th colspan=""3"">전월 이용실적에 따른 월 할인 한도</th></tr><tr><th>30만원 이상 50만원 미만</th><th>50만원 이상 100만원 미만</th><th>100만원 이상</th></tr><tr><td>생활 #마트 #주유 #통신</td><td>5%</td><td>2천원</td><td>5천원</td><td>1만원</td></tr></table>",2026-06-05
09248_B0025,9248,주요혜택,생활(#마트 #주유 #통신) 5% 청구할인,생활(마트/주유/통신) 5% 청구할인,생활비,12,Both,할인,5,%,"SKT, KT, LGU+ 이동통신 자동납부",전월 실적 30만원 이상 50만원 미만,300000,500000,10000,,,,2000,원,,"[생활(#마트 #주유 #통신) 5% 청구할인]
- #마트 : 이마트, 롯데마트
- #주유 : SK에너지, GS칼텍스
* 충전소 포함
- #통신 : SKT/KT/LG U+ 이동통신 자동납부
* 알뜰폰 이용금액 서비스 제외

[이용 조건]
마이핏카드(할인형) 할인 서비스는 전월 이용실적 30만원 이상 시 제공되며, 전월 이용실적에 따라 월간 할인한도가 / 건당 1만원 이상 이용 시
<table class=""benefit-table""><tr><th rowspan=""2"">서비스</th><th rowspan=""2"">청구 할인</th><th colspan=""3"">전월 이용실적에 따른 월 할인 한도</th></tr><tr><th>30만원 이상 50만원 미만</th><th>50만원 이상 100만원 미만</th><th>100만원 이상</th></tr><tr><td>생활 #마트 #주유 #통신</td><td>5%</td><td>2천원</td><td>5천원</td><td>1만원</td></tr></table>",생활비 5% 할인,"[생활(#마트 #주유 #통신) 5% 청구할인]
- #마트 : 이마트, 롯데마트
- #주유 : SK에너지, GS칼텍스
* 충전소 포함
- #통신 : SKT/KT/LG U+ 이동통신 자동납부
* 알뜰폰 이용금액 서비스 제외

[이용 조건]
마이핏카드(할인형) 할인 서비스는 전월 이용실적 30만원 이상 시 제공되며, 전월 이용실적에 따라 월간 할인한도가 / 건당 1만원 이상 이용 시
<table class=""benefit-table""><tr><th rowspan=""2"">서비스</th><th rowspan=""2"">청구 할인</th><th colspan=""3"">전월 이용실적에 따른 월 할인 한도</th></tr><tr><th>30만원 이상 50만원 미만</th><th>50만원 이상 100만원 미만</th><th>100만원 이상</th></tr><tr><td>생활 #마트 #주유 #통신</td><td>5%</td><td>2천원</td><td>5천원</td><td>1만원</td></tr></table>",2026-06-05
09248_B0026,9248,주요혜택,생활(#마트 #주유 #통신) 5% 청구할인,생활(마트/주유/통신) 5% 청구할인,생활비,12,Both,할인,5,%,"SKT, KT, LGU+ 이동통신 자동납부",전월 실적 50만원 이상 100만원 미만,500000,1000000,10000,,,,5000,원,,"[생활(#마트 #주유 #통신) 5% 청구할인]
- #마트 : 이마트, 롯데마트
- #주유 : SK에너지, GS칼텍스
* 충전소 포함
- #통신 : SKT/KT/LG U+ 이동통신 자동납부
* 알뜰폰 이용금액 서비스 제외

[이용 조건]
마이핏카드(할인형) 할인 서비스는 전월 이용실적 30만원 이상 시 제공되며, 전월 이용실적에 따라 월간 할인한도가 / 건당 1만원 이상 이용 시
<table class=""benefit-table""><tr><th rowspan=""2"">서비스</th><th rowspan=""2"">청구 할인</th><th colspan=""3"">전월 이용실적에 따른 월 할인 한도</th></tr><tr><th>30만원 이상 50만원 미만</th><th>50만원 이상 100만원 미만</th><th>100만원 이상</th></tr><tr><td>생활 #마트 #주유 #통신</td><td>5%</td><td>2천원</td><td>5천원</td><td>1만원</td></tr></table>",생활비 5% 할인,"[생활(#마트 #주유 #통신) 5% 청구할인]
- #마트 : 이마트, 롯데마트
- #주유 : SK에너지, GS칼텍스
* 충전소 포함
- #통신 : SKT/KT/LG U+ 이동통신 자동납부
* 알뜰폰 이용금액 서비스 제외

[이용 조건]
마이핏카드(할인형) 할인 서비스는 전월 이용실적 30만원 이상 시 제공되며, 전월 이용실적에 따라 월간 할인한도가 / 건당 1만원 이상 이용 시
<table class=""benefit-table""><tr><th rowspan=""2"">서비스</th><th rowspan=""2"">청구 할인</th><th colspan=""3"">전월 이용실적에 따른 월 할인 한도</th></tr><tr><th>30만원 이상 50만원 미만</th><th>50만원 이상 100만원 미만</th><th>100만원 이상</th></tr><tr><td>생활 #마트 #주유 #통신</td><td>5%</td><td>2천원</td><td>5천원</td><td>1만원</td></tr></table>",2026-06-05
09248_B0027,9248,주요혜택,생활(#마트 #주유 #통신) 5% 청구할인,생활(마트/주유/통신) 5% 청구할인,생활비,12,Both,할인,5,%,"SKT, KT, LGU+ 이동통신 자동납부",전월 실적 100만원 이상,1000000,,10000,,,,10000,원,,"[생활(#마트 #주유 #통신) 5% 청구할인]
- #마트 : 이마트, 롯데마트
- #주유 : SK에너지, GS칼텍스
* 충전소 포함
- #통신 : SKT/KT/LG U+ 이동통신 자동납부
* 알뜰폰 이용금액 서비스 제외

[이용 조건]
마이핏카드(할인형) 할인 서비스는 전월 이용실적 30만원 이상 시 제공되며, 전월 이용실적에 따라 월간 할인한도가 / 건당 1만원 이상 이용 시
<table class=""benefit-table""><tr><th rowspan=""2"">서비스</th><th rowspan=""2"">청구 할인</th><th colspan=""3"">전월 이용실적에 따른 월 할인 한도</th></tr><tr><th>30만원 이상 50만원 미만</th><th>50만원 이상 100만원 미만</th><th>100만원 이상</th></tr><tr><td>생활 #마트 #주유 #통신</td><td>5%</td><td>2천원</td><td>5천원</td><td>1만원</td></tr></table>",생활비 5% 할인,"[생활(#마트 #주유 #통신) 5% 청구할인]
- #마트 : 이마트, 롯데마트
- #주유 : SK에너지, GS칼텍스
* 충전소 포함
- #통신 : SKT/KT/LG U+ 이동통신 자동납부
* 알뜰폰 이용금액 서비스 제외

[이용 조건]
마이핏카드(할인형) 할인 서비스는 전월 이용실적 30만원 이상 시 제공되며, 전월 이용실적에 따라 월간 할인한도가 / 건당 1만원 이상 이용 시
<table class=""benefit-table""><tr><th rowspan=""2"">서비스</th><th rowspan=""2"">청구 할인</th><th colspan=""3"">전월 이용실적에 따른 월 할인 한도</th></tr><tr><th>30만원 이상 50만원 미만</th><th>50만원 이상 100만원 미만</th><th>100만원 이상</th></tr><tr><td>생활 #마트 #주유 #통신</td><td>5%</td><td>2천원</td><td>5천원</td><td>1만원</td></tr></table>",2026-06-05
09272_B0001,9272,주요혜택,기본 혜택,스타벅스 할인,카페/베이커리,14,Both,할인,50,%,스타벅스(사이렌오더 포함),전월 실적 40만원 이상,400000,,,,10000,원,,,,"<table class=""benefit-table""><tr><th rowspan=""2"">구분</th><th rowspan=""2"">청구할인</th><th>전월 이용실적에 따른 월 할인한도</th></tr><tr><th>40만원 이상</th></tr><tr><th>스타벅스</th><td>50%</td><td>1만원</td></tr><tr><th>구독</th><td>20%</td><td>3천원</td></tr><tr><th>온라인 간편결제</th><td>10%</td><td>3천원</td></tr><tr><th>배달</th><td>5%</td><td>5천원</td></tr><tr><th>대중교통</th><td>5%</td><td>3천원</td></tr></table>
- 해당 카드의 서비스는 전월 이용실적 40만원 이상 시 제공되며, 전월 이용실적에 따라 월간 할인한도가 제공됩니다.
- 최초 카드 사용 등록일로부터 다음달 말일(실적 유예기간)까지 해당 카드 이용실적이 없는 경우에도 서비스가 제공됩니다.
- 상품명에 '톡톡 with'가 포함된 모든 카드(이하 톡톡 with 계열 카드)는 전월 이용실적과 서비스별 월 할인한도가 통합 적용되며, 톡톡 with 계열 카드 중복 소지 시 최초 발급된 카드의 사용등록일을 기준으로 합니다.
- 스타벅스 : 스타벅스(사이렌오더 포함) 상품권(선물하기 등) 및 선불카드(선불전자지급수단 포함) 충전 제외
- 구독 : YouTube Premium, 넷플릭스, 웨이브, 티빙 공식 홈페이지 및 모바일(앱)을 통한 정기결제 시 제공(간편결제건 또는 앱스토어를 통한 인앱 결제건 등은 제외)
- 온라인 간편결제 : KB Pay, 삼성 페이, LG 페이, 카카오페이, PAYCO, 네이버페이, 쿠페이, 스마일페이, SSGPAY, L.pay 국내 온라인 가맹점 결제건에 한하며, 오프라인 매장 결제건(QR/바코드 결제, 스마트폰 NFC, 카카오T, 택시 등)은 제외 스타벅스, 배달 청구할인 서비스와 중복 적용 가능하며 할인한도는 각각 차감
- 배달 : 배달의민족, 요기요
- 대중교통 : 버스, 지하철 시외버스, 고속버스, 공항버스 제외 이용대금명세서 상 기재된 이용일 기준 서비스 적용",카페/베이커리 50% 할인,"<table class=""benefit-table""><tr><th rowspan=""2"">구분</th><th rowspan=""2"">청구할인</th><th>전월 이용실적에 따른 월 할인한도</th></tr><tr><th>40만원 이상</th></tr><tr><th>스타벅스</th><td>50%</td><td>1만원</td></tr><tr><th>구독</th><td>20%</td><td>3천원</td></tr><tr><th>온라인 간편결제</th><td>10%</td><td>3천원</td></tr><tr><th>배달</th><td>5%</td><td>5천원</td></tr><tr><th>대중교통</th><td>5%</td><td>3천원</td></tr></table>
- 해당 카드의 서비스는 전월 이용실적 40만원 이상 시 제공되며, 전월 이용실적에 따라 월간 할인한도가 제공됩니다.
- 최초 카드 사용 등록일로부터 다음달 말일(실적 유예기간)까지 해당 카드 이용실적이 없는 경우에도 서비스가 제공됩니다.
- 상품명에 '톡톡 with'가 포함된 모든 카드(이하 톡톡 with 계열 카드)는 전월 이용실적과 서비스별 월 할인한도가 통합 적용되며, 톡톡 with 계열 카드 중복 소지 시 최초 발급된 카드의 사용등록일을 기준으로 합니다.
- 스타벅스 : 스타벅스(사이렌오더 포함) 상품권(선물하기 등) 및 선불카드(선불전자지급수단 포함) 충전 제외
- 구독 : YouTube Premium, 넷플릭스, 웨이브, 티빙 공식 홈페이지 및 모바일(앱)을 통한 정기결제 시 제공(간편결제건 또는 앱스토어를 통한 인앱 결제건 등은 제외)
- 온라인 간편결제 : KB Pay, 삼성 페이, LG 페이, 카카오페이, PAYCO, 네이버페이, 쿠페이, 스마일페이, SSGPAY, L.pay 국내 온라인 가맹점 결제건에 한하며, 오프라인 매장 결제건(QR/바코드 결제, 스마트폰 NFC, 카카오T, 택시 등)은 제외 스타벅스, 배달 청구할인 서비스와 중복 적용 가능하며 할인한도는 각각 차감
- 배달 : 배달의민족, 요기요
- 대중교통 : 버스, 지하철 시외버스, 고속버스, 공항버스 제외 이용대금명세서 상 기재된 이용일 기준 서비스 적용",2026-06-06
09272_B0002,9272,주요혜택,기본 혜택,구독 할인,구독/스트리밍,8,Online,할인,20,%,"YouTube Premium, 넷플릭스, 웨이브, 티빙",전월 실적 40만원 이상,400000,,,,3000,원,,,,"<table class=""benefit-table""><tr><th rowspan=""2"">구분</th><th rowspan=""2"">청구할인</th><th>전월 이용실적에 따른 월 할인한도</th></tr><tr><th>40만원 이상</th></tr><tr><th>스타벅스</th><td>50%</td><td>1만원</td></tr><tr><th>구독</th><td>20%</td><td>3천원</td></tr><tr><th>온라인 간편결제</th><td>10%</td><td>3천원</td></tr><tr><th>배달</th><td>5%</td><td>5천원</td></tr><tr><th>대중교통</th><td>5%</td><td>3천원</td></tr></table>
- 해당 카드의 서비스는 전월 이용실적 40만원 이상 시 제공되며, 전월 이용실적에 따라 월간 할인한도가 제공됩니다.
- 최초 카드 사용 등록일로부터 다음달 말일(실적 유예기간)까지 해당 카드 이용실적이 없는 경우에도 서비스가 제공됩니다.
- 상품명에 '톡톡 with'가 포함된 모든 카드(이하 톡톡 with 계열 카드)는 전월 이용실적과 서비스별 월 할인한도가 통합 적용되며, 톡톡 with 계열 카드 중복 소지 시 최초 발급된 카드의 사용등록일을 기준으로 합니다.
- 스타벅스 : 스타벅스(사이렌오더 포함) 상품권(선물하기 등) 및 선불카드(선불전자지급수단 포함) 충전 제외
- 구독 : YouTube Premium, 넷플릭스, 웨이브, 티빙 공식 홈페이지 및 모바일(앱)을 통한 정기결제 시 제공(간편결제건 또는 앱스토어를 통한 인앱 결제건 등은 제외)
- 온라인 간편결제 : KB Pay, 삼성 페이, LG 페이, 카카오페이, PAYCO, 네이버페이, 쿠페이, 스마일페이, SSGPAY, L.pay 국내 온라인 가맹점 결제건에 한하며, 오프라인 매장 결제건(QR/바코드 결제, 스마트폰 NFC, 카카오T, 택시 등)은 제외 스타벅스, 배달 청구할인 서비스와 중복 적용 가능하며 할인한도는 각각 차감
- 배달 : 배달의민족, 요기요
- 대중교통 : 버스, 지하철 시외버스, 고속버스, 공항버스 제외 이용대금명세서 상 기재된 이용일 기준 서비스 적용",구독/스트리밍 20% 할인,"<table class=""benefit-table""><tr><th rowspan=""2"">구분</th><th rowspan=""2"">청구할인</th><th>전월 이용실적에 따른 월 할인한도</th></tr><tr><th>40만원 이상</th></tr><tr><th>스타벅스</th><td>50%</td><td>1만원</td></tr><tr><th>구독</th><td>20%</td><td>3천원</td></tr><tr><th>온라인 간편결제</th><td>10%</td><td>3천원</td></tr><tr><th>배달</th><td>5%</td><td>5천원</td></tr><tr><th>대중교통</th><td>5%</td><td>3천원</td></tr></table>
- 해당 카드의 서비스는 전월 이용실적 40만원 이상 시 제공되며, 전월 이용실적에 따라 월간 할인한도가 제공됩니다.
- 최초 카드 사용 등록일로부터 다음달 말일(실적 유예기간)까지 해당 카드 이용실적이 없는 경우에도 서비스가 제공됩니다.
- 상품명에 '톡톡 with'가 포함된 모든 카드(이하 톡톡 with 계열 카드)는 전월 이용실적과 서비스별 월 할인한도가 통합 적용되며, 톡톡 with 계열 카드 중복 소지 시 최초 발급된 카드의 사용등록일을 기준으로 합니다.
- 스타벅스 : 스타벅스(사이렌오더 포함) 상품권(선물하기 등) 및 선불카드(선불전자지급수단 포함) 충전 제외
- 구독 : YouTube Premium, 넷플릭스, 웨이브, 티빙 공식 홈페이지 및 모바일(앱)을 통한 정기결제 시 제공(간편결제건 또는 앱스토어를 통한 인앱 결제건 등은 제외)
- 온라인 간편결제 : KB Pay, 삼성 페이, LG 페이, 카카오페이, PAYCO, 네이버페이, 쿠페이, 스마일페이, SSGPAY, L.pay 국내 온라인 가맹점 결제건에 한하며, 오프라인 매장 결제건(QR/바코드 결제, 스마트폰 NFC, 카카오T, 택시 등)은 제외 스타벅스, 배달 청구할인 서비스와 중복 적용 가능하며 할인한도는 각각 차감
- 배달 : 배달의민족, 요기요
- 대중교통 : 버스, 지하철 시외버스, 고속버스, 공항버스 제외 이용대금명세서 상 기재된 이용일 기준 서비스 적용",2026-06-06
09272_B0003,9272,주요혜택,기본 혜택,온라인 간편결제 할인,페이/간편결제,10,Online,할인,10,%,"KB Pay, 삼성 페이, LG 페이, 카카오페이, PAYCO, 네이버페이, 쿠페이, 스마일페이, SSGPAY, L.pay",전월 실적 40만원 이상,400000,,,,3000,원,,,,"<table class=""benefit-table""><tr><th rowspan=""2"">구분</th><th rowspan=""2"">청구할인</th><th>전월 이용실적에 따른 월 할인한도</th></tr><tr><th>40만원 이상</th></tr><tr><th>스타벅스</th><td>50%</td><td>1만원</td></tr><tr><th>구독</th><td>20%</td><td>3천원</td></tr><tr><th>온라인 간편결제</th><td>10%</td><td>3천원</td></tr><tr><th>배달</th><td>5%</td><td>5천원</td></tr><tr><th>대중교통</th><td>5%</td><td>3천원</td></tr></table>
- 해당 카드의 서비스는 전월 이용실적 40만원 이상 시 제공되며, 전월 이용실적에 따라 월간 할인한도가 제공됩니다.
- 최초 카드 사용 등록일로부터 다음달 말일(실적 유예기간)까지 해당 카드 이용실적이 없는 경우에도 서비스가 제공됩니다.
- 상품명에 '톡톡 with'가 포함된 모든 카드(이하 톡톡 with 계열 카드)는 전월 이용실적과 서비스별 월 할인한도가 통합 적용되며, 톡톡 with 계열 카드 중복 소지 시 최초 발급된 카드의 사용등록일을 기준으로 합니다.
- 스타벅스 : 스타벅스(사이렌오더 포함) 상품권(선물하기 등) 및 선불카드(선불전자지급수단 포함) 충전 제외
- 구독 : YouTube Premium, 넷플릭스, 웨이브, 티빙 공식 홈페이지 및 모바일(앱)을 통한 정기결제 시 제공(간편결제건 또는 앱스토어를 통한 인앱 결제건 등은 제외)
- 온라인 간편결제 : KB Pay, 삼성 페이, LG 페이, 카카오페이, PAYCO, 네이버페이, 쿠페이, 스마일페이, SSGPAY, L.pay 국내 온라인 가맹점 결제건에 한하며, 오프라인 매장 결제건(QR/바코드 결제, 스마트폰 NFC, 카카오T, 택시 등)은 제외 스타벅스, 배달 청구할인 서비스와 중복 적용 가능하며 할인한도는 각각 차감
- 배달 : 배달의민족, 요기요
- 대중교통 : 버스, 지하철 시외버스, 고속버스, 공항버스 제외 이용대금명세서 상 기재된 이용일 기준 서비스 적용",페이/간편결제 10% 할인,"<table class=""benefit-table""><tr><th rowspan=""2"">구분</th><th rowspan=""2"">청구할인</th><th>전월 이용실적에 따른 월 할인한도</th></tr><tr><th>40만원 이상</th></tr><tr><th>스타벅스</th><td>50%</td><td>1만원</td></tr><tr><th>구독</th><td>20%</td><td>3천원</td></tr><tr><th>온라인 간편결제</th><td>10%</td><td>3천원</td></tr><tr><th>배달</th><td>5%</td><td>5천원</td></tr><tr><th>대중교통</th><td>5%</td><td>3천원</td></tr></table>
- 해당 카드의 서비스는 전월 이용실적 40만원 이상 시 제공되며, 전월 이용실적에 따라 월간 할인한도가 제공됩니다.
- 최초 카드 사용 등록일로부터 다음달 말일(실적 유예기간)까지 해당 카드 이용실적이 없는 경우에도 서비스가 제공됩니다.
- 상품명에 '톡톡 with'가 포함된 모든 카드(이하 톡톡 with 계열 카드)는 전월 이용실적과 서비스별 월 할인한도가 통합 적용되며, 톡톡 with 계열 카드 중복 소지 시 최초 발급된 카드의 사용등록일을 기준으로 합니다.
- 스타벅스 : 스타벅스(사이렌오더 포함) 상품권(선물하기 등) 및 선불카드(선불전자지급수단 포함) 충전 제외
- 구독 : YouTube Premium, 넷플릭스, 웨이브, 티빙 공식 홈페이지 및 모바일(앱)을 통한 정기결제 시 제공(간편결제건 또는 앱스토어를 통한 인앱 결제건 등은 제외)
- 온라인 간편결제 : KB Pay, 삼성 페이, LG 페이, 카카오페이, PAYCO, 네이버페이, 쿠페이, 스마일페이, SSGPAY, L.pay 국내 온라인 가맹점 결제건에 한하며, 오프라인 매장 결제건(QR/바코드 결제, 스마트폰 NFC, 카카오T, 택시 등)은 제외 스타벅스, 배달 청구할인 서비스와 중복 적용 가능하며 할인한도는 각각 차감
- 배달 : 배달의민족, 요기요
- 대중교통 : 버스, 지하철 시외버스, 고속버스, 공항버스 제외 이용대금명세서 상 기재된 이용일 기준 서비스 적용",2026-06-06
09272_B0004,9272,주요혜택,기본 혜택,배달 할인,배달,15,Both,할인,5,%,"배달의민족, 요기요",전월 실적 40만원 이상,400000,,,,5000,원,,,,"<table class=""benefit-table""><tr><th rowspan=""2"">구분</th><th rowspan=""2"">청구할인</th><th>전월 이용실적에 따른 월 할인한도</th></tr><tr><th>40만원 이상</th></tr><tr><th>스타벅스</th><td>50%</td><td>1만원</td></tr><tr><th>구독</th><td>20%</td><td>3천원</td></tr><tr><th>온라인 간편결제</th><td>10%</td><td>3천원</td></tr><tr><th>배달</th><td>5%</td><td>5천원</td></tr><tr><th>대중교통</th><td>5%</td><td>3천원</td></tr></table>
- 해당 카드의 서비스는 전월 이용실적 40만원 이상 시 제공되며, 전월 이용실적에 따라 월간 할인한도가 제공됩니다.
- 최초 카드 사용 등록일로부터 다음달 말일(실적 유예기간)까지 해당 카드 이용실적이 없는 경우에도 서비스가 제공됩니다.
- 상품명에 '톡톡 with'가 포함된 모든 카드(이하 톡톡 with 계열 카드)는 전월 이용실적과 서비스별 월 할인한도가 통합 적용되며, 톡톡 with 계열 카드 중복 소지 시 최초 발급된 카드의 사용등록일을 기준으로 합니다.
- 스타벅스 : 스타벅스(사이렌오더 포함) 상품권(선물하기 등) 및 선불카드(선불전자지급수단 포함) 충전 제외
- 구독 : YouTube Premium, 넷플릭스, 웨이브, 티빙 공식 홈페이지 및 모바일(앱)을 통한 정기결제 시 제공(간편결제건 또는 앱스토어를 통한 인앱 결제건 등은 제외)
- 온라인 간편결제 : KB Pay, 삼성 페이, LG 페이, 카카오페이, PAYCO, 네이버페이, 쿠페이, 스마일페이, SSGPAY, L.pay 국내 온라인 가맹점 결제건에 한하며, 오프라인 매장 결제건(QR/바코드 결제, 스마트폰 NFC, 카카오T, 택시 등)은 제외 스타벅스, 배달 청구할인 서비스와 중복 적용 가능하며 할인한도는 각각 차감
- 배달 : 배달의민족, 요기요
- 대중교통 : 버스, 지하철 시외버스, 고속버스, 공항버스 제외 이용대금명세서 상 기재된 이용일 기준 서비스 적용",배달 5% 할인,"<table class=""benefit-table""><tr><th rowspan=""2"">구분</th><th rowspan=""2"">청구할인</th><th>전월 이용실적에 따른 월 할인한도</th></tr><tr><th>40만원 이상</th></tr><tr><th>스타벅스</th><td>50%</td><td>1만원</td></tr><tr><th>구독</th><td>20%</td><td>3천원</td></tr><tr><th>온라인 간편결제</th><td>10%</td><td>3천원</td></tr><tr><th>배달</th><td>5%</td><td>5천원</td></tr><tr><th>대중교통</th><td>5%</td><td>3천원</td></tr></table>
- 해당 카드의 서비스는 전월 이용실적 40만원 이상 시 제공되며, 전월 이용실적에 따라 월간 할인한도가 제공됩니다.
- 최초 카드 사용 등록일로부터 다음달 말일(실적 유예기간)까지 해당 카드 이용실적이 없는 경우에도 서비스가 제공됩니다.
- 상품명에 '톡톡 with'가 포함된 모든 카드(이하 톡톡 with 계열 카드)는 전월 이용실적과 서비스별 월 할인한도가 통합 적용되며, 톡톡 with 계열 카드 중복 소지 시 최초 발급된 카드의 사용등록일을 기준으로 합니다.
- 스타벅스 : 스타벅스(사이렌오더 포함) 상품권(선물하기 등) 및 선불카드(선불전자지급수단 포함) 충전 제외
- 구독 : YouTube Premium, 넷플릭스, 웨이브, 티빙 공식 홈페이지 및 모바일(앱)을 통한 정기결제 시 제공(간편결제건 또는 앱스토어를 통한 인앱 결제건 등은 제외)
- 온라인 간편결제 : KB Pay, 삼성 페이, LG 페이, 카카오페이, PAYCO, 네이버페이, 쿠페이, 스마일페이, SSGPAY, L.pay 국내 온라인 가맹점 결제건에 한하며, 오프라인 매장 결제건(QR/바코드 결제, 스마트폰 NFC, 카카오T, 택시 등)은 제외 스타벅스, 배달 청구할인 서비스와 중복 적용 가능하며 할인한도는 각각 차감
- 배달 : 배달의민족, 요기요
- 대중교통 : 버스, 지하철 시외버스, 고속버스, 공항버스 제외 이용대금명세서 상 기재된 이용일 기준 서비스 적용",2026-06-06
09272_B0005,9272,주요혜택,기본 혜택,대중교통 할인,대중교통/택시,5,Offline,할인,5,%,"버스, 지하철",전월 실적 40만원 이상,400000,,,,3000,원,,,,"<table class=""benefit-table""><tr><th rowspan=""2"">구분</th><th rowspan=""2"">청구할인</th><th>전월 이용실적에 따른 월 할인한도</th></tr><tr><th>40만원 이상</th></tr><tr><th>스타벅스</th><td>50%</td><td>1만원</td></tr><tr><th>구독</th><td>20%</td><td>3천원</td></tr><tr><th>온라인 간편결제</th><td>10%</td><td>3천원</td></tr><tr><th>배달</th><td>5%</td><td>5천원</td></tr><tr><th>대중교통</th><td>5%</td><td>3천원</td></tr></table>
- 해당 카드의 서비스는 전월 이용실적 40만원 이상 시 제공되며, 전월 이용실적에 따라 월간 할인한도가 제공됩니다.
- 최초 카드 사용 등록일로부터 다음달 말일(실적 유예기간)까지 해당 카드 이용실적이 없는 경우에도 서비스가 제공됩니다.
- 상품명에 '톡톡 with'가 포함된 모든 카드(이하 톡톡 with 계열 카드)는 전월 이용실적과 서비스별 월 할인한도가 통합 적용되며, 톡톡 with 계열 카드 중복 소지 시 최초 발급된 카드의 사용등록일을 기준으로 합니다.
- 스타벅스 : 스타벅스(사이렌오더 포함) 상품권(선물하기 등) 및 선불카드(선불전자지급수단 포함) 충전 제외
- 구독 : YouTube Premium, 넷플릭스, 웨이브, 티빙 공식 홈페이지 및 모바일(앱)을 통한 정기결제 시 제공(간편결제건 또는 앱스토어를 통한 인앱 결제건 등은 제외)
- 온라인 간편결제 : KB Pay, 삼성 페이, LG 페이, 카카오페이, PAYCO, 네이버페이, 쿠페이, 스마일페이, SSGPAY, L.pay 국내 온라인 가맹점 결제건에 한하며, 오프라인 매장 결제건(QR/바코드 결제, 스마트폰 NFC, 카카오T, 택시 등)은 제외 스타벅스, 배달 청구할인 서비스와 중복 적용 가능하며 할인한도는 각각 차감
- 배달 : 배달의민족, 요기요
- 대중교통 : 버스, 지하철 시외버스, 고속버스, 공항버스 제외 이용대금명세서 상 기재된 이용일 기준 서비스 적용",대중교통/택시 5% 할인,"<table class=""benefit-table""><tr><th rowspan=""2"">구분</th><th rowspan=""2"">청구할인</th><th>전월 이용실적에 따른 월 할인한도</th></tr><tr><th>40만원 이상</th></tr><tr><th>스타벅스</th><td>50%</td><td>1만원</td></tr><tr><th>구독</th><td>20%</td><td>3천원</td></tr><tr><th>온라인 간편결제</th><td>10%</td><td>3천원</td></tr><tr><th>배달</th><td>5%</td><td>5천원</td></tr><tr><th>대중교통</th><td>5%</td><td>3천원</td></tr></table>
- 해당 카드의 서비스는 전월 이용실적 40만원 이상 시 제공되며, 전월 이용실적에 따라 월간 할인한도가 제공됩니다.
- 최초 카드 사용 등록일로부터 다음달 말일(실적 유예기간)까지 해당 카드 이용실적이 없는 경우에도 서비스가 제공됩니다.
- 상품명에 '톡톡 with'가 포함된 모든 카드(이하 톡톡 with 계열 카드)는 전월 이용실적과 서비스별 월 할인한도가 통합 적용되며, 톡톡 with 계열 카드 중복 소지 시 최초 발급된 카드의 사용등록일을 기준으로 합니다.
- 스타벅스 : 스타벅스(사이렌오더 포함) 상품권(선물하기 등) 및 선불카드(선불전자지급수단 포함) 충전 제외
- 구독 : YouTube Premium, 넷플릭스, 웨이브, 티빙 공식 홈페이지 및 모바일(앱)을 통한 정기결제 시 제공(간편결제건 또는 앱스토어를 통한 인앱 결제건 등은 제외)
- 온라인 간편결제 : KB Pay, 삼성 페이, LG 페이, 카카오페이, PAYCO, 네이버페이, 쿠페이, 스마일페이, SSGPAY, L.pay 국내 온라인 가맹점 결제건에 한하며, 오프라인 매장 결제건(QR/바코드 결제, 스마트폰 NFC, 카카오T, 택시 등)은 제외 스타벅스, 배달 청구할인 서비스와 중복 적용 가능하며 할인한도는 각각 차감
- 배달 : 배달의민족, 요기요
- 대중교통 : 버스, 지하철 시외버스, 고속버스, 공항버스 제외 이용대금명세서 상 기재된 이용일 기준 서비스 적용",2026-06-06
09293_B0001,9293,주요혜택,쿠팡 2% 쿠팡캐시 적립,쿠팡 2% 쿠팡캐시,온라인쇼핑,1,Online,캐시백,2,%,쿠팡,,0,,,,,,20000,원,,"[쿠팡 2% 쿠팡캐시 적립]
- 쿠팡, 쿠팡이츠, 쿠팡플레이 이용금액 2% 쿠팡캐시 적립
- 적립한도: 월 2만원(전월 실적 조건 없음)",온라인쇼핑 2% 캐시백,"[쿠팡 2% 쿠팡캐시 적립]
- 쿠팡, 쿠팡이츠, 쿠팡플레이 이용금액 2% 쿠팡캐시 적립
- 적립한도: 월 2만원(전월 실적 조건 없음)",2026-06-05
09293_B0002,9293,주요혜택,쿠팡 2% 쿠팡캐시 적립,쿠팡이츠 2% 쿠팡캐시,배달,15,Online,캐시백,2,%,쿠팡이츠,,0,,,,,,20000,원,,"[쿠팡 2% 쿠팡캐시 적립]
- 쿠팡, 쿠팡이츠, 쿠팡플레이 이용금액 2% 쿠팡캐시 적립
- 적립한도: 월 2만원(전월 실적 조건 없음)",배달 2% 캐시백,"[쿠팡 2% 쿠팡캐시 적립]
- 쿠팡, 쿠팡이츠, 쿠팡플레이 이용금액 2% 쿠팡캐시 적립
- 적립한도: 월 2만원(전월 실적 조건 없음)",2026-06-05
09293_B0003,9293,주요혜택,쿠팡 2% 쿠팡캐시 적립,쿠팡플레이 2% 쿠팡캐시 적립,구독/스트리밍,8,Online,캐시백,2,%,쿠팡플레이,,0,,,,,,20000,원,,"[쿠팡 2% 쿠팡캐시 적립]
- 쿠팡, 쿠팡이츠, 쿠팡플레이 이용금액 2% 쿠팡캐시 적립
- 적립한도: 월 2만원(전월 실적 조건 없음)",배달 2% 캐시백,"[쿠팡 2% 쿠팡캐시 적립]
- 쿠팡, 쿠팡이츠, 쿠팡플레이 이용금액 2% 쿠팡캐시 적립
- 적립한도: 월 2만원(전월 실적 조건 없음)",2026-06-05
09297_B0001,9297,주요혜택,국내 혜택,국내 가맹점 1% 할인,온라인쇼핑,1,Both,할인,1,%,"국내 전 가맹점, 네이버플러스, 쿠팡 로켓와우",전월 실적 40만원 이상,400000,,,,,,,,,"[국내 가맹점 1% 할인]
- 할인한도 없음 (전월 이용실적 40만원 이상 시 제공)
- 최초 발급받은 KB WE:SH All
  카드 사용등록일(KB Pay 등 간편결제 등록 포함)로부터 다음달
  말일까지는 전월 이용실적 40만원 미만시에도 할인

",온라인쇼핑 1% 할인,"[국내 가맹점 1% 할인]
- 할인한도 없음 (전월 이용실적 40만원 이상 시 제공)
- 최초 발급받은 KB WE:SH All
  카드 사용등록일(KB Pay 등 간편결제 등록 포함)로부터 다음달
  말일까지는 전월 이용실적 40만원 미만시에도 할인
",2026-06-06
09297_B0002,9297,주요혜택,해외 혜택,해외 가맹점 할인,해외,19,Online,할인,2,%,해외 가맹점,전월 실적 40만원 이상,400000,,,,,,,,,"[해외 가맹점 2% 할인]
- 할인한도 없음 (전월 이용실적 40만원 이상 시 제공)
- 해외 할인은 국내외겸용 카드에 한해 제공
- 해외 이용 시 별도의 수수료 부과되며, 자세한 내용은 '이용 전 확인사항' 참조
- 최초 발급받은 KB WE:SH All
  카드 사용등록일(KB Pay 등 간편결제 등록 포함)로부터 다음달
  말일까지는 전월 이용실적 40만원 미만시에도 할인

",해외 2% 할인,"[해외 가맹점 2% 할인]
- 할인한도 없음 (전월 이용실적 40만원 이상 시 제공)
- 해외 할인은 국내외겸용 카드에 한해 제공
- 해외 이용 시 별도의 수수료 부과되며, 자세한 내용은 '이용 전 확인사항' 참조
- 최초 발급받은 KB WE:SH All
  카드 사용등록일(KB Pay 등 간편결제 등록 포함)로부터 다음달
  말일까지는 전월 이용실적 40만원 미만시에도 할인

",2026-06-06
09297_B0003,9297,주요혜택,"쇼핑 멤버십 50% , OTT 10% , 이동통신 5% 할인(자동납부 할인)",쇼핑 멤버십 할인,온라인쇼핑,1,Online,할인,50,%,"네이버플러스 멤버십, 쿠팡 로켓와우 멤버십",전월 실적 40만원 이상,400000,,,,,,5000,원,,"[쇼핑 멤버십 50% , OTT 10% , 이동통신 5% 할인(자동납부 할인)]
<table class=""benefit-table""><tr><th>구분</th><th>할인대상</th></tr><tr><td>쇼핑 멤버십</td><td>네이버플러스 멤버십, 쿠팡 로켓와우 멤버십 자동납부요금</td></tr><tr><td>OTT</td><td>넷플릭스, 유튜브 프리미엄, 웨이브, 티빙, 디즈니플러스 자동납부요금</td></tr><tr><td>이동통신</td><td>SKT, KT, LG U+, Liiv M 이동통신 자동납부요금</td></tr></table>
- 통합 월 할인한도 :
  5천원 (전월 이용실적 40만원 이상 시 제공)
- 쇼핑 멤버십/OTT는 공식 홈페이지를 통한 정기 결제 건에 한함
  (간편결제 및 인앱결제 등은 할인 제외)
- 이동통신 할인은 인터넷/IPTV 등 결합상품 할인 제외
- 최초 발급받은 KB WE:SH All
  카드 사용등록일(KB Pay 등 간편결제 등록 포함)로부터 다음달 말일(실적유예기간)까지는 전월 이용실적 40만원 미만시에도 월 2,500원 한도까지 할인 제공
  (단, 최초사용등록월의 실적이 40만원 이상일 경우에는 다음달에 월 5천원의 할인한도 적용)",온라인쇼핑 50% 할인,"[쇼핑 멤버십 50% , OTT 10% , 이동통신 5% 할인(자동납부 할인)]
<table class=""benefit-table""><tr><th>구분</th><th>할인대상</th></tr><tr><td>쇼핑 멤버십</td><td>네이버플러스 멤버십, 쿠팡 로켓와우 멤버십 자동납부요금</td></tr><tr><td>OTT</td><td>넷플릭스, 유튜브 프리미엄, 웨이브, 티빙, 디즈니플러스 자동납부요금</td></tr><tr><td>이동통신</td><td>SKT, KT, LG U+, Liiv M 이동통신 자동납부요금</td></tr></table>
- 통합 월 할인한도 :
  5천원 (전월 이용실적 40만원 이상 시 제공)
- 쇼핑 멤버십/OTT는 공식 홈페이지를 통한 정기 결제 건에 한함
  (간편결제 및 인앱결제 등은 할인 제외)
- 이동통신 할인은 인터넷/IPTV 등 결합상품 할인 제외
- 최초 발급받은 KB WE:SH All
  카드 사용등록일(KB Pay 등 간편결제 등록 포함)로부터 다음달 말일(실적유예기간)까지는 전월 이용실적 40만원 미만시에도 월 2,500원 한도까지 할인 제공
  (단, 최초사용등록월의 실적이 40만원 이상일 경우에는 다음달에 월 5천원의 할인한도 적용)",2026-06-06
09297_B0004,9297,주요혜택,"쇼핑 멤버십 50% , OTT 10% , 이동통신 5% 할인(자동납부 할인)",OTT 할인,구독/스트리밍,8,Online,할인,10,%,"넷플릭스, 유튜브 프리미엄, 웨이브, 티빙, 디즈니플러스",전월 실적 40만원 이상,400000,,,,,,5000,원,,"[쇼핑 멤버십 50% , OTT 10% , 이동통신 5% 할인(자동납부 할인)]
<table class=""benefit-table""><tr><th>구분</th><th>할인대상</th></tr><tr><td>쇼핑 멤버십</td><td>네이버플러스 멤버십, 쿠팡 로켓와우 멤버십 자동납부요금</td></tr><tr><td>OTT</td><td>넷플릭스, 유튜브 프리미엄, 웨이브, 티빙, 디즈니플러스 자동납부요금</td></tr><tr><td>이동통신</td><td>SKT, KT, LG U+, Liiv M 이동통신 자동납부요금</td></tr></table>
- 통합 월 할인한도 :
  5천원 (전월 이용실적 40만원 이상 시 제공)
- 쇼핑 멤버십/OTT는 공식 홈페이지를 통한 정기 결제 건에 한함
  (간편결제 및 인앱결제 등은 할인 제외)
- 이동통신 할인은 인터넷/IPTV 등 결합상품 할인 제외
- 최초 발급받은 KB WE:SH All
  카드 사용등록일(KB Pay 등 간편결제 등록 포함)로부터 다음달 말일(실적유예기간)까지는 전월 이용실적 40만원 미만시에도 월 2,500원 한도까지 할인 제공
  (단, 최초사용등록월의 실적이 40만원 이상일 경우에는 다음달에 월 5천원의 할인한도 적용)",구독/스트리밍 10% 할인,"[쇼핑 멤버십 50% , OTT 10% , 이동통신 5% 할인(자동납부 할인)]
<table class=""benefit-table""><tr><th>구분</th><th>할인대상</th></tr><tr><td>쇼핑 멤버십</td><td>네이버플러스 멤버십, 쿠팡 로켓와우 멤버십 자동납부요금</td></tr><tr><td>OTT</td><td>넷플릭스, 유튜브 프리미엄, 웨이브, 티빙, 디즈니플러스 자동납부요금</td></tr><tr><td>이동통신</td><td>SKT, KT, LG U+, Liiv M 이동통신 자동납부요금</td></tr></table>
- 통합 월 할인한도 :
  5천원 (전월 이용실적 40만원 이상 시 제공)
- 쇼핑 멤버십/OTT는 공식 홈페이지를 통한 정기 결제 건에 한함
  (간편결제 및 인앱결제 등은 할인 제외)
- 이동통신 할인은 인터넷/IPTV 등 결합상품 할인 제외
- 최초 발급받은 KB WE:SH All
  카드 사용등록일(KB Pay 등 간편결제 등록 포함)로부터 다음달 말일(실적유예기간)까지는 전월 이용실적 40만원 미만시에도 월 2,500원 한도까지 할인 제공
  (단, 최초사용등록월의 실적이 40만원 이상일 경우에는 다음달에 월 5천원의 할인한도 적용)",2026-06-06
09297_B0005,9297,주요혜택,"쇼핑 멤버십 50% , OTT 10% , 이동통신 5% 할인(자동납부 할인)",이동통신 할인,생활비,12,Both,할인,5,%,"SKT, KT, LG U+, Liiv M",전월 실적 40만원 이상,400000,,,,,,5000,원,,"[쇼핑 멤버십 50% , OTT 10% , 이동통신 5% 할인(자동납부 할인)]
<table class=""benefit-table""><tr><th>구분</th><th>할인대상</th></tr><tr><td>쇼핑 멤버십</td><td>네이버플러스 멤버십, 쿠팡 로켓와우 멤버십 자동납부요금</td></tr><tr><td>OTT</td><td>넷플릭스, 유튜브 프리미엄, 웨이브, 티빙, 디즈니플러스 자동납부요금</td></tr><tr><td>이동통신</td><td>SKT, KT, LG U+, Liiv M 이동통신 자동납부요금</td></tr></table>
- 통합 월 할인한도 :
  5천원 (전월 이용실적 40만원 이상 시 제공)
- 쇼핑 멤버십/OTT는 공식 홈페이지를 통한 정기 결제 건에 한함
  (간편결제 및 인앱결제 등은 할인 제외)
- 이동통신 할인은 인터넷/IPTV 등 결합상품 할인 제외
- 최초 발급받은 KB WE:SH All
  카드 사용등록일(KB Pay 등 간편결제 등록 포함)로부터 다음달 말일(실적유예기간)까지는 전월 이용실적 40만원 미만시에도 월 2,500원 한도까지 할인 제공
  (단, 최초사용등록월의 실적이 40만원 이상일 경우에는 다음달에 월 5천원의 할인한도 적용)",생활비 5% 할인,"[쇼핑 멤버십 50% , OTT 10% , 이동통신 5% 할인(자동납부 할인)]
<table class=""benefit-table""><tr><th>구분</th><th>할인대상</th></tr><tr><td>쇼핑 멤버십</td><td>네이버플러스 멤버십, 쿠팡 로켓와우 멤버십 자동납부요금</td></tr><tr><td>OTT</td><td>넷플릭스, 유튜브 프리미엄, 웨이브, 티빙, 디즈니플러스 자동납부요금</td></tr><tr><td>이동통신</td><td>SKT, KT, LG U+, Liiv M 이동통신 자동납부요금</td></tr></table>
- 통합 월 할인한도 :
  5천원 (전월 이용실적 40만원 이상 시 제공)
- 쇼핑 멤버십/OTT는 공식 홈페이지를 통한 정기 결제 건에 한함
  (간편결제 및 인앱결제 등은 할인 제외)
- 이동통신 할인은 인터넷/IPTV 등 결합상품 할인 제외
- 최초 발급받은 KB WE:SH All
  카드 사용등록일(KB Pay 등 간편결제 등록 포함)로부터 다음달 말일(실적유예기간)까지는 전월 이용실적 40만원 미만시에도 월 2,500원 한도까지 할인 제공
  (단, 최초사용등록월의 실적이 40만원 이상일 경우에는 다음달에 월 5천원의 할인한도 적용)",2026-06-06
09297_B0006,9297,주요혜택,분기 보너스 적립 (연 최대 4만점),분기 보너스 적립,기타,22,Both,서비스,,,,,400000,,,,,,40000,포인트,,"[분기 보너스 적립 (연 최대 4만점)]
<table class=""benefit-table""><tr><th>분기</th><th>1분기</th><th>2분기</th><th>3분기</th><th>4분기</th></tr><tr><th>이용월</th><td>1~3월</td><td>4~6월</td><td>7~9월</td><td>10~12월</td></tr><tr><th>적립시기</th><td>4월 말</td><td>7월 말</td><td>10월 말</td><td>익년 1월 말</td></tr></table>
[분기 보너스 적립 (연 최대 4만점 )]
- 분기 실적 400만원 이상 이용 시 1만점 포인트리 적립 (분기별 1만점)
- 적립시기: 분기 종료월 익월 말일 이내 적립
",분기 보너스 적립,"[분기 보너스 적립 (연 최대 4만점)]
<table class=""benefit-table""><tr><th>분기</th><th>1분기</th><th>2분기</th><th>3분기</th><th>4분기</th></tr><tr><th>이용월</th><td>1~3월</td><td>4~6월</td><td>7~9월</td><td>10~12월</td></tr><tr><th>적립시기</th><td>4월 말</td><td>7월 말</td><td>10월 말</td><td>익년 1월 말</td></tr></table>
[분기 보너스 적립 (연 최대 4만점 )]
- 분기 실적 400만원 이상 이용 시 1만점 포인트리 적립 (분기별 1만점)
- 적립시기: 분기 종료월 익월 말일 이내 적립",2026-06-06
09297_B0007,9297,주요혜택,[Mastercard 티타늄 기본서비스 안내,국내 공항 발레파킹 서비스,항공,18,Offline,서비스,,,국내 공항,전월 실적 40만원 이상,400000,,,,,,,,,"[[Mastercard 티타늄 기본서비스 안내]]
- Mastercard 브랜드 티타늄 등급의 카드 발급 시 해당 국제브랜드 서비스가 제공됩니다.
- Mastercard 티타늄 등급은 Mastercard 프리미엄 등급 중 하나로, 대상 카드 발급 시 Mastercard가 회원에게 티타늄 등급의 기본서비스를 제공합니다.
- 서비스 유효기간은 별도로 명시한 경우를 제외하고 2026년 1월 1일부터 2026년 12월 31일까지 제공됩니다.
- 아래 기본서비스 상품설명서는 서비스 개요만을 안내하고 있으므로, 그 외 기본서비스 상세 내용 및 유의사항 등은 Mastercard 홈페이지( 통해 확인하시기 바랍니다.
- Mastercard 티타늄 서비스 바로가기 Mastercard 티타늄 기본서비스 상품설명서 보기
- 여신금융협회 심의필 제2026-C1a-01201호(2026.01.28 ~ 2027.01.27)
[Mastercard 티타늄 02 선택서비스 안내]
<table class=""benefit-table""><tr><th>KB국민카드 선택 서비스</th><th>제공 횟수</th><th>전월 이용실적</th></tr><tr><td>국내 공항 발레파킹 서비스</td><td>월 2회, 연 6회</td><td rowspan=""3"">40만원 이상</td></tr><tr><td>국내 공항 라운지 서비스</td><td>연 2회</td></tr><tr><td>국내 호텔 발레파킹 서비스</td><td>월 2회, 연 6회</td></tr></table>
- 대상 카드의 Mastercard 브랜드 발급 시 티타늄 등급의 국제브랜드 서비스가 제공됩니다.
- 서비스 유효기간은 별도로 명시한 경우를 제외하고 2026년 1월 1일부터 2026년 12월 31일까지 제공됩니다.
- 세부 이용조건 및 유의사항 등은 반드시 Mastercard 홈페이지( 통해 확인하시기 바랍니다.
- 서비스 이용 전에는 상품설명서, 홈페이지 약관 등을 통해 이용 조건을 확인 후 이용 바랍니다.

- Mastercard 티타늄 02 선택서비스 상품설명서 보기
- 여신금융협회 심의필 제2026-C1a-04506호(2026.04.01 ~ 2027.03.31)","월 2회, 연 6회 제공","[Mastercard 티타늄 기본서비스 안내]
- Mastercard 브랜드 티타늄 등급의 카드 발급 시 해당 국제브랜드 서비스가 제공됩니다.
- Mastercard 티타늄 등급은 Mastercard 프리미엄 등급 중 하나로, 대상 카드 발급 시 Mastercard가 회원에게 티타늄 등급의 기본서비스를 제공합니다.
- 서비스 유효기간은 별도로 명시한 경우를 제외하고 2026년 1월 1일부터 2026년 12월 31일까지 제공됩니다.
- 아래 기본서비스 상품설명서는 서비스 개요만을 안내하고 있으므로, 그 외 기본서비스 상세 내용 및 유의사항 등은 Mastercard 홈페이지( 통해 확인하시기 바랍니다.
- Mastercard 티타늄 서비스 바로가기 Mastercard 티타늄 기본서비스 상품설명서 보기
- 여신금융협회 심의필 제2026-C1a-01201호(2026.01.28 ~ 2027.01.27)
[Mastercard 티타늄 02 선택서비스 안내]
<table class=""benefit-table""><tr><th>KB국민카드 선택 서비스</th><th>제공 횟수</th><th>전월 이용실적</th></tr><tr><td>국내 공항 발레파킹 서비스</td><td>월 2회, 연 6회</td><td rowspan=""3"">40만원 이상</td></tr><tr><td>국내 공항 라운지 서비스</td><td>연 2회</td></tr><tr><td>국내 호텔 발레파킹 서비스</td><td>월 2회, 연 6회</td></tr></table>
- 대상 카드의 Mastercard 브랜드 발급 시 티타늄 등급의 국제브랜드 서비스가 제공됩니다.
- 서비스 유효기간은 별도로 명시한 경우를 제외하고 2026년 1월 1일부터 2026년 12월 31일까지 제공됩니다.
- 세부 이용조건 및 유의사항 등은 반드시 Mastercard 홈페이지( 통해 확인하시기 바랍니다.
- 서비스 이용 전에는 상품설명서, 홈페이지 약관 등을 통해 이용 조건을 확인 후 이용 바랍니다.

- Mastercard 티타늄 02 선택서비스 상품설명서 보기
- 여신금융협회 심의필 제2026-C1a-04506호(2026.04.01 ~ 2027.03.31)",2026-06-06
09297_B0008,9297,주요혜택,[Mastercard 티타늄 기본서비스 안내,국내 호텔 발레파킹 서비스,여행/숙박,17,Offline,서비스,,,국내 호텔,전월 실적 40만원 이상,400000,,,,,,,,,"[[Mastercard 티타늄 기본서비스 안내]]
- Mastercard 브랜드 티타늄 등급의 카드 발급 시 해당 국제브랜드 서비스가 제공됩니다.
- Mastercard 티타늄 등급은 Mastercard 프리미엄 등급 중 하나로, 대상 카드 발급 시 Mastercard가 회원에게 티타늄 등급의 기본서비스를 제공합니다.
- 서비스 유효기간은 별도로 명시한 경우를 제외하고 2026년 1월 1일부터 2026년 12월 31일까지 제공됩니다.
- 아래 기본서비스 상품설명서는 서비스 개요만을 안내하고 있으므로, 그 외 기본서비스 상세 내용 및 유의사항 등은 Mastercard 홈페이지( 통해 확인하시기 바랍니다.
- Mastercard 티타늄 서비스 바로가기 Mastercard 티타늄 기본서비스 상품설명서 보기
- 여신금융협회 심의필 제2026-C1a-01201호(2026.01.28 ~ 2027.01.27)
[Mastercard 티타늄 02 선택서비스 안내]
<table class=""benefit-table""><tr><th>KB국민카드 선택 서비스</th><th>제공 횟수</th><th>전월 이용실적</th></tr><tr><td>국내 공항 발레파킹 서비스</td><td>월 2회, 연 6회</td><td rowspan=""3"">40만원 이상</td></tr><tr><td>국내 공항 라운지 서비스</td><td>연 2회</td></tr><tr><td>국내 호텔 발레파킹 서비스</td><td>월 2회, 연 6회</td></tr></table>
- 대상 카드의 Mastercard 브랜드 발급 시 티타늄 등급의 국제브랜드 서비스가 제공됩니다.
- 서비스 유효기간은 별도로 명시한 경우를 제외하고 2026년 1월 1일부터 2026년 12월 31일까지 제공됩니다.
- 세부 이용조건 및 유의사항 등은 반드시 Mastercard 홈페이지( 통해 확인하시기 바랍니다.
- 서비스 이용 전에는 상품설명서, 홈페이지 약관 등을 통해 이용 조건을 확인 후 이용 바랍니다.

- Mastercard 티타늄 02 선택서비스 상품설명서 보기
- 여신금융협회 심의필 제2026-C1a-04506호(2026.04.01 ~ 2027.03.31)","월 2회, 연 6회 제공","[Mastercard 티타늄 기본서비스 안내]
- Mastercard 브랜드 티타늄 등급의 카드 발급 시 해당 국제브랜드 서비스가 제공됩니다.
- Mastercard 티타늄 등급은 Mastercard 프리미엄 등급 중 하나로, 대상 카드 발급 시 Mastercard가 회원에게 티타늄 등급의 기본서비스를 제공합니다.
- 서비스 유효기간은 별도로 명시한 경우를 제외하고 2026년 1월 1일부터 2026년 12월 31일까지 제공됩니다.
- 아래 기본서비스 상품설명서는 서비스 개요만을 안내하고 있으므로, 그 외 기본서비스 상세 내용 및 유의사항 등은 Mastercard 홈페이지( 통해 확인하시기 바랍니다.
- Mastercard 티타늄 서비스 바로가기 Mastercard 티타늄 기본서비스 상품설명서 보기
- 여신금융협회 심의필 제2026-C1a-01201호(2026.01.28 ~ 2027.01.27)
[Mastercard 티타늄 02 선택서비스 안내]
<table class=""benefit-table""><tr><th>KB국민카드 선택 서비스</th><th>제공 횟수</th><th>전월 이용실적</th></tr><tr><td>국내 공항 발레파킹 서비스</td><td>월 2회, 연 6회</td><td rowspan=""3"">40만원 이상</td></tr><tr><td>국내 공항 라운지 서비스</td><td>연 2회</td></tr><tr><td>국내 호텔 발레파킹 서비스</td><td>월 2회, 연 6회</td></tr></table>
- 대상 카드의 Mastercard 브랜드 발급 시 티타늄 등급의 국제브랜드 서비스가 제공됩니다.
- 서비스 유효기간은 별도로 명시한 경우를 제외하고 2026년 1월 1일부터 2026년 12월 31일까지 제공됩니다.
- 세부 이용조건 및 유의사항 등은 반드시 Mastercard 홈페이지( 통해 확인하시기 바랍니다.
- 서비스 이용 전에는 상품설명서, 홈페이지 약관 등을 통해 이용 조건을 확인 후 이용 바랍니다.

- Mastercard 티타늄 02 선택서비스 상품설명서 보기
- 여신금융협회 심의필 제2026-C1a-04506호(2026.04.01 ~ 2027.03.31)",2026-06-06
09298_B0001,9298,주요혜택,KB Pay 10% 할인,KB Pay 10% 할인,페이/간편결제,10,Both,할인,10,%,국내 가맹점 (KB Pay 결제),전월 실적 40만원 이상,400000,800000,,,5000,원,,,,"[KB Pay 10% 할인]
- 국내 가맹점에서 KB Pay로 결제한 이용건
※ 해외 가맹점 결제건 제외
※ 음식/건강/여가/차량 할인서비스와 중복 적용 가능 (단, 통신/구독 할인은 중복 적용 불가)

[이용 조건]
전월 이용실적 40만원이상 / 80만원이상 구간별 적용
<table class=""benefit-table""><tr><th rowspan=""2"">구분</th><th colspan=""2"">전월 이용실적별 월 할인한도</th></tr><tr><th>1구간 40만원 이상</th><th>2구간 80만원 이상</th></tr><tr><td>KB Pay</td><td colspan=""2"">5,000원</td></tr></table>",페이/간편결제 10% 할인,"[KB Pay 10% 할인]
- 국내 가맹점에서 KB Pay로 결제한 이용건
※ 해외 가맹점 결제건 제외
※ 음식/건강/여가/차량 할인서비스와 중복 적용 가능 (단, 통신/구독 할인은 중복 적용 불가)

[이용 조건]
전월 이용실적 40만원이상 / 80만원이상 구간별 적용
<table class=""benefit-table""><tr><th rowspan=""2"">구분</th><th colspan=""2"">전월 이용실적별 월 할인한도</th></tr><tr><th>1구간 40만원 이상</th><th>2구간 80만원 이상</th></tr><tr><td>KB Pay</td><td colspan=""2"">5,000원</td></tr></table>",2026-06-05
09298_B0002,9298,주요혜택,KB Pay 10% 할인,KB Pay 10% 할인,페이/간편결제,10,Both,할인,10,%,국내 가맹점 (KB Pay 결제),전월 실적 80만원 이상,800000,,,,5000,원,,,,"[KB Pay 10% 할인]
- 국내 가맹점에서 KB Pay로 결제한 이용건
※ 해외 가맹점 결제건 제외
※ 음식/건강/여가/차량 할인서비스와 중복 적용 가능 (단, 통신/구독 할인은 중복 적용 불가)

[이용 조건]
전월 이용실적 40만원이상 / 80만원이상 구간별 적용
<table class=""benefit-table""><tr><th rowspan=""2"">구분</th><th colspan=""2"">전월 이용실적별 월 할인한도</th></tr><tr><th>1구간 40만원 이상</th><th>2구간 80만원 이상</th></tr><tr><td>KB Pay</td><td colspan=""2"">5,000원</td></tr></table>",페이/간편결제 10% 할인,"[KB Pay 10% 할인]
- 국내 가맹점에서 KB Pay로 결제한 이용건
※ 해외 가맹점 결제건 제외
※ 음식/건강/여가/차량 할인서비스와 중복 적용 가능 (단, 통신/구독 할인은 중복 적용 불가)

[이용 조건]
전월 이용실적 40만원이상 / 80만원이상 구간별 적용
<table class=""benefit-table""><tr><th rowspan=""2"">구분</th><th colspan=""2"">전월 이용실적별 월 할인한도</th></tr><tr><th>1구간 40만원 이상</th><th>2구간 80만원 이상</th></tr><tr><td>KB Pay</td><td colspan=""2"">5,000원</td></tr></table>",2026-06-05
09298_B0003,9298,주요혜택,"음식점, 편의점 10% 할인",음식점 10% 할인,외식,16,Offline,할인,10,%,"한식, 일식, 중식, 양식, 뷔페, 패밀리레스토랑, 일반음식점",전월 실적 40만원 이상,400000,800000,,,,,5000,원,,"[음식점, 편의점 10% 할인]
- 음식점(한식, 일식, 중식, 양식, 뷔페, 패밀리레스토랑, 일반음식점 업종), 편의점(GS25, CU)
※ 백화점/대형마트 등 일부 입점 매장 제외
※ 편의점은 오프라인 매장 일반 결제건에 한함(온라인 가맹점 제외)

[이용 조건]
전월 이용실적 40만원이상 / 80만원이상 구간별 적용
전월 이용실적 40만원 이상
* 음식점 / 편의점 : 월 할인한도 5,000원",외식 10% 할인,"[음식점, 편의점 10% 할인]
- 음식점(한식, 일식, 중식, 양식, 뷔페, 패밀리레스토랑, 일반음식점 업종), 편의점(GS25, CU)
※ 백화점/대형마트 등 일부 입점 매장 제외
※ 편의점은 오프라인 매장 일반 결제건에 한함(온라인 가맹점 제외)

[이용 조건]
전월 이용실적 40만원이상 / 80만원이상 구간별 적용
전월 이용실적 40만원 이상
* 음식점 / 편의점 : 월 할인한도 5,000원",2026-06-05
09298_B0004,9298,주요혜택,"음식점, 편의점 10% 할인",편의점 10% 할인,편의점,13,Offline,할인,10,%,"GS25, CU",전월 실적 40만원 이상,400000,800000,,,,,5000,원,,"[음식점, 편의점 10% 할인]
- 음식점(한식, 일식, 중식, 양식, 뷔페, 패밀리레스토랑, 일반음식점 업종), 편의점(GS25, CU)
※ 백화점/대형마트 등 일부 입점 매장 제외
※ 편의점은 오프라인 매장 일반 결제건에 한함(온라인 가맹점 제외)

[이용 조건]
전월 이용실적 40만원이상 / 80만원이상 구간별 적용
전월 이용실적 40만원 이상
* 음식점 / 편의점 : 월 할인한도 5,000원",편의점 10% 할인,"[음식점, 편의점 10% 할인]
- 음식점(한식, 일식, 중식, 양식, 뷔페, 패밀리레스토랑, 일반음식점 업종), 편의점(GS25, CU)
※ 백화점/대형마트 등 일부 입점 매장 제외
※ 편의점은 오프라인 매장 일반 결제건에 한함(온라인 가맹점 제외)

[이용 조건]
전월 이용실적 40만원이상 / 80만원이상 구간별 적용
전월 이용실적 40만원 이상
* 음식점 / 편의점 : 월 할인한도 5,000원",2026-06-05
09298_B0005,9298,주요혜택,"음식점, 편의점 10% 할인",음식점 10% 할인,외식,16,Offline,할인,10,%,"한식, 일식, 중식, 양식, 뷔페, 패밀리레스토랑, 일반음식점",전월 실적 80만원 이상,800000,,,,,,5000,원,,"[음식점, 편의점 10% 할인]
- 음식점(한식, 일식, 중식, 양식, 뷔페, 패밀리레스토랑, 일반음식점 업종), 편의점(GS25, CU)
※ 백화점/대형마트 등 일부 입점 매장 제외
※ 편의점은 오프라인 매장 일반 결제건에 한함(온라인 가맹점 제외)

[이용 조건]
전월 이용실적 40만원이상 / 80만원이상 구간별 적용
전월 이용실적 40만원 이상
* 음식점 / 편의점 : 월 할인한도 5,000원",외식 10% 할인,"[음식점, 편의점 10% 할인]
- 음식점(한식, 일식, 중식, 양식, 뷔페, 패밀리레스토랑, 일반음식점 업종), 편의점(GS25, CU)
※ 백화점/대형마트 등 일부 입점 매장 제외
※ 편의점은 오프라인 매장 일반 결제건에 한함(온라인 가맹점 제외)

[이용 조건]
전월 이용실적 40만원이상 / 80만원이상 구간별 적용
전월 이용실적 40만원 이상
* 음식점 / 편의점 : 월 할인한도 5,000원",2026-06-05
09298_B0006,9298,주요혜택,"음식점, 편의점 10% 할인",편의점 10% 할인,편의점,13,Offline,할인,10,%,"GS25, CU",전월 실적 80만원 이상,800000,,,,,,5000,원,,"[음식점, 편의점 10% 할인]
- 음식점(한식, 일식, 중식, 양식, 뷔페, 패밀리레스토랑, 일반음식점 업종), 편의점(GS25, CU)
※ 백화점/대형마트 등 일부 입점 매장 제외
※ 편의점은 오프라인 매장 일반 결제건에 한함(온라인 가맹점 제외)

[이용 조건]
전월 이용실적 40만원이상 / 80만원이상 구간별 적용
전월 이용실적 40만원 이상
* 음식점 / 편의점 : 월 할인한도 5,000원",편의점 10% 할인,"[음식점, 편의점 10% 할인]
- 음식점(한식, 일식, 중식, 양식, 뷔페, 패밀리레스토랑, 일반음식점 업종), 편의점(GS25, CU)
※ 백화점/대형마트 등 일부 입점 매장 제외
※ 편의점은 오프라인 매장 일반 결제건에 한함(온라인 가맹점 제외)

[이용 조건]
전월 이용실적 40만원이상 / 80만원이상 구간별 적용
전월 이용실적 40만원 이상
* 음식점 / 편의점 : 월 할인한도 5,000원",2026-06-05
09298_B0007,9298,주요혜택,"이동통신 10% , OTT 30% 할인",이동통신요금 10% 할인,생활비,12,Both,할인,10,%,"SKT, KT, LG U+, Liiv M 이동통신 자동납부",전월 실적 40만원 이상,400000,800000,,,,,5000,원,,"[이동통신요금 10% 할인]
- SKT, KT, LG U+, Liiv M 이동통신 자동납부 요금
※ 인터넷, IPTV 등 결합상품 제외

[이용 조건]
전월 이용실적 40만원이상 / 80만원이상 구간별 적용
전월 이용실적 40만원 이상
* 이동통신요금 / OTT : 월 할인한도 5,000원
전월 이용실적 80만원 이상
* 이동통신요금 / OTT : 월 할인한도 5,000원",생활비 10% 할인,"[이동통신요금 10% 할인]
- SKT, KT, LG U+, Liiv M 이동통신 자동납부 요금
※ 인터넷, IPTV 등 결합상품 제외

[이용 조건]
전월 이용실적 40만원이상 / 80만원이상 구간별 적용
전월 이용실적 40만원 이상
* 이동통신요금 / OTT : 월 할인한도 5,000원
전월 이용실적 80만원 이상
* 이동통신요금 / OTT : 월 할인한도 5,000원",2026-06-05
09298_B0008,9298,주요혜택,"이동통신 10% , OTT 30% 할인",이동통신요금 10% 할인,생활비,12,Both,할인,10,%,"SKT, KT, LG U+, Liiv M 이동통신 자동납부",전월 실적 80만원 이상,800000,,,,,,5000,원,,"[이동통신요금 10% 할인]
- SKT, KT, LG U+, Liiv M 이동통신 자동납부 요금
※ 인터넷, IPTV 등 결합상품 제외

[이용 조건]
전월 이용실적 40만원이상 / 80만원이상 구간별 적용
전월 이용실적 40만원 이상
* 이동통신요금 / OTT : 월 할인한도 5,000원
전월 이용실적 80만원 이상
* 이동통신요금 / OTT : 월 할인한도 5,000원",생활비 10% 할인,"[이동통신요금 10% 할인]
- SKT, KT, LG U+, Liiv M 이동통신 자동납부 요금
※ 인터넷, IPTV 등 결합상품 제외

[이용 조건]
전월 이용실적 40만원이상 / 80만원이상 구간별 적용
전월 이용실적 40만원 이상
* 이동통신요금 / OTT : 월 할인한도 5,000원
전월 이용실적 80만원 이상
* 이동통신요금 / OTT : 월 할인한도 5,000원",2026-06-05
09298_B0009,9298,주요혜택,"이동통신 10% , OTT 30% 할인",OTT 30% 할인,구독/스트리밍,8,Online,할인,30,%,"넷플릭스, 유튜브프리미엄, 웨이브, 티빙, 디즈니플러스",전월 실적 40만원 이상,400000,800000,,,,,5000,원,,"[OTT 30% 할인]
- 넷플릭스, 유튜브, 웨이브, 티빙, 디즈니 플러스 공식 홈페이지를 통한 정기결제 이용건
※ 간편결제, 인앱 결제, 단건 결제, 포인트 및 캐시 충전 등은 제외
※ 유튜브는 유튜브 프리미엄 멤버십 결제건에 한함 (채널 구독 등 제외)

[이용 조건]
전월 이용실적 40만원이상 / 80만원이상 구간별 적용
전월 이용실적 40만원 이상
* 이동통신요금 / OTT : 월 할인한도 5,000원
전월 이용실적 80만원 이상
* 이동통신요금 / OTT : 월 할인한도 5,000원",구독/스트리밍 30% 할인,"[OTT 30% 할인]
- 넷플릭스, 유튜브, 웨이브, 티빙, 디즈니 플러스 공식 홈페이지를 통한 정기결제 이용건
※ 간편결제, 인앱 결제, 단건 결제, 포인트 및 캐시 충전 등은 제외
※ 유튜브는 유튜브 프리미엄 멤버십 결제건에 한함 (채널 구독 등 제외)

[이용 조건]
전월 이용실적 40만원이상 / 80만원이상 구간별 적용
전월 이용실적 40만원 이상
* 이동통신요금 / OTT : 월 할인한도 5,000원
전월 이용실적 80만원 이상
* 이동통신요금 / OTT : 월 할인한도 5,000원",2026-06-05
09298_B0010,9298,주요혜택,"이동통신 10% , OTT 30% 할인",OTT 30% 할인,구독/스트리밍,8,Online,할인,30,%,"넷플릭스, 유튜브프리미엄, 웨이브, 티빙, 디즈니플러스",전월 실적 80만원 이상,800000,,,,,,5000,원,,"[OTT 30% 할인]
- 넷플릭스, 유튜브, 웨이브, 티빙, 디즈니 플러스 공식 홈페이지를 통한 정기결제 이용건
※ 간편결제, 인앱 결제, 단건 결제, 포인트 및 캐시 충전 등은 제외
※ 유튜브는 유튜브 프리미엄 멤버십 결제건에 한함 (채널 구독 등 제외)

[이용 조건]
전월 이용실적 40만원이상 / 80만원이상 구간별 적용
전월 이용실적 40만원 이상
* 이동통신요금 / OTT : 월 할인한도 5,000원
전월 이용실적 80만원 이상
* 이동통신요금 / OTT : 월 할인한도 5,000원",구독/스트리밍 30% 할인,"[OTT 30% 할인]
- 넷플릭스, 유튜브, 웨이브, 티빙, 디즈니 플러스 공식 홈페이지를 통한 정기결제 이용건
※ 간편결제, 인앱 결제, 단건 결제, 포인트 및 캐시 충전 등은 제외
※ 유튜브는 유튜브 프리미엄 멤버십 결제건에 한함 (채널 구독 등 제외)

[이용 조건]
전월 이용실적 40만원이상 / 80만원이상 구간별 적용
전월 이용실적 40만원 이상
* 이동통신요금 / OTT : 월 할인한도 5,000원
전월 이용실적 80만원 이상
* 이동통신요금 / OTT : 월 할인한도 5,000원",2026-06-05
09298_B0011,9298,주요혜택,"병원, 약국, 스포츠 5% 할인","병원, 약국 5% 할인",의료,21,Offline,할인,5,%,"병원, 약국",전월 실적 40만원 이상,400000,800000,0,,,,5000,원,,"[병원, 약국, 스포츠 5% 할인]
- 병원, 약국, 스포츠 5% 할인
※ 대상 가맹점은 당사 업종분류기준에 따름
<table class=""benefit-table""><tr><th>구분</th><th>할인 대상</th></tr><tr><td>병원</td><td>종합병원, 일반병원(치과/한방), 일반의원(치과/한의원), 건강진단센터 업종</td></tr><tr><td>약국</td><td>약국 업종</td></tr><tr><td>스포츠</td><td>스포츠용품점, 레저용품점, 골프(연습)장, 테니스장, 볼링장 스키장, 수영장, 종합스포츠센터, 레포츠클럽, 요가 업종</td></tr></table>",의료 5% 할인,"[병원, 약국, 스포츠 5% 할인]
- 병원, 약국, 스포츠 5% 할인
※ 대상 가맹점은 당사 업종분류기준에 따름
<table class=""benefit-table""><tr><th>구분</th><th>할인 대상</th></tr><tr><td>병원</td><td>종합병원, 일반병원(치과/한방), 일반의원(치과/한의원), 건강진단센터 업종</td></tr><tr><td>약국</td><td>약국 업종</td></tr><tr><td>스포츠</td><td>스포츠용품점, 레저용품점, 골프(연습)장, 테니스장, 볼링장 스키장, 수영장, 종합스포츠센터, 레포츠클럽, 요가 업종</td></tr></table>",2026-06-05
09298_B0012,9298,주요혜택,"병원, 약국, 스포츠 5% 할인","병원, 약국 5% 할인",의료,21,Offline,할인,5,%,"병원, 약국",전월 실적 80만원 이상,800000,,0,,,,10000,원,,"[병원, 약국, 스포츠 5% 할인]
- 병원, 약국, 스포츠 5% 할인
※ 대상 가맹점은 당사 업종분류기준에 따름
<table class=""benefit-table""><tr><th>구분</th><th>할인 대상</th></tr><tr><td>병원</td><td>종합병원, 일반병원(치과/한방), 일반의원(치과/한의원), 건강진단센터 업종</td></tr><tr><td>약국</td><td>약국 업종</td></tr><tr><td>스포츠</td><td>스포츠용품점, 레저용품점, 골프(연습)장, 테니스장, 볼링장 스키장, 수영장, 종합스포츠센터, 레포츠클럽, 요가 업종</td></tr></table>",의료 5% 할인,"[병원, 약국, 스포츠 5% 할인]
- 병원, 약국, 스포츠 5% 할인
※ 대상 가맹점은 당사 업종분류기준에 따름
<table class=""benefit-table""><tr><th>구분</th><th>할인 대상</th></tr><tr><td>병원</td><td>종합병원, 일반병원(치과/한방), 일반의원(치과/한의원), 건강진단센터 업종</td></tr><tr><td>약국</td><td>약국 업종</td></tr><tr><td>스포츠</td><td>스포츠용품점, 레저용품점, 골프(연습)장, 테니스장, 볼링장 스키장, 수영장, 종합스포츠센터, 레포츠클럽, 요가 업종</td></tr></table>",2026-06-05
09298_B0013,9298,주요혜택,"병원, 약국, 스포츠 5% 할인",스포츠용품 5% 할인,레저/스포츠,9,Offline,할인,5,%,"스포츠용품점, 레저용품점, 골프장, 테니스장, 볼링장, 스키장, 수영장, 종합스포츠센터, 레포츠클럽, 요가",전월 실적 40만원 이상,400000,800000,0,,,,5000,원,,"[병원, 약국, 스포츠 5% 할인]
- 병원, 약국, 스포츠 5% 할인
※ 대상 가맹점은 당사 업종분류기준에 따름
<table class=""benefit-table""><tr><th>구분</th><th>할인 대상</th></tr><tr><td>병원</td><td>종합병원, 일반병원(치과/한방), 일반의원(치과/한의원), 건강진단센터 업종</td></tr><tr><td>약국</td><td>약국 업종</td></tr><tr><td>스포츠</td><td>스포츠용품점, 레저용품점, 골프(연습)장, 테니스장, 볼링장 스키장, 수영장, 종합스포츠센터, 레포츠클럽, 요가 업종</td></tr></table>",레저/스포츠 5% 할인,"[병원, 약국, 스포츠 5% 할인]
- 병원, 약국, 스포츠 5% 할인
※ 대상 가맹점은 당사 업종분류기준에 따름
<table class=""benefit-table""><tr><th>구분</th><th>할인 대상</th></tr><tr><td>병원</td><td>종합병원, 일반병원(치과/한방), 일반의원(치과/한의원), 건강진단센터 업종</td></tr><tr><td>약국</td><td>약국 업종</td></tr><tr><td>스포츠</td><td>스포츠용품점, 레저용품점, 골프(연습)장, 테니스장, 볼링장 스키장, 수영장, 종합스포츠센터, 레포츠클럽, 요가 업종</td></tr></table>",2026-06-05
09298_B0014,9298,주요혜택,"병원, 약국, 스포츠 5% 할인",스포츠용품 5% 할인,레저/스포츠,9,Offline,할인,5,%,"스포츠용품점, 레저용품점, 골프장, 테니스장, 볼링장, 스키장, 수영장, 종합스포츠센터, 레포츠클럽, 요가",전월 실적 80만원 이상,800000,,0,,,,10000,원,,"[병원, 약국, 스포츠 5% 할인]
- 병원, 약국, 스포츠 5% 할인
※ 대상 가맹점은 당사 업종분류기준에 따름
<table class=""benefit-table""><tr><th>구분</th><th>할인 대상</th></tr><tr><td>병원</td><td>종합병원, 일반병원(치과/한방), 일반의원(치과/한의원), 건강진단센터 업종</td></tr><tr><td>약국</td><td>약국 업종</td></tr><tr><td>스포츠</td><td>스포츠용품점, 레저용품점, 골프(연습)장, 테니스장, 볼링장 스키장, 수영장, 종합스포츠센터, 레포츠클럽, 요가 업종</td></tr></table>",레저/스포츠 5% 할인,"[병원, 약국, 스포츠 5% 할인]
- 병원, 약국, 스포츠 5% 할인
※ 대상 가맹점은 당사 업종분류기준에 따름
<table class=""benefit-table""><tr><th>구분</th><th>할인 대상</th></tr><tr><td>병원</td><td>종합병원, 일반병원(치과/한방), 일반의원(치과/한의원), 건강진단센터 업종</td></tr><tr><td>약국</td><td>약국 업종</td></tr><tr><td>스포츠</td><td>스포츠용품점, 레저용품점, 골프(연습)장, 테니스장, 볼링장 스키장, 수영장, 종합스포츠센터, 레포츠클럽, 요가 업종</td></tr></table>",2026-06-05
09298_B0015,9298,주요혜택,"온라인쇼핑, 주유, 커피 5% 할인",온라인쇼핑 5% 할인,온라인쇼핑,1,Online,할인,5,%,"G마켓, 11번가, SSG.COM, 무신사, 지그재그, W컨셉, 29CM, 오늘의집, 온라인 다이소몰",,400000,,,,,,5000,,,"[온라인쇼핑, 주유, 커피 5% 할인]
- 온라인쇼핑, 주유, 커피 5% 할인
※ [온라인몰] KB Pay 결제 시에만 할인 제공
- 상품권, 여행 티켓, 도서, 배달, 멤버십 구독료, 외부 제휴몰, 별도 팝업사이트 제외
※ [커피] 오프라인 매장은 커피전문점 업종 결제 건에 한함(앱주문 제외)
- 백화점/대형마트 등 일부 입점 매장 제외
<table class=""benefit-table""><tr><th>구분</th><th>할인 대상</th></tr><tr><td>온라인쇼핑 (KB Pay 결제 시)</td><td>G마켓, 11번가, SSG.COM, 무신사, 지그재그 W컨셉, 29CM, 오늘의집, 온라인 다이소몰</td></tr><tr><td>주유</td><td>SK에너지, GS칼텍스</td></tr><tr><td>커피</td><td>커피 오프라인 매장 (커피전문점 업종)</td></tr></table>",온라인쇼핑 5% 할인,"[온라인쇼핑, 주유, 커피 5% 할인]
- 온라인쇼핑, 주유, 커피 5% 할인
※ [온라인몰] KB Pay 결제 시에만 할인 제공
- 상품권, 여행 티켓, 도서, 배달, 멤버십 구독료, 외부 제휴몰, 별도 팝업사이트 제외
※ [커피] 오프라인 매장은 커피전문점 업종 결제 건에 한함(앱주문 제외)
- 백화점/대형마트 등 일부 입점 매장 제외
<table class=""benefit-table""><tr><th>구분</th><th>할인 대상</th></tr><tr><td>온라인쇼핑 (KB Pay 결제 시)</td><td>G마켓, 11번가, SSG.COM, 무신사, 지그재그 W컨셉, 29CM, 오늘의집, 온라인 다이소몰</td></tr><tr><td>주유</td><td>SK에너지, GS칼텍스</td></tr><tr><td>커피</td><td>커피 오프라인 매장 (커피전문점 업종)</td></tr></table>",2026-06-05
09298_B0016,9298,주요혜택,"온라인쇼핑, 주유, 커피 5% 할인",주유 5% 할인,자동차/주유,6,Offline,할인,5,%,"SK에너지, GS칼텍스",,400000,,,,,,5000,,,"[온라인쇼핑, 주유, 커피 5% 할인]
- 온라인쇼핑, 주유, 커피 5% 할인
※ [온라인몰] KB Pay 결제 시에만 할인 제공
- 상품권, 여행 티켓, 도서, 배달, 멤버십 구독료, 외부 제휴몰, 별도 팝업사이트 제외
※ [커피] 오프라인 매장은 커피전문점 업종 결제 건에 한함(앱주문 제외)
- 백화점/대형마트 등 일부 입점 매장 제외
<table class=""benefit-table""><tr><th>구분</th><th>할인 대상</th></tr><tr><td>온라인쇼핑 (KB Pay 결제 시)</td><td>G마켓, 11번가, SSG.COM, 무신사, 지그재그 W컨셉, 29CM, 오늘의집, 온라인 다이소몰</td></tr><tr><td>주유</td><td>SK에너지, GS칼텍스</td></tr><tr><td>커피</td><td>커피 오프라인 매장 (커피전문점 업종)</td></tr></table>",자동차/주유 5% 할인,"[온라인쇼핑, 주유, 커피 5% 할인]
- 온라인쇼핑, 주유, 커피 5% 할인
※ [온라인몰] KB Pay 결제 시에만 할인 제공
- 상품권, 여행 티켓, 도서, 배달, 멤버십 구독료, 외부 제휴몰, 별도 팝업사이트 제외
※ [커피] 오프라인 매장은 커피전문점 업종 결제 건에 한함(앱주문 제외)
- 백화점/대형마트 등 일부 입점 매장 제외
<table class=""benefit-table""><tr><th>구분</th><th>할인 대상</th></tr><tr><td>온라인쇼핑 (KB Pay 결제 시)</td><td>G마켓, 11번가, SSG.COM, 무신사, 지그재그 W컨셉, 29CM, 오늘의집, 온라인 다이소몰</td></tr><tr><td>주유</td><td>SK에너지, GS칼텍스</td></tr><tr><td>커피</td><td>커피 오프라인 매장 (커피전문점 업종)</td></tr></table>",2026-06-05
09298_B0017,9298,주요혜택,"온라인쇼핑, 주유, 커피 5% 할인",커피 5% 할인,카페/베이커리,14,Offline,할인,5,%,커피전문점 업종 (오프라인 매장),,400000,,,,,,5000,,,"[온라인쇼핑, 주유, 커피 5% 할인]
- 온라인쇼핑, 주유, 커피 5% 할인
※ [온라인몰] KB Pay 결제 시에만 할인 제공
- 상품권, 여행 티켓, 도서, 배달, 멤버십 구독료, 외부 제휴몰, 별도 팝업사이트 제외
※ [커피] 오프라인 매장은 커피전문점 업종 결제 건에 한함(앱주문 제외)
- 백화점/대형마트 등 일부 입점 매장 제외
<table class=""benefit-table""><tr><th>구분</th><th>할인 대상</th></tr><tr><td>온라인쇼핑 (KB Pay 결제 시)</td><td>G마켓, 11번가, SSG.COM, 무신사, 지그재그 W컨셉, 29CM, 오늘의집, 온라인 다이소몰</td></tr><tr><td>주유</td><td>SK에너지, GS칼텍스</td></tr><tr><td>커피</td><td>커피 오프라인 매장 (커피전문점 업종)</td></tr></table>",카페/베이커리 5% 할인,"[온라인쇼핑, 주유, 커피 5% 할인]
- 온라인쇼핑, 주유, 커피 5% 할인
※ [온라인몰] KB Pay 결제 시에만 할인 제공
- 상품권, 여행 티켓, 도서, 배달, 멤버십 구독료, 외부 제휴몰, 별도 팝업사이트 제외
※ [커피] 오프라인 매장은 커피전문점 업종 결제 건에 한함(앱주문 제외)
- 백화점/대형마트 등 일부 입점 매장 제외
<table class=""benefit-table""><tr><th>구분</th><th>할인 대상</th></tr><tr><td>온라인쇼핑 (KB Pay 결제 시)</td><td>G마켓, 11번가, SSG.COM, 무신사, 지그재그 W컨셉, 29CM, 오늘의집, 온라인 다이소몰</td></tr><tr><td>주유</td><td>SK에너지, GS칼텍스</td></tr><tr><td>커피</td><td>커피 오프라인 매장 (커피전문점 업종)</td></tr></table>",2026-06-05
09298_B0018,9298,주요혜택,"온라인쇼핑, 주유, 커피 5% 할인",온라인쇼핑 5% 할인,온라인쇼핑,1,Online,할인,5,%,"G마켓, 11번가, SSG.COM, 무신사, 지그재그, W컨셉, 29CM, 오늘의집, 온라인 다이소몰",,800000,,,,,,10000,,,"[온라인쇼핑, 주유, 커피 5% 할인]
- 온라인쇼핑, 주유, 커피 5% 할인
※ [온라인몰] KB Pay 결제 시에만 할인 제공
- 상품권, 여행 티켓, 도서, 배달, 멤버십 구독료, 외부 제휴몰, 별도 팝업사이트 제외
※ [커피] 오프라인 매장은 커피전문점 업종 결제 건에 한함(앱주문 제외)
- 백화점/대형마트 등 일부 입점 매장 제외
<table class=""benefit-table""><tr><th>구분</th><th>할인 대상</th></tr><tr><td>온라인쇼핑 (KB Pay 결제 시)</td><td>G마켓, 11번가, SSG.COM, 무신사, 지그재그 W컨셉, 29CM, 오늘의집, 온라인 다이소몰</td></tr><tr><td>주유</td><td>SK에너지, GS칼텍스</td></tr><tr><td>커피</td><td>커피 오프라인 매장 (커피전문점 업종)</td></tr></table>",온라인쇼핑 5% 할인,"[온라인쇼핑, 주유, 커피 5% 할인]
- 온라인쇼핑, 주유, 커피 5% 할인
※ [온라인몰] KB Pay 결제 시에만 할인 제공
- 상품권, 여행 티켓, 도서, 배달, 멤버십 구독료, 외부 제휴몰, 별도 팝업사이트 제외
※ [커피] 오프라인 매장은 커피전문점 업종 결제 건에 한함(앱주문 제외)
- 백화점/대형마트 등 일부 입점 매장 제외
<table class=""benefit-table""><tr><th>구분</th><th>할인 대상</th></tr><tr><td>온라인쇼핑 (KB Pay 결제 시)</td><td>G마켓, 11번가, SSG.COM, 무신사, 지그재그 W컨셉, 29CM, 오늘의집, 온라인 다이소몰</td></tr><tr><td>주유</td><td>SK에너지, GS칼텍스</td></tr><tr><td>커피</td><td>커피 오프라인 매장 (커피전문점 업종)</td></tr></table>",2026-06-05
09298_B0019,9298,주요혜택,"온라인쇼핑, 주유, 커피 5% 할인",주유 5% 할인,자동차/주유,6,Offline,할인,5,%,"SK에너지, GS칼텍스",,800000,,,,,,10000,,,"[온라인쇼핑, 주유, 커피 5% 할인]
- 온라인쇼핑, 주유, 커피 5% 할인
※ [온라인몰] KB Pay 결제 시에만 할인 제공
- 상품권, 여행 티켓, 도서, 배달, 멤버십 구독료, 외부 제휴몰, 별도 팝업사이트 제외
※ [커피] 오프라인 매장은 커피전문점 업종 결제 건에 한함(앱주문 제외)
- 백화점/대형마트 등 일부 입점 매장 제외
<table class=""benefit-table""><tr><th>구분</th><th>할인 대상</th></tr><tr><td>온라인쇼핑 (KB Pay 결제 시)</td><td>G마켓, 11번가, SSG.COM, 무신사, 지그재그 W컨셉, 29CM, 오늘의집, 온라인 다이소몰</td></tr><tr><td>주유</td><td>SK에너지, GS칼텍스</td></tr><tr><td>커피</td><td>커피 오프라인 매장 (커피전문점 업종)</td></tr></table>",자동차/주유 5% 할인,"[온라인쇼핑, 주유, 커피 5% 할인]
- 온라인쇼핑, 주유, 커피 5% 할인
※ [온라인몰] KB Pay 결제 시에만 할인 제공
- 상품권, 여행 티켓, 도서, 배달, 멤버십 구독료, 외부 제휴몰, 별도 팝업사이트 제외
※ [커피] 오프라인 매장은 커피전문점 업종 결제 건에 한함(앱주문 제외)
- 백화점/대형마트 등 일부 입점 매장 제외
<table class=""benefit-table""><tr><th>구분</th><th>할인 대상</th></tr><tr><td>온라인쇼핑 (KB Pay 결제 시)</td><td>G마켓, 11번가, SSG.COM, 무신사, 지그재그 W컨셉, 29CM, 오늘의집, 온라인 다이소몰</td></tr><tr><td>주유</td><td>SK에너지, GS칼텍스</td></tr><tr><td>커피</td><td>커피 오프라인 매장 (커피전문점 업종)</td></tr></table>",2026-06-05
09298_B0020,9298,주요혜택,"온라인쇼핑, 주유, 커피 5% 할인",커피 5% 할인,카페/베이커리,14,Offline,할인,5,%,커피전문점 업종 (오프라인 매장),,800000,,,,,,10000,,,"[온라인쇼핑, 주유, 커피 5% 할인]
- 온라인쇼핑, 주유, 커피 5% 할인
※ [온라인몰] KB Pay 결제 시에만 할인 제공
- 상품권, 여행 티켓, 도서, 배달, 멤버십 구독료, 외부 제휴몰, 별도 팝업사이트 제외
※ [커피] 오프라인 매장은 커피전문점 업종 결제 건에 한함(앱주문 제외)
- 백화점/대형마트 등 일부 입점 매장 제외
<table class=""benefit-table""><tr><th>구분</th><th>할인 대상</th></tr><tr><td>온라인쇼핑 (KB Pay 결제 시)</td><td>G마켓, 11번가, SSG.COM, 무신사, 지그재그 W컨셉, 29CM, 오늘의집, 온라인 다이소몰</td></tr><tr><td>주유</td><td>SK에너지, GS칼텍스</td></tr><tr><td>커피</td><td>커피 오프라인 매장 (커피전문점 업종)</td></tr></table>",카페/베이커리 5% 할인,"[온라인쇼핑, 주유, 커피 5% 할인]
- 온라인쇼핑, 주유, 커피 5% 할인
※ [온라인몰] KB Pay 결제 시에만 할인 제공
- 상품권, 여행 티켓, 도서, 배달, 멤버십 구독료, 외부 제휴몰, 별도 팝업사이트 제외
※ [커피] 오프라인 매장은 커피전문점 업종 결제 건에 한함(앱주문 제외)
- 백화점/대형마트 등 일부 입점 매장 제외
<table class=""benefit-table""><tr><th>구분</th><th>할인 대상</th></tr><tr><td>온라인쇼핑 (KB Pay 결제 시)</td><td>G마켓, 11번가, SSG.COM, 무신사, 지그재그 W컨셉, 29CM, 오늘의집, 온라인 다이소몰</td></tr><tr><td>주유</td><td>SK에너지, GS칼텍스</td></tr><tr><td>커피</td><td>커피 오프라인 매장 (커피전문점 업종)</td></tr></table>",2026-06-05
09298_B0021,9298,주요혜택,"주차장, 세차장 10% 할인","주차장, 세차장 할인",자동차/주유,6,Offline,할인,10,%,"주차장, 세차장",전월 실적 40만원 이상,400000,800000,,,10000,원,,,,"[주차장, 세차장 10% 할인]
- 주차장, 세차장 업종
※ 주유소 내 세차장은 당사 업종분류기준에 따라 제외될 수 있음

[이용 조건]
전월 이용실적 40만원이상 / 80만원이상 구간별 적용
<table class=""benefit-table""><tr><th rowspan=""2"">구분</th><th colspan=""2"">전월 이용실적별 월 할인한도</th></tr><tr><th>1구간 40만원 이상</th><th>2구간 80만원 이상</th></tr><tr><td>주차장, 세차장</td><td colspan=""2"">10,000원</td></tr></table>",자동차/주유 10% 할인,"[주차장, 세차장 10% 할인]
- 주차장, 세차장 업종
※ 주유소 내 세차장은 당사 업종분류기준에 따라 제외될 수 있음

[이용 조건]
전월 이용실적 40만원이상 / 80만원이상 구간별 적용
<table class=""benefit-table""><tr><th rowspan=""2"">구분</th><th colspan=""2"">전월 이용실적별 월 할인한도</th></tr><tr><th>1구간 40만원 이상</th><th>2구간 80만원 이상</th></tr><tr><td>주차장, 세차장</td><td colspan=""2"">10,000원</td></tr></table>",2026-06-05
09298_B0022,9298,주요혜택,"주차장, 세차장 10% 할인","주차장, 세차장 할인",자동차/주유,6,Offline,할인,10,%,"주차장, 세차장",전월 실적 80만원 이상,800000,,,,10000,원,,,,"[주차장, 세차장 10% 할인]
- 주차장, 세차장 업종
※ 주유소 내 세차장은 당사 업종분류기준에 따라 제외될 수 있음

[이용 조건]
전월 이용실적 40만원이상 / 80만원이상 구간별 적용
<table class=""benefit-table""><tr><th rowspan=""2"">구분</th><th colspan=""2"">전월 이용실적별 월 할인한도</th></tr><tr><th>1구간 40만원 이상</th><th>2구간 80만원 이상</th></tr><tr><td>주차장, 세차장</td><td colspan=""2"">10,000원</td></tr></table>",자동차/주유 10% 할인,"[주차장, 세차장 10% 할인]
- 주차장, 세차장 업종
※ 주유소 내 세차장은 당사 업종분류기준에 따라 제외될 수 있음

[이용 조건]
전월 이용실적 40만원이상 / 80만원이상 구간별 적용
<table class=""benefit-table""><tr><th rowspan=""2"">구분</th><th colspan=""2"">전월 이용실적별 월 할인한도</th></tr><tr><th>1구간 40만원 이상</th><th>2구간 80만원 이상</th></tr><tr><td>주차장, 세차장</td><td colspan=""2"">10,000원</td></tr></table>",2026-06-05
09298_B0023,9298,주요혜택,쿠폰 서비스 (2종 중 택1),롯데시네마 영화표 쿠폰,문화/엔터,11,Both,서비스,,,롯데시네마,전월 실적 600만원 이상,600000,,,연 1회,,,,,,"[쿠폰 서비스 (2종 중 택1)]
- 이용방법: KB국민카드 홈페이지 및 KB Pay를 통해 이용 신청
- 적립시기: 신청일 기준 다음 영업일까지 적립
- 이용방법
* KB국민카드 홈페이지 및 KB Pay를 통해 이용 신청
* 신청 후 15영업일 이내 고객 휴대폰 앞 문자메시지 발송
* 롯데시네마 상영관 현장 발권 및 홈페이지/APP에서 이용 (단,3D, 4D, 샤롯데, 프레스티지 등 특수상영관은 제외)
- 유효기간: 발행일로부터 180일
- 이용문의: 02-722-3336
- 카드 발급 첫해: 이용불가
- 다음해 이후: 연회비 전액 납부 및 해당 카드로 전년도 연회비 약정기간 동안 연간 이용실적 600만원 이상 이용 시 제공
  연회비 약정기간: 발급월로부터 12개월
  (예) 올해 12월 31일 최초 카드 발급 시 매년 12월~다음해 11월
- 본인 회원만 이용 가능하며, 연 1회 제공 (쿠폰 분할 신청 불가)
- 쿠폰은 별도의 실물이 없음
- 쿠폰은 연회비 발생 시점에 발급되며, 발급된 쿠폰은 상기 이용 조건 충족 시 이용 가능 (쿠폰 발급 시 문자메시지로 안내)
- 발급된 쿠폰의 이용신청 가능 기간은 연회비 약정기간과 동일함
- 홈페이지 등을 통해 쿠폰 이용 신청한 즉시 쿠폰 변경/취소 불가
- 유효한 KB YOU Wish up 카드 보유 고객만 쿠폰 이용 가능
- 쿠폰 이용 후 카드 해지 시, 납부한 연회비는 서비스 제공에 소요된 비용 공제 후 잔여 기간에 대해 일할 계산하여 환불","연 1회 영화표 쿠폰 제공 (발급 첫해 불가, 다음해 이후 전년도 연간 600만원 이상 이용 시)","[쿠폰 서비스 (2종 중 택1)]
- 이용방법: KB국민카드 홈페이지 및 KB Pay를 통해 이용 신청
- 적립시기: 신청일 기준 다음 영업일까지 적립
- 이용방법
* KB국민카드 홈페이지 및 KB Pay를 통해 이용 신청
* 신청 후 15영업일 이내 고객 휴대폰 앞 문자메시지 발송
* 롯데시네마 상영관 현장 발권 및 홈페이지/APP에서 이용 (단,3D, 4D, 샤롯데, 프레스티지 등 특수상영관은 제외)
- 유효기간: 발행일로부터 180일
- 이용문의: 02-722-3336
- 카드 발급 첫해: 이용불가
- 다음해 이후: 연회비 전액 납부 및 해당 카드로 전년도 연회비 약정기간 동안 연간 이용실적 600만원 이상 이용 시 제공
  연회비 약정기간: 발급월로부터 12개월
  (예) 올해 12월 31일 최초 카드 발급 시 매년 12월~다음해 11월
- 본인 회원만 이용 가능하며, 연 1회 제공 (쿠폰 분할 신청 불가)
- 쿠폰은 별도의 실물이 없음
- 쿠폰은 연회비 발생 시점에 발급되며, 발급된 쿠폰은 상기 이용 조건 충족 시 이용 가능 (쿠폰 발급 시 문자메시지로 안내)
- 발급된 쿠폰의 이용신청 가능 기간은 연회비 약정기간과 동일함
- 홈페이지 등을 통해 쿠폰 이용 신청한 즉시 쿠폰 변경/취소 불가
- 유효한 KB YOU Wish up 카드 보유 고객만 쿠폰 이용 가능
- 쿠폰 이용 후 카드 해지 시, 납부한 연회비는 서비스 제공에 소요된 비용 공제 후 잔여 기간에 대해 일할 계산하여 환불",2026-06-05
09298_B0024,9298,주요혜택,Mastercard 티타늄 기본서비스 안내,국내 공항 발레파킹 서비스,항공,18,Offline,서비스,,,국내 공항,전월 실적 40만원 이상,400000,,,,,,,,,"[Mastercard 티타늄 기본서비스 안내]
- Mastercard 브랜드 티타늄 등급의 카드 발급 시 해당 국제브랜드 서비스가 제공됩니다.
- Mastercard 티타늄 등급은 Mastercard 프리미엄 등급 중 하나로, 대상 카드 발급 시 Mastercard가 회원에게 티타늄 등급의 기본서비스를 제공합니다.
- 서비스 유효기간은 별도로 명시한 경우를 제외하고 2026년 1월 1일부터 2026년 12월 31일까지 제공됩니다.
- 아래 기본서비스 상품설명서는 서비스 개요만을 안내하고 있으므로, 그 외 기본서비스 상세 내용 및 유의사항 등은 Mastercard 홈페이지( 통해 확인하시기 바랍니다.
- 대상 카드의 Mastercard 브랜드 발급 시 티타늄 등급의 국제브랜드 서비스가 제공됩니다.
- 서비스 유효기간은 별도로 명시한 경우를 제외하고 2026년 1월 1일부터 2026년 12월 31일까지 제공됩니다.
- 세부 이용조건 및 유의사항 등은 반드시 Mastercard 홈페이지( 통해 확인하시기 바랍니다.
- 서비스 이용 전에는 상품설명서, 홈페이지 약관 등을 통해 이용 조건을 확인 후 이용 바랍니다.
<table class=""benefit-table""><tr><th>KB국민카드 선택 서비스</th><th>제공 횟수</th><th>전월 이용실적</th></tr><tr><td>국내 공항 발레파킹 서비스</td><td>월 2회, 연 6회</td><td rowspan=""3"">40만원 이상</td></tr><tr><td>국내 공항 라운지 서비스</td><td>연 2회</td></tr><tr><td>국내 호텔 발레파킹 서비스</td><td>월 2회, 연 6회</td></tr></table>","국내 공항 발레파킹 월 2회, 연 6회 무료 이용","[Mastercard 티타늄 기본서비스 안내]
- Mastercard 브랜드 티타늄 등급의 카드 발급 시 해당 국제브랜드 서비스가 제공됩니다.
- Mastercard 티타늄 등급은 Mastercard 프리미엄 등급 중 하나로, 대상 카드 발급 시 Mastercard가 회원에게 티타늄 등급의 기본서비스를 제공합니다.
- 서비스 유효기간은 별도로 명시한 경우를 제외하고 2026년 1월 1일부터 2026년 12월 31일까지 제공됩니다.
- 아래 기본서비스 상품설명서는 서비스 개요만을 안내하고 있으므로, 그 외 기본서비스 상세 내용 및 유의사항 등은 Mastercard 홈페이지( 통해 확인하시기 바랍니다.
- 대상 카드의 Mastercard 브랜드 발급 시 티타늄 등급의 국제브랜드 서비스가 제공됩니다.
- 서비스 유효기간은 별도로 명시한 경우를 제외하고 2026년 1월 1일부터 2026년 12월 31일까지 제공됩니다.
- 세부 이용조건 및 유의사항 등은 반드시 Mastercard 홈페이지( 통해 확인하시기 바랍니다.
- 서비스 이용 전에는 상품설명서, 홈페이지 약관 등을 통해 이용 조건을 확인 후 이용 바랍니다.
<table class=""benefit-table""><tr><th>KB국민카드 선택 서비스</th><th>제공 횟수</th><th>전월 이용실적</th></tr><tr><td>국내 공항 발레파킹 서비스</td><td>월 2회, 연 6회</td><td rowspan=""3"">40만원 이상</td></tr><tr><td>국내 공항 라운지 서비스</td><td>연 2회</td></tr><tr><td>국내 호텔 발레파킹 서비스</td><td>월 2회, 연 6회</td></tr></table>",2026-06-05
09298_B0025,9298,주요혜택,Mastercard 티타늄 기본서비스 안내,국내 호텔 발레파킹 서비스,여행/숙박,17,Offline,서비스,,,국내 호텔,전월 실적 40만원 이상,400000,,,,,,,,,"[Mastercard 티타늄 기본서비스 안내]
- Mastercard 브랜드 티타늄 등급의 카드 발급 시 해당 국제브랜드 서비스가 제공됩니다.
- Mastercard 티타늄 등급은 Mastercard 프리미엄 등급 중 하나로, 대상 카드 발급 시 Mastercard가 회원에게 티타늄 등급의 기본서비스를 제공합니다.
- 서비스 유효기간은 별도로 명시한 경우를 제외하고 2026년 1월 1일부터 2026년 12월 31일까지 제공됩니다.
- 아래 기본서비스 상품설명서는 서비스 개요만을 안내하고 있으므로, 그 외 기본서비스 상세 내용 및 유의사항 등은 Mastercard 홈페이지( 통해 확인하시기 바랍니다.
- 대상 카드의 Mastercard 브랜드 발급 시 티타늄 등급의 국제브랜드 서비스가 제공됩니다.
- 서비스 유효기간은 별도로 명시한 경우를 제외하고 2026년 1월 1일부터 2026년 12월 31일까지 제공됩니다.
- 세부 이용조건 및 유의사항 등은 반드시 Mastercard 홈페이지( 통해 확인하시기 바랍니다.
- 서비스 이용 전에는 상품설명서, 홈페이지 약관 등을 통해 이용 조건을 확인 후 이용 바랍니다.
<table class=""benefit-table""><tr><th>KB국민카드 선택 서비스</th><th>제공 횟수</th><th>전월 이용실적</th></tr><tr><td>국내 공항 발레파킹 서비스</td><td>월 2회, 연 6회</td><td rowspan=""3"">40만원 이상</td></tr><tr><td>국내 공항 라운지 서비스</td><td>연 2회</td></tr><tr><td>국내 호텔 발레파킹 서비스</td><td>월 2회, 연 6회</td></tr></table>","국내 호텔 발레파킹 월 2회, 연 6회 무료 이용","[Mastercard 티타늄 기본서비스 안내]
- Mastercard 브랜드 티타늄 등급의 카드 발급 시 해당 국제브랜드 서비스가 제공됩니다.
- Mastercard 티타늄 등급은 Mastercard 프리미엄 등급 중 하나로, 대상 카드 발급 시 Mastercard가 회원에게 티타늄 등급의 기본서비스를 제공합니다.
- 서비스 유효기간은 별도로 명시한 경우를 제외하고 2026년 1월 1일부터 2026년 12월 31일까지 제공됩니다.
- 아래 기본서비스 상품설명서는 서비스 개요만을 안내하고 있으므로, 그 외 기본서비스 상세 내용 및 유의사항 등은 Mastercard 홈페이지( 통해 확인하시기 바랍니다.
- 대상 카드의 Mastercard 브랜드 발급 시 티타늄 등급의 국제브랜드 서비스가 제공됩니다.
- 서비스 유효기간은 별도로 명시한 경우를 제외하고 2026년 1월 1일부터 2026년 12월 31일까지 제공됩니다.
- 세부 이용조건 및 유의사항 등은 반드시 Mastercard 홈페이지( 통해 확인하시기 바랍니다.
- 서비스 이용 전에는 상품설명서, 홈페이지 약관 등을 통해 이용 조건을 확인 후 이용 바랍니다.
<table class=""benefit-table""><tr><th>KB국민카드 선택 서비스</th><th>제공 횟수</th><th>전월 이용실적</th></tr><tr><td>국내 공항 발레파킹 서비스</td><td>월 2회, 연 6회</td><td rowspan=""3"">40만원 이상</td></tr><tr><td>국내 공항 라운지 서비스</td><td>연 2회</td></tr><tr><td>국내 호텔 발레파킹 서비스</td><td>월 2회, 연 6회</td></tr></table>",2026-06-05
09314_B0001,9314,주요혜택,LFmall 5% 청구할인,LFmall 5% 청구할인,온라인쇼핑,12,Online,할인,5,%,LFmall (lfmall.co.kr),전월 실적 30만원 미만,0,300000,,,5000,원,,,,"[LFmall 5% 청구할인]
[서비스대상]
- LFmall (lfmall.co.kr) 이용 시 5% 청구할인
[유의사항]
※ 무이자할부, 상품권 및 선불카드 구입/충전금액, LF오프라인 매장 이용금액 제외
[할인한도]
<table class=""benefit-table""><tr><th rowspan=""2"">구분</th><th rowspan=""2"">할인율</th><th colspan=""2"">전월 이용실적&월 할인한도</th></tr><tr><th>30만원 미만</th><th>30만원 이상</th></tr><tr><td>LFmall 청구할인</td><td>5%</td><td>5천원</td><td>2만원</td></tr></table>",LFmall 5% 청구할인 (월 최대 5천원),"[LFmall 5% 청구할인]
[서비스대상]
- LFmall (lfmall.co.kr) 이용 시 5% 청구할인
[유의사항]
※ 무이자할부, 상품권 및 선불카드 구입/충전금액, LF오프라인 매장 이용금액 제외
[할인한도]
<table class=""benefit-table""><tr><th rowspan=""2"">구분</th><th rowspan=""2"">할인율</th><th colspan=""2"">전월 이용실적&월 할인한도</th></tr><tr><th>30만원 미만</th><th>30만원 이상</th></tr><tr><td>LFmall 청구할인</td><td>5%</td><td>5천원</td><td>2만원</td></tr></table>",2026-06-06
09314_B0002,9314,주요혜택,LFmall 5% 청구할인,LFmall 5% 청구할인,온라인쇼핑,12,Online,할인,5,%,LFmall (lfmall.co.kr),전월 실적 30만원 이상,300000,,,,20000,원,,,,"[LFmall 5% 청구할인]
[서비스대상]
- LFmall (lfmall.co.kr) 이용 시 5% 청구할인
[유의사항]
※ 무이자할부, 상품권 및 선불카드 구입/충전금액, LF오프라인 매장 이용금액 제외
[할인한도]
<table class=""benefit-table""><tr><th rowspan=""2"">구분</th><th rowspan=""2"">할인율</th><th colspan=""2"">전월 이용실적&월 할인한도</th></tr><tr><th>30만원 미만</th><th>30만원 이상</th></tr><tr><td>LFmall 청구할인</td><td>5%</td><td>5천원</td><td>2만원</td></tr></table>",LFmall 5% 청구할인 (월 최대 2만원),"[LFmall 5% 청구할인]
[서비스대상]
- LFmall (lfmall.co.kr) 이용 시 5% 청구할인
[유의사항]
※ 무이자할부, 상품권 및 선불카드 구입/충전금액, LF오프라인 매장 이용금액 제외
[할인한도]
<table class=""benefit-table""><tr><th rowspan=""2"">구분</th><th rowspan=""2"">할인율</th><th colspan=""2"">전월 이용실적&월 할인한도</th></tr><tr><th>30만원 미만</th><th>30만원 이상</th></tr><tr><td>LFmall 청구할인</td><td>5%</td><td>5천원</td><td>2만원</td></tr></table>",2026-06-06
09314_B0003,9314,주요혜택,국내외 가맹점 포인트리 적립,국내외 가맹점 포인트리 적립,카페/베이커리,22,Both,포인트,0.5,%,국내외 가맹점,,,,,,,,,,,"[국내외 가맹점 포인트리 적립]
[서비스대상]
- 국내외 가맹점 이용 시 0.5% 포인트리 적립
[유의사항]
※ 전월 이용실적 조건 및 적립한도 제한 없음
※ LFmall 이용금액은 적립 제외",국내외 가맹점 0.5% 포인트리 적립,"[국내외 가맹점 포인트리 적립]
[서비스대상]
- 국내외 가맹점 이용 시 0.5% 포인트리 적립
[유의사항]
※ 전월 이용실적 조건 및 적립한도 제한 없음
※ LFmall 이용금액은 적립 제외",2026-06-06
09321_B0001,9321,주요혜택,청구 할인 서비스 - 대중교통,버스/지하철 할인,대중교통/택시,5,Offline,할인,10,%,"버스, 지하철",전월 실적 30만원 이상,300000,,0,,5000,원,,,,"[청구 할인 서비스]
- 대중교통 : 택시, 시외버스, 고속버스, 공항버스 제외
* 버스/지하철 요금할인은 실제 카드 사용일이 아닌 이용대금명세서 상 기재된 이용일을 기준으로 서비스 제공
- 실적 유예 제공 : 최초 카드 사용 등록 후 다음 달 말일까지 전월 실적 조건 미달 시에도 서비스 제공
<table class=""benefit-table""><tr><th>구분</th><th colspan=""2"">세부 영역</th><th>할인율</th><th>월 할인한도</th><th>전월 실적</th></tr><tr><td>대중교통 할인</td><td colspan=""2"">버스, 지하철</td><td>10%</td><td>5천원</td><td rowspan=""8"">30만원</td></tr><tr><td rowspan=""6"">생활서비스 할인</td><td>이동통신요금 자동납부 (SK, KT, LG, LiivM)</td><td rowspan=""7"">건당 1만원 이상 이용 시</td><td rowspan=""6"">5%</td><td rowspan=""6"">5천원</td></tr><tr><td>커피 업종</td></tr><tr><td>약국 업종</td></tr><tr><td>편의점 업종</td></tr><tr><td>영화(CGV, 롯데시네마)</td></tr><tr><td>패스트푸드 업종</td></tr><tr><td>KB Pay 추가할인</td><td>'생활서비스 할인' 영역에서 KB Pay 이용 시 추가할인</td><td>5%</td><td>5천원</td></tr><tr><td colspan=""4"">합 계</td><td>1만5천원</td><td></td></tr></table>",대중교통/택시 10% 할인,"[청구 할인 서비스]
- 대중교통 : 택시, 시외버스, 고속버스, 공항버스 제외
* 버스/지하철 요금할인은 실제 카드 사용일이 아닌 이용대금명세서 상 기재된 이용일을 기준으로 서비스 제공
- 실적 유예 제공 : 최초 카드 사용 등록 후 다음 달 말일까지 전월 실적 조건 미달 시에도 서비스 제공
<table class=""benefit-table""><tr><th>구분</th><th colspan=""2"">세부 영역</th><th>할인율</th><th>월 할인한도</th><th>전월 실적</th></tr><tr><td>대중교통 할인</td><td colspan=""2"">버스, 지하철</td><td>10%</td><td>5천원</td><td rowspan=""8"">30만원</td></tr><tr><td rowspan=""6"">생활서비스 할인</td><td>이동통신요금 자동납부 (SK, KT, LG, LiivM)</td><td rowspan=""7"">건당 1만원 이상 이용 시</td><td rowspan=""6"">5%</td><td rowspan=""6"">5천원</td></tr><tr><td>커피 업종</td></tr><tr><td>약국 업종</td></tr><tr><td>편의점 업종</td></tr><tr><td>영화(CGV, 롯데시네마)</td></tr><tr><td>패스트푸드 업종</td></tr><tr><td>KB Pay 추가할인</td><td>'생활서비스 할인' 영역에서 KB Pay 이용 시 추가할인</td><td>5%</td><td>5천원</td></tr><tr><td colspan=""4"">합 계</td><td>1만5천원</td><td></td></tr></table>",2026-06-05
09321_B0002,9321,주요혜택,청구 할인 서비스 - 생활서비스,이동통신요금 할인,생활비,12,Both,할인,5,%,"SK, KT, LG, LiivM 자동납부",전월 실적 30만원 이상,300000,,10000,,,,5000,원,,"[청구 할인 서비스]
- 대중교통 : 택시, 시외버스, 고속버스, 공항버스 제외
* 버스/지하철 요금할인은 실제 카드 사용일이 아닌 이용대금명세서 상 기재된 이용일을 기준으로 서비스 제공
- 실적 유예 제공 : 최초 카드 사용 등록 후 다음 달 말일까지 전월 실적 조건 미달 시에도 서비스 제공
<table class=""benefit-table""><tr><th>구분</th><th colspan=""2"">세부 영역</th><th>할인율</th><th>월 할인한도</th><th>전월 실적</th></tr><tr><td>대중교통 할인</td><td colspan=""2"">버스, 지하철</td><td>10%</td><td>5천원</td><td rowspan=""8"">30만원</td></tr><tr><td rowspan=""6"">생활서비스 할인</td><td>이동통신요금 자동납부 (SK, KT, LG, LiivM)</td><td rowspan=""7"">건당 1만원 이상 이용 시</td><td rowspan=""6"">5%</td><td rowspan=""6"">5천원</td></tr><tr><td>커피 업종</td></tr><tr><td>약국 업종</td></tr><tr><td>편의점 업종</td></tr><tr><td>영화(CGV, 롯데시네마)</td></tr><tr><td>패스트푸드 업종</td></tr><tr><td>KB Pay 추가할인</td><td>'생활서비스 할인' 영역에서 KB Pay 이용 시 추가할인</td><td>5%</td><td>5천원</td></tr><tr><td colspan=""4"">합 계</td><td>1만5천원</td><td></td></tr></table>",생활비 5% 할인,"[청구 할인 서비스]
- 대중교통 : 택시, 시외버스, 고속버스, 공항버스 제외
* 버스/지하철 요금할인은 실제 카드 사용일이 아닌 이용대금명세서 상 기재된 이용일을 기준으로 서비스 제공
- 실적 유예 제공 : 최초 카드 사용 등록 후 다음 달 말일까지 전월 실적 조건 미달 시에도 서비스 제공
<table class=""benefit-table""><tr><th>구분</th><th colspan=""2"">세부 영역</th><th>할인율</th><th>월 할인한도</th><th>전월 실적</th></tr><tr><td>대중교통 할인</td><td colspan=""2"">버스, 지하철</td><td>10%</td><td>5천원</td><td rowspan=""8"">30만원</td></tr><tr><td rowspan=""6"">생활서비스 할인</td><td>이동통신요금 자동납부 (SK, KT, LG, LiivM)</td><td rowspan=""7"">건당 1만원 이상 이용 시</td><td rowspan=""6"">5%</td><td rowspan=""6"">5천원</td></tr><tr><td>커피 업종</td></tr><tr><td>약국 업종</td></tr><tr><td>편의점 업종</td></tr><tr><td>영화(CGV, 롯데시네마)</td></tr><tr><td>패스트푸드 업종</td></tr><tr><td>KB Pay 추가할인</td><td>'생활서비스 할인' 영역에서 KB Pay 이용 시 추가할인</td><td>5%</td><td>5천원</td></tr><tr><td colspan=""4"">합 계</td><td>1만5천원</td><td></td></tr></table>",2026-06-05
09321_B0003,9321,주요혜택,청구 할인 서비스 - 생활서비스,커피 업종 할인,카페/베이커리,14,Offline,할인,5,%,커피 업종,전월 실적 30만원 이상,300000,,10000,,,,5000,원,,"[청구 할인 서비스]
- 대중교통 : 택시, 시외버스, 고속버스, 공항버스 제외
* 버스/지하철 요금할인은 실제 카드 사용일이 아닌 이용대금명세서 상 기재된 이용일을 기준으로 서비스 제공
- 실적 유예 제공 : 최초 카드 사용 등록 후 다음 달 말일까지 전월 실적 조건 미달 시에도 서비스 제공
<table class=""benefit-table""><tr><th>구분</th><th colspan=""2"">세부 영역</th><th>할인율</th><th>월 할인한도</th><th>전월 실적</th></tr><tr><td>대중교통 할인</td><td colspan=""2"">버스, 지하철</td><td>10%</td><td>5천원</td><td rowspan=""8"">30만원</td></tr><tr><td rowspan=""6"">생활서비스 할인</td><td>이동통신요금 자동납부 (SK, KT, LG, LiivM)</td><td rowspan=""7"">건당 1만원 이상 이용 시</td><td rowspan=""6"">5%</td><td rowspan=""6"">5천원</td></tr><tr><td>커피 업종</td></tr><tr><td>약국 업종</td></tr><tr><td>편의점 업종</td></tr><tr><td>영화(CGV, 롯데시네마)</td></tr><tr><td>패스트푸드 업종</td></tr><tr><td>KB Pay 추가할인</td><td>'생활서비스 할인' 영역에서 KB Pay 이용 시 추가할인</td><td>5%</td><td>5천원</td></tr><tr><td colspan=""4"">합 계</td><td>1만5천원</td><td></td></tr></table>",카페/베이커리 5% 할인,"[청구 할인 서비스]
- 대중교통 : 택시, 시외버스, 고속버스, 공항버스 제외
* 버스/지하철 요금할인은 실제 카드 사용일이 아닌 이용대금명세서 상 기재된 이용일을 기준으로 서비스 제공
- 실적 유예 제공 : 최초 카드 사용 등록 후 다음 달 말일까지 전월 실적 조건 미달 시에도 서비스 제공
<table class=""benefit-table""><tr><th>구분</th><th colspan=""2"">세부 영역</th><th>할인율</th><th>월 할인한도</th><th>전월 실적</th></tr><tr><td>대중교통 할인</td><td colspan=""2"">버스, 지하철</td><td>10%</td><td>5천원</td><td rowspan=""8"">30만원</td></tr><tr><td rowspan=""6"">생활서비스 할인</td><td>이동통신요금 자동납부 (SK, KT, LG, LiivM)</td><td rowspan=""7"">건당 1만원 이상 이용 시</td><td rowspan=""6"">5%</td><td rowspan=""6"">5천원</td></tr><tr><td>커피 업종</td></tr><tr><td>약국 업종</td></tr><tr><td>편의점 업종</td></tr><tr><td>영화(CGV, 롯데시네마)</td></tr><tr><td>패스트푸드 업종</td></tr><tr><td>KB Pay 추가할인</td><td>'생활서비스 할인' 영역에서 KB Pay 이용 시 추가할인</td><td>5%</td><td>5천원</td></tr><tr><td colspan=""4"">합 계</td><td>1만5천원</td><td></td></tr></table>",2026-06-05
09321_B0004,9321,주요혜택,청구 할인 서비스 - 생활서비스,약국 할인,의료,21,Offline,할인,5,%,약국 업종,전월 실적 30만원 이상,300000,,10000,,,,5000,원,,"[청구 할인 서비스]
- 대중교통 : 택시, 시외버스, 고속버스, 공항버스 제외
* 버스/지하철 요금할인은 실제 카드 사용일이 아닌 이용대금명세서 상 기재된 이용일을 기준으로 서비스 제공
- 실적 유예 제공 : 최초 카드 사용 등록 후 다음 달 말일까지 전월 실적 조건 미달 시에도 서비스 제공
<table class=""benefit-table""><tr><th>구분</th><th colspan=""2"">세부 영역</th><th>할인율</th><th>월 할인한도</th><th>전월 실적</th></tr><tr><td>대중교통 할인</td><td colspan=""2"">버스, 지하철</td><td>10%</td><td>5천원</td><td rowspan=""8"">30만원</td></tr><tr><td rowspan=""6"">생활서비스 할인</td><td>이동통신요금 자동납부 (SK, KT, LG, LiivM)</td><td rowspan=""7"">건당 1만원 이상 이용 시</td><td rowspan=""6"">5%</td><td rowspan=""6"">5천원</td></tr><tr><td>커피 업종</td></tr><tr><td>약국 업종</td></tr><tr><td>편의점 업종</td></tr><tr><td>영화(CGV, 롯데시네마)</td></tr><tr><td>패스트푸드 업종</td></tr><tr><td>KB Pay 추가할인</td><td>'생활서비스 할인' 영역에서 KB Pay 이용 시 추가할인</td><td>5%</td><td>5천원</td></tr><tr><td colspan=""4"">합 계</td><td>1만5천원</td><td></td></tr></table>",의료 5% 할인,"[청구 할인 서비스]
- 대중교통 : 택시, 시외버스, 고속버스, 공항버스 제외
* 버스/지하철 요금할인은 실제 카드 사용일이 아닌 이용대금명세서 상 기재된 이용일을 기준으로 서비스 제공
- 실적 유예 제공 : 최초 카드 사용 등록 후 다음 달 말일까지 전월 실적 조건 미달 시에도 서비스 제공
<table class=""benefit-table""><tr><th>구분</th><th colspan=""2"">세부 영역</th><th>할인율</th><th>월 할인한도</th><th>전월 실적</th></tr><tr><td>대중교통 할인</td><td colspan=""2"">버스, 지하철</td><td>10%</td><td>5천원</td><td rowspan=""8"">30만원</td></tr><tr><td rowspan=""6"">생활서비스 할인</td><td>이동통신요금 자동납부 (SK, KT, LG, LiivM)</td><td rowspan=""7"">건당 1만원 이상 이용 시</td><td rowspan=""6"">5%</td><td rowspan=""6"">5천원</td></tr><tr><td>커피 업종</td></tr><tr><td>약국 업종</td></tr><tr><td>편의점 업종</td></tr><tr><td>영화(CGV, 롯데시네마)</td></tr><tr><td>패스트푸드 업종</td></tr><tr><td>KB Pay 추가할인</td><td>'생활서비스 할인' 영역에서 KB Pay 이용 시 추가할인</td><td>5%</td><td>5천원</td></tr><tr><td colspan=""4"">합 계</td><td>1만5천원</td><td></td></tr></table>",2026-06-05
09321_B0005,9321,주요혜택,청구 할인 서비스 - 생활서비스,편의점 할인,편의점,13,Offline,할인,5,%,편의점 업종,전월 실적 30만원 이상,300000,,10000,,,,5000,원,,"[청구 할인 서비스]
- 대중교통 : 택시, 시외버스, 고속버스, 공항버스 제외
* 버스/지하철 요금할인은 실제 카드 사용일이 아닌 이용대금명세서 상 기재된 이용일을 기준으로 서비스 제공
- 실적 유예 제공 : 최초 카드 사용 등록 후 다음 달 말일까지 전월 실적 조건 미달 시에도 서비스 제공
<table class=""benefit-table""><tr><th>구분</th><th colspan=""2"">세부 영역</th><th>할인율</th><th>월 할인한도</th><th>전월 실적</th></tr><tr><td>대중교통 할인</td><td colspan=""2"">버스, 지하철</td><td>10%</td><td>5천원</td><td rowspan=""8"">30만원</td></tr><tr><td rowspan=""6"">생활서비스 할인</td><td>이동통신요금 자동납부 (SK, KT, LG, LiivM)</td><td rowspan=""7"">건당 1만원 이상 이용 시</td><td rowspan=""6"">5%</td><td rowspan=""6"">5천원</td></tr><tr><td>커피 업종</td></tr><tr><td>약국 업종</td></tr><tr><td>편의점 업종</td></tr><tr><td>영화(CGV, 롯데시네마)</td></tr><tr><td>패스트푸드 업종</td></tr><tr><td>KB Pay 추가할인</td><td>'생활서비스 할인' 영역에서 KB Pay 이용 시 추가할인</td><td>5%</td><td>5천원</td></tr><tr><td colspan=""4"">합 계</td><td>1만5천원</td><td></td></tr></table>",편의점 5% 할인,"[청구 할인 서비스]
- 대중교통 : 택시, 시외버스, 고속버스, 공항버스 제외
* 버스/지하철 요금할인은 실제 카드 사용일이 아닌 이용대금명세서 상 기재된 이용일을 기준으로 서비스 제공
- 실적 유예 제공 : 최초 카드 사용 등록 후 다음 달 말일까지 전월 실적 조건 미달 시에도 서비스 제공
<table class=""benefit-table""><tr><th>구분</th><th colspan=""2"">세부 영역</th><th>할인율</th><th>월 할인한도</th><th>전월 실적</th></tr><tr><td>대중교통 할인</td><td colspan=""2"">버스, 지하철</td><td>10%</td><td>5천원</td><td rowspan=""8"">30만원</td></tr><tr><td rowspan=""6"">생활서비스 할인</td><td>이동통신요금 자동납부 (SK, KT, LG, LiivM)</td><td rowspan=""7"">건당 1만원 이상 이용 시</td><td rowspan=""6"">5%</td><td rowspan=""6"">5천원</td></tr><tr><td>커피 업종</td></tr><tr><td>약국 업종</td></tr><tr><td>편의점 업종</td></tr><tr><td>영화(CGV, 롯데시네마)</td></tr><tr><td>패스트푸드 업종</td></tr><tr><td>KB Pay 추가할인</td><td>'생활서비스 할인' 영역에서 KB Pay 이용 시 추가할인</td><td>5%</td><td>5천원</td></tr><tr><td colspan=""4"">합 계</td><td>1만5천원</td><td></td></tr></table>",2026-06-05
09321_B0006,9321,주요혜택,청구 할인 서비스 - 생활서비스,영화 할인,문화/엔터,11,Offline,할인,5,%,"CGV, 롯데시네마",전월 실적 30만원 이상,300000,,10000,,,,5000,원,,"[청구 할인 서비스]
- 대중교통 : 택시, 시외버스, 고속버스, 공항버스 제외
* 버스/지하철 요금할인은 실제 카드 사용일이 아닌 이용대금명세서 상 기재된 이용일을 기준으로 서비스 제공
- 실적 유예 제공 : 최초 카드 사용 등록 후 다음 달 말일까지 전월 실적 조건 미달 시에도 서비스 제공
<table class=""benefit-table""><tr><th>구분</th><th colspan=""2"">세부 영역</th><th>할인율</th><th>월 할인한도</th><th>전월 실적</th></tr><tr><td>대중교통 할인</td><td colspan=""2"">버스, 지하철</td><td>10%</td><td>5천원</td><td rowspan=""8"">30만원</td></tr><tr><td rowspan=""6"">생활서비스 할인</td><td>이동통신요금 자동납부 (SK, KT, LG, LiivM)</td><td rowspan=""7"">건당 1만원 이상 이용 시</td><td rowspan=""6"">5%</td><td rowspan=""6"">5천원</td></tr><tr><td>커피 업종</td></tr><tr><td>약국 업종</td></tr><tr><td>편의점 업종</td></tr><tr><td>영화(CGV, 롯데시네마)</td></tr><tr><td>패스트푸드 업종</td></tr><tr><td>KB Pay 추가할인</td><td>'생활서비스 할인' 영역에서 KB Pay 이용 시 추가할인</td><td>5%</td><td>5천원</td></tr><tr><td colspan=""4"">합 계</td><td>1만5천원</td><td></td></tr></table>",문화/엔터 5% 할인,"[청구 할인 서비스]
- 대중교통 : 택시, 시외버스, 고속버스, 공항버스 제외
* 버스/지하철 요금할인은 실제 카드 사용일이 아닌 이용대금명세서 상 기재된 이용일을 기준으로 서비스 제공
- 실적 유예 제공 : 최초 카드 사용 등록 후 다음 달 말일까지 전월 실적 조건 미달 시에도 서비스 제공
<table class=""benefit-table""><tr><th>구분</th><th colspan=""2"">세부 영역</th><th>할인율</th><th>월 할인한도</th><th>전월 실적</th></tr><tr><td>대중교통 할인</td><td colspan=""2"">버스, 지하철</td><td>10%</td><td>5천원</td><td rowspan=""8"">30만원</td></tr><tr><td rowspan=""6"">생활서비스 할인</td><td>이동통신요금 자동납부 (SK, KT, LG, LiivM)</td><td rowspan=""7"">건당 1만원 이상 이용 시</td><td rowspan=""6"">5%</td><td rowspan=""6"">5천원</td></tr><tr><td>커피 업종</td></tr><tr><td>약국 업종</td></tr><tr><td>편의점 업종</td></tr><tr><td>영화(CGV, 롯데시네마)</td></tr><tr><td>패스트푸드 업종</td></tr><tr><td>KB Pay 추가할인</td><td>'생활서비스 할인' 영역에서 KB Pay 이용 시 추가할인</td><td>5%</td><td>5천원</td></tr><tr><td colspan=""4"">합 계</td><td>1만5천원</td><td></td></tr></table>",2026-06-05
09321_B0007,9321,주요혜택,청구 할인 서비스 - 생활서비스,패스트푸드 할인,외식,16,Offline,할인,5,%,패스트푸드 업종,전월 실적 30만원 이상,300000,,10000,,,,5000,원,,"[청구 할인 서비스]
- 대중교통 : 택시, 시외버스, 고속버스, 공항버스 제외
* 버스/지하철 요금할인은 실제 카드 사용일이 아닌 이용대금명세서 상 기재된 이용일을 기준으로 서비스 제공
- 실적 유예 제공 : 최초 카드 사용 등록 후 다음 달 말일까지 전월 실적 조건 미달 시에도 서비스 제공
<table class=""benefit-table""><tr><th>구분</th><th colspan=""2"">세부 영역</th><th>할인율</th><th>월 할인한도</th><th>전월 실적</th></tr><tr><td>대중교통 할인</td><td colspan=""2"">버스, 지하철</td><td>10%</td><td>5천원</td><td rowspan=""8"">30만원</td></tr><tr><td rowspan=""6"">생활서비스 할인</td><td>이동통신요금 자동납부 (SK, KT, LG, LiivM)</td><td rowspan=""7"">건당 1만원 이상 이용 시</td><td rowspan=""6"">5%</td><td rowspan=""6"">5천원</td></tr><tr><td>커피 업종</td></tr><tr><td>약국 업종</td></tr><tr><td>편의점 업종</td></tr><tr><td>영화(CGV, 롯데시네마)</td></tr><tr><td>패스트푸드 업종</td></tr><tr><td>KB Pay 추가할인</td><td>'생활서비스 할인' 영역에서 KB Pay 이용 시 추가할인</td><td>5%</td><td>5천원</td></tr><tr><td colspan=""4"">합 계</td><td>1만5천원</td><td></td></tr></table>",외식 5% 할인,"[청구 할인 서비스]
- 대중교통 : 택시, 시외버스, 고속버스, 공항버스 제외
* 버스/지하철 요금할인은 실제 카드 사용일이 아닌 이용대금명세서 상 기재된 이용일을 기준으로 서비스 제공
- 실적 유예 제공 : 최초 카드 사용 등록 후 다음 달 말일까지 전월 실적 조건 미달 시에도 서비스 제공
<table class=""benefit-table""><tr><th>구분</th><th colspan=""2"">세부 영역</th><th>할인율</th><th>월 할인한도</th><th>전월 실적</th></tr><tr><td>대중교통 할인</td><td colspan=""2"">버스, 지하철</td><td>10%</td><td>5천원</td><td rowspan=""8"">30만원</td></tr><tr><td rowspan=""6"">생활서비스 할인</td><td>이동통신요금 자동납부 (SK, KT, LG, LiivM)</td><td rowspan=""7"">건당 1만원 이상 이용 시</td><td rowspan=""6"">5%</td><td rowspan=""6"">5천원</td></tr><tr><td>커피 업종</td></tr><tr><td>약국 업종</td></tr><tr><td>편의점 업종</td></tr><tr><td>영화(CGV, 롯데시네마)</td></tr><tr><td>패스트푸드 업종</td></tr><tr><td>KB Pay 추가할인</td><td>'생활서비스 할인' 영역에서 KB Pay 이용 시 추가할인</td><td>5%</td><td>5천원</td></tr><tr><td colspan=""4"">합 계</td><td>1만5천원</td><td></td></tr></table>",2026-06-05
09321_B0008,9321,주요혜택,청구 할인 서비스 - KB Pay,KB Pay 생활서비스 추가할인,페이/간편결제,10,Both,할인,5,%,KB Pay 결제 (생활서비스 영역),전월 실적 30만원 이상,300000,,0,,5000,원,,,,"[청구 할인 서비스]
- 대중교통 : 택시, 시외버스, 고속버스, 공항버스 제외
* 버스/지하철 요금할인은 실제 카드 사용일이 아닌 이용대금명세서 상 기재된 이용일을 기준으로 서비스 제공
- 실적 유예 제공 : 최초 카드 사용 등록 후 다음 달 말일까지 전월 실적 조건 미달 시에도 서비스 제공
<table class=""benefit-table""><tr><th>구분</th><th colspan=""2"">세부 영역</th><th>할인율</th><th>월 할인한도</th><th>전월 실적</th></tr><tr><td>대중교통 할인</td><td colspan=""2"">버스, 지하철</td><td>10%</td><td>5천원</td><td rowspan=""8"">30만원</td></tr><tr><td rowspan=""6"">생활서비스 할인</td><td>이동통신요금 자동납부 (SK, KT, LG, LiivM)</td><td rowspan=""7"">건당 1만원 이상 이용 시</td><td rowspan=""6"">5%</td><td rowspan=""6"">5천원</td></tr><tr><td>커피 업종</td></tr><tr><td>약국 업종</td></tr><tr><td>편의점 업종</td></tr><tr><td>영화(CGV, 롯데시네마)</td></tr><tr><td>패스트푸드 업종</td></tr><tr><td>KB Pay 추가할인</td><td>'생활서비스 할인' 영역에서 KB Pay 이용 시 추가할인</td><td>5%</td><td>5천원</td></tr><tr><td colspan=""4"">합 계</td><td>1만5천원</td><td></td></tr></table>",페이/간편결제 5% 할인,"[청구 할인 서비스]
- 대중교통 : 택시, 시외버스, 고속버스, 공항버스 제외
* 버스/지하철 요금할인은 실제 카드 사용일이 아닌 이용대금명세서 상 기재된 이용일을 기준으로 서비스 제공
- 실적 유예 제공 : 최초 카드 사용 등록 후 다음 달 말일까지 전월 실적 조건 미달 시에도 서비스 제공
<table class=""benefit-table""><tr><th>구분</th><th colspan=""2"">세부 영역</th><th>할인율</th><th>월 할인한도</th><th>전월 실적</th></tr><tr><td>대중교통 할인</td><td colspan=""2"">버스, 지하철</td><td>10%</td><td>5천원</td><td rowspan=""8"">30만원</td></tr><tr><td rowspan=""6"">생활서비스 할인</td><td>이동통신요금 자동납부 (SK, KT, LG, LiivM)</td><td rowspan=""7"">건당 1만원 이상 이용 시</td><td rowspan=""6"">5%</td><td rowspan=""6"">5천원</td></tr><tr><td>커피 업종</td></tr><tr><td>약국 업종</td></tr><tr><td>편의점 업종</td></tr><tr><td>영화(CGV, 롯데시네마)</td></tr><tr><td>패스트푸드 업종</td></tr><tr><td>KB Pay 추가할인</td><td>'생활서비스 할인' 영역에서 KB Pay 이용 시 추가할인</td><td>5%</td><td>5천원</td></tr><tr><td colspan=""4"">합 계</td><td>1만5천원</td><td></td></tr></table>",2026-06-05
09322_B0001,9322,주요혜택,포인트리 적립 서비스 - 대중교통,버스/지하철 포인트 적립,대중교통/택시,5,Offline,포인트,10,%,"버스, 지하철",전월 실적 20만원 이상,200000,,,,2000,포인트,,,,"[포인트리 적립 서비스]
- 대중교통 : 택시, 시외버스, 고속버스, 공항버스 제외
* 버스/지하철 요금적립은 실제 카드 사용일이 아닌 이용대금명세서 상 기재된 이용일을 기준으로 서비스 제공
- 실적 유예 제공 : 최초 카드 사용 등록 후 다음 달 말일까지 전월 실적 조건 미달 시에도 서비스 제공
<table class=""benefit-table""><tr><th>구분</th><th colspan=""2"">세부 영역</th><th>적립율</th><th>월 적립한도</th><th>전월 실적</th></tr><tr><td>대중교통 적립</td><td colspan=""2"">버스, 지하철</td><td>10%</td><td>2천점</td><td rowspan=""8"">20만원</td></tr><tr><td rowspan=""6"">생활서비스 적립</td><td>이동통신요금 자동납부 (SK, KT, LG, LiivM)</td><td rowspan=""7"">건당 1만원 이상 이용 시</td><td rowspan=""6"">1%</td><td rowspan=""6"">4천점</td></tr><tr><td>커피 업종</td></tr><tr><td>약국 업종</td></tr><tr><td>편의점 업종</td></tr><tr><td>영화(CGV, 롯데시네마)</td></tr><tr><td>패스트푸드 업종</td></tr><tr><td>KB Pay 추가적립</td><td>'생활서비스 적립' 영역에서 KB Pay 이용 시 추가적립</td><td>1%</td><td>4천점</td></tr><tr><td colspan=""4"">합 계</td><td>1만점</td><td></td></tr></table>",대중교통/택시 10% 적립,"[포인트리 적립 서비스]
- 대중교통 : 택시, 시외버스, 고속버스, 공항버스 제외
* 버스/지하철 요금적립은 실제 카드 사용일이 아닌 이용대금명세서 상 기재된 이용일을 기준으로 서비스 제공
- 실적 유예 제공 : 최초 카드 사용 등록 후 다음 달 말일까지 전월 실적 조건 미달 시에도 서비스 제공
<table class=""benefit-table""><tr><th>구분</th><th colspan=""2"">세부 영역</th><th>적립율</th><th>월 적립한도</th><th>전월 실적</th></tr><tr><td>대중교통 적립</td><td colspan=""2"">버스, 지하철</td><td>10%</td><td>2천점</td><td rowspan=""8"">20만원</td></tr><tr><td rowspan=""6"">생활서비스 적립</td><td>이동통신요금 자동납부 (SK, KT, LG, LiivM)</td><td rowspan=""7"">건당 1만원 이상 이용 시</td><td rowspan=""6"">1%</td><td rowspan=""6"">4천점</td></tr><tr><td>커피 업종</td></tr><tr><td>약국 업종</td></tr><tr><td>편의점 업종</td></tr><tr><td>영화(CGV, 롯데시네마)</td></tr><tr><td>패스트푸드 업종</td></tr><tr><td>KB Pay 추가적립</td><td>'생활서비스 적립' 영역에서 KB Pay 이용 시 추가적립</td><td>1%</td><td>4천점</td></tr><tr><td colspan=""4"">합 계</td><td>1만점</td><td></td></tr></table>",2026-06-05
09322_B0002,9322,주요혜택,포인트리 적립 서비스 - 생활서비스,이동통신 포인트 적립,생활비,12,Both,포인트,1,%,"SK, KT, LG, LiivM 이동통신료 자동납부",전월 실적 20만원 이상,200000,,10000,,,,4000,포인트,,"[포인트리 적립 서비스]
- 대중교통 : 택시, 시외버스, 고속버스, 공항버스 제외
* 버스/지하철 요금적립은 실제 카드 사용일이 아닌 이용대금명세서 상 기재된 이용일을 기준으로 서비스 제공
- 실적 유예 제공 : 최초 카드 사용 등록 후 다음 달 말일까지 전월 실적 조건 미달 시에도 서비스 제공
<table class=""benefit-table""><tr><th>구분</th><th colspan=""2"">세부 영역</th><th>적립율</th><th>월 적립한도</th><th>전월 실적</th></tr><tr><td>대중교통 적립</td><td colspan=""2"">버스, 지하철</td><td>10%</td><td>2천점</td><td rowspan=""8"">20만원</td></tr><tr><td rowspan=""6"">생활서비스 적립</td><td>이동통신요금 자동납부 (SK, KT, LG, LiivM)</td><td rowspan=""7"">건당 1만원 이상 이용 시</td><td rowspan=""6"">1%</td><td rowspan=""6"">4천점</td></tr><tr><td>커피 업종</td></tr><tr><td>약국 업종</td></tr><tr><td>편의점 업종</td></tr><tr><td>영화(CGV, 롯데시네마)</td></tr><tr><td>패스트푸드 업종</td></tr><tr><td>KB Pay 추가적립</td><td>'생활서비스 적립' 영역에서 KB Pay 이용 시 추가적립</td><td>1%</td><td>4천점</td></tr><tr><td colspan=""4"">합 계</td><td>1만점</td><td></td></tr></table>",생활비 1% 적립,"[포인트리 적립 서비스]
- 대중교통 : 택시, 시외버스, 고속버스, 공항버스 제외
* 버스/지하철 요금적립은 실제 카드 사용일이 아닌 이용대금명세서 상 기재된 이용일을 기준으로 서비스 제공
- 실적 유예 제공 : 최초 카드 사용 등록 후 다음 달 말일까지 전월 실적 조건 미달 시에도 서비스 제공
<table class=""benefit-table""><tr><th>구분</th><th colspan=""2"">세부 영역</th><th>적립율</th><th>월 적립한도</th><th>전월 실적</th></tr><tr><td>대중교통 적립</td><td colspan=""2"">버스, 지하철</td><td>10%</td><td>2천점</td><td rowspan=""8"">20만원</td></tr><tr><td rowspan=""6"">생활서비스 적립</td><td>이동통신요금 자동납부 (SK, KT, LG, LiivM)</td><td rowspan=""7"">건당 1만원 이상 이용 시</td><td rowspan=""6"">1%</td><td rowspan=""6"">4천점</td></tr><tr><td>커피 업종</td></tr><tr><td>약국 업종</td></tr><tr><td>편의점 업종</td></tr><tr><td>영화(CGV, 롯데시네마)</td></tr><tr><td>패스트푸드 업종</td></tr><tr><td>KB Pay 추가적립</td><td>'생활서비스 적립' 영역에서 KB Pay 이용 시 추가적립</td><td>1%</td><td>4천점</td></tr><tr><td colspan=""4"">합 계</td><td>1만점</td><td></td></tr></table>",2026-06-05
09322_B0003,9322,주요혜택,포인트리 적립 서비스 - 생활서비스,커피 업종 포인트 적립,카페/베이커리,14,Offline,포인트,1,%,커피 업종,전월 실적 20만원 이상,200000,,10000,,,,4000,포인트,,"[포인트리 적립 서비스]
- 대중교통 : 택시, 시외버스, 고속버스, 공항버스 제외
* 버스/지하철 요금적립은 실제 카드 사용일이 아닌 이용대금명세서 상 기재된 이용일을 기준으로 서비스 제공
- 실적 유예 제공 : 최초 카드 사용 등록 후 다음 달 말일까지 전월 실적 조건 미달 시에도 서비스 제공
<table class=""benefit-table""><tr><th>구분</th><th colspan=""2"">세부 영역</th><th>적립율</th><th>월 적립한도</th><th>전월 실적</th></tr><tr><td>대중교통 적립</td><td colspan=""2"">버스, 지하철</td><td>10%</td><td>2천점</td><td rowspan=""8"">20만원</td></tr><tr><td rowspan=""6"">생활서비스 적립</td><td>이동통신요금 자동납부 (SK, KT, LG, LiivM)</td><td rowspan=""7"">건당 1만원 이상 이용 시</td><td rowspan=""6"">1%</td><td rowspan=""6"">4천점</td></tr><tr><td>커피 업종</td></tr><tr><td>약국 업종</td></tr><tr><td>편의점 업종</td></tr><tr><td>영화(CGV, 롯데시네마)</td></tr><tr><td>패스트푸드 업종</td></tr><tr><td>KB Pay 추가적립</td><td>'생활서비스 적립' 영역에서 KB Pay 이용 시 추가적립</td><td>1%</td><td>4천점</td></tr><tr><td colspan=""4"">합 계</td><td>1만점</td><td></td></tr></table>",카페/베이커리 1% 적립,"[포인트리 적립 서비스]
- 대중교통 : 택시, 시외버스, 고속버스, 공항버스 제외
* 버스/지하철 요금적립은 실제 카드 사용일이 아닌 이용대금명세서 상 기재된 이용일을 기준으로 서비스 제공
- 실적 유예 제공 : 최초 카드 사용 등록 후 다음 달 말일까지 전월 실적 조건 미달 시에도 서비스 제공
<table class=""benefit-table""><tr><th>구분</th><th colspan=""2"">세부 영역</th><th>적립율</th><th>월 적립한도</th><th>전월 실적</th></tr><tr><td>대중교통 적립</td><td colspan=""2"">버스, 지하철</td><td>10%</td><td>2천점</td><td rowspan=""8"">20만원</td></tr><tr><td rowspan=""6"">생활서비스 적립</td><td>이동통신요금 자동납부 (SK, KT, LG, LiivM)</td><td rowspan=""7"">건당 1만원 이상 이용 시</td><td rowspan=""6"">1%</td><td rowspan=""6"">4천점</td></tr><tr><td>커피 업종</td></tr><tr><td>약국 업종</td></tr><tr><td>편의점 업종</td></tr><tr><td>영화(CGV, 롯데시네마)</td></tr><tr><td>패스트푸드 업종</td></tr><tr><td>KB Pay 추가적립</td><td>'생활서비스 적립' 영역에서 KB Pay 이용 시 추가적립</td><td>1%</td><td>4천점</td></tr><tr><td colspan=""4"">합 계</td><td>1만점</td><td></td></tr></table>",2026-06-05
09322_B0004,9322,주요혜택,포인트리 적립 서비스 - 생활서비스,약국 업종 포인트 적립,의료,21,Offline,포인트,1,%,약국 업종,전월 실적 20만원 이상,200000,,10000,,,,4000,포인트,,"[포인트리 적립 서비스]
- 대중교통 : 택시, 시외버스, 고속버스, 공항버스 제외
* 버스/지하철 요금적립은 실제 카드 사용일이 아닌 이용대금명세서 상 기재된 이용일을 기준으로 서비스 제공
- 실적 유예 제공 : 최초 카드 사용 등록 후 다음 달 말일까지 전월 실적 조건 미달 시에도 서비스 제공
<table class=""benefit-table""><tr><th>구분</th><th colspan=""2"">세부 영역</th><th>적립율</th><th>월 적립한도</th><th>전월 실적</th></tr><tr><td>대중교통 적립</td><td colspan=""2"">버스, 지하철</td><td>10%</td><td>2천점</td><td rowspan=""8"">20만원</td></tr><tr><td rowspan=""6"">생활서비스 적립</td><td>이동통신요금 자동납부 (SK, KT, LG, LiivM)</td><td rowspan=""7"">건당 1만원 이상 이용 시</td><td rowspan=""6"">1%</td><td rowspan=""6"">4천점</td></tr><tr><td>커피 업종</td></tr><tr><td>약국 업종</td></tr><tr><td>편의점 업종</td></tr><tr><td>영화(CGV, 롯데시네마)</td></tr><tr><td>패스트푸드 업종</td></tr><tr><td>KB Pay 추가적립</td><td>'생활서비스 적립' 영역에서 KB Pay 이용 시 추가적립</td><td>1%</td><td>4천점</td></tr><tr><td colspan=""4"">합 계</td><td>1만점</td><td></td></tr></table>",의료 1% 적립,"[포인트리 적립 서비스]
- 대중교통 : 택시, 시외버스, 고속버스, 공항버스 제외
* 버스/지하철 요금적립은 실제 카드 사용일이 아닌 이용대금명세서 상 기재된 이용일을 기준으로 서비스 제공
- 실적 유예 제공 : 최초 카드 사용 등록 후 다음 달 말일까지 전월 실적 조건 미달 시에도 서비스 제공
<table class=""benefit-table""><tr><th>구분</th><th colspan=""2"">세부 영역</th><th>적립율</th><th>월 적립한도</th><th>전월 실적</th></tr><tr><td>대중교통 적립</td><td colspan=""2"">버스, 지하철</td><td>10%</td><td>2천점</td><td rowspan=""8"">20만원</td></tr><tr><td rowspan=""6"">생활서비스 적립</td><td>이동통신요금 자동납부 (SK, KT, LG, LiivM)</td><td rowspan=""7"">건당 1만원 이상 이용 시</td><td rowspan=""6"">1%</td><td rowspan=""6"">4천점</td></tr><tr><td>커피 업종</td></tr><tr><td>약국 업종</td></tr><tr><td>편의점 업종</td></tr><tr><td>영화(CGV, 롯데시네마)</td></tr><tr><td>패스트푸드 업종</td></tr><tr><td>KB Pay 추가적립</td><td>'생활서비스 적립' 영역에서 KB Pay 이용 시 추가적립</td><td>1%</td><td>4천점</td></tr><tr><td colspan=""4"">합 계</td><td>1만점</td><td></td></tr></table>",2026-06-05
09322_B0005,9322,주요혜택,포인트리 적립 서비스 - 생활서비스,편의점 업종 포인트 적립,편의점,13,Offline,포인트,1,%,편의점 업종,전월 실적 20만원 이상,200000,,10000,,,,4000,포인트,,"[포인트리 적립 서비스]
- 대중교통 : 택시, 시외버스, 고속버스, 공항버스 제외
* 버스/지하철 요금적립은 실제 카드 사용일이 아닌 이용대금명세서 상 기재된 이용일을 기준으로 서비스 제공
- 실적 유예 제공 : 최초 카드 사용 등록 후 다음 달 말일까지 전월 실적 조건 미달 시에도 서비스 제공
<table class=""benefit-table""><tr><th>구분</th><th colspan=""2"">세부 영역</th><th>적립율</th><th>월 적립한도</th><th>전월 실적</th></tr><tr><td>대중교통 적립</td><td colspan=""2"">버스, 지하철</td><td>10%</td><td>2천점</td><td rowspan=""8"">20만원</td></tr><tr><td rowspan=""6"">생활서비스 적립</td><td>이동통신요금 자동납부 (SK, KT, LG, LiivM)</td><td rowspan=""7"">건당 1만원 이상 이용 시</td><td rowspan=""6"">1%</td><td rowspan=""6"">4천점</td></tr><tr><td>커피 업종</td></tr><tr><td>약국 업종</td></tr><tr><td>편의점 업종</td></tr><tr><td>영화(CGV, 롯데시네마)</td></tr><tr><td>패스트푸드 업종</td></tr><tr><td>KB Pay 추가적립</td><td>'생활서비스 적립' 영역에서 KB Pay 이용 시 추가적립</td><td>1%</td><td>4천점</td></tr><tr><td colspan=""4"">합 계</td><td>1만점</td><td></td></tr></table>",편의점 1% 적립,"[포인트리 적립 서비스]
- 대중교통 : 택시, 시외버스, 고속버스, 공항버스 제외
* 버스/지하철 요금적립은 실제 카드 사용일이 아닌 이용대금명세서 상 기재된 이용일을 기준으로 서비스 제공
- 실적 유예 제공 : 최초 카드 사용 등록 후 다음 달 말일까지 전월 실적 조건 미달 시에도 서비스 제공
<table class=""benefit-table""><tr><th>구분</th><th colspan=""2"">세부 영역</th><th>적립율</th><th>월 적립한도</th><th>전월 실적</th></tr><tr><td>대중교통 적립</td><td colspan=""2"">버스, 지하철</td><td>10%</td><td>2천점</td><td rowspan=""8"">20만원</td></tr><tr><td rowspan=""6"">생활서비스 적립</td><td>이동통신요금 자동납부 (SK, KT, LG, LiivM)</td><td rowspan=""7"">건당 1만원 이상 이용 시</td><td rowspan=""6"">1%</td><td rowspan=""6"">4천점</td></tr><tr><td>커피 업종</td></tr><tr><td>약국 업종</td></tr><tr><td>편의점 업종</td></tr><tr><td>영화(CGV, 롯데시네마)</td></tr><tr><td>패스트푸드 업종</td></tr><tr><td>KB Pay 추가적립</td><td>'생활서비스 적립' 영역에서 KB Pay 이용 시 추가적립</td><td>1%</td><td>4천점</td></tr><tr><td colspan=""4"">합 계</td><td>1만점</td><td></td></tr></table>",2026-06-05
09322_B0006,9322,주요혜택,포인트리 적립 서비스 - 생활서비스,영화관 포인트 적립,문화/엔터,11,Offline,포인트,1,%,"CGV, 롯데시네마",전월 실적 20만원 이상,200000,,10000,,,,4000,포인트,,"[포인트리 적립 서비스]
- 대중교통 : 택시, 시외버스, 고속버스, 공항버스 제외
* 버스/지하철 요금적립은 실제 카드 사용일이 아닌 이용대금명세서 상 기재된 이용일을 기준으로 서비스 제공
- 실적 유예 제공 : 최초 카드 사용 등록 후 다음 달 말일까지 전월 실적 조건 미달 시에도 서비스 제공
<table class=""benefit-table""><tr><th>구분</th><th colspan=""2"">세부 영역</th><th>적립율</th><th>월 적립한도</th><th>전월 실적</th></tr><tr><td>대중교통 적립</td><td colspan=""2"">버스, 지하철</td><td>10%</td><td>2천점</td><td rowspan=""8"">20만원</td></tr><tr><td rowspan=""6"">생활서비스 적립</td><td>이동통신요금 자동납부 (SK, KT, LG, LiivM)</td><td rowspan=""7"">건당 1만원 이상 이용 시</td><td rowspan=""6"">1%</td><td rowspan=""6"">4천점</td></tr><tr><td>커피 업종</td></tr><tr><td>약국 업종</td></tr><tr><td>편의점 업종</td></tr><tr><td>영화(CGV, 롯데시네마)</td></tr><tr><td>패스트푸드 업종</td></tr><tr><td>KB Pay 추가적립</td><td>'생활서비스 적립' 영역에서 KB Pay 이용 시 추가적립</td><td>1%</td><td>4천점</td></tr><tr><td colspan=""4"">합 계</td><td>1만점</td><td></td></tr></table>",문화/엔터 1% 적립,"[포인트리 적립 서비스]
- 대중교통 : 택시, 시외버스, 고속버스, 공항버스 제외
* 버스/지하철 요금적립은 실제 카드 사용일이 아닌 이용대금명세서 상 기재된 이용일을 기준으로 서비스 제공
- 실적 유예 제공 : 최초 카드 사용 등록 후 다음 달 말일까지 전월 실적 조건 미달 시에도 서비스 제공
<table class=""benefit-table""><tr><th>구분</th><th colspan=""2"">세부 영역</th><th>적립율</th><th>월 적립한도</th><th>전월 실적</th></tr><tr><td>대중교통 적립</td><td colspan=""2"">버스, 지하철</td><td>10%</td><td>2천점</td><td rowspan=""8"">20만원</td></tr><tr><td rowspan=""6"">생활서비스 적립</td><td>이동통신요금 자동납부 (SK, KT, LG, LiivM)</td><td rowspan=""7"">건당 1만원 이상 이용 시</td><td rowspan=""6"">1%</td><td rowspan=""6"">4천점</td></tr><tr><td>커피 업종</td></tr><tr><td>약국 업종</td></tr><tr><td>편의점 업종</td></tr><tr><td>영화(CGV, 롯데시네마)</td></tr><tr><td>패스트푸드 업종</td></tr><tr><td>KB Pay 추가적립</td><td>'생활서비스 적립' 영역에서 KB Pay 이용 시 추가적립</td><td>1%</td><td>4천점</td></tr><tr><td colspan=""4"">합 계</td><td>1만점</td><td></td></tr></table>",2026-06-05
09322_B0007,9322,주요혜택,포인트리 적립 서비스 - 생활서비스,패스트푸드 포인트 적립,외식,16,Offline,포인트,1,%,패스트푸드 업종,전월 실적 20만원 이상,200000,,10000,,,,4000,포인트,,"[포인트리 적립 서비스]
- 대중교통 : 택시, 시외버스, 고속버스, 공항버스 제외
* 버스/지하철 요금적립은 실제 카드 사용일이 아닌 이용대금명세서 상 기재된 이용일을 기준으로 서비스 제공
- 실적 유예 제공 : 최초 카드 사용 등록 후 다음 달 말일까지 전월 실적 조건 미달 시에도 서비스 제공
<table class=""benefit-table""><tr><th>구분</th><th colspan=""2"">세부 영역</th><th>적립율</th><th>월 적립한도</th><th>전월 실적</th></tr><tr><td>대중교통 적립</td><td colspan=""2"">버스, 지하철</td><td>10%</td><td>2천점</td><td rowspan=""8"">20만원</td></tr><tr><td rowspan=""6"">생활서비스 적립</td><td>이동통신요금 자동납부 (SK, KT, LG, LiivM)</td><td rowspan=""7"">건당 1만원 이상 이용 시</td><td rowspan=""6"">1%</td><td rowspan=""6"">4천점</td></tr><tr><td>커피 업종</td></tr><tr><td>약국 업종</td></tr><tr><td>편의점 업종</td></tr><tr><td>영화(CGV, 롯데시네마)</td></tr><tr><td>패스트푸드 업종</td></tr><tr><td>KB Pay 추가적립</td><td>'생활서비스 적립' 영역에서 KB Pay 이용 시 추가적립</td><td>1%</td><td>4천점</td></tr><tr><td colspan=""4"">합 계</td><td>1만점</td><td></td></tr></table>",외식 1% 적립,"[포인트리 적립 서비스]
- 대중교통 : 택시, 시외버스, 고속버스, 공항버스 제외
* 버스/지하철 요금적립은 실제 카드 사용일이 아닌 이용대금명세서 상 기재된 이용일을 기준으로 서비스 제공
- 실적 유예 제공 : 최초 카드 사용 등록 후 다음 달 말일까지 전월 실적 조건 미달 시에도 서비스 제공
<table class=""benefit-table""><tr><th>구분</th><th colspan=""2"">세부 영역</th><th>적립율</th><th>월 적립한도</th><th>전월 실적</th></tr><tr><td>대중교통 적립</td><td colspan=""2"">버스, 지하철</td><td>10%</td><td>2천점</td><td rowspan=""8"">20만원</td></tr><tr><td rowspan=""6"">생활서비스 적립</td><td>이동통신요금 자동납부 (SK, KT, LG, LiivM)</td><td rowspan=""7"">건당 1만원 이상 이용 시</td><td rowspan=""6"">1%</td><td rowspan=""6"">4천점</td></tr><tr><td>커피 업종</td></tr><tr><td>약국 업종</td></tr><tr><td>편의점 업종</td></tr><tr><td>영화(CGV, 롯데시네마)</td></tr><tr><td>패스트푸드 업종</td></tr><tr><td>KB Pay 추가적립</td><td>'생활서비스 적립' 영역에서 KB Pay 이용 시 추가적립</td><td>1%</td><td>4천점</td></tr><tr><td colspan=""4"">합 계</td><td>1만점</td><td></td></tr></table>",2026-06-05
09322_B0008,9322,주요혜택,포인트리 적립 서비스 - KB Pay,KB Pay 생활서비스 추가적립,페이/간편결제,10,Both,포인트,1,%,"생활서비스 영역 (이동통신, 커피, 약국, 편의점, 영화, 패스트푸드) KB Pay 이용",전월 실적 20만원 이상,200000,,10000,,4000,포인트,,,,"[포인트리 적립 서비스]
- 대중교통 : 택시, 시외버스, 고속버스, 공항버스 제외
* 버스/지하철 요금적립은 실제 카드 사용일이 아닌 이용대금명세서 상 기재된 이용일을 기준으로 서비스 제공
- 실적 유예 제공 : 최초 카드 사용 등록 후 다음 달 말일까지 전월 실적 조건 미달 시에도 서비스 제공
<table class=""benefit-table""><tr><th>구분</th><th colspan=""2"">세부 영역</th><th>적립율</th><th>월 적립한도</th><th>전월 실적</th></tr><tr><td>대중교통 적립</td><td colspan=""2"">버스, 지하철</td><td>10%</td><td>2천점</td><td rowspan=""8"">20만원</td></tr><tr><td rowspan=""6"">생활서비스 적립</td><td>이동통신요금 자동납부 (SK, KT, LG, LiivM)</td><td rowspan=""7"">건당 1만원 이상 이용 시</td><td rowspan=""6"">1%</td><td rowspan=""6"">4천점</td></tr><tr><td>커피 업종</td></tr><tr><td>약국 업종</td></tr><tr><td>편의점 업종</td></tr><tr><td>영화(CGV, 롯데시네마)</td></tr><tr><td>패스트푸드 업종</td></tr><tr><td>KB Pay 추가적립</td><td>'생활서비스 적립' 영역에서 KB Pay 이용 시 추가적립</td><td>1%</td><td>4천점</td></tr><tr><td colspan=""4"">합 계</td><td>1만점</td><td></td></tr></table>",페이/간편결제 1% 적립,"[포인트리 적립 서비스]
- 대중교통 : 택시, 시외버스, 고속버스, 공항버스 제외
* 버스/지하철 요금적립은 실제 카드 사용일이 아닌 이용대금명세서 상 기재된 이용일을 기준으로 서비스 제공
- 실적 유예 제공 : 최초 카드 사용 등록 후 다음 달 말일까지 전월 실적 조건 미달 시에도 서비스 제공
<table class=""benefit-table""><tr><th>구분</th><th colspan=""2"">세부 영역</th><th>적립율</th><th>월 적립한도</th><th>전월 실적</th></tr><tr><td>대중교통 적립</td><td colspan=""2"">버스, 지하철</td><td>10%</td><td>2천점</td><td rowspan=""8"">20만원</td></tr><tr><td rowspan=""6"">생활서비스 적립</td><td>이동통신요금 자동납부 (SK, KT, LG, LiivM)</td><td rowspan=""7"">건당 1만원 이상 이용 시</td><td rowspan=""6"">1%</td><td rowspan=""6"">4천점</td></tr><tr><td>커피 업종</td></tr><tr><td>약국 업종</td></tr><tr><td>편의점 업종</td></tr><tr><td>영화(CGV, 롯데시네마)</td></tr><tr><td>패스트푸드 업종</td></tr><tr><td>KB Pay 추가적립</td><td>'생활서비스 적립' 영역에서 KB Pay 이용 시 추가적립</td><td>1%</td><td>4천점</td></tr><tr><td colspan=""4"">합 계</td><td>1만점</td><td></td></tr></table>",2026-06-05
09561_B0001,9561,주요혜택,해외 혜택,해외 이용 수수료 면제,해외,19,Online,서비스,,,해외 이용,전월 실적 30만원 이상,300000,,,,,,,,,"[해외 이용 수수료 총 1.25% 면제]
- 국제 브랜드 수수료(1%) 면제
- 해외 서비스 수수료(0.25%) 면제

[이용 조건]
* 해외 : 월 할인한도 연 2회 (전월 30만원 이상 이용 시)",국제 브랜드 수수료(1%) + 해외 서비스 수수료(0.25%) 총 1.25% 면제,"[해외 이용 수수료 총 1.25% 면제]
- 국제 브랜드 수수료(1%) 면제
- 해외 서비스 수수료(0.25%) 면제

[이용 조건]
* 해외 : 월 할인한도 연 2회 (전월 30만원 이상 이용 시)",2026-06-05
09561_B0002,9561,주요혜택,해외 혜택,해외 이용 환율우대,해외,19,Online,서비스,,,해외 이용,전월 실적 30만원 이상,300000,,,,,,,,,"[해외 이용 환율우대 100% (USD기준)]
- 해외 이용 전표 매입 시
  매매기준율
* 매매기준율 : 외화 매매시 기준이 되는 환전수수료 없는 환율

[이용 조건]
* 해외 : 월 할인한도 연 2회 (전월 30만원 이상 이용 시)",매매기준율 100% 환율우대 (USD기준),"[해외 이용 환율우대 100% (USD기준)]
- 해외 이용 전표 매입 시
  매매기준율
* 매매기준율 : 외화 매매시 기준이 되는 환전수수료 없는 환율

[이용 조건]
* 해외 : 월 할인한도 연 2회 (전월 30만원 이상 이용 시)",2026-06-05
09561_B0003,9561,주요혜택,공항 라운지 무료,공항 라운지 무료 이용,항공,18,Both,서비스,,,전 세계 공항 라운지 (더라운지멤버스),전월 실적 30만원 이상,300000,,,연 2회,,,,,,"[공항 라운지 무료]
- 전 세계 공항 라운지 무료 이용 (더라운지멤버스)
- 전월 국내 이용실적 30만원 이상 시 제공
- 제공 횟수 : 연 2회 (연 기준: 1월~12월)

[이용 조건]
* 국내 : 월 할인한도 일상 할인 [건별 할인한도 1만원]",전 세계 공항 라운지 연 2회 무료 이용,"[공항 라운지 무료]
- 전 세계 공항 라운지 무료 이용 (더라운지멤버스)
- 전월 국내 이용실적 30만원 이상 시 제공
- 제공 횟수 : 연 2회 (연 기준: 1월~12월)

[이용 조건]
* 국내 : 월 할인한도 일상 할인 [건별 할인한도 1만원]",2026-06-05
09561_B0004,9561,주요혜택,자주 쓰는 일상 영역 10% 할인 (KB Pay 결제 시),온라인쇼핑 10% 할인,온라인쇼핑,1,Online,할인,10,%,"11번가, G마켓, SSG.COM",전월 실적 30만원 이상,300000,,,,,,10000,원,,"[자주 쓰는 일상 영역 10% 할인 (KB Pay 결제 시)]
[서비스대상]
- 온라인 쇼핑 : 11번가, G마켓, SSG.COM
- 온라인 패션 : 무신사, W컨셉, 지그재그, 29CM
- 커피 : 커피 오프라인 매장, 커피 모바일 앱(스타벅스 사이렌오더, 커피빈 퍼플오더, 메가커피 메가오더)
- 편의점 : GS25, CU
- 영화관 : 롯데시네마, CGV, 메가박스
[유의사항]
- [공통] 대상 영역에서 KB Pay로 결제시에만 할인 제공되며, 그 외 결제수단으로 결제 시 할인 제공되지 않음 '전월 국내 이용실적별 할인한도’ 내에서 할인 제공
- [온라인쇼핑] 상품권, 여행, 항공권, 티켓, 도서, 별도 팝업사이트 제외
- [온라인 패션] 공식 홈페이지/앱 결제 건에 한함
- [커피] 커피 오프라인 매장은 커피전문점 업종 매장 결제 건에 한함 백화점/대형마트 등 일부 입점 매장 제외 커피 앱 주문은 공식 모바일앱 일반 결제 건에 한함
- [편의점] 오프라인 매장 일반결제건에 한함 (온라인 가맹점 제외) 백화점, 대형마트 등 일부 입점 매장 제외
- [영화관] 매점, 관람권(상품권) 구입, 예매 대행사이트는 제외
[할인한도]
<table class=""benefit-table""><tr><th colspan=""2"" rowspan=""2"">구분</th><th rowspan=""2"">할인율</th><th colspan=""3"">전월 국내 이용실적별 월 할인한도</th></tr><tr><th>1구간 30만원</th><th>2구간 70만원</th><th>3구간 120만원</th></tr><tr><td rowspan=""5"">자주 쓰는 일상 영역</td><td>온라인 쇼핑</td><td rowspan=""5"">10%</td><td rowspan=""4"">1만원</td><td rowspan=""4"">2만원</td><td rowspan=""4"">3만원</td></tr><tr><td>온라인 패션</td></tr><tr><td>커피</td></tr><tr><td>편의점</td></tr><tr><td>영화관</td><td colspan=""3"">건당 할인한도 : 1만원</td></tr></table>",온라인쇼핑 10% 할인,"[자주 쓰는 일상 영역 10% 할인 (KB Pay 결제 시)]
[서비스대상]
- 온라인 쇼핑 : 11번가, G마켓, SSG.COM
- 온라인 패션 : 무신사, W컨셉, 지그재그, 29CM
- 커피 : 커피 오프라인 매장, 커피 모바일 앱(스타벅스 사이렌오더, 커피빈 퍼플오더, 메가커피 메가오더)
- 편의점 : GS25, CU
- 영화관 : 롯데시네마, CGV, 메가박스
[유의사항]
- [공통] 대상 영역에서 KB Pay로 결제시에만 할인 제공되며, 그 외 결제수단으로 결제 시 할인 제공되지 않음 '전월 국내 이용실적별 할인한도’ 내에서 할인 제공
- [온라인쇼핑] 상품권, 여행, 항공권, 티켓, 도서, 별도 팝업사이트 제외
- [온라인 패션] 공식 홈페이지/앱 결제 건에 한함
- [커피] 커피 오프라인 매장은 커피전문점 업종 매장 결제 건에 한함 백화점/대형마트 등 일부 입점 매장 제외 커피 앱 주문은 공식 모바일앱 일반 결제 건에 한함
- [편의점] 오프라인 매장 일반결제건에 한함 (온라인 가맹점 제외) 백화점, 대형마트 등 일부 입점 매장 제외
- [영화관] 매점, 관람권(상품권) 구입, 예매 대행사이트는 제외
[할인한도]
<table class=""benefit-table""><tr><th colspan=""2"" rowspan=""2"">구분</th><th rowspan=""2"">할인율</th><th colspan=""3"">전월 국내 이용실적별 월 할인한도</th></tr><tr><th>1구간 30만원</th><th>2구간 70만원</th><th>3구간 120만원</th></tr><tr><td rowspan=""5"">자주 쓰는 일상 영역</td><td>온라인 쇼핑</td><td rowspan=""5"">10%</td><td rowspan=""4"">1만원</td><td rowspan=""4"">2만원</td><td rowspan=""4"">3만원</td></tr><tr><td>온라인 패션</td></tr><tr><td>커피</td></tr><tr><td>편의점</td></tr><tr><td>영화관</td><td colspan=""3"">건당 할인한도 : 1만원</td></tr></table>",2026-06-05
09561_B0005,9561,주요혜택,자주 쓰는 일상 영역 10% 할인 (KB Pay 결제 시),온라인쇼핑 10% 할인,온라인쇼핑,1,Online,할인,10,%,"11번가, G마켓, SSG.COM",전월 실적 70만원 이상,700000,,,,,,20000,원,,"[자주 쓰는 일상 영역 10% 할인 (KB Pay 결제 시)]
[서비스대상]
- 온라인 쇼핑 : 11번가, G마켓, SSG.COM
- 온라인 패션 : 무신사, W컨셉, 지그재그, 29CM
- 커피 : 커피 오프라인 매장, 커피 모바일 앱(스타벅스 사이렌오더, 커피빈 퍼플오더, 메가커피 메가오더)
- 편의점 : GS25, CU
- 영화관 : 롯데시네마, CGV, 메가박스
[유의사항]
- [공통] 대상 영역에서 KB Pay로 결제시에만 할인 제공되며, 그 외 결제수단으로 결제 시 할인 제공되지 않음 '전월 국내 이용실적별 할인한도’ 내에서 할인 제공
- [온라인쇼핑] 상품권, 여행, 항공권, 티켓, 도서, 별도 팝업사이트 제외
- [온라인 패션] 공식 홈페이지/앱 결제 건에 한함
- [커피] 커피 오프라인 매장은 커피전문점 업종 매장 결제 건에 한함 백화점/대형마트 등 일부 입점 매장 제외 커피 앱 주문은 공식 모바일앱 일반 결제 건에 한함
- [편의점] 오프라인 매장 일반결제건에 한함 (온라인 가맹점 제외) 백화점, 대형마트 등 일부 입점 매장 제외
- [영화관] 매점, 관람권(상품권) 구입, 예매 대행사이트는 제외
[할인한도]
<table class=""benefit-table""><tr><th colspan=""2"" rowspan=""2"">구분</th><th rowspan=""2"">할인율</th><th colspan=""3"">전월 국내 이용실적별 월 할인한도</th></tr><tr><th>1구간 30만원</th><th>2구간 70만원</th><th>3구간 120만원</th></tr><tr><td rowspan=""5"">자주 쓰는 일상 영역</td><td>온라인 쇼핑</td><td rowspan=""5"">10%</td><td rowspan=""4"">1만원</td><td rowspan=""4"">2만원</td><td rowspan=""4"">3만원</td></tr><tr><td>온라인 패션</td></tr><tr><td>커피</td></tr><tr><td>편의점</td></tr><tr><td>영화관</td><td colspan=""3"">건당 할인한도 : 1만원</td></tr></table>",온라인쇼핑 10% 할인,"[자주 쓰는 일상 영역 10% 할인 (KB Pay 결제 시)]
[서비스대상]
- 온라인 쇼핑 : 11번가, G마켓, SSG.COM
- 온라인 패션 : 무신사, W컨셉, 지그재그, 29CM
- 커피 : 커피 오프라인 매장, 커피 모바일 앱(스타벅스 사이렌오더, 커피빈 퍼플오더, 메가커피 메가오더)
- 편의점 : GS25, CU
- 영화관 : 롯데시네마, CGV, 메가박스
[유의사항]
- [공통] 대상 영역에서 KB Pay로 결제시에만 할인 제공되며, 그 외 결제수단으로 결제 시 할인 제공되지 않음 '전월 국내 이용실적별 할인한도’ 내에서 할인 제공
- [온라인쇼핑] 상품권, 여행, 항공권, 티켓, 도서, 별도 팝업사이트 제외
- [온라인 패션] 공식 홈페이지/앱 결제 건에 한함
- [커피] 커피 오프라인 매장은 커피전문점 업종 매장 결제 건에 한함 백화점/대형마트 등 일부 입점 매장 제외 커피 앱 주문은 공식 모바일앱 일반 결제 건에 한함
- [편의점] 오프라인 매장 일반결제건에 한함 (온라인 가맹점 제외) 백화점, 대형마트 등 일부 입점 매장 제외
- [영화관] 매점, 관람권(상품권) 구입, 예매 대행사이트는 제외
[할인한도]
<table class=""benefit-table""><tr><th colspan=""2"" rowspan=""2"">구분</th><th rowspan=""2"">할인율</th><th colspan=""3"">전월 국내 이용실적별 월 할인한도</th></tr><tr><th>1구간 30만원</th><th>2구간 70만원</th><th>3구간 120만원</th></tr><tr><td rowspan=""5"">자주 쓰는 일상 영역</td><td>온라인 쇼핑</td><td rowspan=""5"">10%</td><td rowspan=""4"">1만원</td><td rowspan=""4"">2만원</td><td rowspan=""4"">3만원</td></tr><tr><td>온라인 패션</td></tr><tr><td>커피</td></tr><tr><td>편의점</td></tr><tr><td>영화관</td><td colspan=""3"">건당 할인한도 : 1만원</td></tr></table>",2026-06-05
09561_B0006,9561,주요혜택,자주 쓰는 일상 영역 10% 할인 (KB Pay 결제 시),온라인쇼핑 10% 할인,온라인쇼핑,1,Online,할인,10,%,"11번가, G마켓, SSG.COM",전월 실적 120만원 이상,1200000,,,,,,30000,원,,"[자주 쓰는 일상 영역 10% 할인 (KB Pay 결제 시)]
[서비스대상]
- 온라인 쇼핑 : 11번가, G마켓, SSG.COM
- 온라인 패션 : 무신사, W컨셉, 지그재그, 29CM
- 커피 : 커피 오프라인 매장, 커피 모바일 앱(스타벅스 사이렌오더, 커피빈 퍼플오더, 메가커피 메가오더)
- 편의점 : GS25, CU
- 영화관 : 롯데시네마, CGV, 메가박스
[유의사항]
- [공통] 대상 영역에서 KB Pay로 결제시에만 할인 제공되며, 그 외 결제수단으로 결제 시 할인 제공되지 않음 '전월 국내 이용실적별 할인한도’ 내에서 할인 제공
- [온라인쇼핑] 상품권, 여행, 항공권, 티켓, 도서, 별도 팝업사이트 제외
- [온라인 패션] 공식 홈페이지/앱 결제 건에 한함
- [커피] 커피 오프라인 매장은 커피전문점 업종 매장 결제 건에 한함 백화점/대형마트 등 일부 입점 매장 제외 커피 앱 주문은 공식 모바일앱 일반 결제 건에 한함
- [편의점] 오프라인 매장 일반결제건에 한함 (온라인 가맹점 제외) 백화점, 대형마트 등 일부 입점 매장 제외
- [영화관] 매점, 관람권(상품권) 구입, 예매 대행사이트는 제외
[할인한도]
<table class=""benefit-table""><tr><th colspan=""2"" rowspan=""2"">구분</th><th rowspan=""2"">할인율</th><th colspan=""3"">전월 국내 이용실적별 월 할인한도</th></tr><tr><th>1구간 30만원</th><th>2구간 70만원</th><th>3구간 120만원</th></tr><tr><td rowspan=""5"">자주 쓰는 일상 영역</td><td>온라인 쇼핑</td><td rowspan=""5"">10%</td><td rowspan=""4"">1만원</td><td rowspan=""4"">2만원</td><td rowspan=""4"">3만원</td></tr><tr><td>온라인 패션</td></tr><tr><td>커피</td></tr><tr><td>편의점</td></tr><tr><td>영화관</td><td colspan=""3"">건당 할인한도 : 1만원</td></tr></table>",온라인쇼핑 10% 할인,"[자주 쓰는 일상 영역 10% 할인 (KB Pay 결제 시)]
[서비스대상]
- 온라인 쇼핑 : 11번가, G마켓, SSG.COM
- 온라인 패션 : 무신사, W컨셉, 지그재그, 29CM
- 커피 : 커피 오프라인 매장, 커피 모바일 앱(스타벅스 사이렌오더, 커피빈 퍼플오더, 메가커피 메가오더)
- 편의점 : GS25, CU
- 영화관 : 롯데시네마, CGV, 메가박스
[유의사항]
- [공통] 대상 영역에서 KB Pay로 결제시에만 할인 제공되며, 그 외 결제수단으로 결제 시 할인 제공되지 않음 '전월 국내 이용실적별 할인한도’ 내에서 할인 제공
- [온라인쇼핑] 상품권, 여행, 항공권, 티켓, 도서, 별도 팝업사이트 제외
- [온라인 패션] 공식 홈페이지/앱 결제 건에 한함
- [커피] 커피 오프라인 매장은 커피전문점 업종 매장 결제 건에 한함 백화점/대형마트 등 일부 입점 매장 제외 커피 앱 주문은 공식 모바일앱 일반 결제 건에 한함
- [편의점] 오프라인 매장 일반결제건에 한함 (온라인 가맹점 제외) 백화점, 대형마트 등 일부 입점 매장 제외
- [영화관] 매점, 관람권(상품권) 구입, 예매 대행사이트는 제외
[할인한도]
<table class=""benefit-table""><tr><th colspan=""2"" rowspan=""2"">구분</th><th rowspan=""2"">할인율</th><th colspan=""3"">전월 국내 이용실적별 월 할인한도</th></tr><tr><th>1구간 30만원</th><th>2구간 70만원</th><th>3구간 120만원</th></tr><tr><td rowspan=""5"">자주 쓰는 일상 영역</td><td>온라인 쇼핑</td><td rowspan=""5"">10%</td><td rowspan=""4"">1만원</td><td rowspan=""4"">2만원</td><td rowspan=""4"">3만원</td></tr><tr><td>온라인 패션</td></tr><tr><td>커피</td></tr><tr><td>편의점</td></tr><tr><td>영화관</td><td colspan=""3"">건당 할인한도 : 1만원</td></tr></table>",2026-06-05
09561_B0007,9561,주요혜택,자주 쓰는 일상 영역 10% 할인 (KB Pay 결제 시),온라인 패션 10% 할인,패션/뷰티,2,Online,할인,10,%,"무신사, W컨셉, 지그재그, 29CM",전월 실적 30만원 이상,300000,,,,,,10000,원,,"[자주 쓰는 일상 영역 10% 할인 (KB Pay 결제 시)]
[서비스대상]
- 온라인 쇼핑 : 11번가, G마켓, SSG.COM
- 온라인 패션 : 무신사, W컨셉, 지그재그, 29CM
- 커피 : 커피 오프라인 매장, 커피 모바일 앱(스타벅스 사이렌오더, 커피빈 퍼플오더, 메가커피 메가오더)
- 편의점 : GS25, CU
- 영화관 : 롯데시네마, CGV, 메가박스
[유의사항]
- [공통] 대상 영역에서 KB Pay로 결제시에만 할인 제공되며, 그 외 결제수단으로 결제 시 할인 제공되지 않음 '전월 국내 이용실적별 할인한도’ 내에서 할인 제공
- [온라인쇼핑] 상품권, 여행, 항공권, 티켓, 도서, 별도 팝업사이트 제외
- [온라인 패션] 공식 홈페이지/앱 결제 건에 한함
- [커피] 커피 오프라인 매장은 커피전문점 업종 매장 결제 건에 한함 백화점/대형마트 등 일부 입점 매장 제외 커피 앱 주문은 공식 모바일앱 일반 결제 건에 한함
- [편의점] 오프라인 매장 일반결제건에 한함 (온라인 가맹점 제외) 백화점, 대형마트 등 일부 입점 매장 제외
- [영화관] 매점, 관람권(상품권) 구입, 예매 대행사이트는 제외
[할인한도]
<table class=""benefit-table""><tr><th colspan=""2"" rowspan=""2"">구분</th><th rowspan=""2"">할인율</th><th colspan=""3"">전월 국내 이용실적별 월 할인한도</th></tr><tr><th>1구간 30만원</th><th>2구간 70만원</th><th>3구간 120만원</th></tr><tr><td rowspan=""5"">자주 쓰는 일상 영역</td><td>온라인 쇼핑</td><td rowspan=""5"">10%</td><td rowspan=""4"">1만원</td><td rowspan=""4"">2만원</td><td rowspan=""4"">3만원</td></tr><tr><td>온라인 패션</td></tr><tr><td>커피</td></tr><tr><td>편의점</td></tr><tr><td>영화관</td><td colspan=""3"">건당 할인한도 : 1만원</td></tr></table>",패션/뷰티 10% 할인,"[자주 쓰는 일상 영역 10% 할인 (KB Pay 결제 시)]
[서비스대상]
- 온라인 쇼핑 : 11번가, G마켓, SSG.COM
- 온라인 패션 : 무신사, W컨셉, 지그재그, 29CM
- 커피 : 커피 오프라인 매장, 커피 모바일 앱(스타벅스 사이렌오더, 커피빈 퍼플오더, 메가커피 메가오더)
- 편의점 : GS25, CU
- 영화관 : 롯데시네마, CGV, 메가박스
[유의사항]
- [공통] 대상 영역에서 KB Pay로 결제시에만 할인 제공되며, 그 외 결제수단으로 결제 시 할인 제공되지 않음 '전월 국내 이용실적별 할인한도’ 내에서 할인 제공
- [온라인쇼핑] 상품권, 여행, 항공권, 티켓, 도서, 별도 팝업사이트 제외
- [온라인 패션] 공식 홈페이지/앱 결제 건에 한함
- [커피] 커피 오프라인 매장은 커피전문점 업종 매장 결제 건에 한함 백화점/대형마트 등 일부 입점 매장 제외 커피 앱 주문은 공식 모바일앱 일반 결제 건에 한함
- [편의점] 오프라인 매장 일반결제건에 한함 (온라인 가맹점 제외) 백화점, 대형마트 등 일부 입점 매장 제외
- [영화관] 매점, 관람권(상품권) 구입, 예매 대행사이트는 제외
[할인한도]
<table class=""benefit-table""><tr><th colspan=""2"" rowspan=""2"">구분</th><th rowspan=""2"">할인율</th><th colspan=""3"">전월 국내 이용실적별 월 할인한도</th></tr><tr><th>1구간 30만원</th><th>2구간 70만원</th><th>3구간 120만원</th></tr><tr><td rowspan=""5"">자주 쓰는 일상 영역</td><td>온라인 쇼핑</td><td rowspan=""5"">10%</td><td rowspan=""4"">1만원</td><td rowspan=""4"">2만원</td><td rowspan=""4"">3만원</td></tr><tr><td>온라인 패션</td></tr><tr><td>커피</td></tr><tr><td>편의점</td></tr><tr><td>영화관</td><td colspan=""3"">건당 할인한도 : 1만원</td></tr></table>",2026-06-05
09561_B0008,9561,주요혜택,자주 쓰는 일상 영역 10% 할인 (KB Pay 결제 시),온라인 패션 10% 할인,패션/뷰티,2,Online,할인,10,%,"무신사, W컨셉, 지그재그, 29CM",전월 실적 70만원 이상,700000,,,,,,20000,원,,"[자주 쓰는 일상 영역 10% 할인 (KB Pay 결제 시)]
[서비스대상]
- 온라인 쇼핑 : 11번가, G마켓, SSG.COM
- 온라인 패션 : 무신사, W컨셉, 지그재그, 29CM
- 커피 : 커피 오프라인 매장, 커피 모바일 앱(스타벅스 사이렌오더, 커피빈 퍼플오더, 메가커피 메가오더)
- 편의점 : GS25, CU
- 영화관 : 롯데시네마, CGV, 메가박스
[유의사항]
- [공통] 대상 영역에서 KB Pay로 결제시에만 할인 제공되며, 그 외 결제수단으로 결제 시 할인 제공되지 않음 '전월 국내 이용실적별 할인한도’ 내에서 할인 제공
- [온라인쇼핑] 상품권, 여행, 항공권, 티켓, 도서, 별도 팝업사이트 제외
- [온라인 패션] 공식 홈페이지/앱 결제 건에 한함
- [커피] 커피 오프라인 매장은 커피전문점 업종 매장 결제 건에 한함 백화점/대형마트 등 일부 입점 매장 제외 커피 앱 주문은 공식 모바일앱 일반 결제 건에 한함
- [편의점] 오프라인 매장 일반결제건에 한함 (온라인 가맹점 제외) 백화점, 대형마트 등 일부 입점 매장 제외
- [영화관] 매점, 관람권(상품권) 구입, 예매 대행사이트는 제외
[할인한도]
<table class=""benefit-table""><tr><th colspan=""2"" rowspan=""2"">구분</th><th rowspan=""2"">할인율</th><th colspan=""3"">전월 국내 이용실적별 월 할인한도</th></tr><tr><th>1구간 30만원</th><th>2구간 70만원</th><th>3구간 120만원</th></tr><tr><td rowspan=""5"">자주 쓰는 일상 영역</td><td>온라인 쇼핑</td><td rowspan=""5"">10%</td><td rowspan=""4"">1만원</td><td rowspan=""4"">2만원</td><td rowspan=""4"">3만원</td></tr><tr><td>온라인 패션</td></tr><tr><td>커피</td></tr><tr><td>편의점</td></tr><tr><td>영화관</td><td colspan=""3"">건당 할인한도 : 1만원</td></tr></table>",패션/뷰티 10% 할인,"[자주 쓰는 일상 영역 10% 할인 (KB Pay 결제 시)]
[서비스대상]
- 온라인 쇼핑 : 11번가, G마켓, SSG.COM
- 온라인 패션 : 무신사, W컨셉, 지그재그, 29CM
- 커피 : 커피 오프라인 매장, 커피 모바일 앱(스타벅스 사이렌오더, 커피빈 퍼플오더, 메가커피 메가오더)
- 편의점 : GS25, CU
- 영화관 : 롯데시네마, CGV, 메가박스
[유의사항]
- [공통] 대상 영역에서 KB Pay로 결제시에만 할인 제공되며, 그 외 결제수단으로 결제 시 할인 제공되지 않음 '전월 국내 이용실적별 할인한도’ 내에서 할인 제공
- [온라인쇼핑] 상품권, 여행, 항공권, 티켓, 도서, 별도 팝업사이트 제외
- [온라인 패션] 공식 홈페이지/앱 결제 건에 한함
- [커피] 커피 오프라인 매장은 커피전문점 업종 매장 결제 건에 한함 백화점/대형마트 등 일부 입점 매장 제외 커피 앱 주문은 공식 모바일앱 일반 결제 건에 한함
- [편의점] 오프라인 매장 일반결제건에 한함 (온라인 가맹점 제외) 백화점, 대형마트 등 일부 입점 매장 제외
- [영화관] 매점, 관람권(상품권) 구입, 예매 대행사이트는 제외
[할인한도]
<table class=""benefit-table""><tr><th colspan=""2"" rowspan=""2"">구분</th><th rowspan=""2"">할인율</th><th colspan=""3"">전월 국내 이용실적별 월 할인한도</th></tr><tr><th>1구간 30만원</th><th>2구간 70만원</th><th>3구간 120만원</th></tr><tr><td rowspan=""5"">자주 쓰는 일상 영역</td><td>온라인 쇼핑</td><td rowspan=""5"">10%</td><td rowspan=""4"">1만원</td><td rowspan=""4"">2만원</td><td rowspan=""4"">3만원</td></tr><tr><td>온라인 패션</td></tr><tr><td>커피</td></tr><tr><td>편의점</td></tr><tr><td>영화관</td><td colspan=""3"">건당 할인한도 : 1만원</td></tr></table>",2026-06-05
09561_B0009,9561,주요혜택,자주 쓰는 일상 영역 10% 할인 (KB Pay 결제 시),온라인 패션 10% 할인,패션/뷰티,2,Online,할인,10,%,"무신사, W컨셉, 지그재그, 29CM",전월 실적 120만원 이상,1200000,,,,,,30000,원,,"[자주 쓰는 일상 영역 10% 할인 (KB Pay 결제 시)]
[서비스대상]
- 온라인 쇼핑 : 11번가, G마켓, SSG.COM
- 온라인 패션 : 무신사, W컨셉, 지그재그, 29CM
- 커피 : 커피 오프라인 매장, 커피 모바일 앱(스타벅스 사이렌오더, 커피빈 퍼플오더, 메가커피 메가오더)
- 편의점 : GS25, CU
- 영화관 : 롯데시네마, CGV, 메가박스
[유의사항]
- [공통] 대상 영역에서 KB Pay로 결제시에만 할인 제공되며, 그 외 결제수단으로 결제 시 할인 제공되지 않음 '전월 국내 이용실적별 할인한도’ 내에서 할인 제공
- [온라인쇼핑] 상품권, 여행, 항공권, 티켓, 도서, 별도 팝업사이트 제외
- [온라인 패션] 공식 홈페이지/앱 결제 건에 한함
- [커피] 커피 오프라인 매장은 커피전문점 업종 매장 결제 건에 한함 백화점/대형마트 등 일부 입점 매장 제외 커피 앱 주문은 공식 모바일앱 일반 결제 건에 한함
- [편의점] 오프라인 매장 일반결제건에 한함 (온라인 가맹점 제외) 백화점, 대형마트 등 일부 입점 매장 제외
- [영화관] 매점, 관람권(상품권) 구입, 예매 대행사이트는 제외
[할인한도]
<table class=""benefit-table""><tr><th colspan=""2"" rowspan=""2"">구분</th><th rowspan=""2"">할인율</th><th colspan=""3"">전월 국내 이용실적별 월 할인한도</th></tr><tr><th>1구간 30만원</th><th>2구간 70만원</th><th>3구간 120만원</th></tr><tr><td rowspan=""5"">자주 쓰는 일상 영역</td><td>온라인 쇼핑</td><td rowspan=""5"">10%</td><td rowspan=""4"">1만원</td><td rowspan=""4"">2만원</td><td rowspan=""4"">3만원</td></tr><tr><td>온라인 패션</td></tr><tr><td>커피</td></tr><tr><td>편의점</td></tr><tr><td>영화관</td><td colspan=""3"">건당 할인한도 : 1만원</td></tr></table>",패션/뷰티 10% 할인,"[자주 쓰는 일상 영역 10% 할인 (KB Pay 결제 시)]
[서비스대상]
- 온라인 쇼핑 : 11번가, G마켓, SSG.COM
- 온라인 패션 : 무신사, W컨셉, 지그재그, 29CM
- 커피 : 커피 오프라인 매장, 커피 모바일 앱(스타벅스 사이렌오더, 커피빈 퍼플오더, 메가커피 메가오더)
- 편의점 : GS25, CU
- 영화관 : 롯데시네마, CGV, 메가박스
[유의사항]
- [공통] 대상 영역에서 KB Pay로 결제시에만 할인 제공되며, 그 외 결제수단으로 결제 시 할인 제공되지 않음 '전월 국내 이용실적별 할인한도’ 내에서 할인 제공
- [온라인쇼핑] 상품권, 여행, 항공권, 티켓, 도서, 별도 팝업사이트 제외
- [온라인 패션] 공식 홈페이지/앱 결제 건에 한함
- [커피] 커피 오프라인 매장은 커피전문점 업종 매장 결제 건에 한함 백화점/대형마트 등 일부 입점 매장 제외 커피 앱 주문은 공식 모바일앱 일반 결제 건에 한함
- [편의점] 오프라인 매장 일반결제건에 한함 (온라인 가맹점 제외) 백화점, 대형마트 등 일부 입점 매장 제외
- [영화관] 매점, 관람권(상품권) 구입, 예매 대행사이트는 제외
[할인한도]
<table class=""benefit-table""><tr><th colspan=""2"" rowspan=""2"">구분</th><th rowspan=""2"">할인율</th><th colspan=""3"">전월 국내 이용실적별 월 할인한도</th></tr><tr><th>1구간 30만원</th><th>2구간 70만원</th><th>3구간 120만원</th></tr><tr><td rowspan=""5"">자주 쓰는 일상 영역</td><td>온라인 쇼핑</td><td rowspan=""5"">10%</td><td rowspan=""4"">1만원</td><td rowspan=""4"">2만원</td><td rowspan=""4"">3만원</td></tr><tr><td>온라인 패션</td></tr><tr><td>커피</td></tr><tr><td>편의점</td></tr><tr><td>영화관</td><td colspan=""3"">건당 할인한도 : 1만원</td></tr></table>",2026-06-05
09561_B0010,9561,주요혜택,자주 쓰는 일상 영역 10% 할인 (KB Pay 결제 시),커피 10% 할인,카페/베이커리,14,Both,할인,10,%,"스타벅스, 커피빈, 메가커피",전월 실적 30만원 이상,300000,,,,,,10000,원,,"[자주 쓰는 일상 영역 10% 할인 (KB Pay 결제 시)]
[서비스대상]
- 온라인 쇼핑 : 11번가, G마켓, SSG.COM
- 온라인 패션 : 무신사, W컨셉, 지그재그, 29CM
- 커피 : 커피 오프라인 매장, 커피 모바일 앱(스타벅스 사이렌오더, 커피빈 퍼플오더, 메가커피 메가오더)
- 편의점 : GS25, CU
- 영화관 : 롯데시네마, CGV, 메가박스
[유의사항]
- [공통] 대상 영역에서 KB Pay로 결제시에만 할인 제공되며, 그 외 결제수단으로 결제 시 할인 제공되지 않음 '전월 국내 이용실적별 할인한도’ 내에서 할인 제공
- [온라인쇼핑] 상품권, 여행, 항공권, 티켓, 도서, 별도 팝업사이트 제외
- [온라인 패션] 공식 홈페이지/앱 결제 건에 한함
- [커피] 커피 오프라인 매장은 커피전문점 업종 매장 결제 건에 한함 백화점/대형마트 등 일부 입점 매장 제외 커피 앱 주문은 공식 모바일앱 일반 결제 건에 한함
- [편의점] 오프라인 매장 일반결제건에 한함 (온라인 가맹점 제외) 백화점, 대형마트 등 일부 입점 매장 제외
- [영화관] 매점, 관람권(상품권) 구입, 예매 대행사이트는 제외
[할인한도]
<table class=""benefit-table""><tr><th colspan=""2"" rowspan=""2"">구분</th><th rowspan=""2"">할인율</th><th colspan=""3"">전월 국내 이용실적별 월 할인한도</th></tr><tr><th>1구간 30만원</th><th>2구간 70만원</th><th>3구간 120만원</th></tr><tr><td rowspan=""5"">자주 쓰는 일상 영역</td><td>온라인 쇼핑</td><td rowspan=""5"">10%</td><td rowspan=""4"">1만원</td><td rowspan=""4"">2만원</td><td rowspan=""4"">3만원</td></tr><tr><td>온라인 패션</td></tr><tr><td>커피</td></tr><tr><td>편의점</td></tr><tr><td>영화관</td><td colspan=""3"">건당 할인한도 : 1만원</td></tr></table>",카페/베이커리 10% 할인,"[자주 쓰는 일상 영역 10% 할인 (KB Pay 결제 시)]
[서비스대상]
- 온라인 쇼핑 : 11번가, G마켓, SSG.COM
- 온라인 패션 : 무신사, W컨셉, 지그재그, 29CM
- 커피 : 커피 오프라인 매장, 커피 모바일 앱(스타벅스 사이렌오더, 커피빈 퍼플오더, 메가커피 메가오더)
- 편의점 : GS25, CU
- 영화관 : 롯데시네마, CGV, 메가박스
[유의사항]
- [공통] 대상 영역에서 KB Pay로 결제시에만 할인 제공되며, 그 외 결제수단으로 결제 시 할인 제공되지 않음 '전월 국내 이용실적별 할인한도’ 내에서 할인 제공
- [온라인쇼핑] 상품권, 여행, 항공권, 티켓, 도서, 별도 팝업사이트 제외
- [온라인 패션] 공식 홈페이지/앱 결제 건에 한함
- [커피] 커피 오프라인 매장은 커피전문점 업종 매장 결제 건에 한함 백화점/대형마트 등 일부 입점 매장 제외 커피 앱 주문은 공식 모바일앱 일반 결제 건에 한함
- [편의점] 오프라인 매장 일반결제건에 한함 (온라인 가맹점 제외) 백화점, 대형마트 등 일부 입점 매장 제외
- [영화관] 매점, 관람권(상품권) 구입, 예매 대행사이트는 제외
[할인한도]
<table class=""benefit-table""><tr><th colspan=""2"" rowspan=""2"">구분</th><th rowspan=""2"">할인율</th><th colspan=""3"">전월 국내 이용실적별 월 할인한도</th></tr><tr><th>1구간 30만원</th><th>2구간 70만원</th><th>3구간 120만원</th></tr><tr><td rowspan=""5"">자주 쓰는 일상 영역</td><td>온라인 쇼핑</td><td rowspan=""5"">10%</td><td rowspan=""4"">1만원</td><td rowspan=""4"">2만원</td><td rowspan=""4"">3만원</td></tr><tr><td>온라인 패션</td></tr><tr><td>커피</td></tr><tr><td>편의점</td></tr><tr><td>영화관</td><td colspan=""3"">건당 할인한도 : 1만원</td></tr></table>",2026-06-05
09561_B0011,9561,주요혜택,자주 쓰는 일상 영역 10% 할인 (KB Pay 결제 시),커피 10% 할인,카페/베이커리,14,Both,할인,10,%,"스타벅스, 커피빈, 메가커피",전월 실적 70만원 이상,700000,,,,,,20000,원,,"[자주 쓰는 일상 영역 10% 할인 (KB Pay 결제 시)]
[서비스대상]
- 온라인 쇼핑 : 11번가, G마켓, SSG.COM
- 온라인 패션 : 무신사, W컨셉, 지그재그, 29CM
- 커피 : 커피 오프라인 매장, 커피 모바일 앱(스타벅스 사이렌오더, 커피빈 퍼플오더, 메가커피 메가오더)
- 편의점 : GS25, CU
- 영화관 : 롯데시네마, CGV, 메가박스
[유의사항]
- [공통] 대상 영역에서 KB Pay로 결제시에만 할인 제공되며, 그 외 결제수단으로 결제 시 할인 제공되지 않음 '전월 국내 이용실적별 할인한도’ 내에서 할인 제공
- [온라인쇼핑] 상품권, 여행, 항공권, 티켓, 도서, 별도 팝업사이트 제외
- [온라인 패션] 공식 홈페이지/앱 결제 건에 한함
- [커피] 커피 오프라인 매장은 커피전문점 업종 매장 결제 건에 한함 백화점/대형마트 등 일부 입점 매장 제외 커피 앱 주문은 공식 모바일앱 일반 결제 건에 한함
- [편의점] 오프라인 매장 일반결제건에 한함 (온라인 가맹점 제외) 백화점, 대형마트 등 일부 입점 매장 제외
- [영화관] 매점, 관람권(상품권) 구입, 예매 대행사이트는 제외
[할인한도]
<table class=""benefit-table""><tr><th colspan=""2"" rowspan=""2"">구분</th><th rowspan=""2"">할인율</th><th colspan=""3"">전월 국내 이용실적별 월 할인한도</th></tr><tr><th>1구간 30만원</th><th>2구간 70만원</th><th>3구간 120만원</th></tr><tr><td rowspan=""5"">자주 쓰는 일상 영역</td><td>온라인 쇼핑</td><td rowspan=""5"">10%</td><td rowspan=""4"">1만원</td><td rowspan=""4"">2만원</td><td rowspan=""4"">3만원</td></tr><tr><td>온라인 패션</td></tr><tr><td>커피</td></tr><tr><td>편의점</td></tr><tr><td>영화관</td><td colspan=""3"">건당 할인한도 : 1만원</td></tr></table>",카페/베이커리 10% 할인,"[자주 쓰는 일상 영역 10% 할인 (KB Pay 결제 시)]
[서비스대상]
- 온라인 쇼핑 : 11번가, G마켓, SSG.COM
- 온라인 패션 : 무신사, W컨셉, 지그재그, 29CM
- 커피 : 커피 오프라인 매장, 커피 모바일 앱(스타벅스 사이렌오더, 커피빈 퍼플오더, 메가커피 메가오더)
- 편의점 : GS25, CU
- 영화관 : 롯데시네마, CGV, 메가박스
[유의사항]
- [공통] 대상 영역에서 KB Pay로 결제시에만 할인 제공되며, 그 외 결제수단으로 결제 시 할인 제공되지 않음 '전월 국내 이용실적별 할인한도’ 내에서 할인 제공
- [온라인쇼핑] 상품권, 여행, 항공권, 티켓, 도서, 별도 팝업사이트 제외
- [온라인 패션] 공식 홈페이지/앱 결제 건에 한함
- [커피] 커피 오프라인 매장은 커피전문점 업종 매장 결제 건에 한함 백화점/대형마트 등 일부 입점 매장 제외 커피 앱 주문은 공식 모바일앱 일반 결제 건에 한함
- [편의점] 오프라인 매장 일반결제건에 한함 (온라인 가맹점 제외) 백화점, 대형마트 등 일부 입점 매장 제외
- [영화관] 매점, 관람권(상품권) 구입, 예매 대행사이트는 제외
[할인한도]
<table class=""benefit-table""><tr><th colspan=""2"" rowspan=""2"">구분</th><th rowspan=""2"">할인율</th><th colspan=""3"">전월 국내 이용실적별 월 할인한도</th></tr><tr><th>1구간 30만원</th><th>2구간 70만원</th><th>3구간 120만원</th></tr><tr><td rowspan=""5"">자주 쓰는 일상 영역</td><td>온라인 쇼핑</td><td rowspan=""5"">10%</td><td rowspan=""4"">1만원</td><td rowspan=""4"">2만원</td><td rowspan=""4"">3만원</td></tr><tr><td>온라인 패션</td></tr><tr><td>커피</td></tr><tr><td>편의점</td></tr><tr><td>영화관</td><td colspan=""3"">건당 할인한도 : 1만원</td></tr></table>",2026-06-05
09561_B0012,9561,주요혜택,자주 쓰는 일상 영역 10% 할인 (KB Pay 결제 시),커피 10% 할인,카페/베이커리,14,Both,할인,10,%,"스타벅스, 커피빈, 메가커피",전월 실적 120만원 이상,1200000,,,,,,30000,원,,"[자주 쓰는 일상 영역 10% 할인 (KB Pay 결제 시)]
[서비스대상]
- 온라인 쇼핑 : 11번가, G마켓, SSG.COM
- 온라인 패션 : 무신사, W컨셉, 지그재그, 29CM
- 커피 : 커피 오프라인 매장, 커피 모바일 앱(스타벅스 사이렌오더, 커피빈 퍼플오더, 메가커피 메가오더)
- 편의점 : GS25, CU
- 영화관 : 롯데시네마, CGV, 메가박스
[유의사항]
- [공통] 대상 영역에서 KB Pay로 결제시에만 할인 제공되며, 그 외 결제수단으로 결제 시 할인 제공되지 않음 '전월 국내 이용실적별 할인한도’ 내에서 할인 제공
- [온라인쇼핑] 상품권, 여행, 항공권, 티켓, 도서, 별도 팝업사이트 제외
- [온라인 패션] 공식 홈페이지/앱 결제 건에 한함
- [커피] 커피 오프라인 매장은 커피전문점 업종 매장 결제 건에 한함 백화점/대형마트 등 일부 입점 매장 제외 커피 앱 주문은 공식 모바일앱 일반 결제 건에 한함
- [편의점] 오프라인 매장 일반결제건에 한함 (온라인 가맹점 제외) 백화점, 대형마트 등 일부 입점 매장 제외
- [영화관] 매점, 관람권(상품권) 구입, 예매 대행사이트는 제외
[할인한도]
<table class=""benefit-table""><tr><th colspan=""2"" rowspan=""2"">구분</th><th rowspan=""2"">할인율</th><th colspan=""3"">전월 국내 이용실적별 월 할인한도</th></tr><tr><th>1구간 30만원</th><th>2구간 70만원</th><th>3구간 120만원</th></tr><tr><td rowspan=""5"">자주 쓰는 일상 영역</td><td>온라인 쇼핑</td><td rowspan=""5"">10%</td><td rowspan=""4"">1만원</td><td rowspan=""4"">2만원</td><td rowspan=""4"">3만원</td></tr><tr><td>온라인 패션</td></tr><tr><td>커피</td></tr><tr><td>편의점</td></tr><tr><td>영화관</td><td colspan=""3"">건당 할인한도 : 1만원</td></tr></table>",카페/베이커리 10% 할인,"[자주 쓰는 일상 영역 10% 할인 (KB Pay 결제 시)]
[서비스대상]
- 온라인 쇼핑 : 11번가, G마켓, SSG.COM
- 온라인 패션 : 무신사, W컨셉, 지그재그, 29CM
- 커피 : 커피 오프라인 매장, 커피 모바일 앱(스타벅스 사이렌오더, 커피빈 퍼플오더, 메가커피 메가오더)
- 편의점 : GS25, CU
- 영화관 : 롯데시네마, CGV, 메가박스
[유의사항]
- [공통] 대상 영역에서 KB Pay로 결제시에만 할인 제공되며, 그 외 결제수단으로 결제 시 할인 제공되지 않음 '전월 국내 이용실적별 할인한도’ 내에서 할인 제공
- [온라인쇼핑] 상품권, 여행, 항공권, 티켓, 도서, 별도 팝업사이트 제외
- [온라인 패션] 공식 홈페이지/앱 결제 건에 한함
- [커피] 커피 오프라인 매장은 커피전문점 업종 매장 결제 건에 한함 백화점/대형마트 등 일부 입점 매장 제외 커피 앱 주문은 공식 모바일앱 일반 결제 건에 한함
- [편의점] 오프라인 매장 일반결제건에 한함 (온라인 가맹점 제외) 백화점, 대형마트 등 일부 입점 매장 제외
- [영화관] 매점, 관람권(상품권) 구입, 예매 대행사이트는 제외
[할인한도]
<table class=""benefit-table""><tr><th colspan=""2"" rowspan=""2"">구분</th><th rowspan=""2"">할인율</th><th colspan=""3"">전월 국내 이용실적별 월 할인한도</th></tr><tr><th>1구간 30만원</th><th>2구간 70만원</th><th>3구간 120만원</th></tr><tr><td rowspan=""5"">자주 쓰는 일상 영역</td><td>온라인 쇼핑</td><td rowspan=""5"">10%</td><td rowspan=""4"">1만원</td><td rowspan=""4"">2만원</td><td rowspan=""4"">3만원</td></tr><tr><td>온라인 패션</td></tr><tr><td>커피</td></tr><tr><td>편의점</td></tr><tr><td>영화관</td><td colspan=""3"">건당 할인한도 : 1만원</td></tr></table>",2026-06-05
09561_B0013,9561,주요혜택,자주 쓰는 일상 영역 10% 할인 (KB Pay 결제 시),편의점 10% 할인,편의점,13,Offline,할인,10,%,"GS25, CU",전월 실적 30만원 이상,300000,,,,,,10000,원,,"[자주 쓰는 일상 영역 10% 할인 (KB Pay 결제 시)]
[서비스대상]
- 온라인 쇼핑 : 11번가, G마켓, SSG.COM
- 온라인 패션 : 무신사, W컨셉, 지그재그, 29CM
- 커피 : 커피 오프라인 매장, 커피 모바일 앱(스타벅스 사이렌오더, 커피빈 퍼플오더, 메가커피 메가오더)
- 편의점 : GS25, CU
- 영화관 : 롯데시네마, CGV, 메가박스
[유의사항]
- [공통] 대상 영역에서 KB Pay로 결제시에만 할인 제공되며, 그 외 결제수단으로 결제 시 할인 제공되지 않음 '전월 국내 이용실적별 할인한도’ 내에서 할인 제공
- [온라인쇼핑] 상품권, 여행, 항공권, 티켓, 도서, 별도 팝업사이트 제외
- [온라인 패션] 공식 홈페이지/앱 결제 건에 한함
- [커피] 커피 오프라인 매장은 커피전문점 업종 매장 결제 건에 한함 백화점/대형마트 등 일부 입점 매장 제외 커피 앱 주문은 공식 모바일앱 일반 결제 건에 한함
- [편의점] 오프라인 매장 일반결제건에 한함 (온라인 가맹점 제외) 백화점, 대형마트 등 일부 입점 매장 제외
- [영화관] 매점, 관람권(상품권) 구입, 예매 대행사이트는 제외
[할인한도]
<table class=""benefit-table""><tr><th colspan=""2"" rowspan=""2"">구분</th><th rowspan=""2"">할인율</th><th colspan=""3"">전월 국내 이용실적별 월 할인한도</th></tr><tr><th>1구간 30만원</th><th>2구간 70만원</th><th>3구간 120만원</th></tr><tr><td rowspan=""5"">자주 쓰는 일상 영역</td><td>온라인 쇼핑</td><td rowspan=""5"">10%</td><td rowspan=""4"">1만원</td><td rowspan=""4"">2만원</td><td rowspan=""4"">3만원</td></tr><tr><td>온라인 패션</td></tr><tr><td>커피</td></tr><tr><td>편의점</td></tr><tr><td>영화관</td><td colspan=""3"">건당 할인한도 : 1만원</td></tr></table>",편의점 10% 할인,"[자주 쓰는 일상 영역 10% 할인 (KB Pay 결제 시)]
[서비스대상]
- 온라인 쇼핑 : 11번가, G마켓, SSG.COM
- 온라인 패션 : 무신사, W컨셉, 지그재그, 29CM
- 커피 : 커피 오프라인 매장, 커피 모바일 앱(스타벅스 사이렌오더, 커피빈 퍼플오더, 메가커피 메가오더)
- 편의점 : GS25, CU
- 영화관 : 롯데시네마, CGV, 메가박스
[유의사항]
- [공통] 대상 영역에서 KB Pay로 결제시에만 할인 제공되며, 그 외 결제수단으로 결제 시 할인 제공되지 않음 '전월 국내 이용실적별 할인한도’ 내에서 할인 제공
- [온라인쇼핑] 상품권, 여행, 항공권, 티켓, 도서, 별도 팝업사이트 제외
- [온라인 패션] 공식 홈페이지/앱 결제 건에 한함
- [커피] 커피 오프라인 매장은 커피전문점 업종 매장 결제 건에 한함 백화점/대형마트 등 일부 입점 매장 제외 커피 앱 주문은 공식 모바일앱 일반 결제 건에 한함
- [편의점] 오프라인 매장 일반결제건에 한함 (온라인 가맹점 제외) 백화점, 대형마트 등 일부 입점 매장 제외
- [영화관] 매점, 관람권(상품권) 구입, 예매 대행사이트는 제외
[할인한도]
<table class=""benefit-table""><tr><th colspan=""2"" rowspan=""2"">구분</th><th rowspan=""2"">할인율</th><th colspan=""3"">전월 국내 이용실적별 월 할인한도</th></tr><tr><th>1구간 30만원</th><th>2구간 70만원</th><th>3구간 120만원</th></tr><tr><td rowspan=""5"">자주 쓰는 일상 영역</td><td>온라인 쇼핑</td><td rowspan=""5"">10%</td><td rowspan=""4"">1만원</td><td rowspan=""4"">2만원</td><td rowspan=""4"">3만원</td></tr><tr><td>온라인 패션</td></tr><tr><td>커피</td></tr><tr><td>편의점</td></tr><tr><td>영화관</td><td colspan=""3"">건당 할인한도 : 1만원</td></tr></table>",2026-06-05
09561_B0014,9561,주요혜택,자주 쓰는 일상 영역 10% 할인 (KB Pay 결제 시),편의점 10% 할인,편의점,13,Offline,할인,10,%,"GS25, CU",전월 실적 70만원 이상,700000,,,,,,20000,원,,"[자주 쓰는 일상 영역 10% 할인 (KB Pay 결제 시)]
[서비스대상]
- 온라인 쇼핑 : 11번가, G마켓, SSG.COM
- 온라인 패션 : 무신사, W컨셉, 지그재그, 29CM
- 커피 : 커피 오프라인 매장, 커피 모바일 앱(스타벅스 사이렌오더, 커피빈 퍼플오더, 메가커피 메가오더)
- 편의점 : GS25, CU
- 영화관 : 롯데시네마, CGV, 메가박스
[유의사항]
- [공통] 대상 영역에서 KB Pay로 결제시에만 할인 제공되며, 그 외 결제수단으로 결제 시 할인 제공되지 않음 '전월 국내 이용실적별 할인한도’ 내에서 할인 제공
- [온라인쇼핑] 상품권, 여행, 항공권, 티켓, 도서, 별도 팝업사이트 제외
- [온라인 패션] 공식 홈페이지/앱 결제 건에 한함
- [커피] 커피 오프라인 매장은 커피전문점 업종 매장 결제 건에 한함 백화점/대형마트 등 일부 입점 매장 제외 커피 앱 주문은 공식 모바일앱 일반 결제 건에 한함
- [편의점] 오프라인 매장 일반결제건에 한함 (온라인 가맹점 제외) 백화점, 대형마트 등 일부 입점 매장 제외
- [영화관] 매점, 관람권(상품권) 구입, 예매 대행사이트는 제외
[할인한도]
<table class=""benefit-table""><tr><th colspan=""2"" rowspan=""2"">구분</th><th rowspan=""2"">할인율</th><th colspan=""3"">전월 국내 이용실적별 월 할인한도</th></tr><tr><th>1구간 30만원</th><th>2구간 70만원</th><th>3구간 120만원</th></tr><tr><td rowspan=""5"">자주 쓰는 일상 영역</td><td>온라인 쇼핑</td><td rowspan=""5"">10%</td><td rowspan=""4"">1만원</td><td rowspan=""4"">2만원</td><td rowspan=""4"">3만원</td></tr><tr><td>온라인 패션</td></tr><tr><td>커피</td></tr><tr><td>편의점</td></tr><tr><td>영화관</td><td colspan=""3"">건당 할인한도 : 1만원</td></tr></table>",편의점 10% 할인,"[자주 쓰는 일상 영역 10% 할인 (KB Pay 결제 시)]
[서비스대상]
- 온라인 쇼핑 : 11번가, G마켓, SSG.COM
- 온라인 패션 : 무신사, W컨셉, 지그재그, 29CM
- 커피 : 커피 오프라인 매장, 커피 모바일 앱(스타벅스 사이렌오더, 커피빈 퍼플오더, 메가커피 메가오더)
- 편의점 : GS25, CU
- 영화관 : 롯데시네마, CGV, 메가박스
[유의사항]
- [공통] 대상 영역에서 KB Pay로 결제시에만 할인 제공되며, 그 외 결제수단으로 결제 시 할인 제공되지 않음 '전월 국내 이용실적별 할인한도’ 내에서 할인 제공
- [온라인쇼핑] 상품권, 여행, 항공권, 티켓, 도서, 별도 팝업사이트 제외
- [온라인 패션] 공식 홈페이지/앱 결제 건에 한함
- [커피] 커피 오프라인 매장은 커피전문점 업종 매장 결제 건에 한함 백화점/대형마트 등 일부 입점 매장 제외 커피 앱 주문은 공식 모바일앱 일반 결제 건에 한함
- [편의점] 오프라인 매장 일반결제건에 한함 (온라인 가맹점 제외) 백화점, 대형마트 등 일부 입점 매장 제외
- [영화관] 매점, 관람권(상품권) 구입, 예매 대행사이트는 제외
[할인한도]
<table class=""benefit-table""><tr><th colspan=""2"" rowspan=""2"">구분</th><th rowspan=""2"">할인율</th><th colspan=""3"">전월 국내 이용실적별 월 할인한도</th></tr><tr><th>1구간 30만원</th><th>2구간 70만원</th><th>3구간 120만원</th></tr><tr><td rowspan=""5"">자주 쓰는 일상 영역</td><td>온라인 쇼핑</td><td rowspan=""5"">10%</td><td rowspan=""4"">1만원</td><td rowspan=""4"">2만원</td><td rowspan=""4"">3만원</td></tr><tr><td>온라인 패션</td></tr><tr><td>커피</td></tr><tr><td>편의점</td></tr><tr><td>영화관</td><td colspan=""3"">건당 할인한도 : 1만원</td></tr></table>",2026-06-05
09561_B0015,9561,주요혜택,자주 쓰는 일상 영역 10% 할인 (KB Pay 결제 시),편의점 10% 할인,편의점,13,Offline,할인,10,%,"GS25, CU",전월 실적 120만원 이상,1200000,,,,,,30000,원,,"[자주 쓰는 일상 영역 10% 할인 (KB Pay 결제 시)]
[서비스대상]
- 온라인 쇼핑 : 11번가, G마켓, SSG.COM
- 온라인 패션 : 무신사, W컨셉, 지그재그, 29CM
- 커피 : 커피 오프라인 매장, 커피 모바일 앱(스타벅스 사이렌오더, 커피빈 퍼플오더, 메가커피 메가오더)
- 편의점 : GS25, CU
- 영화관 : 롯데시네마, CGV, 메가박스
[유의사항]
- [공통] 대상 영역에서 KB Pay로 결제시에만 할인 제공되며, 그 외 결제수단으로 결제 시 할인 제공되지 않음 '전월 국내 이용실적별 할인한도’ 내에서 할인 제공
- [온라인쇼핑] 상품권, 여행, 항공권, 티켓, 도서, 별도 팝업사이트 제외
- [온라인 패션] 공식 홈페이지/앱 결제 건에 한함
- [커피] 커피 오프라인 매장은 커피전문점 업종 매장 결제 건에 한함 백화점/대형마트 등 일부 입점 매장 제외 커피 앱 주문은 공식 모바일앱 일반 결제 건에 한함
- [편의점] 오프라인 매장 일반결제건에 한함 (온라인 가맹점 제외) 백화점, 대형마트 등 일부 입점 매장 제외
- [영화관] 매점, 관람권(상품권) 구입, 예매 대행사이트는 제외
[할인한도]
<table class=""benefit-table""><tr><th colspan=""2"" rowspan=""2"">구분</th><th rowspan=""2"">할인율</th><th colspan=""3"">전월 국내 이용실적별 월 할인한도</th></tr><tr><th>1구간 30만원</th><th>2구간 70만원</th><th>3구간 120만원</th></tr><tr><td rowspan=""5"">자주 쓰는 일상 영역</td><td>온라인 쇼핑</td><td rowspan=""5"">10%</td><td rowspan=""4"">1만원</td><td rowspan=""4"">2만원</td><td rowspan=""4"">3만원</td></tr><tr><td>온라인 패션</td></tr><tr><td>커피</td></tr><tr><td>편의점</td></tr><tr><td>영화관</td><td colspan=""3"">건당 할인한도 : 1만원</td></tr></table>",편의점 10% 할인,"[자주 쓰는 일상 영역 10% 할인 (KB Pay 결제 시)]
[서비스대상]
- 온라인 쇼핑 : 11번가, G마켓, SSG.COM
- 온라인 패션 : 무신사, W컨셉, 지그재그, 29CM
- 커피 : 커피 오프라인 매장, 커피 모바일 앱(스타벅스 사이렌오더, 커피빈 퍼플오더, 메가커피 메가오더)
- 편의점 : GS25, CU
- 영화관 : 롯데시네마, CGV, 메가박스
[유의사항]
- [공통] 대상 영역에서 KB Pay로 결제시에만 할인 제공되며, 그 외 결제수단으로 결제 시 할인 제공되지 않음 '전월 국내 이용실적별 할인한도’ 내에서 할인 제공
- [온라인쇼핑] 상품권, 여행, 항공권, 티켓, 도서, 별도 팝업사이트 제외
- [온라인 패션] 공식 홈페이지/앱 결제 건에 한함
- [커피] 커피 오프라인 매장은 커피전문점 업종 매장 결제 건에 한함 백화점/대형마트 등 일부 입점 매장 제외 커피 앱 주문은 공식 모바일앱 일반 결제 건에 한함
- [편의점] 오프라인 매장 일반결제건에 한함 (온라인 가맹점 제외) 백화점, 대형마트 등 일부 입점 매장 제외
- [영화관] 매점, 관람권(상품권) 구입, 예매 대행사이트는 제외
[할인한도]
<table class=""benefit-table""><tr><th colspan=""2"" rowspan=""2"">구분</th><th rowspan=""2"">할인율</th><th colspan=""3"">전월 국내 이용실적별 월 할인한도</th></tr><tr><th>1구간 30만원</th><th>2구간 70만원</th><th>3구간 120만원</th></tr><tr><td rowspan=""5"">자주 쓰는 일상 영역</td><td>온라인 쇼핑</td><td rowspan=""5"">10%</td><td rowspan=""4"">1만원</td><td rowspan=""4"">2만원</td><td rowspan=""4"">3만원</td></tr><tr><td>온라인 패션</td></tr><tr><td>커피</td></tr><tr><td>편의점</td></tr><tr><td>영화관</td><td colspan=""3"">건당 할인한도 : 1만원</td></tr></table>",2026-06-05
09561_B0016,9561,주요혜택,자주 쓰는 일상 영역 10% 할인 (KB Pay 결제 시),영화관 10% 할인,문화/엔터,11,Offline,할인,10,%,"롯데시네마, CGV, 메가박스",전월 실적 30만원 이상,300000,,,,10000,원,,,,"[자주 쓰는 일상 영역 10% 할인 (KB Pay 결제 시)]
[서비스대상]
- 온라인 쇼핑 : 11번가, G마켓, SSG.COM
- 온라인 패션 : 무신사, W컨셉, 지그재그, 29CM
- 커피 : 커피 오프라인 매장, 커피 모바일 앱(스타벅스 사이렌오더, 커피빈 퍼플오더, 메가커피 메가오더)
- 편의점 : GS25, CU
- 영화관 : 롯데시네마, CGV, 메가박스
[유의사항]
- [공통] 대상 영역에서 KB Pay로 결제시에만 할인 제공되며, 그 외 결제수단으로 결제 시 할인 제공되지 않음 '전월 국내 이용실적별 할인한도’ 내에서 할인 제공
- [온라인쇼핑] 상품권, 여행, 항공권, 티켓, 도서, 별도 팝업사이트 제외
- [온라인 패션] 공식 홈페이지/앱 결제 건에 한함
- [커피] 커피 오프라인 매장은 커피전문점 업종 매장 결제 건에 한함 백화점/대형마트 등 일부 입점 매장 제외 커피 앱 주문은 공식 모바일앱 일반 결제 건에 한함
- [편의점] 오프라인 매장 일반결제건에 한함 (온라인 가맹점 제외) 백화점, 대형마트 등 일부 입점 매장 제외
- [영화관] 매점, 관람권(상품권) 구입, 예매 대행사이트는 제외
[할인한도]
<table class=""benefit-table""><tr><th colspan=""2"" rowspan=""2"">구분</th><th rowspan=""2"">할인율</th><th colspan=""3"">전월 국내 이용실적별 월 할인한도</th></tr><tr><th>1구간 30만원</th><th>2구간 70만원</th><th>3구간 120만원</th></tr><tr><td rowspan=""5"">자주 쓰는 일상 영역</td><td>온라인 쇼핑</td><td rowspan=""5"">10%</td><td rowspan=""4"">1만원</td><td rowspan=""4"">2만원</td><td rowspan=""4"">3만원</td></tr><tr><td>온라인 패션</td></tr><tr><td>커피</td></tr><tr><td>편의점</td></tr><tr><td>영화관</td><td colspan=""3"">건당 할인한도 : 1만원</td></tr></table>",문화/엔터 10% 할인,"[자주 쓰는 일상 영역 10% 할인 (KB Pay 결제 시)]
[서비스대상]
- 온라인 쇼핑 : 11번가, G마켓, SSG.COM
- 온라인 패션 : 무신사, W컨셉, 지그재그, 29CM
- 커피 : 커피 오프라인 매장, 커피 모바일 앱(스타벅스 사이렌오더, 커피빈 퍼플오더, 메가커피 메가오더)
- 편의점 : GS25, CU
- 영화관 : 롯데시네마, CGV, 메가박스
[유의사항]
- [공통] 대상 영역에서 KB Pay로 결제시에만 할인 제공되며, 그 외 결제수단으로 결제 시 할인 제공되지 않음 '전월 국내 이용실적별 할인한도’ 내에서 할인 제공
- [온라인쇼핑] 상품권, 여행, 항공권, 티켓, 도서, 별도 팝업사이트 제외
- [온라인 패션] 공식 홈페이지/앱 결제 건에 한함
- [커피] 커피 오프라인 매장은 커피전문점 업종 매장 결제 건에 한함 백화점/대형마트 등 일부 입점 매장 제외 커피 앱 주문은 공식 모바일앱 일반 결제 건에 한함
- [편의점] 오프라인 매장 일반결제건에 한함 (온라인 가맹점 제외) 백화점, 대형마트 등 일부 입점 매장 제외
- [영화관] 매점, 관람권(상품권) 구입, 예매 대행사이트는 제외
[할인한도]
<table class=""benefit-table""><tr><th colspan=""2"" rowspan=""2"">구분</th><th rowspan=""2"">할인율</th><th colspan=""3"">전월 국내 이용실적별 월 할인한도</th></tr><tr><th>1구간 30만원</th><th>2구간 70만원</th><th>3구간 120만원</th></tr><tr><td rowspan=""5"">자주 쓰는 일상 영역</td><td>온라인 쇼핑</td><td rowspan=""5"">10%</td><td rowspan=""4"">1만원</td><td rowspan=""4"">2만원</td><td rowspan=""4"">3만원</td></tr><tr><td>온라인 패션</td></tr><tr><td>커피</td></tr><tr><td>편의점</td></tr><tr><td>영화관</td><td colspan=""3"">건당 할인한도 : 1만원</td></tr></table>",2026-06-05
09561_B0017,9561,주요혜택,자주 쓰는 일상 영역 10% 할인 (KB Pay 결제 시),영화관 10% 할인,문화/엔터,11,Offline,할인,10,%,"롯데시네마, CGV, 메가박스",전월 실적 70만원 이상,700000,,,,10000,원,,,,"[자주 쓰는 일상 영역 10% 할인 (KB Pay 결제 시)]
[서비스대상]
- 온라인 쇼핑 : 11번가, G마켓, SSG.COM
- 온라인 패션 : 무신사, W컨셉, 지그재그, 29CM
- 커피 : 커피 오프라인 매장, 커피 모바일 앱(스타벅스 사이렌오더, 커피빈 퍼플오더, 메가커피 메가오더)
- 편의점 : GS25, CU
- 영화관 : 롯데시네마, CGV, 메가박스
[유의사항]
- [공통] 대상 영역에서 KB Pay로 결제시에만 할인 제공되며, 그 외 결제수단으로 결제 시 할인 제공되지 않음 '전월 국내 이용실적별 할인한도’ 내에서 할인 제공
- [온라인쇼핑] 상품권, 여행, 항공권, 티켓, 도서, 별도 팝업사이트 제외
- [온라인 패션] 공식 홈페이지/앱 결제 건에 한함
- [커피] 커피 오프라인 매장은 커피전문점 업종 매장 결제 건에 한함 백화점/대형마트 등 일부 입점 매장 제외 커피 앱 주문은 공식 모바일앱 일반 결제 건에 한함
- [편의점] 오프라인 매장 일반결제건에 한함 (온라인 가맹점 제외) 백화점, 대형마트 등 일부 입점 매장 제외
- [영화관] 매점, 관람권(상품권) 구입, 예매 대행사이트는 제외
[할인한도]
<table class=""benefit-table""><tr><th colspan=""2"" rowspan=""2"">구분</th><th rowspan=""2"">할인율</th><th colspan=""3"">전월 국내 이용실적별 월 할인한도</th></tr><tr><th>1구간 30만원</th><th>2구간 70만원</th><th>3구간 120만원</th></tr><tr><td rowspan=""5"">자주 쓰는 일상 영역</td><td>온라인 쇼핑</td><td rowspan=""5"">10%</td><td rowspan=""4"">1만원</td><td rowspan=""4"">2만원</td><td rowspan=""4"">3만원</td></tr><tr><td>온라인 패션</td></tr><tr><td>커피</td></tr><tr><td>편의점</td></tr><tr><td>영화관</td><td colspan=""3"">건당 할인한도 : 1만원</td></tr></table>",문화/엔터 10% 할인,"[자주 쓰는 일상 영역 10% 할인 (KB Pay 결제 시)]
[서비스대상]
- 온라인 쇼핑 : 11번가, G마켓, SSG.COM
- 온라인 패션 : 무신사, W컨셉, 지그재그, 29CM
- 커피 : 커피 오프라인 매장, 커피 모바일 앱(스타벅스 사이렌오더, 커피빈 퍼플오더, 메가커피 메가오더)
- 편의점 : GS25, CU
- 영화관 : 롯데시네마, CGV, 메가박스
[유의사항]
- [공통] 대상 영역에서 KB Pay로 결제시에만 할인 제공되며, 그 외 결제수단으로 결제 시 할인 제공되지 않음 '전월 국내 이용실적별 할인한도’ 내에서 할인 제공
- [온라인쇼핑] 상품권, 여행, 항공권, 티켓, 도서, 별도 팝업사이트 제외
- [온라인 패션] 공식 홈페이지/앱 결제 건에 한함
- [커피] 커피 오프라인 매장은 커피전문점 업종 매장 결제 건에 한함 백화점/대형마트 등 일부 입점 매장 제외 커피 앱 주문은 공식 모바일앱 일반 결제 건에 한함
- [편의점] 오프라인 매장 일반결제건에 한함 (온라인 가맹점 제외) 백화점, 대형마트 등 일부 입점 매장 제외
- [영화관] 매점, 관람권(상품권) 구입, 예매 대행사이트는 제외
[할인한도]
<table class=""benefit-table""><tr><th colspan=""2"" rowspan=""2"">구분</th><th rowspan=""2"">할인율</th><th colspan=""3"">전월 국내 이용실적별 월 할인한도</th></tr><tr><th>1구간 30만원</th><th>2구간 70만원</th><th>3구간 120만원</th></tr><tr><td rowspan=""5"">자주 쓰는 일상 영역</td><td>온라인 쇼핑</td><td rowspan=""5"">10%</td><td rowspan=""4"">1만원</td><td rowspan=""4"">2만원</td><td rowspan=""4"">3만원</td></tr><tr><td>온라인 패션</td></tr><tr><td>커피</td></tr><tr><td>편의점</td></tr><tr><td>영화관</td><td colspan=""3"">건당 할인한도 : 1만원</td></tr></table>",2026-06-05
09561_B0018,9561,주요혜택,자주 쓰는 일상 영역 10% 할인 (KB Pay 결제 시),영화관 10% 할인,문화/엔터,11,Offline,할인,10,%,"롯데시네마, CGV, 메가박스",전월 실적 120만원 이상,1200000,,,,10000,원,,,,"[자주 쓰는 일상 영역 10% 할인 (KB Pay 결제 시)]
[서비스대상]
- 온라인 쇼핑 : 11번가, G마켓, SSG.COM
- 온라인 패션 : 무신사, W컨셉, 지그재그, 29CM
- 커피 : 커피 오프라인 매장, 커피 모바일 앱(스타벅스 사이렌오더, 커피빈 퍼플오더, 메가커피 메가오더)
- 편의점 : GS25, CU
- 영화관 : 롯데시네마, CGV, 메가박스
[유의사항]
- [공통] 대상 영역에서 KB Pay로 결제시에만 할인 제공되며, 그 외 결제수단으로 결제 시 할인 제공되지 않음 '전월 국내 이용실적별 할인한도’ 내에서 할인 제공
- [온라인쇼핑] 상품권, 여행, 항공권, 티켓, 도서, 별도 팝업사이트 제외
- [온라인 패션] 공식 홈페이지/앱 결제 건에 한함
- [커피] 커피 오프라인 매장은 커피전문점 업종 매장 결제 건에 한함 백화점/대형마트 등 일부 입점 매장 제외 커피 앱 주문은 공식 모바일앱 일반 결제 건에 한함
- [편의점] 오프라인 매장 일반결제건에 한함 (온라인 가맹점 제외) 백화점, 대형마트 등 일부 입점 매장 제외
- [영화관] 매점, 관람권(상품권) 구입, 예매 대행사이트는 제외
[할인한도]
<table class=""benefit-table""><tr><th colspan=""2"" rowspan=""2"">구분</th><th rowspan=""2"">할인율</th><th colspan=""3"">전월 국내 이용실적별 월 할인한도</th></tr><tr><th>1구간 30만원</th><th>2구간 70만원</th><th>3구간 120만원</th></tr><tr><td rowspan=""5"">자주 쓰는 일상 영역</td><td>온라인 쇼핑</td><td rowspan=""5"">10%</td><td rowspan=""4"">1만원</td><td rowspan=""4"">2만원</td><td rowspan=""4"">3만원</td></tr><tr><td>온라인 패션</td></tr><tr><td>커피</td></tr><tr><td>편의점</td></tr><tr><td>영화관</td><td colspan=""3"">건당 할인한도 : 1만원</td></tr></table>",문화/엔터 10% 할인,"[자주 쓰는 일상 영역 10% 할인 (KB Pay 결제 시)]
[서비스대상]
- 온라인 쇼핑 : 11번가, G마켓, SSG.COM
- 온라인 패션 : 무신사, W컨셉, 지그재그, 29CM
- 커피 : 커피 오프라인 매장, 커피 모바일 앱(스타벅스 사이렌오더, 커피빈 퍼플오더, 메가커피 메가오더)
- 편의점 : GS25, CU
- 영화관 : 롯데시네마, CGV, 메가박스
[유의사항]
- [공통] 대상 영역에서 KB Pay로 결제시에만 할인 제공되며, 그 외 결제수단으로 결제 시 할인 제공되지 않음 '전월 국내 이용실적별 할인한도’ 내에서 할인 제공
- [온라인쇼핑] 상품권, 여행, 항공권, 티켓, 도서, 별도 팝업사이트 제외
- [온라인 패션] 공식 홈페이지/앱 결제 건에 한함
- [커피] 커피 오프라인 매장은 커피전문점 업종 매장 결제 건에 한함 백화점/대형마트 등 일부 입점 매장 제외 커피 앱 주문은 공식 모바일앱 일반 결제 건에 한함
- [편의점] 오프라인 매장 일반결제건에 한함 (온라인 가맹점 제외) 백화점, 대형마트 등 일부 입점 매장 제외
- [영화관] 매점, 관람권(상품권) 구입, 예매 대행사이트는 제외
[할인한도]
<table class=""benefit-table""><tr><th colspan=""2"" rowspan=""2"">구분</th><th rowspan=""2"">할인율</th><th colspan=""3"">전월 국내 이용실적별 월 할인한도</th></tr><tr><th>1구간 30만원</th><th>2구간 70만원</th><th>3구간 120만원</th></tr><tr><td rowspan=""5"">자주 쓰는 일상 영역</td><td>온라인 쇼핑</td><td rowspan=""5"">10%</td><td rowspan=""4"">1만원</td><td rowspan=""4"">2만원</td><td rowspan=""4"">3만원</td></tr><tr><td>온라인 패션</td></tr><tr><td>커피</td></tr><tr><td>편의점</td></tr><tr><td>영화관</td><td colspan=""3"">건당 할인한도 : 1만원</td></tr></table>",2026-06-05
09561_B0019,9561,주요혜택,온라인 항공/면세점 5% 할인 (KB Pay 결제 시),온라인 항공/면세점 할인,항공,18,Online,할인,5,%,"대한항공, 아시아나",전월 실적 30만원 이상,300000,,,,,,20000,원,,"[온라인 항공/면세점 5% 할인 (KB Pay 결제 시)]
- 온라인 항공 : 대한항공, 아시아나
- 온라인 면세점 : 롯데면세점, 신라면세점, 신세계면세점, 현대백화점 면세점
- [공통] 공식 홈페이지/앱에서
  KB Pay 결제시에만 할인 제공
- [온라인 항공] 외화 결제 건은 해외 가맹점으로 분류하여 할인 미제공
<table class=""benefit-table""><tr><th>구분</th><th>할인율</th><th>할인한도</th><th>전월 국내 이용실적</th></tr><tr><td>온라인 항공/면세점</td><td>5%</td><td>월 2만원 (연 8만원)</td><td>30만원</td></tr></table>",항공 5% 할인,"[온라인 항공/면세점 5% 할인 (KB Pay 결제 시)]
- 온라인 항공 : 대한항공, 아시아나
- 온라인 면세점 : 롯데면세점, 신라면세점, 신세계면세점, 현대백화점 면세점
- [공통] 공식 홈페이지/앱에서
  KB Pay 결제시에만 할인 제공
- [온라인 항공] 외화 결제 건은 해외 가맹점으로 분류하여 할인 미제공
<table class=""benefit-table""><tr><th>구분</th><th>할인율</th><th>할인한도</th><th>전월 국내 이용실적</th></tr><tr><td>온라인 항공/면세점</td><td>5%</td><td>월 2만원 (연 8만원)</td><td>30만원</td></tr></table>",2026-06-05
09561_B0020,9561,주요혜택,온라인 항공/면세점 5% 할인 (KB Pay 결제 시),온라인 면세점 할인,백화점/아울렛/면세점,4,Online,할인,5,%,"롯데면세점, 신라면세점, 신세계면세점, 현대백화점 면세점",전월 실적 30만원 이상,300000,,,,,,20000,원,,"[온라인 항공/면세점 5% 할인 (KB Pay 결제 시)]
- 온라인 항공 : 대한항공, 아시아나
- 온라인 면세점 : 롯데면세점, 신라면세점, 신세계면세점, 현대백화점 면세점
- [공통] 공식 홈페이지/앱에서
  KB Pay 결제시에만 할인 제공
- [온라인 항공] 외화 결제 건은 해외 가맹점으로 분류하여 할인 미제공
<table class=""benefit-table""><tr><th>구분</th><th>할인율</th><th>할인한도</th><th>전월 국내 이용실적</th></tr><tr><td>온라인 항공/면세점</td><td>5%</td><td>월 2만원 (연 8만원)</td><td>30만원</td></tr></table>",백화점/아울렛/면세점 5% 할인,"[온라인 항공/면세점 5% 할인 (KB Pay 결제 시)]
- 온라인 항공 : 대한항공, 아시아나
- 온라인 면세점 : 롯데면세점, 신라면세점, 신세계면세점, 현대백화점 면세점
- [공통] 공식 홈페이지/앱에서
  KB Pay 결제시에만 할인 제공
- [온라인 항공] 외화 결제 건은 해외 가맹점으로 분류하여 할인 미제공
<table class=""benefit-table""><tr><th>구분</th><th>할인율</th><th>할인한도</th><th>전월 국내 이용실적</th></tr><tr><td>온라인 항공/면세점</td><td>5%</td><td>월 2만원 (연 8만원)</td><td>30만원</td></tr></table>",2026-06-05
09561_B0021,9561,주요혜택,여행자보험 10% 할인 (KB Pay 결제 시),여행자보험 할인,여행/숙박,17,Online,할인,10,%,KB손해보험 여행자보험,전월 실적 30만원 이상,300000,,,,5000,원,,,,"[여행자보험 10% 할인 (KB Pay 결제 시)]
- KB손해보험 다이렉트 여행자보험
  KB손해보험 여행자보험 가입하기
- 공식 홈페이지/앱에서
  KB Pay 결제 시에만 할인
<table class=""benefit-table""><tr><th>구분</th><th>할인율</th><th>할인한도</th><th>전월 국내 이용실적</th></tr><tr><td>여행자 보험</td><td>10%</td><td>월 5천원 (연 2만원)</td><td>30만원</td></tr></table>",여행/숙박 10% 할인,"[여행자보험 10% 할인 (KB Pay 결제 시)]
- KB손해보험 다이렉트 여행자보험
  KB손해보험 여행자보험 가입하기
- 공식 홈페이지/앱에서
  KB Pay 결제 시에만 할인
<table class=""benefit-table""><tr><th>구분</th><th>할인율</th><th>할인한도</th><th>전월 국내 이용실적</th></tr><tr><td>여행자 보험</td><td>10%</td><td>월 5천원 (연 2만원)</td><td>30만원</td></tr></table>",2026-06-05
09561_B0022,9561,주요혜택,철도·고속버스 10% 할인,철도·고속버스 할인,대중교통/택시,5,Offline,할인,10,%,"철도(일반/KTX/SRT), 고속·시외버스",전월 실적 30만원 이상,300000,,,,10000,원,,,,"[철도·고속버스 10% 할인]
- 철도(일반/KTX/SRT), 고속·시외버스 업종
- 대상 가맹점은 당사 업종분류기준에 따름
<table class=""benefit-table""><tr><th>구분</th><th>할인율</th><th>할인한도</th><th>전월 국내 이용실적</th></tr><tr><td>철도·고속버스</td><td>10%</td><td>월 1만원 (연 6만원)</td><td>30만원</td></tr></table>",대중교통/택시 10% 할인,"[철도·고속버스 10% 할인]
- 철도(일반/KTX/SRT), 고속·시외버스 업종
- 대상 가맹점은 당사 업종분류기준에 따름
<table class=""benefit-table""><tr><th>구분</th><th>할인율</th><th>할인한도</th><th>전월 국내 이용실적</th></tr><tr><td>철도·고속버스</td><td>10%</td><td>월 1만원 (연 6만원)</td><td>30만원</td></tr></table>",2026-06-05
09579_B0001,9579,주요혜택,KB라이프 건강보험료 자동납부 할인,KB라이프 건강보험료 자동납부 할인,생활비,17,Both,할인,5000,원,KB라이프 건강보험료,전월 실적 40만원 이상,400000,800000,,,5000,원,,,,"[KB라이프 건강보험료 자동납부 할인]
[전월 이용실적 구간별 할인 금액]
<table class=""benefit-table""><tr><th>구간(전월 이용실적)</th><th>월 할인금액</th></tr><tr><td>1구간 (40만원 이상)</td><td>5천원</td></tr><tr><td>2구간 (80만원 이상)</td><td>8천원</td></tr></table>
- KB라이프의 건강보험상품 보험료 자동납부 시 할인 적용 * 보험상품별 자동납부 가능 여부는 KB라이프 고객센터에서 확인할 수 있습니다.
- 할인금액보다 자동이체 승인금액이 적을 경우, 승인금액만큼 할인
- KB라이프 건강보험료 자동납부 승인이 여러 건인 경우, 월 할인금액 범위 내에서 합산하여 할인
- 최초카드 사용등록일(KB Pay 등 간편결제 등록 포함)로부터 다음달 말일(실적유예기간)까지 전월 이용실적 40만원 미만 시, 월 5천원까지 할인 제공(단, 최초카드 사용등록월의 실적이 40만원 이상인 경우에는 다음달에 해당 실적구간의 할인한도 적용)
[KB라이프 건강보험료 카드 자동납부 신청 방법]
- - KB라이프 홈페이지 바로가기
- - KB라이프 고객센터 (1588-3374)",생활비 할인,"[KB라이프 건강보험료 자동납부 할인]
[전월 이용실적 구간별 할인 금액]
<table class=""benefit-table""><tr><th>구간(전월 이용실적)</th><th>월 할인금액</th></tr><tr><td>1구간 (40만원 이상)</td><td>5천원</td></tr><tr><td>2구간 (80만원 이상)</td><td>8천원</td></tr></table>
- KB라이프의 건강보험상품 보험료 자동납부 시 할인 적용 * 보험상품별 자동납부 가능 여부는 KB라이프 고객센터에서 확인할 수 있습니다.
- 할인금액보다 자동이체 승인금액이 적을 경우, 승인금액만큼 할인
- KB라이프 건강보험료 자동납부 승인이 여러 건인 경우, 월 할인금액 범위 내에서 합산하여 할인
- 최초카드 사용등록일(KB Pay 등 간편결제 등록 포함)로부터 다음달 말일(실적유예기간)까지 전월 이용실적 40만원 미만 시, 월 5천원까지 할인 제공(단, 최초카드 사용등록월의 실적이 40만원 이상인 경우에는 다음달에 해당 실적구간의 할인한도 적용)
[KB라이프 건강보험료 카드 자동납부 신청 방법]
- - KB라이프 홈페이지 바로가기
- - KB라이프 고객센터 (1588-3374)",2026-06-06
09579_B0002,9579,주요혜택,KB라이프 건강보험료 자동납부 할인,KB라이프 건강보험료 자동납부 할인,생활비,17,Both,할인,8000,원,KB라이프 건강보험료,전월 실적 80만원 이상,800000,,,,8000,원,,,,"[KB라이프 건강보험료 자동납부 할인]
[전월 이용실적 구간별 할인 금액]
<table class=""benefit-table""><tr><th>구간(전월 이용실적)</th><th>월 할인금액</th></tr><tr><td>1구간 (40만원 이상)</td><td>5천원</td></tr><tr><td>2구간 (80만원 이상)</td><td>8천원</td></tr></table>
- KB라이프의 건강보험상품 보험료 자동납부 시 할인 적용 * 보험상품별 자동납부 가능 여부는 KB라이프 고객센터에서 확인할 수 있습니다.
- 할인금액보다 자동이체 승인금액이 적을 경우, 승인금액만큼 할인
- KB라이프 건강보험료 자동납부 승인이 여러 건인 경우, 월 할인금액 범위 내에서 합산하여 할인
- 최초카드 사용등록일(KB Pay 등 간편결제 등록 포함)로부터 다음달 말일(실적유예기간)까지 전월 이용실적 40만원 미만 시, 월 5천원까지 할인 제공(단, 최초카드 사용등록월의 실적이 40만원 이상인 경우에는 다음달에 해당 실적구간의 할인한도 적용)
[KB라이프 건강보험료 카드 자동납부 신청 방법]
- - KB라이프 홈페이지 바로가기
- - KB라이프 고객센터 (1588-3374)",생활비 할인,"[KB라이프 건강보험료 자동납부 할인]
[전월 이용실적 구간별 할인 금액]
<table class=""benefit-table""><tr><th>구간(전월 이용실적)</th><th>월 할인금액</th></tr><tr><td>1구간 (40만원 이상)</td><td>5천원</td></tr><tr><td>2구간 (80만원 이상)</td><td>8천원</td></tr></table>
- KB라이프의 건강보험상품 보험료 자동납부 시 할인 적용 * 보험상품별 자동납부 가능 여부는 KB라이프 고객센터에서 확인할 수 있습니다.
- 할인금액보다 자동이체 승인금액이 적을 경우, 승인금액만큼 할인
- KB라이프 건강보험료 자동납부 승인이 여러 건인 경우, 월 할인금액 범위 내에서 합산하여 할인
- 최초카드 사용등록일(KB Pay 등 간편결제 등록 포함)로부터 다음달 말일(실적유예기간)까지 전월 이용실적 40만원 미만 시, 월 5천원까지 할인 제공(단, 최초카드 사용등록월의 실적이 40만원 이상인 경우에는 다음달에 해당 실적구간의 할인한도 적용)
[KB라이프 건강보험료 카드 자동납부 신청 방법]
- - KB라이프 홈페이지 바로가기
- - KB라이프 고객센터 (1588-3374)",2026-06-06
09579_B0003,9579,주요혜택,병원/약국업종 할인,병원/약국 할인,의료,21,Offline,할인,,,"종합병원, 일반/치과/한방병원, 일반/치과/한의원, 약국",전월 실적 40만원 이상,400000,,,,5000,원,,,,"[병원/약국업종 할인]
- 전월 이용실적 40만원 이상 시 월 5천원까지 할인
- 할인대상 업종: 종합병원, 일반/치과/한방병원, 일반/치과/한의원, 약국
- 최초카드 사용등록일(KB Pay 등 간편결제 등록 포함)로부터 다음달 말일(실적유예기간)까지 전월 이용실적 40만원 미만 시, 월 5천원까지 할인 제공",의료 할인,"[병원/약국업종 할인]
- 전월 이용실적 40만원 이상 시 월 5천원까지 할인
- 할인대상 업종: 종합병원, 일반/치과/한방병원, 일반/치과/한의원, 약국
- 최초카드 사용등록일(KB Pay 등 간편결제 등록 포함)로부터 다음달 말일(실적유예기간)까지 전월 이용실적 40만원 미만 시, 월 5천원까지 할인 제공",2026-06-06
09780_B0001,9780,주요혜택,KB Pay 10% 할인,KB Pay 10% 할인,페이/간편결제,10,Both,할인,10,%,국내 가맹점 (KB Pay 결제),전월 실적 40만원 이상,400000,,,,5000,원,,,,"[KB Pay 10% 할인]
- 국내 가맹점에서 KB Pay로 결제한 이용건
※ 해외 가맹점 결제건 제외

[이용 조건]
전월 이용실적 40만원 이상 시 제공
* KB Pay : 월 할인한도 5,000원",페이/간편결제 10% 할인,"[KB Pay 10% 할인]
- 국내 가맹점에서 KB Pay로 결제한 이용건
※ 해외 가맹점 결제건 제외

[이용 조건]
전월 이용실적 40만원 이상 시 제공
* KB Pay : 월 할인한도 5,000원",2026-06-05
09780_B0002,9780,주요혜택,"음식점, 편의점 10% 할인",음식점·편의점 할인,외식,16,Offline,할인,10,%,"음식점, 편의점(GS25, CU)",전월 실적 40만원 이상,400000,,,,,,5000,원,,"[음식점, 편의점 10% 할인]
- 음식점(한식, 일식, 중식, 양식, 뷔페, 패밀리레스토랑, 일반음식점 업종), 편의점(GS25, CU)
※ 백화점/대형마트 등 일부 입점 매장 제외

[이용 조건]
전월 이용실적 40만원 이상 시 제공
* 음식점, 편의점 : 월 할인한도 5,000원",외식 10% 할인,"[음식점, 편의점 10% 할인]
- 음식점(한식, 일식, 중식, 양식, 뷔페, 패밀리레스토랑, 일반음식점 업종), 편의점(GS25, CU)
※ 백화점/대형마트 등 일부 입점 매장 제외

[이용 조건]
전월 이용실적 40만원 이상 시 제공
* 음식점, 편의점 : 월 할인한도 5,000원",2026-06-05
09780_B0003,9780,주요혜택,"이동통신 10% , OTT 30% 할인",이동통신요금 10% 할인,생활비,12,Both,할인,10,%,"SKT, KT, LG U+, Liiv M 자동납부",전월 실적 40만원 이상,400000,,,,,,5000,원,,"[이동통신요금 10% 할인]
- SKT, KT, LG U+, Liiv M 자동납부 이용금액
※ 인터넷, IPTV 등 결합상품 제외

[이용 조건]
전월 이용실적 40만원 이상 시 제공
* 이동통신요금 / OTT : 월 할인한도 5,000원",생활비 10% 할인,"[이동통신요금 10% 할인]
- SKT, KT, LG U+, Liiv M 자동납부 이용금액
※ 인터넷, IPTV 등 결합상품 제외

[이용 조건]
전월 이용실적 40만원 이상 시 제공
* 이동통신요금 / OTT : 월 할인한도 5,000원",2026-06-05
09780_B0004,9780,주요혜택,"음식점, 편의점 10% 할인",음식점·편의점 할인,편의점,13,Offline,할인,10,%,"음식점, 편의점(GS25, CU)",전월 실적 40만원 이상,400000,,,,,,5000,원,,"[음식점, 편의점 10% 할인]
- 음식점(한식, 일식, 중식, 양식, 뷔페, 패밀리레스토랑, 일반음식점 업종), 편의점(GS25, CU)
※ 백화점/대형마트 등 일부 입점 매장 제외

[이용 조건]
전월 이용실적 40만원 이상 시 제공
* 음식점, 편의점 : 월 할인한도 5,000원",편의점 10% 할인,"[음식점, 편의점 10% 할인]
- 음식점(한식, 일식, 중식, 양식, 뷔페, 패밀리레스토랑, 일반음식점 업종), 편의점(GS25, CU)
※ 백화점/대형마트 등 일부 입점 매장 제외

[이용 조건]
전월 이용실적 40만원 이상 시 제공
* 음식점, 편의점 : 월 할인한도 5,000원",2026-06-05
09780_B0005,9780,주요혜택,"이동통신 10% , OTT 30% 할인",OTT 30% 할인,구독/스트리밍,8,Online,할인,30,%,"넷플릭스, 유튜브 프리미엄, 웨이브, 티빙, 디즈니 플러스",전월 실적 40만원 이상,400000,,,,,,5000,원,,"[OTT 30% 할인]
- 넷플릭스, 유튜브 프리미엄, 웨이브, 티빙, 디즈니 플러스 공식 홈페이지를 통한 정기결제 이용건
※ 간편결제 또는 인앱 결제건 등은 제외

[이용 조건]
전월 이용실적 40만원 이상 시 제공
* 이동통신요금 / OTT : 월 할인한도 5,000원",구독/스트리밍 30% 할인,"[OTT 30% 할인]
- 넷플릭스, 유튜브 프리미엄, 웨이브, 티빙, 디즈니 플러스 공식 홈페이지를 통한 정기결제 이용건
※ 간편결제 또는 인앱 결제건 등은 제외

[이용 조건]
전월 이용실적 40만원 이상 시 제공
* 이동통신요금 / OTT : 월 할인한도 5,000원",2026-06-05
09780_B0006,9780,주요혜택,배달,배달/커피 5% 할인,배달,15,Online,할인,5,%,"배달앱(배달의 민족, 요기요, 마켓컬리)",전월 실적 40만원 이상,400000,,,,,,5000,원,,"[배달]
[배달/커피 5% 할인]
- 배달앱(배달의 민족, 요기요, 마켓컬리), 커피(커피/음료전문점 업종)
※ 상품권(선물하기 등), 선불카드(선불전자지급수단 포함) 제외
※ 배달 현장 결제건은 제외
※ 백화점/대형마트 등 일부 입점 매장 제외

[이용 조건]
전월 이용실적 40만원 이상 시 제공
* 배달 : 월 할인한도 5,000원",배달 5% 할인,"[배달/커피 5% 할인]
- 배달앱(배달의 민족, 요기요, 마켓컬리), 커피(커피/음료전문점 업종)
※ 상품권(선물하기 등), 선불카드(선불전자지급수단 포함) 제외
※ 배달 현장 결제건은 제외
※ 백화점/대형마트 등 일부 입점 매장 제외

[이용 조건]
전월 이용실적 40만원 이상 시 제공
* 배달 : 월 할인한도 5,000원",2026-06-05
09780_B0007,9780,주요혜택,일상,택시/커피 5% 할인,대중교통/택시,5,Both,할인,5,%,"택시, 커피/음료전문점",전월 실적 40만원 이상,400000,,,,,,5000,원,,"[일상]
[택시/커피 5% , 영화관 30% 할인]
- 택시, 커피 : 택시, 커피/음료전문점 업종
※ 백화점/대형마트 등 일부 입점 매장 제외
- 영화관 : CGV, 롯데시네마, 메가박스
※ 매점, 관람권(상품권) 구입, 예매대행사이트는 제외

[이용 조건]
전월 이용실적 40만원 이상 시 제공
* 일상 : 월 할인한도 5,000원",대중교통/택시 5% 할인,"[택시/커피 5% , 영화관 30% 할인]
- 택시, 커피 : 택시, 커피/음료전문점 업종
※ 백화점/대형마트 등 일부 입점 매장 제외
- 영화관 : CGV, 롯데시네마, 메가박스
※ 매점, 관람권(상품권) 구입, 예매대행사이트는 제외

[이용 조건]
전월 이용실적 40만원 이상 시 제공
* 일상 : 월 할인한도 5,000원",2026-06-05
09780_B0008,9780,주요혜택,일상,영화관 30% 할인,문화/엔터,11,Offline,할인,30,%,"CGV, 롯데시네마, 메가박스",전월 실적 40만원 이상,400000,,,,,,5000,원,,"[일상]
[택시/커피 5% , 영화관 30% 할인]
- 택시, 커피 : 택시, 커피/음료전문점 업종
※ 백화점/대형마트 등 일부 입점 매장 제외
- 영화관 : CGV, 롯데시네마, 메가박스
※ 매점, 관람권(상품권) 구입, 예매대행사이트는 제외

[이용 조건]
전월 이용실적 40만원 이상 시 제공
* 일상 : 월 할인한도 5,000원",문화/엔터 30% 할인,"[택시/커피 5% , 영화관 30% 할인]
- 택시, 커피 : 택시, 커피/음료전문점 업종
※ 백화점/대형마트 등 일부 입점 매장 제외
- 영화관 : CGV, 롯데시네마, 메가박스
※ 매점, 관람권(상품권) 구입, 예매대행사이트는 제외

[이용 조건]
전월 이용실적 40만원 이상 시 제공
* 일상 : 월 할인한도 5,000원",2026-06-05
09780_B0009,9780,주요혜택,일상,커피 5% 할인,카페/베이커리,14,Both,할인,5,%,커피/음료전문점,전월 실적 40만원 이상,400000,,,,,,5000,원,,"[일상]
[택시/커피 5% , 영화관 30% 할인]
- 택시, 커피 : 택시, 커피/음료전문점 업종
※ 백화점/대형마트 등 일부 입점 매장 제외
- 영화관 : CGV, 롯데시네마, 메가박스
※ 매점, 관람권(상품권) 구입, 예매대행사이트는 제외

[이용 조건]
전월 이용실적 40만원 이상 시 제공
* 일상 : 월 할인한도 5,000원",카페/베이커리 5% 할인,"[택시/커피 5% , 영화관 30% 할인]
- 택시, 커피 : 택시, 커피/음료전문점 업종
※ 백화점/대형마트 등 일부 입점 매장 제외
- 영화관 : CGV, 롯데시네마, 메가박스
※ 매점, 관람권(상품권) 구입, 예매대행사이트는 제외

[이용 조건]
전월 이용실적 40만원 이상 시 제공
* 일상 : 월 할인한도 5,000원",2026-06-05
09780_B0010,9780,주요혜택,배달,배달/커피 5% 할인,카페/베이커리,14,Online,할인,5,%,커피/음료전문점 업종,전월 실적 40만원 이상,400000,,,,,,5000,원,,"[배달]
[배달/커피 5% 할인]
- 배달앱(배달의 민족, 요기요, 마켓컬리), 커피(커피/음료전문점 업종)
※ 상품권(선물하기 등), 선불카드(선불전자지급수단 포함) 제외
※ 배달 현장 결제건은 제외
※ 백화점/대형마트 등 일부 입점 매장 제외

[이용 조건]
전월 이용실적 40만원 이상 시 제공
* 배달 : 월 할인한도 5,000원",카페/베이커리 5% 할인,"[배달/커피 5% 할인]
- 배달앱(배달의 민족, 요기요, 마켓컬리), 커피(커피/음료전문점 업종)
※ 상품권(선물하기 등), 선불카드(선불전자지급수단 포함) 제외
※ 배달 현장 결제건은 제외
※ 백화점/대형마트 등 일부 입점 매장 제외

[이용 조건]
전월 이용실적 40만원 이상 시 제공
* 배달 : 월 할인한도 5,000원",2026-06-05
09780_B0011,9780,주요혜택,관리,"미용실, 스포츠, 온라인서점, 올리브영 할인",레저/스포츠,9,Both,할인,5,%,"미용실, 스포츠센터, 골프장, 테니스장, 수영장, 요가, 볼링장, 스포츠용품점",전월 실적 40만원 이상,400000,,,,,,10000,원,,"[관리]
[미용실, 스포츠, 온라인서점, 올리브영 5% 할인]
- 미용실, 스포츠 : 미용실, 종합스포츠센터, 골프(연습)장, 테니스장, 수영장, 요가, 볼링장, 스포츠용품점, 레저용품점 업종
- 온라인서점 : 교보문고, YES24 공식 홈페이지(앱)
※ 오프라인 매장 결제건은 제외
- 올리브영 : 오프라인 매장 및 온라인 공식 쇼핑몰(앱)
※ 백화점/대형마트 등 일부 입점 매장 제외

[이용 조건]
전월 이용실적 40만원 이상 시 제공
* 관리 : 월 할인한도 10,000원",레저/스포츠 5% 할인,"[미용실, 스포츠, 온라인서점, 올리브영 5% 할인]
- 미용실, 스포츠 : 미용실, 종합스포츠센터, 골프(연습)장, 테니스장, 수영장, 요가, 볼링장, 스포츠용품점, 레저용품점 업종
- 온라인서점 : 교보문고, YES24 공식 홈페이지(앱)
※ 오프라인 매장 결제건은 제외
- 올리브영 : 오프라인 매장 및 온라인 공식 쇼핑몰(앱)
※ 백화점/대형마트 등 일부 입점 매장 제외

[이용 조건]
전월 이용실적 40만원 이상 시 제공
* 관리 : 월 할인한도 10,000원",2026-06-05
09780_B0012,9780,주요혜택,관리,온라인서점 5% 할인,교육/육아,20,Online,할인,5,%,"교보문고, YES24",전월 실적 40만원 이상,400000,,,,,,10000,원,,"[관리]
[미용실, 스포츠, 온라인서점, 올리브영 5% 할인]
- 미용실, 스포츠 : 미용실, 종합스포츠센터, 골프(연습)장, 테니스장, 수영장, 요가, 볼링장, 스포츠용품점, 레저용품점 업종
- 온라인서점 : 교보문고, YES24 공식 홈페이지(앱)
※ 오프라인 매장 결제건은 제외
- 올리브영 : 오프라인 매장 및 온라인 공식 쇼핑몰(앱)
※ 백화점/대형마트 등 일부 입점 매장 제외

[이용 조건]
전월 이용실적 40만원 이상 시 제공
* 관리 : 월 할인한도 10,000원",교육/육아 5% 할인,"[미용실, 스포츠, 온라인서점, 올리브영 5% 할인]
- 미용실, 스포츠 : 미용실, 종합스포츠센터, 골프(연습)장, 테니스장, 수영장, 요가, 볼링장, 스포츠용품점, 레저용품점 업종
- 온라인서점 : 교보문고, YES24 공식 홈페이지(앱)
※ 오프라인 매장 결제건은 제외
- 올리브영 : 오프라인 매장 및 온라인 공식 쇼핑몰(앱)
※ 백화점/대형마트 등 일부 입점 매장 제외

[이용 조건]
전월 이용실적 40만원 이상 시 제공
* 관리 : 월 할인한도 10,000원",2026-06-05
09780_B0013,9780,주요혜택,관리,올리브영 5% 할인,패션/뷰티,2,Both,할인,5,%,올리브영,전월 실적 40만원 이상,400000,,,,,,10000,원,,"[관리]
[미용실, 스포츠, 온라인서점, 올리브영 5% 할인]
- 미용실, 스포츠 : 미용실, 종합스포츠센터, 골프(연습)장, 테니스장, 수영장, 요가, 볼링장, 스포츠용품점, 레저용품점 업종
- 온라인서점 : 교보문고, YES24 공식 홈페이지(앱)
※ 오프라인 매장 결제건은 제외
- 올리브영 : 오프라인 매장 및 온라인 공식 쇼핑몰(앱)
※ 백화점/대형마트 등 일부 입점 매장 제외

[이용 조건]
전월 이용실적 40만원 이상 시 제공
* 관리 : 월 할인한도 10,000원",패션/뷰티 5% 할인,"[미용실, 스포츠, 온라인서점, 올리브영 5% 할인]
- 미용실, 스포츠 : 미용실, 종합스포츠센터, 골프(연습)장, 테니스장, 수영장, 요가, 볼링장, 스포츠용품점, 레저용품점 업종
- 온라인서점 : 교보문고, YES24 공식 홈페이지(앱)
※ 오프라인 매장 결제건은 제외
- 올리브영 : 오프라인 매장 및 온라인 공식 쇼핑몰(앱)
※ 백화점/대형마트 등 일부 입점 매장 제외

[이용 조건]
전월 이용실적 40만원 이상 시 제공
* 관리 : 월 할인한도 10,000원",2026-06-05
09780_B0014,9780,주요혜택,(Happy Birth Month),Happy Birth Month - 배달,배달,15,Both,할인,5,%,배달앱,전월 실적 40만원 이상,400000,,,,10000,원,,,,"[(Happy Birth Month)]
[고객님의 생일을 진심으로 축하드리는 마음을 담아 , 생일 월에는 '위시 픽' 서비스 할인한도가 2배 제공됩니다. 즐거운 혜택을 이용하세요!]
- 배달/일상 : 월 5천원 -> 월 1만원
- 관리 : 월 1만원 -> 월 2만원
- Happy Birth Month는 전월 이용실적 40만원 이상 시 제공되며, 실적유예기간 제공 없음
  (카드발급 후 전월 이용실적 조건 충족 시 서비스 제공)
- 생일 월은 KB국민카드에 등록된 회원정보 기준으로 제공

[이용 조건]
* 배달 : 월 할인한도 5,000원",배달 5% 할인,"[(Happy Birth Month)]
[고객님의 생일을 진심으로 축하드리는 마음을 담아 , 생일 월에는 '위시 픽' 서비스 할인한도가 2배 제공됩니다. 즐거운 혜택을 이용하세요!]
- 배달/일상 : 월 5천원 -> 월 1만원
- 관리 : 월 1만원 -> 월 2만원
- Happy Birth Month는 전월 이용실적 40만원 이상 시 제공되며, 실적유예기간 제공 없음
  (카드발급 후 전월 이용실적 조건 충족 시 서비스 제공)
- 생일 월은 KB국민카드에 등록된 회원정보 기준으로 제공

[이용 조건]
* 배달 : 월 할인한도 5,000원",2026-06-05
09780_B0015,9780,주요혜택,(전월실적 채워드림),전월실적 채워드림,기타,22,Both,서비스,,,,전월 실적 35만원 이상 40만원 미만,350000,4000000,,연 2회,,,500000,원,,"[(전월실적 채워드림)]
[전월실적이 조금 부족하다면! 전월실적 채워드림 을 이용하세요. 5만원 한도 내로 연 2회 무료로 저희가 채워드립니다.]
- 전월 이용실적이 부족하여 이번 달 할인혜택을 못 받을 때 할인 혜택이 제공될 수 있도록 YOU Wish 카드의 전월실적을 채워드리는 서비스
- 전월 이용실적 35만원 이상 40만원 미만인 고객
- 본인 회원 기준 월 1회, 연 2회 신청가능
- 서비스 신청 후 취소 불가
- Happy Birth Month가 제공되는 생일 월에는 신청 불가",전월실적 5만원 한도 내 연 2회 무료 채워드림,"[(전월실적 채워드림)]
[전월실적이 조금 부족하다면! 전월실적 채워드림 을 이용하세요. 5만원 한도 내로 연 2회 무료로 저희가 채워드립니다.]
- 전월 이용실적이 부족하여 이번 달 할인혜택을 못 받을 때 할인 혜택이 제공될 수 있도록 YOU Wish 카드의 전월실적을 채워드리는 서비스
- 전월 이용실적 35만원 이상 40만원 미만인 고객
- 본인 회원 기준 월 1회, 연 2회 신청가능
- 서비스 신청 후 취소 불가
- Happy Birth Month가 제공되는 생일 월에는 신청 불가",2026-06-05
09923_B0001,9923,주요혜택,KB Pay 10% 할인,KB Pay 10% 할인,페이/간편결제,10,Both,할인,10,%,국내 가맹점 (KB Pay 결제),전월 실적 40만원 이상,400000,,,,5000,원,,,,"[KB Pay 10% 할인]
- 국내 가맹점에서 KB Pay로 결제한 이용건
※ 해외 가맹점 결제건 제외

[이용 조건]
전월 이용실적 40만원 이상 시 제공
* KB Pay : 월 할인한도 5,000원",페이/간편결제 10% 할인,"[KB Pay 10% 할인]
- 국내 가맹점에서 KB Pay로 결제한 이용건
※ 해외 가맹점 결제건 제외

[이용 조건]
전월 이용실적 40만원 이상 시 제공
* KB Pay : 월 할인한도 5,000원",2026-06-05
09923_B0002,9923,주요혜택,"음식점, 편의점 10% 할인","음식점, 편의점 10% 할인",외식,16,Offline,할인,10,%,"음식점(한식, 일식, 중식, 양식, 뷔페, 패밀리레스토랑), 편의점(GS25, CU)",전월 실적 40만원 이상,400000,,,,,,5000,원,,"[음식점, 편의점 10% 할인]
- 음식점(한식, 일식, 중식, 양식, 뷔페, 패밀리레스토랑, 일반음식점 업종), 편의점(GS25, CU)
※ 백화점/대형마트 등 일부 입점 매장 제외

[이용 조건]
전월 이용실적 40만원 이상 시 제공
* 음식점, 편의점 : 월 할인한도 5,000원",외식 10% 할인,"[음식점, 편의점 10% 할인]
- 음식점(한식, 일식, 중식, 양식, 뷔페, 패밀리레스토랑, 일반음식점 업종), 편의점(GS25, CU)
※ 백화점/대형마트 등 일부 입점 매장 제외

[이용 조건]
전월 이용실적 40만원 이상 시 제공
* 음식점, 편의점 : 월 할인한도 5,000원",2026-06-05
09923_B0003,9923,주요혜택,"이동통신 10% , OTT 30% 할인",이동통신요금 할인,생활비,12,Both,할인,10,%,"SKT, KT, LG U+, Liiv M",전월 실적 40만원 이상,400000,,,,,,5000,원,,"[이동통신요금 10% 할인]
- SKT, KT, LG U+, Liiv M 자동납부 이용금액
※ 인터넷, IPTV 등 결합상품 제외

[이용 조건]
전월 이용실적 40만원 이상 시 제공
* 이동통신요금 / OTT : 월 할인한도 5,000원",생활비 10% 할인,"[이동통신요금 10% 할인]
- SKT, KT, LG U+, Liiv M 자동납부 이용금액
※ 인터넷, IPTV 등 결합상품 제외

[이용 조건]
전월 이용실적 40만원 이상 시 제공
* 이동통신요금 / OTT : 월 할인한도 5,000원",2026-06-05
09923_B0004,9923,주요혜택,"음식점, 편의점 10% 할인","음식점, 편의점 10% 할인",편의점,13,Offline,할인,10,%,"편의점(GS25, CU)",전월 실적 40만원 이상,400000,,,,,,5000,원,,"[음식점, 편의점 10% 할인]
- 음식점(한식, 일식, 중식, 양식, 뷔페, 패밀리레스토랑, 일반음식점 업종), 편의점(GS25, CU)
※ 백화점/대형마트 등 일부 입점 매장 제외

[이용 조건]
전월 이용실적 40만원 이상 시 제공
* 음식점, 편의점 : 월 할인한도 5,000원",편의점 10% 할인,"[음식점, 편의점 10% 할인]
- 음식점(한식, 일식, 중식, 양식, 뷔페, 패밀리레스토랑, 일반음식점 업종), 편의점(GS25, CU)
※ 백화점/대형마트 등 일부 입점 매장 제외

[이용 조건]
전월 이용실적 40만원 이상 시 제공
* 음식점, 편의점 : 월 할인한도 5,000원",2026-06-05
09923_B0005,9923,주요혜택,"이동통신 10% , OTT 30% 할인",OTT 30% 할인,구독/스트리밍,8,Online,할인,30,%,"넷플릭스, 유튜브 프리미엄, 웨이브, 티빙, 디즈니 플러스",전월 실적 40만원 이상,400000,,,,,,5000,원,,"[OTT 30% 할인]
- 넷플릭스, 유튜브 프리미엄, 웨이브, 티빙, 디즈니 플러스 공식 홈페이지를 통한 정기결제 이용건
※ 간편결제 또는 인앱 결제건 등은 제외

[이용 조건]
전월 이용실적 40만원 이상 시 제공
* 이동통신요금 / OTT : 월 할인한도 5,000원",구독/스트리밍 30% 할인,"[OTT 30% 할인]
- 넷플릭스, 유튜브 프리미엄, 웨이브, 티빙, 디즈니 플러스 공식 홈페이지를 통한 정기결제 이용건
※ 간편결제 또는 인앱 결제건 등은 제외

[이용 조건]
전월 이용실적 40만원 이상 시 제공
* 이동통신요금 / OTT : 월 할인한도 5,000원",2026-06-05
09923_B0006,9923,주요혜택,먹는데 진심,배달앱 5% 할인,배달,15,Both,할인,5,%,"배달의 민족, 요기요, 마켓컬리",전월 실적 40만원 이상,400000,,,,,,5000,원,,"[먹는데 진심]
[배달/커피 5% 할인]
- 배달앱(배달의 민족, 요기요, 마켓컬리), 커피(커피/음료전문점 업종)
※ 상품권(선물하기 등), 선불카드(선불전자지급수단 포함) 제외
※ 배달 현장 결제건은 제외
※ 백화점/대형마트 등 일부 입점 매장 제외

[이용 조건]
전월 이용실적 40만원 이상 시 제공
* 먹는데 진심 : 월 할인한도 5,000원",배달 5% 할인,"[먹는데 진심]
[배달/커피 5% 할인]
- 배달앱(배달의 민족, 요기요, 마켓컬리), 커피(커피/음료전문점 업종)
※ 상품권(선물하기 등), 선불카드(선불전자지급수단 포함) 제외
※ 배달 현장 결제건은 제외
※ 백화점/대형마트 등 일부 입점 매장 제외

[이용 조건]
전월 이용실적 40만원 이상 시 제공
* 먹는데 진심 : 월 할인한도 5,000원",2026-06-05
09923_B0007,9923,주요혜택,먹는데 진심,커피 5% 할인,카페/베이커리,14,Both,할인,5,%,커피/음료전문점,전월 실적 40만원 이상,400000,,,,,,5000,원,,"[먹는데 진심]
[배달/커피 5% 할인]
- 배달앱(배달의 민족, 요기요, 마켓컬리), 커피(커피/음료전문점 업종)
※ 상품권(선물하기 등), 선불카드(선불전자지급수단 포함) 제외
※ 배달 현장 결제건은 제외
※ 백화점/대형마트 등 일부 입점 매장 제외

[이용 조건]
전월 이용실적 40만원 이상 시 제공
* 먹는데 진심 : 월 할인한도 5,000원",카페/베이커리 5% 할인,"[먹는데 진심]
[배달/커피 5% 할인]
- 배달앱(배달의 민족, 요기요, 마켓컬리), 커피(커피/음료전문점 업종)
※ 상품권(선물하기 등), 선불카드(선불전자지급수단 포함) 제외
※ 배달 현장 결제건은 제외
※ 백화점/대형마트 등 일부 입점 매장 제외

[이용 조건]
전월 이용실적 40만원 이상 시 제공
* 먹는데 진심 : 월 할인한도 5,000원",2026-06-05
09923_B0008,9923,주요혜택,노는데 진심,택시 5% 할인,대중교통/택시,5,Offline,할인,5,%,택시,전월 실적 40만원 이상,400000,,,,,,5000,원,,"[노는데 진심]
[택시/커피 5% , 영화관 30% 할인]
- 택시, 커피 : 택시, 커피/음료전문점 업종
※ 백화점/대형마트 등 일부 입점 매장 제외
- 영화관 : CGV, 롯데시네마, 메가박스
※ 매점, 관람권(상품권) 구입, 예매대행사이트는 제외

[이용 조건]
전월 이용실적 40만원 이상 시 제공
* 노는데 진심 : 월 할인한도 5,000원",대중교통/택시 5% 할인,"[노는데 진심]
[택시/커피 5% , 영화관 30% 할인]
- 택시, 커피 : 택시, 커피/음료전문점 업종
※ 백화점/대형마트 등 일부 입점 매장 제외
- 영화관 : CGV, 롯데시네마, 메가박스
※ 매점, 관람권(상품권) 구입, 예매대행사이트는 제외

[이용 조건]
전월 이용실적 40만원 이상 시 제공
* 노는데 진심 : 월 할인한도 5,000원",2026-06-05
09923_B0009,9923,주요혜택,노는데 진심,커피 5% 할인,카페/베이커리,14,Both,할인,5,%,커피/음료전문점,전월 실적 40만원 이상,400000,,,,,,5000,원,,"[노는데 진심]
[택시/커피 5% , 영화관 30% 할인]
- 택시, 커피 : 택시, 커피/음료전문점 업종
※ 백화점/대형마트 등 일부 입점 매장 제외
- 영화관 : CGV, 롯데시네마, 메가박스
※ 매점, 관람권(상품권) 구입, 예매대행사이트는 제외

[이용 조건]
전월 이용실적 40만원 이상 시 제공
* 노는데 진심 : 월 할인한도 5,000원",카페/베이커리 5% 할인,"[노는데 진심]
[택시/커피 5% , 영화관 30% 할인]
- 택시, 커피 : 택시, 커피/음료전문점 업종
※ 백화점/대형마트 등 일부 입점 매장 제외
- 영화관 : CGV, 롯데시네마, 메가박스
※ 매점, 관람권(상품권) 구입, 예매대행사이트는 제외

[이용 조건]
전월 이용실적 40만원 이상 시 제공
* 노는데 진심 : 월 할인한도 5,000원",2026-06-05
09923_B0010,9923,주요혜택,노는데 진심,영화관 30% 할인,문화/엔터,11,Offline,할인,30,%,"CGV, 롯데시네마, 메가박스",전월 실적 40만원 이상,400000,,,,,,5000,원,,"[노는데 진심]
[택시/커피 5% , 영화관 30% 할인]
- 택시, 커피 : 택시, 커피/음료전문점 업종
※ 백화점/대형마트 등 일부 입점 매장 제외
- 영화관 : CGV, 롯데시네마, 메가박스
※ 매점, 관람권(상품권) 구입, 예매대행사이트는 제외

[이용 조건]
전월 이용실적 40만원 이상 시 제공
* 노는데 진심 : 월 할인한도 5,000원",문화/엔터 30% 할인,"[노는데 진심]
[택시/커피 5% , 영화관 30% 할인]
- 택시, 커피 : 택시, 커피/음료전문점 업종
※ 백화점/대형마트 등 일부 입점 매장 제외
- 영화관 : CGV, 롯데시네마, 메가박스
※ 매점, 관람권(상품권) 구입, 예매대행사이트는 제외

[이용 조건]
전월 이용실적 40만원 이상 시 제공
* 노는데 진심 : 월 할인한도 5,000원",2026-06-05
09923_B0011,9923,주요혜택,관리에 진심,미용실 5% 할인,패션/뷰티,2,Offline,할인,5,%,"미용실, 올리브영 오프라인 매장 및 온라인 공식 쇼핑몰(앱)",전월 실적 40만원 이상,400000,,,,,,10000,원,,"[관리에 진심]
[미용실, 스포츠, 온라인서점, 올리브영 5% 할인]
- 미용실, 스포츠 : 미용실, 종합스포츠센터, 골프(연습)장, 테니스장, 수영장, 요가, 볼링장, 스포츠용품점, 레저용품점 업종
- 온라인서점 : 교보문고, YES24 공식 홈페이지(앱)
※ 오프라인 매장 결제건은 제외
- 올리브영 : 오프라인 매장 및 온라인 공식 쇼핑몰(앱)
※ 백화점/대형마트 등 일부 입점 매장 제외

[이용 조건]
전월 이용실적 40만원 이상 시 제공
* 관리에 진심 : 월 할인한도 10,000원",패션/뷰티 5% 할인,"[관리에 진심]
[미용실, 스포츠, 온라인서점, 올리브영 5% 할인]
- 미용실, 스포츠 : 미용실, 종합스포츠센터, 골프(연습)장, 테니스장, 수영장, 요가, 볼링장, 스포츠용품점, 레저용품점 업종
- 온라인서점 : 교보문고, YES24 공식 홈페이지(앱)
※ 오프라인 매장 결제건은 제외
- 올리브영 : 오프라인 매장 및 온라인 공식 쇼핑몰(앱)
※ 백화점/대형마트 등 일부 입점 매장 제외

[이용 조건]
전월 이용실적 40만원 이상 시 제공
* 관리에 진심 : 월 할인한도 10,000원",2026-06-05
09923_B0012,9923,주요혜택,관리에 진심,스포츠 5% 할인,레저/스포츠,9,Both,할인,5,%,"종합스포츠센터, 골프(연습)장, 테니스장, 수영장, 요가, 볼링장, 스포츠용품점, 레저용품점",전월 실적 40만원 이상,400000,,,,,,10000,원,,"[관리에 진심]
[미용실, 스포츠, 온라인서점, 올리브영 5% 할인]
- 미용실, 스포츠 : 미용실, 종합스포츠센터, 골프(연습)장, 테니스장, 수영장, 요가, 볼링장, 스포츠용품점, 레저용품점 업종
- 온라인서점 : 교보문고, YES24 공식 홈페이지(앱)
※ 오프라인 매장 결제건은 제외
- 올리브영 : 오프라인 매장 및 온라인 공식 쇼핑몰(앱)
※ 백화점/대형마트 등 일부 입점 매장 제외

[이용 조건]
전월 이용실적 40만원 이상 시 제공
* 관리에 진심 : 월 할인한도 10,000원",레저/스포츠 5% 할인,"[관리에 진심]
[미용실, 스포츠, 온라인서점, 올리브영 5% 할인]
- 미용실, 스포츠 : 미용실, 종합스포츠센터, 골프(연습)장, 테니스장, 수영장, 요가, 볼링장, 스포츠용품점, 레저용품점 업종
- 온라인서점 : 교보문고, YES24 공식 홈페이지(앱)
※ 오프라인 매장 결제건은 제외
- 올리브영 : 오프라인 매장 및 온라인 공식 쇼핑몰(앱)
※ 백화점/대형마트 등 일부 입점 매장 제외

[이용 조건]
전월 이용실적 40만원 이상 시 제공
* 관리에 진심 : 월 할인한도 10,000원",2026-06-05
09923_B0013,9923,주요혜택,관리에 진심,온라인서점 5% 할인,문화/엔터,11,Online,할인,5,%,"교보문고, YES24 공식 홈페이지(앱)",전월 실적 40만원 이상,400000,,,,,,10000,원,,"[관리에 진심]
[미용실, 스포츠, 온라인서점, 올리브영 5% 할인]
- 미용실, 스포츠 : 미용실, 종합스포츠센터, 골프(연습)장, 테니스장, 수영장, 요가, 볼링장, 스포츠용품점, 레저용품점 업종
- 온라인서점 : 교보문고, YES24 공식 홈페이지(앱)
※ 오프라인 매장 결제건은 제외
- 올리브영 : 오프라인 매장 및 온라인 공식 쇼핑몰(앱)
※ 백화점/대형마트 등 일부 입점 매장 제외

[이용 조건]
전월 이용실적 40만원 이상 시 제공
* 관리에 진심 : 월 할인한도 10,000원",문화/엔터 5% 할인,"[관리에 진심]
[미용실, 스포츠, 온라인서점, 올리브영 5% 할인]
- 미용실, 스포츠 : 미용실, 종합스포츠센터, 골프(연습)장, 테니스장, 수영장, 요가, 볼링장, 스포츠용품점, 레저용품점 업종
- 온라인서점 : 교보문고, YES24 공식 홈페이지(앱)
※ 오프라인 매장 결제건은 제외
- 올리브영 : 오프라인 매장 및 온라인 공식 쇼핑몰(앱)
※ 백화점/대형마트 등 일부 입점 매장 제외

[이용 조건]
전월 이용실적 40만원 이상 시 제공
* 관리에 진심 : 월 할인한도 10,000원",2026-06-05
09923_B0014,9923,안내,(Happy Birth Month),Happy Birth Month,기타,22,Both,서비스,,,,전월 실적 40만원 이상,400000,,,,,,,,,"[(Happy Birth Month)]
[고객님의 생일을 진심으로 축하드리는 마음을 담아 , 생일 월에는 '더욱 진심' 서비스 할인한도가 2배 제공됩니다. 즐거운 혜택을 이용하세요!]
- 먹는데 진심/노는데 진심 : 월 5천원 -> 월 1만원
- 관리에 진심 : 월 1만원 -> 월 2만원
- Happy Birth Month는 전월 이용실적 40만원 이상 시 제공되며, 실적유예기간 제공 없음
  (카드발급 후 전월 이용실적 조건 충족 시 서비스 제공)
- 생일 월은 KB국민카드에 등록된 회원정보 기준으로 제공

[이용 조건]
* 먹는데 진심 : 월 할인한도 5,000원","생일 월 할인한도 2배 제공 (먹는데 진심·노는데 진심 월 5천→1만원, 관리에 진심 월 1만→2만원)","[(Happy Birth Month)]
[고객님의 생일을 진심으로 축하드리는 마음을 담아 , 생일 월에는 '더욱 진심' 서비스 할인한도가 2배 제공됩니다. 즐거운 혜택을 이용하세요!]
- 먹는데 진심/노는데 진심 : 월 5천원 -> 월 1만원
- 관리에 진심 : 월 1만원 -> 월 2만원
- Happy Birth Month는 전월 이용실적 40만원 이상 시 제공되며, 실적유예기간 제공 없음
  (카드발급 후 전월 이용실적 조건 충족 시 서비스 제공)
- 생일 월은 KB국민카드에 등록된 회원정보 기준으로 제공

[이용 조건]
* 먹는데 진심 : 월 할인한도 5,000원",2026-06-05
09923_B0015,9923,안내,(전월실적 채워드림),전월실적 채워드림,기타,22,,서비스,,,,,,,,,,,,,,"[(전월실적 채워드림)]
[전월실적이 조금 부족하다면! 전월실적 채워드림 을 이용하세요. 5만원 한도 내로 연 2회 무료로 저희가 채워드립니다.]
- 전월 이용실적이 부족하여 이번 달 할인혜택을 못 받을 때 할인 혜택이 제공될 수 있도록 My WE:SH 카드의 전월실적을 채워드리는 서비스
- 전월 이용실적 35만원 이상 40만원 미만인 고객
- 본인 회원 기준 월 1회, 연 2회 신청가능
- 서비스 신청 후 취소 불가
- Happy Birth Month가 제공되는 생일 월에는 신청 불가",전월실적 35만원 이상 40만원 미만 시 5만원 한도 내 연 2회 무료 충전,"[(전월실적 채워드림)]
[전월실적이 조금 부족하다면! 전월실적 채워드림 을 이용하세요. 5만원 한도 내로 연 2회 무료로 저희가 채워드립니다.]
- 전월 이용실적이 부족하여 이번 달 할인혜택을 못 받을 때 할인 혜택이 제공될 수 있도록 My WE:SH 카드의 전월실적을 채워드리는 서비스
- 전월 이용실적 35만원 이상 40만원 미만인 고객
- 본인 회원 기준 월 1회, 연 2회 신청가능
- 서비스 신청 후 취소 불가
- Happy Birth Month가 제공되는 생일 월에는 신청 불가",2026-06-05
04425_B0001,4425,주요혜택,라이트할부 할인,라이트할부 할인서비스,생활비,22,Both,할인,10000,원,LG전자 베스트샵,전월 이용 금액 30만원 이상 80만원 미만,300000,800000,,,,,,,,"[라이트할부 할인서비스]
LG전자 베스트샵에서 가전제품 라이트할부 구매 및 전월 이용실적 30만원/80만원 충족 시, 1만원 ~ 1만 5천원 할인

라이트할부 할인서비스, 꼭 알아두세요!
라이트할부 이용금액을 중도 상환하셔도 별도의 위약금은 발생하지 않습니다. 그러나 전액 중도상환 시 카드 이용실적 충족 하였더라도 중도상환 다다음달 부터 할인 제공되지 않습니다. 라이트할부 약정에 따른 상품할인서비스는 본인회원 기준 월 1회만 적용 됩니다. (가족카드로 추가 약정하셔도 별도 할인되지 않습니다.)
라이트할부 이용 여부는 전월 말일 기준 LG전자 KB국민카드로 이용한 라이트할부 잔액 유무 기준으로 적용합니다.
LG전자 라이트할부 이용 시 전월 이용실적 및 전월 말 라이트할부 이용 여부에 따라 다음 달 15일(휴일일 경우 다음 영업일) 할인금액 생성되어 회원 결제일에 따라 반영 됩니다. (예) 결제일 매월 5일인 고객 : 4월 이용실적 35만원 충족 및 4월 말일기준 라이트할부 잔액 존재 시, 5월 15일 할인금액 1만원 생성 → 5월 23일 명세서 추출 시 반영되어, 6월 5일 카드청구금액에서 1만원원 할인
최초 카드발급 후 사용등록일로부터 다음 달 말까지는 전월 이용실적 5만원 이상 ~ 30만원 미만 시에도 전월 말일 기준 라이트할부 잔액 존재 시 다음 달 1만원 할인 적용됩니다.
라이트할부 이용 시 할인의 경우 총 이용금액에서 할인 적용, 카드 청구금액이 할인금액보다 적을 경우 잔여할인한도만큼 환급됩니다. (예) 카드 청구금액 1만 5천원, 라이트할부 할인금액 1만원일 시 → 5천원 청구 카드 청구금액 8천원, 라이트할부 할인금액 1만원일 시 → 2천원 환급(고객 결제일에 캐시백)
라이트할부 이용 건수는 월 2건, 연 5건(월 기준 : 1일 ~ 말일, 연 기준 : 1월 ~ 12월) 으로 제한되며, 가족회원의 이용 건수는 본인회원 이용 건수에 포함됩니다. (취소 발생 및 라이트할부 잔액 완제 시 , 익일 사용가능 횟수 복원됩니다.)",라이트할부 할인서비스,"[라이트할부 할인서비스]
LG전자 베스트샵에서 가전제품 라이트할부 구매 및 전월 이용실적 30만원/80만원 충족 시, 1만원 ~ 1만 5천원 할인

라이트할부 할인서비스, 꼭 알아두세요!
라이트할부 이용금액을 중도 상환하셔도 별도의 위약금은 발생하지 않습니다. 그러나 전액 중도상환 시 카드 이용실적 충족 하였더라도 중도상환 다다음달 부터 할인 제공되지 않습니다. 라이트할부 약정에 따른 상품할인서비스는 본인회원 기준 월 1회만 적용 됩니다. (가족카드로 추가 약정하셔도 별도 할인되지 않습니다.)
라이트할부 이용 여부는 전월 말일 기준 LG전자 KB국민카드로 이용한 라이트할부 잔액 유무 기준으로 적용합니다.
LG전자 라이트할부 이용 시 전월 이용실적 및 전월 말 라이트할부 이용 여부에 따라 다음 달 15일(휴일일 경우 다음 영업일) 할인금액 생성되어 회원 결제일에 따라 반영 됩니다. (예) 결제일 매월 5일인 고객 : 4월 이용실적 35만원 충족 및 4월 말일기준 라이트할부 잔액 존재 시, 5월 15일 할인금액 1만원 생성 → 5월 23일 명세서 추출 시 반영되어, 6월 5일 카드청구금액에서 1만원원 할인
최초 카드발급 후 사용등록일로부터 다음 달 말까지는 전월 이용실적 5만원 이상 ~ 30만원 미만 시에도 전월 말일 기준 라이트할부 잔액 존재 시 다음 달 1만원 할인 적용됩니다.
라이트할부 이용 시 할인의 경우 총 이용금액에서 할인 적용, 카드 청구금액이 할인금액보다 적을 경우 잔여할인한도만큼 환급됩니다. (예) 카드 청구금액 1만 5천원, 라이트할부 할인금액 1만원일 시 → 5천원 청구 카드 청구금액 8천원, 라이트할부 할인금액 1만원일 시 → 2천원 환급(고객 결제일에 캐시백)
라이트할부 이용 건수는 월 2건, 연 5건(월 기준 : 1일 ~ 말일, 연 기준 : 1월 ~ 12월) 으로 제한되며, 가족회원의 이용 건수는 본인회원 이용 건수에 포함됩니다. (취소 발생 및 라이트할부 잔액 완제 시 , 익일 사용가능 횟수 복원됩니다.)",2026-06-02
04425_B0002,4425,주요혜택,라이트할부 할인,라이트할부 할인서비스,생활비,22,Both,할인,15000,원,LG전자 베스트샵,전월 이용 금액 80만원 이상 시,800000,,,,,,,,,"[라이트할부 할인서비스]
LG전자 베스트샵에서 가전제품 라이트할부 구매 및 전월 이용실적 30만원/80만원 충족 시, 1만원 ~ 1만 5천원 할인

라이트할부 할인서비스, 꼭 알아두세요!
라이트할부 이용금액을 중도 상환하셔도 별도의 위약금은 발생하지 않습니다. 그러나 전액 중도상환 시 카드 이용실적 충족 하였더라도 중도상환 다다음달 부터 할인 제공되지 않습니다. 라이트할부 약정에 따른 상품할인서비스는 본인회원 기준 월 1회만 적용 됩니다. (가족카드로 추가 약정하셔도 별도 할인되지 않습니다.)
라이트할부 이용 여부는 전월 말일 기준 LG전자 KB국민카드로 이용한 라이트할부 잔액 유무 기준으로 적용합니다.
LG전자 라이트할부 이용 시 전월 이용실적 및 전월 말 라이트할부 이용 여부에 따라 다음 달 15일(휴일일 경우 다음 영업일) 할인금액 생성되어 회원 결제일에 따라 반영 됩니다. (예) 결제일 매월 5일인 고객 : 4월 이용실적 35만원 충족 및 4월 말일기준 라이트할부 잔액 존재 시, 5월 15일 할인금액 1만원 생성 → 5월 23일 명세서 추출 시 반영되어, 6월 5일 카드청구금액에서 1만원원 할인
최초 카드발급 후 사용등록일로부터 다음 달 말까지는 전월 이용실적 5만원 이상 ~ 30만원 미만 시에도 전월 말일 기준 라이트할부 잔액 존재 시 다음 달 1만원 할인 적용됩니다.
라이트할부 이용 시 할인의 경우 총 이용금액에서 할인 적용, 카드 청구금액이 할인금액보다 적을 경우 잔여할인한도만큼 환급됩니다. (예) 카드 청구금액 1만 5천원, 라이트할부 할인금액 1만원일 시 → 5천원 청구 카드 청구금액 8천원, 라이트할부 할인금액 1만원일 시 → 2천원 환급(고객 결제일에 캐시백)
라이트할부 이용 건수는 월 2건, 연 5건(월 기준 : 1일 ~ 말일, 연 기준 : 1월 ~ 12월) 으로 제한되며, 가족회원의 이용 건수는 본인회원 이용 건수에 포함됩니다. (취소 발생 및 라이트할부 잔액 완제 시 , 익일 사용가능 횟수 복원됩니다.)",라이트할부 할인서비스,"[라이트할부 할인서비스]
LG전자 베스트샵에서 가전제품 라이트할부 구매 및 전월 이용실적 30만원/80만원 충족 시, 1만원 ~ 1만 5천원 할인

라이트할부 할인서비스, 꼭 알아두세요!
라이트할부 이용금액을 중도 상환하셔도 별도의 위약금은 발생하지 않습니다. 그러나 전액 중도상환 시 카드 이용실적 충족 하였더라도 중도상환 다다음달 부터 할인 제공되지 않습니다. 라이트할부 약정에 따른 상품할인서비스는 본인회원 기준 월 1회만 적용 됩니다. (가족카드로 추가 약정하셔도 별도 할인되지 않습니다.)
라이트할부 이용 여부는 전월 말일 기준 LG전자 KB국민카드로 이용한 라이트할부 잔액 유무 기준으로 적용합니다.
LG전자 라이트할부 이용 시 전월 이용실적 및 전월 말 라이트할부 이용 여부에 따라 다음 달 15일(휴일일 경우 다음 영업일) 할인금액 생성되어 회원 결제일에 따라 반영 됩니다. (예) 결제일 매월 5일인 고객 : 4월 이용실적 35만원 충족 및 4월 말일기준 라이트할부 잔액 존재 시, 5월 15일 할인금액 1만원 생성 → 5월 23일 명세서 추출 시 반영되어, 6월 5일 카드청구금액에서 1만원원 할인
최초 카드발급 후 사용등록일로부터 다음 달 말까지는 전월 이용실적 5만원 이상 ~ 30만원 미만 시에도 전월 말일 기준 라이트할부 잔액 존재 시 다음 달 1만원 할인 적용됩니다.
라이트할부 이용 시 할인의 경우 총 이용금액에서 할인 적용, 카드 청구금액이 할인금액보다 적을 경우 잔여할인한도만큼 환급됩니다. (예) 카드 청구금액 1만 5천원, 라이트할부 할인금액 1만원일 시 → 5천원 청구 카드 청구금액 8천원, 라이트할부 할인금액 1만원일 시 → 2천원 환급(고객 결제일에 캐시백)
라이트할부 이용 건수는 월 2건, 연 5건(월 기준 : 1일 ~ 말일, 연 기준 : 1월 ~ 12월) 으로 제한되며, 가족회원의 이용 건수는 본인회원 이용 건수에 포함됩니다. (취소 발생 및 라이트할부 잔액 완제 시 , 익일 사용가능 횟수 복원됩니다.)",2026-06-02
04425_B0003,4425,주요혜택,구독(렌탈)요금 할인,구독(렌탈)요금 할인,생활비,22,Both,할인,10000,원,LG전자,전월 이용 금액 30만원 이상 80만원 미만,300000,800000,,,,,,,,"[LG전자 구독(렌탈)요금 할인 서비스 안내]
LG전자 구독(렌탈)요금 자동이체 시 전월 이용실적에 따라 다음 달 자동이체 승인 시 할인 적용
최초 카드발급 후 사용등록일로부터 다음 달 말까지는 전월 실적 조건 미달 시에도 1구간 할인 적용되어, 구독(렌탈)요금 자동이체 승인시 1만원 할인 적용됩니다.
할인금액보다 자동이체 승인금액이 작을 경우 승인금액만큼 할인 적용됩니다.
LG전자 구독(렌탈)요금 자동이체 승인 건이 여러 건인 경우 합산하여 월 할인금액 내에서 할인됩니다.
해당 구독(렌탈)요금 할인서비스는 LG전자 KB국민카드로 LG전자 구독(렌탈)요금 자동이체 시에만 제공되며, 카드 수령 후 LG전자 고객센터 (☎ 1544-7777)에서 자동이체를 별도로 신청하시기 바랍니다.

구독(렌탈)요금 할인",구독(렌탈)요금 할인,"[LG전자 구독(렌탈)요금 할인 서비스 안내]
LG전자 구독(렌탈)요금 자동이체 시 전월 이용실적에 따라 다음 달 자동이체 승인 시 할인 적용
최초 카드발급 후 사용등록일로부터 다음 달 말까지는 전월 실적 조건 미달 시에도 1구간 할인 적용되어, 구독(렌탈)요금 자동이체 승인시 1만원 할인 적용됩니다.
할인금액보다 자동이체 승인금액이 작을 경우 승인금액만큼 할인 적용됩니다.
LG전자 구독(렌탈)요금 자동이체 승인 건이 여러 건인 경우 합산하여 월 할인금액 내에서 할인됩니다.
해당 구독(렌탈)요금 할인서비스는 LG전자 KB국민카드로 LG전자 구독(렌탈)요금 자동이체 시에만 제공되며, 카드 수령 후 LG전자 고객센터 (☎ 1544-7777)에서 자동이체를 별도로 신청하시기 바랍니다.

구독(렌탈)요금 할인",2026-06-02
04425_B0004,4425,주요혜택,구독(렌탈)요금 할인,구독(렌탈)요금 할인,생활비,22,Both,할인,15000,원,LG전자,전월 이용 금액 80만원 이상 시,800000,,,,,,,,,"[LG전자 구독(렌탈)요금 할인 서비스 안내]
LG전자 구독(렌탈)요금 자동이체 시 전월 이용실적에 따라 다음 달 자동이체 승인 시 할인 적용
최초 카드발급 후 사용등록일로부터 다음 달 말까지는 전월 실적 조건 미달 시에도 1구간 할인 적용되어, 구독(렌탈)요금 자동이체 승인시 1만원 할인 적용됩니다.
할인금액보다 자동이체 승인금액이 작을 경우 승인금액만큼 할인 적용됩니다.
LG전자 구독(렌탈)요금 자동이체 승인 건이 여러 건인 경우 합산하여 월 할인금액 내에서 할인됩니다.
해당 구독(렌탈)요금 할인서비스는 LG전자 KB국민카드로 LG전자 구독(렌탈)요금 자동이체 시에만 제공되며, 카드 수령 후 LG전자 고객센터 (☎ 1544-7777)에서 자동이체를 별도로 신청하시기 바랍니다.

구독(렌탈)요금 할인",구독(렌탈)요금 할인,"[LG전자 구독(렌탈)요금 할인 서비스 안내]
LG전자 구독(렌탈)요금 자동이체 시 전월 이용실적에 따라 다음 달 자동이체 승인 시 할인 적용
최초 카드발급 후 사용등록일로부터 다음 달 말까지는 전월 실적 조건 미달 시에도 1구간 할인 적용되어, 구독(렌탈)요금 자동이체 승인시 1만원 할인 적용됩니다.
할인금액보다 자동이체 승인금액이 작을 경우 승인금액만큼 할인 적용됩니다.
LG전자 구독(렌탈)요금 자동이체 승인 건이 여러 건인 경우 합산하여 월 할인금액 내에서 할인됩니다.
해당 구독(렌탈)요금 할인서비스는 LG전자 KB국민카드로 LG전자 구독(렌탈)요금 자동이체 시에만 제공되며, 카드 수령 후 LG전자 고객센터 (☎ 1544-7777)에서 자동이체를 별도로 신청하시기 바랍니다.

구독(렌탈)요금 할인",2026-06-02
09922_B0001,9922,주요혜택,국내 및 해외 가맹점 할인,국내 가맹점 1% 할인,기타,22,Both,할인,1,%,국내 가맹점,,0,,,,,,,,,"[국내 가맹점 1% 할인]
전월 이용실적 조건 및 할인한도 없음",국내 가맹점 1% 할인,"[국내 가맹점 1% 할인]
전월 이용실적 조건 및 할인한도 없음",2026-06-02
09922_B0002,9922,주요혜택,국내 및 해외 가맹점 할인,해외 가맹점 2% 할인,해외,19,Both,할인,2,%,해외 가맹점,,,,,,40000,원,,,,"[해외 가맹점 2% 할인]
할인한도 : 월 4만원 (전월 이용실적 조건 없음)
해외 할인은 국내외겸용 카드에 한해 제공
해외 이용 시 별도의 수수료 부과되며, 자세한 내용은 '해외 이용 확인사항' 참조",해외 2% 할인,"[해외 가맹점 2% 할인]
할인한도 : 월 4만원 (전월 이용실적 조건 없음)
해외 할인은 국내외겸용 카드에 한해 제공
해외 이용 시 별도의 수수료 부과되며, 자세한 내용은 '해외 이용 확인사항' 참조",2026-06-02
09922_B0003,9922,주요혜택,자동이체 할인,쇼핑 멤버십,온라인쇼핑,1,Online,할인,50,%,"네이버플러스 멤버십, 쿠팡 로켓와우 멤버십 자동납부요금",전월 이용 금액 40만원 이상 시,400000,,,,,,3000,원,,"[쇼핑 멤버십 50% , OTT 10% , 이동통신 5% 할인(자동납부 할인)]
<table class=""benefit-table""><tr><th>구분</th><th>할인대상</th></tr><tr><td>쇼핑 멤버십</td><td>네이버플러스 멤버십, 쿠팡 로켓와우 멤버십 자동납부요금</td></tr><tr><td>OTT</td><td>넷플릭스, 유튜브 프리미엄, 웨이브, 티빙, 디즈니플러스 자동납부요금</td></tr><tr><td>이동통신</td><td>SKT, KT, LG U+, Liiv M 이동통신 자동납부요금</td></tr></table>
통합 월 할인한도 : 3천원 (전월이용실적 40만원 이상 시 제공)
최초 발급받은 KB ALL 카드 사용등록일(KB Pay 등 간편결제 등록 포함)로 부터 다음달 말일(실적유예기간)까지는 전월 이용실적 40만원 미만시에도 할인 제공
쇼핑 멤버십/OTT 할인은 공식 홈페이지를 통한 정기 결제 건에 한함 (간편결제 및 인앱결제 등은 할인 제외)
이동통신 할인은 인터넷/IPTV 등 결합상품 할인 제외",온라인쇼핑 50% 할인,"[쇼핑 멤버십 50% , OTT 10% , 이동통신 5% 할인(자동납부 할인)]
<table class=""benefit-table""><tr><th>구분</th><th>할인대상</th></tr><tr><td>쇼핑 멤버십</td><td>네이버플러스 멤버십, 쿠팡 로켓와우 멤버십 자동납부요금</td></tr><tr><td>OTT</td><td>넷플릭스, 유튜브 프리미엄, 웨이브, 티빙, 디즈니플러스 자동납부요금</td></tr><tr><td>이동통신</td><td>SKT, KT, LG U+, Liiv M 이동통신 자동납부요금</td></tr></table>
통합 월 할인한도 : 3천원 (전월이용실적 40만원 이상 시 제공)
최초 발급받은 KB ALL 카드 사용등록일(KB Pay 등 간편결제 등록 포함)로 부터 다음달 말일(실적유예기간)까지는 전월 이용실적 40만원 미만시에도 할인 제공
쇼핑 멤버십/OTT 할인은 공식 홈페이지를 통한 정기 결제 건에 한함 (간편결제 및 인앱결제 등은 할인 제외)
이동통신 할인은 인터넷/IPTV 등 결합상품 할인 제외",2026-06-02
09922_B0004,9922,주요혜택,자동이체 할인,OTT,구독/스트리밍,8,Online,할인,10,%,"넷플릭스, 유튜브 프리미엄, 웨이브, 티빙, 디즈니플러스 자동납부요금",전월 이용 금액 40만원 이상 시,400000,,,,,,3000,원,,"[쇼핑 멤버십 50% , OTT 10% , 이동통신 5% 할인(자동납부 할인)]
<table class=""benefit-table""><tr><th>구분</th><th>할인대상</th></tr><tr><td>쇼핑 멤버십</td><td>네이버플러스 멤버십, 쿠팡 로켓와우 멤버십 자동납부요금</td></tr><tr><td>OTT</td><td>넷플릭스, 유튜브 프리미엄, 웨이브, 티빙, 디즈니플러스 자동납부요금</td></tr><tr><td>이동통신</td><td>SKT, KT, LG U+, Liiv M 이동통신 자동납부요금</td></tr></table>
통합 월 할인한도 : 3천원 (전월이용실적 40만원 이상 시 제공)
최초 발급받은 KB ALL 카드 사용등록일(KB Pay 등 간편결제 등록 포함)로 부터 다음달 말일(실적유예기간)까지는 전월 이용실적 40만원 미만시에도 할인 제공
쇼핑 멤버십/OTT 할인은 공식 홈페이지를 통한 정기 결제 건에 한함 (간편결제 및 인앱결제 등은 할인 제외)
이동통신 할인은 인터넷/IPTV 등 결합상품 할인 제외",구독/스트리밍 10% 할인,"[쇼핑 멤버십 50% , OTT 10% , 이동통신 5% 할인(자동납부 할인)]
<table class=""benefit-table""><tr><th>구분</th><th>할인대상</th></tr><tr><td>쇼핑 멤버십</td><td>네이버플러스 멤버십, 쿠팡 로켓와우 멤버십 자동납부요금</td></tr><tr><td>OTT</td><td>넷플릭스, 유튜브 프리미엄, 웨이브, 티빙, 디즈니플러스 자동납부요금</td></tr><tr><td>이동통신</td><td>SKT, KT, LG U+, Liiv M 이동통신 자동납부요금</td></tr></table>
통합 월 할인한도 : 3천원 (전월이용실적 40만원 이상 시 제공)
최초 발급받은 KB ALL 카드 사용등록일(KB Pay 등 간편결제 등록 포함)로 부터 다음달 말일(실적유예기간)까지는 전월 이용실적 40만원 미만시에도 할인 제공
쇼핑 멤버십/OTT 할인은 공식 홈페이지를 통한 정기 결제 건에 한함 (간편결제 및 인앱결제 등은 할인 제외)
이동통신 할인은 인터넷/IPTV 등 결합상품 할인 제외",2026-06-02
09922_B0005,9922,주요혜택,자동이체 할인,이동통신,생활비,12,Online,할인,5,%,"SKT, KT, LG U+, Liiv M 이동통신 자동납부요금",전월 이용 금액 40만원 이상 시,400000,,,,,,3000,원,,"[쇼핑 멤버십 50% , OTT 10% , 이동통신 5% 할인(자동납부 할인)]
<table class=""benefit-table""><tr><th>구분</th><th>할인대상</th></tr><tr><td>쇼핑 멤버십</td><td>네이버플러스 멤버십, 쿠팡 로켓와우 멤버십 자동납부요금</td></tr><tr><td>OTT</td><td>넷플릭스, 유튜브 프리미엄, 웨이브, 티빙, 디즈니플러스 자동납부요금</td></tr><tr><td>이동통신</td><td>SKT, KT, LG U+, Liiv M 이동통신 자동납부요금</td></tr></table>
통합 월 할인한도 : 3천원 (전월이용실적 40만원 이상 시 제공)
최초 발급받은 KB ALL 카드 사용등록일(KB Pay 등 간편결제 등록 포함)로 부터 다음달 말일(실적유예기간)까지는 전월 이용실적 40만원 미만시에도 할인 제공
쇼핑 멤버십/OTT 할인은 공식 홈페이지를 통한 정기 결제 건에 한함 (간편결제 및 인앱결제 등은 할인 제외)
이동통신 할인은 인터넷/IPTV 등 결합상품 할인 제외",생활비 5% 할인,"[쇼핑 멤버십 50% , OTT 10% , 이동통신 5% 할인(자동납부 할인)]
<table class=""benefit-table""><tr><th>구분</th><th>할인대상</th></tr><tr><td>쇼핑 멤버십</td><td>네이버플러스 멤버십, 쿠팡 로켓와우 멤버십 자동납부요금</td></tr><tr><td>OTT</td><td>넷플릭스, 유튜브 프리미엄, 웨이브, 티빙, 디즈니플러스 자동납부요금</td></tr><tr><td>이동통신</td><td>SKT, KT, LG U+, Liiv M 이동통신 자동납부요금</td></tr></table>
통합 월 할인한도 : 3천원 (전월이용실적 40만원 이상 시 제공)
최초 발급받은 KB ALL 카드 사용등록일(KB Pay 등 간편결제 등록 포함)로 부터 다음달 말일(실적유예기간)까지는 전월 이용실적 40만원 미만시에도 할인 제공
쇼핑 멤버십/OTT 할인은 공식 홈페이지를 통한 정기 결제 건에 한함 (간편결제 및 인앱결제 등은 할인 제외)
이동통신 할인은 인터넷/IPTV 등 결합상품 할인 제외",2026-06-02
09790_B0001,9790,주요혜택,EDU 할인,EDU 할인,교육/육아,20,Both,할인,5,%,교육 관련 업종,전월 이용 금액 40만원 이상 80만원 미만 시,400000,800000,0,,10000,원,,,,"[EDU 할인]
<table class=""benefit-table""><tr><th>대상 업종 / 결제방법</th><th>할인율</th><th>전월실적</th><th>월 할인한도</th></tr><tr><td rowspan=""3"">교육 관련 업종*</td><td rowspan=""3"">5%</td><td>40만원 이상</td><td>1만원</td></tr><tr><td>80만원 이상</td><td>2만원</td></tr><tr><td>160만원 이상</td><td>3만원</td></tr><tr><td>KB Pay 결제 시 추가 할인</td><td>5%</td><td>80만원 이상</td><td>3천원</td></tr></table>
교육 관련 업종 서비스는 최초 카드 사용등록일(KB Pay 등 간편결제 등록 포함)로 부터 다음달 말일(실적유예기간)까지 KB NEED Edu카드 전월실적 40만원 미만 시 40만원 이상 80만원 미만 구간으로 할인 제공(단, 월 할인한도는 5천원으로 적용) ※ 최초 카드 사용등록월의 실적이 40만원 이상일 경우에는 다음달에 해당 실적 구간의 할인 제공
KB Pay 결제 시 추가 할인 서비스는 실적유예 미적용
업종은 당사 업종분류기준에 따름
할인 대상 업종은 당사 업종분류기준에 따름
KB Pay 결제 시 추가 할인은 교육 관련 업종에서 이용 시 제공",교육/육아 5% 할인,"[EDU 할인]
<table class=""benefit-table""><tr><th>대상 업종 / 결제방법</th><th>할인율</th><th>전월실적</th><th>월 할인한도</th></tr><tr><td rowspan=""3"">교육 관련 업종*</td><td rowspan=""3"">5%</td><td>40만원 이상</td><td>1만원</td></tr><tr><td>80만원 이상</td><td>2만원</td></tr><tr><td>160만원 이상</td><td>3만원</td></tr><tr><td>KB Pay 결제 시 추가 할인</td><td>5%</td><td>80만원 이상</td><td>3천원</td></tr></table>
교육 관련 업종 서비스는 최초 카드 사용등록일(KB Pay 등 간편결제 등록 포함)로 부터 다음달 말일(실적유예기간)까지 KB NEED Edu카드 전월실적 40만원 미만 시 40만원 이상 80만원 미만 구간으로 할인 제공(단, 월 할인한도는 5천원으로 적용) ※ 최초 카드 사용등록월의 실적이 40만원 이상일 경우에는 다음달에 해당 실적 구간의 할인 제공
KB Pay 결제 시 추가 할인 서비스는 실적유예 미적용
업종은 당사 업종분류기준에 따름
할인 대상 업종은 당사 업종분류기준에 따름
KB Pay 결제 시 추가 할인은 교육 관련 업종에서 이용 시 제공",2026-06-02
09790_B0002,9790,주요혜택,EDU 할인,EDU 할인,교육/육아,20,Both,할인,5,%,교육 관련 업종,전월 이용 금액 80만원 이상 160만원 미만 시,800000,1600000,0,,20000,원,,,,"[EDU 할인]
<table class=""benefit-table""><tr><th>대상 업종 / 결제방법</th><th>할인율</th><th>전월실적</th><th>월 할인한도</th></tr><tr><td rowspan=""3"">교육 관련 업종*</td><td rowspan=""3"">5%</td><td>40만원 이상</td><td>1만원</td></tr><tr><td>80만원 이상</td><td>2만원</td></tr><tr><td>160만원 이상</td><td>3만원</td></tr><tr><td>KB Pay 결제 시 추가 할인</td><td>5%</td><td>80만원 이상</td><td>3천원</td></tr></table>
교육 관련 업종 서비스는 최초 카드 사용등록일(KB Pay 등 간편결제 등록 포함)로 부터 다음달 말일(실적유예기간)까지 KB NEED Edu카드 전월실적 40만원 미만 시 40만원 이상 80만원 미만 구간으로 할인 제공(단, 월 할인한도는 5천원으로 적용) ※ 최초 카드 사용등록월의 실적이 40만원 이상일 경우에는 다음달에 해당 실적 구간의 할인 제공
KB Pay 결제 시 추가 할인 서비스는 실적유예 미적용
업종은 당사 업종분류기준에 따름
할인 대상 업종은 당사 업종분류기준에 따름
KB Pay 결제 시 추가 할인은 교육 관련 업종에서 이용 시 제공",교육/육아 5% 할인,"[EDU 할인]
<table class=""benefit-table""><tr><th>대상 업종 / 결제방법</th><th>할인율</th><th>전월실적</th><th>월 할인한도</th></tr><tr><td rowspan=""3"">교육 관련 업종*</td><td rowspan=""3"">5%</td><td>40만원 이상</td><td>1만원</td></tr><tr><td>80만원 이상</td><td>2만원</td></tr><tr><td>160만원 이상</td><td>3만원</td></tr><tr><td>KB Pay 결제 시 추가 할인</td><td>5%</td><td>80만원 이상</td><td>3천원</td></tr></table>
교육 관련 업종 서비스는 최초 카드 사용등록일(KB Pay 등 간편결제 등록 포함)로 부터 다음달 말일(실적유예기간)까지 KB NEED Edu카드 전월실적 40만원 미만 시 40만원 이상 80만원 미만 구간으로 할인 제공(단, 월 할인한도는 5천원으로 적용) ※ 최초 카드 사용등록월의 실적이 40만원 이상일 경우에는 다음달에 해당 실적 구간의 할인 제공
KB Pay 결제 시 추가 할인 서비스는 실적유예 미적용
업종은 당사 업종분류기준에 따름
할인 대상 업종은 당사 업종분류기준에 따름
KB Pay 결제 시 추가 할인은 교육 관련 업종에서 이용 시 제공",2026-06-02
09790_B0003,9790,주요혜택,EDU 할인,EDU 할인,교육/육아,20,Both,할인,5,%,KB Pay 결제 시 추가 할인,전월 이용 금액 80만원 이상 시,800000,0,0,,3000,원,,,,"[EDU 할인]
<table class=""benefit-table""><tr><th>대상 업종 / 결제방법</th><th>할인율</th><th>전월실적</th><th>월 할인한도</th></tr><tr><td rowspan=""3"">교육 관련 업종*</td><td rowspan=""3"">5%</td><td>40만원 이상</td><td>1만원</td></tr><tr><td>80만원 이상</td><td>2만원</td></tr><tr><td>160만원 이상</td><td>3만원</td></tr><tr><td>KB Pay 결제 시 추가 할인</td><td>5%</td><td>80만원 이상</td><td>3천원</td></tr></table>
교육 관련 업종 서비스는 최초 카드 사용등록일(KB Pay 등 간편결제 등록 포함)로 부터 다음달 말일(실적유예기간)까지 KB NEED Edu카드 전월실적 40만원 미만 시 40만원 이상 80만원 미만 구간으로 할인 제공(단, 월 할인한도는 5천원으로 적용) ※ 최초 카드 사용등록월의 실적이 40만원 이상일 경우에는 다음달에 해당 실적 구간의 할인 제공
KB Pay 결제 시 추가 할인 서비스는 실적유예 미적용
업종은 당사 업종분류기준에 따름
할인 대상 업종은 당사 업종분류기준에 따름
KB Pay 결제 시 추가 할인은 교육 관련 업종에서 이용 시 제공",교육/육아 5% 할인,"[EDU 할인]
<table class=""benefit-table""><tr><th>대상 업종 / 결제방법</th><th>할인율</th><th>전월실적</th><th>월 할인한도</th></tr><tr><td rowspan=""3"">교육 관련 업종*</td><td rowspan=""3"">5%</td><td>40만원 이상</td><td>1만원</td></tr><tr><td>80만원 이상</td><td>2만원</td></tr><tr><td>160만원 이상</td><td>3만원</td></tr><tr><td>KB Pay 결제 시 추가 할인</td><td>5%</td><td>80만원 이상</td><td>3천원</td></tr></table>
교육 관련 업종 서비스는 최초 카드 사용등록일(KB Pay 등 간편결제 등록 포함)로 부터 다음달 말일(실적유예기간)까지 KB NEED Edu카드 전월실적 40만원 미만 시 40만원 이상 80만원 미만 구간으로 할인 제공(단, 월 할인한도는 5천원으로 적용) ※ 최초 카드 사용등록월의 실적이 40만원 이상일 경우에는 다음달에 해당 실적 구간의 할인 제공
KB Pay 결제 시 추가 할인 서비스는 실적유예 미적용
업종은 당사 업종분류기준에 따름
할인 대상 업종은 당사 업종분류기준에 따름
KB Pay 결제 시 추가 할인은 교육 관련 업종에서 이용 시 제공",2026-06-02
09790_B0004,9790,주요혜택,생활 영역 할인,생활 영역 할인,의료,21,Both,할인,5,%,"병원, 약국",전월 이용 금액 80만원 이상 시,800000,0,0,,,,5000,원,,"[생활 영역 할인]
<table class=""benefit-table""><tr><th>대상 업종</th><th>할인율</th><th>전월실적</th><th>월 할인한도</th></tr><tr><td>병원, 약국, 커피</td><td>5%</td><td>80만원 이상</td><td>5천원</td></tr></table>
실적유예 미적용",의료 5% 할인,"[생활 영역 할인]
<table class=""benefit-table""><tr><th>대상 업종</th><th>할인율</th><th>전월실적</th><th>월 할인한도</th></tr><tr><td>병원, 약국, 커피</td><td>5%</td><td>80만원 이상</td><td>5천원</td></tr></table>
실적유예 미적용",2026-06-02
09790_B0005,9790,주요혜택,생활 영역 할인,생활 영역 할인,카페/베이커리,14,Both,할인,5,%,커피,전월 이용 금액 80만원 이상 시,800000,0,0,,,,5000,원,,"[생활 영역 할인]
<table class=""benefit-table""><tr><th>대상 업종</th><th>할인율</th><th>전월실적</th><th>월 할인한도</th></tr><tr><td>병원, 약국, 커피</td><td>5%</td><td>80만원 이상</td><td>5천원</td></tr></table>
실적유예 미적용",카페/베이킹 5% 할인,"[생활 영역 할인]
<table class=""benefit-table""><tr><th>대상 업종</th><th>할인율</th><th>전월실적</th><th>월 할인한도</th></tr><tr><td>병원, 약국, 커피</td><td>5%</td><td>80만원 이상</td><td>5천원</td></tr></table>
실적유예 미적용",2026-06-02
04325_B0001,4325,주요혜택,상세혜택,쿠쿠렌탈 자동납부요금 청구할인 (1구간),생활비,12,Online,할인,12000,원,쿠쿠렌탈,전월 이용 금액 30만원 이상 시,300000,,,,,,,,,"쿠쿠렌탈 자동납부요금 청구할인
<table class=""benefit-table""><tr><th rowspan=""2"">구 분</th><th colspan=""2"">전월 이용실적에 따른 월간 할인 금액</th></tr><tr><th>1구간(30만원 이상)</th><th>2구간(70만원 이상)</th></tr><tr><th>쿠쿠렌탈 요금 자동납부</th><td>1만2천원</td><td>1만7천원</td></tr></table>
최초 카드 사용 등록일로부터 다음달 말일까지는 KB국민 쿠쿠렌탈Ⅱ 카드 전월 이용실적이 없는 경우에도 1구간(전월 이용실적 30만원 이상)에 해당하는 할인 서비스가 적용됩니다.
할인금액보다 자동납부 승인금액이 작을 경우 승인금액만큼 할인 적용됩니다. (예시) 전월 이용실적이 30만원 이상, 자동납부 승인금액이 9,000원인 경우 9,000원이 할인됩니다.
쿠쿠 렌탈 자동납부 승인 건이 여러 건인 경우 합산하여 월 할인한도 내에서 할인 됩니다.
KB국민 쿠쿠렌탈Ⅱ카드로 쿠쿠렌탈 요금을 자동납부하시는 경우에 한하여 할인이 제공되며, 카드 수령 후 쿠쿠렌탈 고객센터에서 자동납부를 별도로 신청하시기 바랍니다.","생활비 12,000원 할인","쿠쿠렌탈 자동납부요금 청구할인
<table class=""benefit-table""><tr><th rowspan=""2"">구 분</th><th colspan=""2"">전월 이용실적에 따른 월간 할인 금액</th></tr><tr><th>1구간(30만원 이상)</th><th>2구간(70만원 이상)</th></tr><tr><th>쿠쿠렌탈 요금 자동납부</th><td>1만2천원</td><td>1만7천원</td></tr></table>
최초 카드 사용 등록일로부터 다음달 말일까지는 KB국민 쿠쿠렌탈Ⅱ 카드 전월 이용실적이 없는 경우에도 1구간(전월 이용실적 30만원 이상)에 해당하는 할인 서비스가 적용됩니다.
할인금액보다 자동납부 승인금액이 작을 경우 승인금액만큼 할인 적용됩니다. (예시) 전월 이용실적이 30만원 이상, 자동납부 승인금액이 9,000원인 경우 9,000원이 할인됩니다.
쿠쿠 렌탈 자동납부 승인 건이 여러 건인 경우 합산하여 월 할인한도 내에서 할인 됩니다.
KB국민 쿠쿠렌탈Ⅱ카드로 쿠쿠렌탈 요금을 자동납부하시는 경우에 한하여 할인이 제공되며, 카드 수령 후 쿠쿠렌탈 고객센터에서 자동납부를 별도로 신청하시기 바랍니다.",2026-06-02
04325_B0002,4325,주요혜택,상세혜택,쿠쿠렌탈 자동납부요금 청구할인 (2구간),생활비,12,Online,할인,17000,원,쿠쿠렌탈,전월 이용 금액 70만원 이상 시,700000,,,,,,,,,"쿠쿠렌탈 자동납부요금 청구할인
<table class=""benefit-table""><tr><th rowspan=""2"">구 분</th><th colspan=""2"">전월 이용실적에 따른 월간 할인 금액</th></tr><tr><th>1구간(30만원 이상)</th><th>2구간(70만원 이상)</th></tr><tr><th>쿠쿠렌탈 요금 자동납부</th><td>1만2천원</td><td>1만7천원</td></tr></table>
최초 카드 사용 등록일로부터 다음달 말일까지는 KB국민 쿠쿠렌탈Ⅱ 카드 전월 이용실적이 없는 경우에도 1구간(전월 이용실적 30만원 이상)에 해당하는 할인 서비스가 적용됩니다.
할인금액보다 자동납부 승인금액이 작을 경우 승인금액만큼 할인 적용됩니다. (예시) 전월 이용실적이 30만원 이상, 자동납부 승인금액이 9,000원인 경우 9,000원이 할인됩니다.
쿠쿠 렌탈 자동납부 승인 건이 여러 건인 경우 합산하여 월 할인한도 내에서 할인 됩니다.
KB국민 쿠쿠렌탈Ⅱ카드로 쿠쿠렌탈 요금을 자동납부하시는 경우에 한하여 할인이 제공되며, 카드 수령 후 쿠쿠렌탈 고객센터에서 자동납부를 별도로 신청하시기 바랍니다.","생활비 17,000원 할인","쿠쿠렌탈 자동납부요금 청구할인
<table class=""benefit-table""><tr><th rowspan=""2"">구 분</th><th colspan=""2"">전월 이용실적에 따른 월간 할인 금액</th></tr><tr><th>1구간(30만원 이상)</th><th>2구간(70만원 이상)</th></tr><tr><th>쿠쿠렌탈 요금 자동납부</th><td>1만2천원</td><td>1만7천원</td></tr></table>
최초 카드 사용 등록일로부터 다음달 말일까지는 KB국민 쿠쿠렌탈Ⅱ 카드 전월 이용실적이 없는 경우에도 1구간(전월 이용실적 30만원 이상)에 해당하는 할인 서비스가 적용됩니다.
할인금액보다 자동납부 승인금액이 작을 경우 승인금액만큼 할인 적용됩니다. (예시) 전월 이용실적이 30만원 이상, 자동납부 승인금액이 9,000원인 경우 9,000원이 할인됩니다.
쿠쿠 렌탈 자동납부 승인 건이 여러 건인 경우 합산하여 월 할인한도 내에서 할인 됩니다.
KB국민 쿠쿠렌탈Ⅱ카드로 쿠쿠렌탈 요금을 자동납부하시는 경우에 한하여 할인이 제공되며, 카드 수령 후 쿠쿠렌탈 고객센터에서 자동납부를 별도로 신청하시기 바랍니다.",2026-06-02
04331_B0001,4331,주요혜택,상세혜택,세라젬 렌탈요금 자동납부,생활비,22,Online,할인,12000,원,세라젬,전월 이용 금액 30만원 이상 시,300000,,,,,,,,,"세라젬 자동납부요금 청구할인
<table class=""benefit-table""><tr><th rowspan=""2"">구 분</th><th colspan=""2"">전월 이용실적에 따른 월간 할인 금액</th></tr><tr><th>1구간(30만원 이상)</th><th>2구간(70만원 이상)</th></tr><tr><th>세라젬 렌탈요금 자동납부</th><td>1만2천원</td><td>1만7천원</td></tr></table>
최초 카드 사용 등록일로부터 다음달 말일까지는 세라젬 KB국민카드 전월 이용실적이 없는 경우에도 1구간(전월 이용실적 30만원 이상)에 해당하는 할인 서비스가 적용됩니다.
할인 금액보다 자동납부 승인금액이 작을 경우 승인금액까지만 할인이 적용됩니다. (예시) 전월 이용실적이 30만원 이상, 자동납부 승인금액이 9,000원인 경우 9,000원이 할인됩니다.
세라젬 렌탈요금 자동납부 승인 건이 여러 건인 경우 합산하여 월 할인금액 내에서 할인 됩니다.
세라젬 KB국민카드로 세라젬 렌탈요금을 자동납부하시는 경우에 한하여 할인이 제공되며, 카드 수령 후 세라젬 고객센터에서 자동납부를 별도로 신청하시기 바랍니다.",세라젬 렌탈요금 자동납부,"세라젬 자동납부요금 청구할인
<table class=""benefit-table""><tr><th rowspan=""2"">구 분</th><th colspan=""2"">전월 이용실적에 따른 월간 할인 금액</th></tr><tr><th>1구간(30만원 이상)</th><th>2구간(70만원 이상)</th></tr><tr><th>세라젬 렌탈요금 자동납부</th><td>1만2천원</td><td>1만7천원</td></tr></table>
최초 카드 사용 등록일로부터 다음달 말일까지는 세라젬 KB국민카드 전월 이용실적이 없는 경우에도 1구간(전월 이용실적 30만원 이상)에 해당하는 할인 서비스가 적용됩니다.
할인 금액보다 자동납부 승인금액이 작을 경우 승인금액까지만 할인이 적용됩니다. (예시) 전월 이용실적이 30만원 이상, 자동납부 승인금액이 9,000원인 경우 9,000원이 할인됩니다.
세라젬 렌탈요금 자동납부 승인 건이 여러 건인 경우 합산하여 월 할인금액 내에서 할인 됩니다.
세라젬 KB국민카드로 세라젬 렌탈요금을 자동납부하시는 경우에 한하여 할인이 제공되며, 카드 수령 후 세라젬 고객센터에서 자동납부를 별도로 신청하시기 바랍니다.",2026-06-02
04331_B0002,4331,주요혜택,상세혜택,세라젬 렌탈요금 자동납부,생활비,22,Online,할인,17000,원,세라젬,전월 이용 금액 70만원 이상 시,700000,,,,,,,,,"세라젬 자동납부요금 청구할인
<table class=""benefit-table""><tr><th rowspan=""2"">구 분</th><th colspan=""2"">전월 이용실적에 따른 월간 할인 금액</th></tr><tr><th>1구간(30만원 이상)</th><th>2구간(70만원 이상)</th></tr><tr><th>세라젬 렌탈요금 자동납부</th><td>1만2천원</td><td>1만7천원</td></tr></table>
최초 카드 사용 등록일로부터 다음달 말일까지는 세라젬 KB국민카드 전월 이용실적이 없는 경우에도 1구간(전월 이용실적 30만원 이상)에 해당하는 할인 서비스가 적용됩니다.
할인 금액보다 자동납부 승인금액이 작을 경우 승인금액까지만 할인이 적용됩니다. (예시) 전월 이용실적이 30만원 이상, 자동납부 승인금액이 9,000원인 경우 9,000원이 할인됩니다.
세라젬 렌탈요금 자동납부 승인 건이 여러 건인 경우 합산하여 월 할인금액 내에서 할인 됩니다.
세라젬 KB국민카드로 세라젬 렌탈요금을 자동납부하시는 경우에 한하여 할인이 제공되며, 카드 수령 후 세라젬 고객센터에서 자동납부를 별도로 신청하시기 바랍니다.",세라젬 렌탈요금 자동납부,"세라젬 자동납부요금 청구할인
<table class=""benefit-table""><tr><th rowspan=""2"">구 분</th><th colspan=""2"">전월 이용실적에 따른 월간 할인 금액</th></tr><tr><th>1구간(30만원 이상)</th><th>2구간(70만원 이상)</th></tr><tr><th>세라젬 렌탈요금 자동납부</th><td>1만2천원</td><td>1만7천원</td></tr></table>
최초 카드 사용 등록일로부터 다음달 말일까지는 세라젬 KB국민카드 전월 이용실적이 없는 경우에도 1구간(전월 이용실적 30만원 이상)에 해당하는 할인 서비스가 적용됩니다.
할인 금액보다 자동납부 승인금액이 작을 경우 승인금액까지만 할인이 적용됩니다. (예시) 전월 이용실적이 30만원 이상, 자동납부 승인금액이 9,000원인 경우 9,000원이 할인됩니다.
세라젬 렌탈요금 자동납부 승인 건이 여러 건인 경우 합산하여 월 할인금액 내에서 할인 됩니다.
세라젬 KB국민카드로 세라젬 렌탈요금을 자동납부하시는 경우에 한하여 할인이 제공되며, 카드 수령 후 세라젬 고객센터에서 자동납부를 별도로 신청하시기 바랍니다.",2026-06-02
04485_B0001,4485,주요혜택,상세혜택,예다함 상조부금 자동이체,기타,22,Online,할인,12000,원,,전월 이용 금액 30만원 이상 시,300000,,,,,,,,,"예다함 상조부금 청구할인
<table class=""benefit-table""><tr><th rowspan=""2"">구분</th><th colspan=""2"">전월 승인실적에 따른 월간 할인금액</th></tr><tr><th>1구간(30만원 이상)</th><th>2구간(70만원 이상)</th></tr><tr><td>예다함 상조부금 자동이체</td><td>1만2천원</td><td>1만7천원</td></tr></table>
최초 카드 사용등록일로부터 다음달 말일까지는「예다함 카드」전월 이용실적이 없는 경우에도 1구간 (전월 이용실적 30만원 이상)에 해당하는 할인 서비스가 적용됩니다. - 할인 금액보다 자동납부 승인금액이 작을 경우 승인금액만큼 할인 적용됩니다. (예시)전월 이용실적이 30만원 이상, 자동납부 승인금액이 9,000원인경우 9,000원이 할인됩니다. - 예다함 상조부금 자동납부 승인건이 여러 건인 경우 합산하여 월 할인금액 내에서 할인됩니다.",예다함 상조부금 자동이체,"예다함 상조부금 청구할인
<table class=""benefit-table""><tr><th rowspan=""2"">구분</th><th colspan=""2"">전월 승인실적에 따른 월간 할인금액</th></tr><tr><th>1구간(30만원 이상)</th><th>2구간(70만원 이상)</th></tr><tr><td>예다함 상조부금 자동이체</td><td>1만2천원</td><td>1만7천원</td></tr></table>
최초 카드 사용등록일로부터 다음달 말일까지는「예다함 카드」전월 이용실적이 없는 경우에도 1구간 (전월 이용실적 30만원 이상)에 해당하는 할인 서비스가 적용됩니다. - 할인 금액보다 자동납부 승인금액이 작을 경우 승인금액만큼 할인 적용됩니다. (예시)전월 이용실적이 30만원 이상, 자동납부 승인금액이 9,000원인경우 9,000원이 할인됩니다. - 예다함 상조부금 자동납부 승인건이 여러 건인 경우 합산하여 월 할인금액 내에서 할인됩니다.",2026-06-02
04485_B0002,4485,주요혜택,상세혜택,예다함 상조부금 자동이체,기타,22,Online,할인,17000,원,,전월 이용 금액 70만원 이상 시,700000,,,,,,,,,"예다함 상조부금 청구할인
<table class=""benefit-table""><tr><th rowspan=""2"">구분</th><th colspan=""2"">전월 승인실적에 따른 월간 할인금액</th></tr><tr><th>1구간(30만원 이상)</th><th>2구간(70만원 이상)</th></tr><tr><td>예다함 상조부금 자동이체</td><td>1만2천원</td><td>1만7천원</td></tr></table>
최초 카드 사용등록일로부터 다음달 말일까지는「예다함 카드」전월 이용실적이 없는 경우에도 1구간 (전월 이용실적 30만원 이상)에 해당하는 할인 서비스가 적용됩니다. - 할인 금액보다 자동납부 승인금액이 작을 경우 승인금액만큼 할인 적용됩니다. (예시)전월 이용실적이 30만원 이상, 자동납부 승인금액이 9,000원인경우 9,000원이 할인됩니다. - 예다함 상조부금 자동납부 승인건이 여러 건인 경우 합산하여 월 할인금액 내에서 할인됩니다.",예다함 상조부금 자동이체,"예다함 상조부금 청구할인
<table class=""benefit-table""><tr><th rowspan=""2"">구분</th><th colspan=""2"">전월 승인실적에 따른 월간 할인금액</th></tr><tr><th>1구간(30만원 이상)</th><th>2구간(70만원 이상)</th></tr><tr><td>예다함 상조부금 자동이체</td><td>1만2천원</td><td>1만7천원</td></tr></table>
최초 카드 사용등록일로부터 다음달 말일까지는「예다함 카드」전월 이용실적이 없는 경우에도 1구간 (전월 이용실적 30만원 이상)에 해당하는 할인 서비스가 적용됩니다. - 할인 금액보다 자동납부 승인금액이 작을 경우 승인금액만큼 할인 적용됩니다. (예시)전월 이용실적이 30만원 이상, 자동납부 승인금액이 9,000원인경우 9,000원이 할인됩니다. - 예다함 상조부금 자동납부 승인건이 여러 건인 경우 합산하여 월 할인금액 내에서 할인됩니다.",2026-06-02
04345_B0001,4345,주요혜택,상세혜택,딜라이브 요금 자동이체 시 전월 실적에 따라 청구 할인,생활비,12,Online,할인,12000,원,딜라이브,전월 이용 금액 30만원 이상 시,300000,,,,,,,,,"딜라이브 요금 자동이체 시 전월 실적에 따라 청구 할인
<table class=""benefit-table""><tr><th>전월 이용실적</th><th>1구간(30만원 이상)</th><th>2구간(70만원 이상)</th></tr><tr><td>월 할인금액 (한도)</td><td>12,000원</td><td>17,000원</td></tr></table>
최초 카드 사용 등록일로부터 다음 달 말일(실적 유예기간)까지 KB국민 딜라이브 카드 전월 이용실적이 없는 경우에도 1구간 청구 할인 서비스가 제공됩니다. (전월 이용실적 30만원 이상 / 1만 2천원 할인)
할인 금액보다 자동이체 승인금액이 작을 경우 승인금액만큼 할인 제공됩니다. (예시) 전월 이용실적 30만원 이상, 자동납부 승인금액 9,000원일 경우 9,000원 할인 제공됩니다.
딜라이브 요금 자동납부 승인 건이 여러 건인 경우 합산하여 월 할인금액 내에서 할인 제공되며, 할인한도 내에서 먼저 이용된 순서대로 할인 제공됩니다.
KB국민 딜라이브 카드로 딜라이브 요금을 자동납부하시는 경우에 한하여 할인이 제공되며, 카드를 받은 후 반드시 딜라이브 고객센터(1644-1100) 에서 자동이체를 별도로 신청하시기 바랍니다. (자동납부 요금은 KB국민카드에 청구되는 시점부터 할인 적용)",생활비 12000원 할인,"딜라이브 요금 자동이체 시 전월 실적에 따라 청구 할인
<table class=""benefit-table""><tr><th>전월 이용실적</th><th>1구간(30만원 이상)</th><th>2구간(70만원 이상)</th></tr><tr><td>월 할인금액 (한도)</td><td>12,000원</td><td>17,000원</td></tr></table>
최초 카드 사용 등록일로부터 다음 달 말일(실적 유예기간)까지 KB국민 딜라이브 카드 전월 이용실적이 없는 경우에도 1구간 청구 할인 서비스가 제공됩니다. (전월 이용실적 30만원 이상 / 1만 2천원 할인)
할인 금액보다 자동이체 승인금액이 작을 경우 승인금액만큼 할인 제공됩니다. (예시) 전월 이용실적 30만원 이상, 자동납부 승인금액 9,000원일 경우 9,000원 할인 제공됩니다.
딜라이브 요금 자동납부 승인 건이 여러 건인 경우 합산하여 월 할인금액 내에서 할인 제공되며, 할인한도 내에서 먼저 이용된 순서대로 할인 제공됩니다.
KB국민 딜라이브 카드로 딜라이브 요금을 자동납부하시는 경우에 한하여 할인이 제공되며, 카드를 받은 후 반드시 딜라이브 고객센터(1644-1100) 에서 자동이체를 별도로 신청하시기 바랍니다. (자동납부 요금은 KB국민카드에 청구되는 시점부터 할인 적용)",2026-06-02
04345_B0002,4345,주요혜택,상세혜택,딜라이브 요금 자동이체 시 전월 실적에 따라 청구 할인,생활비,12,Online,할인,17000,원,딜라이브,전월 이용 금액 70만원 이상 시,700000,,,,,,,,,"딜라이브 요금 자동이체 시 전월 실적에 따라 청구 할인
<table class=""benefit-table""><tr><th>전월 이용실적</th><th>1구간(30만원 이상)</th><th>2구간(70만원 이상)</th></tr><tr><td>월 할인금액 (한도)</td><td>12,000원</td><td>17,000원</td></tr></table>
최초 카드 사용 등록일로부터 다음 달 말일(실적 유예기간)까지 KB국민 딜라이브 카드 전월 이용실적이 없는 경우에도 1구간 청구 할인 서비스가 제공됩니다. (전월 이용실적 30만원 이상 / 1만 2천원 할인)
할인 금액보다 자동이체 승인금액이 작을 경우 승인금액만큼 할인 제공됩니다. (예시) 전월 이용실적 30만원 이상, 자동납부 승인금액 9,000원일 경우 9,000원 할인 제공됩니다.
딜라이브 요금 자동납부 승인 건이 여러 건인 경우 합산하여 월 할인금액 내에서 할인 제공되며, 할인한도 내에서 먼저 이용된 순서대로 할인 제공됩니다.
KB국민 딜라이브 카드로 딜라이브 요금을 자동납부하시는 경우에 한하여 할인이 제공되며, 카드를 받은 후 반드시 딜라이브 고객센터(1644-1100) 에서 자동이체를 별도로 신청하시기 바랍니다. (자동납부 요금은 KB국민카드에 청구되는 시점부터 할인 적용)",생활비 17000원 할인,"딜라이브 요금 자동이체 시 전월 실적에 따라 청구 할인
<table class=""benefit-table""><tr><th>전월 이용실적</th><th>1구간(30만원 이상)</th><th>2구간(70만원 이상)</th></tr><tr><td>월 할인금액 (한도)</td><td>12,000원</td><td>17,000원</td></tr></table>
최초 카드 사용 등록일로부터 다음 달 말일(실적 유예기간)까지 KB국민 딜라이브 카드 전월 이용실적이 없는 경우에도 1구간 청구 할인 서비스가 제공됩니다. (전월 이용실적 30만원 이상 / 1만 2천원 할인)
할인 금액보다 자동이체 승인금액이 작을 경우 승인금액만큼 할인 제공됩니다. (예시) 전월 이용실적 30만원 이상, 자동납부 승인금액 9,000원일 경우 9,000원 할인 제공됩니다.
딜라이브 요금 자동납부 승인 건이 여러 건인 경우 합산하여 월 할인금액 내에서 할인 제공되며, 할인한도 내에서 먼저 이용된 순서대로 할인 제공됩니다.
KB국민 딜라이브 카드로 딜라이브 요금을 자동납부하시는 경우에 한하여 할인이 제공되며, 카드를 받은 후 반드시 딜라이브 고객센터(1644-1100) 에서 자동이체를 별도로 신청하시기 바랍니다. (자동납부 요금은 KB국민카드에 청구되는 시점부터 할인 적용)",2026-06-02
04324_B0001,4324,주요혜택,상세혜택,알뜰폰 통신료 자동이체 할인 서비스,생활비,12,Both,할인,12000,원,알뜰폰 통신료,전월 이용 금액 30만원 이상 시,300000,,,,,,,,,"알뜰폰 통신료 자동이체 할인 서비스
- 서비스 요약
<table class=""benefit-table""><tr><th rowspan=""2"">구 분</th><th rowspan=""2"">세부 내용</th><th colspan=""2"">전월 이용실적에 따른 할인 금액</th></tr><tr><th>1구간(30만원 이상)</th><th>2구간(70만원 이상)</th></tr><tr><th>청구 할인</th><td>알뜰폰 통신료 자동이체 할인</td><td>1만2천원</td><td>1만7천원</td></tr></table>
알뜰폰이란 기존 통신사(SKT, KT, LG U+)의 망을 빌려 통신서비스를 제공하는 판매사업자의 자체상품을 말합니다. 기존 통신사의 망을 임대하는 형식으로, 동일한 통화품질을 제공합니다.
최초 카드 사용 등록일로부터 다음달 말일까지는 알뜰폰 Hub Ⅱ 카드 실적이 없는 경우에도 1구간(전월 이용실적 30만원 이상)에 해당하는 12,000원 청구할인 서비스가 적용됩니다.
할인금액보다 자동이체 승인금액이 적을 경우 승인금액만큼 할인 적용됩니다.
통신료 자동이체 승인 건이 여러 건인 경우 합산하여 월 할인금액 내에서 할인 됩니다.
해당 할인서비스는  알뜰폰 Hub Ⅱ 카드로 통신료 자동이체 등록 시에만 제공되며, 카드 수령 후 개별 알뜰폰 고객 콜센터에서 자동이체를 별도로 신청하시기 바랍니다. (자동이체 등록된 통신료가 카드사에 청구되는 시점부터 청구 할인 서비스 적용)
알뜰폰 사업자가 기존 통신사(SKT, KT, LG U+)를 통하여 통신 요금 청구 시 기존 통신사(SKT, KT, LG U+) 의 청구요금과 통합 할인이 적용됩니다.","생활비 12,000원 할인","알뜰폰 통신료 자동이체 할인 서비스
- 서비스 요약
<table class=""benefit-table""><tr><th rowspan=""2"">구 분</th><th rowspan=""2"">세부 내용</th><th colspan=""2"">전월 이용실적에 따른 할인 금액</th></tr><tr><th>1구간(30만원 이상)</th><th>2구간(70만원 이상)</th></tr><tr><th>청구 할인</th><td>알뜰폰 통신료 자동이체 할인</td><td>1만2천원</td><td>1만7천원</td></tr></table>
알뜰폰이란 기존 통신사(SKT, KT, LG U+)의 망을 빌려 통신서비스를 제공하는 판매사업자의 자체상품을 말합니다. 기존 통신사의 망을 임대하는 형식으로, 동일한 통화품질을 제공합니다.
최초 카드 사용 등록일로부터 다음달 말일까지는 알뜰폰 Hub Ⅱ 카드 실적이 없는 경우에도 1구간(전월 이용실적 30만원 이상)에 해당하는 12,000원 청구할인 서비스가 적용됩니다.
할인금액보다 자동이체 승인금액이 적을 경우 승인금액만큼 할인 적용됩니다.
통신료 자동이체 승인 건이 여러 건인 경우 합산하여 월 할인금액 내에서 할인 됩니다.
해당 할인서비스는  알뜰폰 Hub Ⅱ 카드로 통신료 자동이체 등록 시에만 제공되며, 카드 수령 후 개별 알뜰폰 고객 콜센터에서 자동이체를 별도로 신청하시기 바랍니다. (자동이체 등록된 통신료가 카드사에 청구되는 시점부터 청구 할인 서비스 적용)
알뜰폰 사업자가 기존 통신사(SKT, KT, LG U+)를 통하여 통신 요금 청구 시 기존 통신사(SKT, KT, LG U+) 의 청구요금과 통합 할인이 적용됩니다.",2026-06-02
04324_B0002,4324,주요혜택,상세혜택,알뜰폰 통신료 자동이체 할인 서비스,생활비,12,Both,할인,17000,원,알뜰폰 통신료,전월 이용 금액 70만원 이상 시,700000,,,,,,,,,"알뜰폰 통신료 자동이체 할인 서비스
- 서비스 요약
<table class=""benefit-table""><tr><th rowspan=""2"">구 분</th><th rowspan=""2"">세부 내용</th><th colspan=""2"">전월 이용실적에 따른 할인 금액</th></tr><tr><th>1구간(30만원 이상)</th><th>2구간(70만원 이상)</th></tr><tr><th>청구 할인</th><td>알뜰폰 통신료 자동이체 할인</td><td>1만2천원</td><td>1만7천원</td></tr></table>
알뜰폰이란 기존 통신사(SKT, KT, LG U+)의 망을 빌려 통신서비스를 제공하는 판매사업자의 자체상품을 말합니다. 기존 통신사의 망을 임대하는 형식으로, 동일한 통화품질을 제공합니다.
최초 카드 사용 등록일로부터 다음달 말일까지는 알뜰폰 Hub Ⅱ 카드 실적이 없는 경우에도 1구간(전월 이용실적 30만원 이상)에 해당하는 12,000원 청구할인 서비스가 적용됩니다.
할인금액보다 자동이체 승인금액이 적을 경우 승인금액만큼 할인 적용됩니다.
통신료 자동이체 승인 건이 여러 건인 경우 합산하여 월 할인금액 내에서 할인 됩니다.
해당 할인서비스는  알뜰폰 Hub Ⅱ 카드로 통신료 자동이체 등록 시에만 제공되며, 카드 수령 후 개별 알뜰폰 고객 콜센터에서 자동이체를 별도로 신청하시기 바랍니다. (자동이체 등록된 통신료가 카드사에 청구되는 시점부터 청구 할인 서비스 적용)
알뜰폰 사업자가 기존 통신사(SKT, KT, LG U+)를 통하여 통신 요금 청구 시 기존 통신사(SKT, KT, LG U+) 의 청구요금과 통합 할인이 적용됩니다.","생활비 17,000원 할인","알뜰폰 통신료 자동이체 할인 서비스
- 서비스 요약
<table class=""benefit-table""><tr><th rowspan=""2"">구 분</th><th rowspan=""2"">세부 내용</th><th colspan=""2"">전월 이용실적에 따른 할인 금액</th></tr><tr><th>1구간(30만원 이상)</th><th>2구간(70만원 이상)</th></tr><tr><th>청구 할인</th><td>알뜰폰 통신료 자동이체 할인</td><td>1만2천원</td><td>1만7천원</td></tr></table>
알뜰폰이란 기존 통신사(SKT, KT, LG U+)의 망을 빌려 통신서비스를 제공하는 판매사업자의 자체상품을 말합니다. 기존 통신사의 망을 임대하는 형식으로, 동일한 통화품질을 제공합니다.
최초 카드 사용 등록일로부터 다음달 말일까지는 알뜰폰 Hub Ⅱ 카드 실적이 없는 경우에도 1구간(전월 이용실적 30만원 이상)에 해당하는 12,000원 청구할인 서비스가 적용됩니다.
할인금액보다 자동이체 승인금액이 적을 경우 승인금액만큼 할인 적용됩니다.
통신료 자동이체 승인 건이 여러 건인 경우 합산하여 월 할인금액 내에서 할인 됩니다.
해당 할인서비스는  알뜰폰 Hub Ⅱ 카드로 통신료 자동이체 등록 시에만 제공되며, 카드 수령 후 개별 알뜰폰 고객 콜센터에서 자동이체를 별도로 신청하시기 바랍니다. (자동이체 등록된 통신료가 카드사에 청구되는 시점부터 청구 할인 서비스 적용)
알뜰폰 사업자가 기존 통신사(SKT, KT, LG U+)를 통하여 통신 요금 청구 시 기존 통신사(SKT, KT, LG U+) 의 청구요금과 통합 할인이 적용됩니다.",2026-06-02
07964_B0001,7964,주요혜택,커피,"스타벅스, 커피빈 10% 할인",카페/베이커리,14,Both,할인,10,%,"스타벅스, 커피빈",,0,,0,,3000,원,0,,,"[커피 할인 스타벅스, 커피빈 10% 할인]
스타벅스, 커피빈 10% 할인
<table class=""benefit-table""><tr><th>구분</th><th>할인율</th><th>확인사항</th></tr><tr><td>스타벅스, 커피빈</td><td>10%</td><td>전월 이용실적 조건 없음 건당 이용조건 없음 월 할인한도 : 3천원 (월 3만원 이용금액까지 할인) 스타벅스는 사이렌오더 결제 포함 할인제외 : 상품권/선불카드(선불전자지급수단 포함) 구입 및 충전, 백화점, 대형마트, 철도·역사, 호텔 등에 입점한 가맹점 등</td></tr></table>
본인회원 기준으로 월간 통합할인한도 내에서 혜택이 제공됩니다.
자세한 사항은 상품설명서(약관)를 확인해주세요.",카페/베이커리 10% 할인,"[커피 할인 스타벅스, 커피빈 10% 할인]
스타벅스, 커피빈 10% 할인
<table class=""benefit-table""><tr><th>구분</th><th>할인율</th><th>확인사항</th></tr><tr><td>스타벅스, 커피빈</td><td>10%</td><td>전월 이용실적 조건 없음 건당 이용조건 없음 월 할인한도 : 3천원 (월 3만원 이용금액까지 할인) 스타벅스는 사이렌오더 결제 포함 할인제외 : 상품권/선불카드(선불전자지급수단 포함) 구입 및 충전, 백화점, 대형마트, 철도·역사, 호텔 등에 입점한 가맹점 등</td></tr></table>
본인회원 기준으로 월간 통합할인한도 내에서 혜택이 제공됩니다.
자세한 사항은 상품설명서(약관)를 확인해주세요.",2026-06-02
07964_B0002,7964,주요혜택,모바일,"모바일 할인 구글플레이스토어, 앱스토어 10% 할인",구독/스트리밍,8,Online,할인,10,%,"구글플레이스토어, 앱스토어",전월 이용 금액 200만원 이상 시,2000000,,0,,5000,원,,,,"[모바일 할인 구글플레이스토어, 앱스토어 10% 할인]
구글플레이스토어, 앱스토어 10% 할인
<table class=""benefit-table""><tr><th>구분</th><th>할인율</th><th>확인사항</th></tr><tr><td>구글플레이스토어, 앱스토어</td><td>10%</td><td>전월 이용실적 20만원 이상 시 제공 건당 이용조건 없음 월 할인한도 : 5천원 (월 5만원 이용금액까지 할인) 가맹점명이 '구글플레이스토어', '앱스토어'로 등록된 KB국민카드 가맹점에 한하여 제공</td></tr></table>
본인회원 기준으로 월간 통합할인한도 내에서 혜택이 제공됩니다.
자세한 사항은 상품설명서(약관)를 확인해주세요.",구독/스트리밍 10% 할인,"[모바일 할인 구글플레이스토어, 앱스토어 10% 할인]
구글플레이스토어, 앱스토어 10% 할인
<table class=""benefit-table""><tr><th>구분</th><th>할인율</th><th>확인사항</th></tr><tr><td>구글플레이스토어, 앱스토어</td><td>10%</td><td>전월 이용실적 20만원 이상 시 제공 건당 이용조건 없음 월 할인한도 : 5천원 (월 5만원 이용금액까지 할인) 가맹점명이 '구글플레이스토어', '앱스토어'로 등록된 KB국민카드 가맹점에 한하여 제공</td></tr></table>
본인회원 기준으로 월간 통합할인한도 내에서 혜택이 제공됩니다.
자세한 사항은 상품설명서(약관)를 확인해주세요.",2026-06-02
07964_B0003,7964,주요혜택,문화,문화 할인,문화/엔터,11,Both,할인,10,%,인터파크 티켓,전월 이용 금액 20만원 이상 시,200000,,0,,7000,원,,,,"[문화 할인]
인터파크 티켓 10% 할인
<table class=""benefit-table""><tr><th>구분</th><th>할인율</th><th>확인사항</th></tr><tr><td>인터파크 티켓</td><td>10%</td><td>전월 이용실적 20만원 이상 시 제공 건당 이용조건 없음 월 할인한도 : 7천원 (월 7만원 이용금액까지 할인) 공연 티켓 예매 시에만 제공</td></tr></table>
본인회원 기준으로 월간 통합할인한도 내에서 혜택이 제공됩니다.
자세한 사항은 상품설명서(약관)를 확인해주세요.",문화/엔터 10% 할인,"[문화 할인]
인터파크 티켓 10% 할인
<table class=""benefit-table""><tr><th>구분</th><th>할인율</th><th>확인사항</th></tr><tr><td>인터파크 티켓</td><td>10%</td><td>전월 이용실적 20만원 이상 시 제공 건당 이용조건 없음 월 할인한도 : 7천원 (월 7만원 이용금액까지 할인) 공연 티켓 예매 시에만 제공</td></tr></table>
본인회원 기준으로 월간 통합할인한도 내에서 혜택이 제공됩니다.
자세한 사항은 상품설명서(약관)를 확인해주세요.",2026-06-02
07964_B0004,7964,주요혜택,뷰티,뷰티 할인,패션/뷰티,2,Both,할인,5,%,"올리브영, 미용실 업종",전월 이용 금액 20만원 이상 시,200000,,0,,2000,원,,,,"[뷰티 할인]
올리브영, 미용실 업종 5% 할인
<table class=""benefit-table""><tr><th>구분</th><th>할인율</th><th>확인사항</th></tr><tr><td>올리브영, 미용실 업종</td><td>5%</td><td>전월 이용실적 20만원 이상 시 제공 건당 이용조건 없음 월 할인한도 : 2천원 (월 4만원 이용금액까지 할인) KB국민카드 업종 분류 기준에 따라 지정 업종에 한하여 적용</td></tr></table>
본인회원 기준으로 월간 통합할인한도 내에서 혜택이 제공됩니다.
자세한 사항은 상품설명서(약관)를 확인해주세요.",패션/뷰티 5% 할인,"[뷰티 할인]
올리브영, 미용실 업종 5% 할인
<table class=""benefit-table""><tr><th>구분</th><th>할인율</th><th>확인사항</th></tr><tr><td>올리브영, 미용실 업종</td><td>5%</td><td>전월 이용실적 20만원 이상 시 제공 건당 이용조건 없음 월 할인한도 : 2천원 (월 4만원 이용금액까지 할인) KB국민카드 업종 분류 기준에 따라 지정 업종에 한하여 적용</td></tr></table>
본인회원 기준으로 월간 통합할인한도 내에서 혜택이 제공됩니다.
자세한 사항은 상품설명서(약관)를 확인해주세요.",2026-06-02
07964_B0005,7964,주요혜택,편의점,편의점 할인,편의점,13,Offline,할인,5,%,"GS25, CU",전월 이용 금액 20만원 이상 시,200000,,0,,2000,원,,,,"[편의점 할인]
GS25, CU 5% 할인
<table class=""benefit-table""><tr><th>구분</th><th>할인율</th><th>확인사항</th></tr><tr><td>GS25, CU</td><td>5%</td><td>전월 이용실적 20만원 이상 시 제공 건당 이용조건 없음 월 할인한도 : 2천원 (월 4만원 이용금액까지 할인) 할인제외 : 상품권/선불카드(선불전자지급수단 포함) 구입 및 충전 금액</td></tr></table>
본인회원 기준으로 월간 통합할인한도 내에서 혜택이 제공됩니다.
자세한 사항은 상품설명서(약관)를 확인해주세요.",편의점 5% 할인,"[편의점 할인]
GS25, CU 5% 할인
<table class=""benefit-table""><tr><th>구분</th><th>할인율</th><th>확인사항</th></tr><tr><td>GS25, CU</td><td>5%</td><td>전월 이용실적 20만원 이상 시 제공 건당 이용조건 없음 월 할인한도 : 2천원 (월 4만원 이용금액까지 할인) 할인제외 : 상품권/선불카드(선불전자지급수단 포함) 구입 및 충전 금액</td></tr></table>
본인회원 기준으로 월간 통합할인한도 내에서 혜택이 제공됩니다.
자세한 사항은 상품설명서(약관)를 확인해주세요.",2026-06-02
07964_B0006,7964,주요혜택,구독,구독 할인,구독/스트리밍,8,Online,할인,1000,원,"넷플릭스, 유튜브프리미엄",전월 이용 금액 20만원 이상 시,200000,,10000,2,2000,원,,,,"[구독 할인]
넷플릭스, 유튜브프리미엄 1,000원 할인
<table class=""benefit-table""><tr><th>구분</th><th>할인금액</th><th>확인사항</th></tr><tr><td>넷플릭스, 유튜브프리미엄</td><td>1,000원</td><td>전월 이용실적 20만원 이상 시 제공 건당 1만원 이상 이용 시 제공 월 할인횟수 : 2회 (월 할인한도 2천원 이내 제공)</td></tr></table>
본인회원 기준으로 월간 통합할인한도 내에서 혜택이 제공됩니다.
자세한 사항은 상품설명서(약관)를 확인해주세요.","구독/스트리밍 1,000원 할인","[구독 할인]
넷플릭스, 유튜브프리미엄 1,000원 할인
<table class=""benefit-table""><tr><th>구분</th><th>할인금액</th><th>확인사항</th></tr><tr><td>넷플릭스, 유튜브프리미엄</td><td>1,000원</td><td>전월 이용실적 20만원 이상 시 제공 건당 1만원 이상 이용 시 제공 월 할인횟수 : 2회 (월 할인한도 2천원 이내 제공)</td></tr></table>
본인회원 기준으로 월간 통합할인한도 내에서 혜택이 제공됩니다.
자세한 사항은 상품설명서(약관)를 확인해주세요.",2026-06-02
07964_B0007,7964,주요혜택,배달,배달 할인,배달,15,Online,할인,1000,원,"배달의민족, 요기요",전월 이용 금액 200만원 이상 시,2000000,,10000,1,1000,원,,,,"[배달 할인]
배달의민족, 요기요 1,000원 할인
<table class=""benefit-table""><tr><th>구분</th><th>할인금액</th><th>확인사항</th></tr><tr><td>배달의민족, 요기요</td><td>1,000원</td><td>전월 이용실적 20만원 이상 시 제공 건당 1만원 이상 이용 시 제공 월 할인횟수 : 1회 (월 할인한도 1천원 이내 제공)</td></tr></table>
본인회원 기준으로 월간 통합할인한도 내에서 혜택이 제공됩니다.
자세한 사항은 상품설명서(약관)를 확인해주세요.",배달 1000원 할인,"[배달 할인]
배달의민족, 요기요 1,000원 할인
<table class=""benefit-table""><tr><th>구분</th><th>할인금액</th><th>확인사항</th></tr><tr><td>배달의민족, 요기요</td><td>1,000원</td><td>전월 이용실적 20만원 이상 시 제공 건당 1만원 이상 이용 시 제공 월 할인횟수 : 1회 (월 할인한도 1천원 이내 제공)</td></tr></table>
본인회원 기준으로 월간 통합할인한도 내에서 혜택이 제공됩니다.
자세한 사항은 상품설명서(약관)를 확인해주세요.",2026-06-02
07964_B0008,7964,주요혜택,이동통신,이동통신 할인,생활비,12,Both,할인,2500,원,"SKT, KT, LG U+, Liiv M",전월 이용 금액 200만원 이상 시,2000000,,50000,1,2500,원,,,,"[이동통신 할인]
SKT, KT, LG U+, Liiv M 2,500원 할인
<table class=""benefit-table""><tr><th>구분</th><th>할인금액</th><th>확인사항</th></tr><tr><td>SKT, KT, LG U+, Liiv M</td><td>2,500원</td><td>전월 이용실적 20만원 이상 시 제공 통신요금 5만원 이상 이용 시 제공 이동통신요금 자동이체 납부금액 기준 제공 월 할인횟수 : 1회 (월 할인한도 2천5백원 이내 제공)</td></tr></table>
본인회원 기준으로 월간 통합할인한도 내에서 혜택이 제공됩니다.
자세한 사항은 상품설명서(약관)를 확인해주세요.","생활비 2,500원 할인","[이동통신 할인]
SKT, KT, LG U+, Liiv M 2,500원 할인
<table class=""benefit-table""><tr><th>구분</th><th>할인금액</th><th>확인사항</th></tr><tr><td>SKT, KT, LG U+, Liiv M</td><td>2,500원</td><td>전월 이용실적 20만원 이상 시 제공 통신요금 5만원 이상 이용 시 제공 이동통신요금 자동이체 납부금액 기준 제공 월 할인횟수 : 1회 (월 할인한도 2천5백원 이내 제공)</td></tr></table>
본인회원 기준으로 월간 통합할인한도 내에서 혜택이 제공됩니다.
자세한 사항은 상품설명서(약관)를 확인해주세요.",2026-06-02
07964_B0009,7964,주요혜택,영화,영화 할인,문화/엔터,11,Online,할인,4000,원,CGV,전월 이용 금액 20만원 이상 시,200000,,10000,2,8000,원,,,,"[영화 할인]
CGV 4,000원 할인
<table class=""benefit-table""><tr><th>구분</th><th>할인금액</th><th>확인사항</th></tr><tr><td>CGV</td><td>4,000원</td><td>전월 이용실적 20만원 이상 시 제공 건당 1만원 이상 이용 시 제공 현장 결제, 공식 홈페이지 및 모바일(앱) 결제 시 제공 할인 제외 : 상품권 구매 및 매점 이용금액 월 할인횟수 : 2회 (월 할인한도 8천원 이내 제공)</td></tr></table>
본인회원 기준으로 월간 통합할인한도 내에서 혜택이 제공됩니다.
자세한 사항은 상품설명서(약관)를 확인해주세요.",문화/엔터 4000원 할인,"[영화 할인]
CGV 4,000원 할인
<table class=""benefit-table""><tr><th>구분</th><th>할인금액</th><th>확인사항</th></tr><tr><td>CGV</td><td>4,000원</td><td>전월 이용실적 20만원 이상 시 제공 건당 1만원 이상 이용 시 제공 현장 결제, 공식 홈페이지 및 모바일(앱) 결제 시 제공 할인 제외 : 상품권 구매 및 매점 이용금액 월 할인횟수 : 2회 (월 할인한도 8천원 이내 제공)</td></tr></table>
본인회원 기준으로 월간 통합할인한도 내에서 혜택이 제공됩니다.
자세한 사항은 상품설명서(약관)를 확인해주세요.",2026-06-02
07964_B0010,7964,주요혜택,놀이공원,"놀이공원 할인 에버랜드, 롯데월드 15,000원 할인",문화/엔터,11,Both,할인,15000,원,"에버랜드, 롯데월드",전월 이용 금액 20만원 이상 시,200000,,30000,1,15000,원,,,,"[놀이공원 할인 에버랜드, 롯데월드 15,000원 할인]
에버랜드, 롯데월드 15,000원 할인
<table class=""benefit-table""><tr><th>구분</th><th>할인금액</th><th>확인사항</th></tr><tr><td>에버랜드, 롯데월드</td><td>15,000원</td><td>전월 이용실적 20만원 이상 시 제공 건당 3만원 이상 이용 시 제공 티켓 결제 시 제공 할인 제외 : 상품권 구매 및 매점 이용금액 월 할인횟수 : 1회 (월 할인한도 1만5천원 이내 제공)</td></tr></table>
본인회원 기준으로 월간 통합할인한도 내에서 혜택이 제공됩니다.
자세한 사항은 상품설명서(약관)를 확인해주세요.","문화/엔터 15,000원 할인","[놀이공원 할인 에버랜드, 롯데월드 15,000원 할인]
에버랜드, 롯데월드 15,000원 할인
<table class=""benefit-table""><tr><th>구분</th><th>할인금액</th><th>확인사항</th></tr><tr><td>에버랜드, 롯데월드</td><td>15,000원</td><td>전월 이용실적 20만원 이상 시 제공 건당 3만원 이상 이용 시 제공 티켓 결제 시 제공 할인 제외 : 상품권 구매 및 매점 이용금액 월 할인횟수 : 1회 (월 할인한도 1만5천원 이내 제공)</td></tr></table>
본인회원 기준으로 월간 통합할인한도 내에서 혜택이 제공됩니다.
자세한 사항은 상품설명서(약관)를 확인해주세요.",2026-06-02
07964_B0011,7964,주요혜택,KB Pay(오프라인),오프라인 할인 오프라인 가맹점 추가 할인,기타,22,Offline,할인,2,%,오프라인 가맹점,전월 이용 금액 300만원 이상 시,3000000,,,,3000,원,,,,"[오프라인 할인 오프라인 가맹점 2% 추가 할인]
오프라인 가맹점 2% 추가 할인
<table class=""benefit-table""><tr><th>구분</th><th>할인율</th><th>확인사항</th></tr><tr><td>오프라인 가맹점 KB Pay 결제 시</td><td>2%</td><td>전월 이용실적 30만원 이상 시 제공 건당 이용조건 없음 월 할인한도 : 3천원 (월 15만원 이용금액까지 할인) 일상 혜택과 중복적용 가능</td></tr></table>
본인회원 기준으로 월간 통합할인한도 내에서 혜택이 제공됩니다.
자세한 사항은 상품설명서(약관)를 확인해주세요.",오프라인 할인 오프라인 가맹점 추가 할인,"[오프라인 할인 오프라인 가맹점 2% 추가 할인]
오프라인 가맹점 2% 추가 할인
<table class=""benefit-table""><tr><th>구분</th><th>할인율</th><th>확인사항</th></tr><tr><td>오프라인 가맹점 KB Pay 결제 시</td><td>2%</td><td>전월 이용실적 30만원 이상 시 제공 건당 이용조건 없음 월 할인한도 : 3천원 (월 15만원 이용금액까지 할인) 일상 혜택과 중복적용 가능</td></tr></table>
본인회원 기준으로 월간 통합할인한도 내에서 혜택이 제공됩니다.
자세한 사항은 상품설명서(약관)를 확인해주세요.",2026-06-02
07964_B0012,7964,주요혜택,KB Pay(온라인),온라인 할인 온라인 가맹점 2% 추가 할인,온라인쇼핑,1,Online,할인,2,%,온라인 가맹점,전월 이용 금액 300만원 이상 시,3000000,,0,,2000,원,,,,"[온라인 할인 온라인 가맹점 2% 추가 할인]
온라인 가맹점 2% 추가 할인
<table class=""benefit-table""><tr><th>구분</th><th>할인율</th><th>확인사항</th></tr><tr><td>온라인 가맹점 KB Pay 결제 시</td><td>2%</td><td>전월 이용실적 30만원 이상 시 제공 건당 이용조건 없음 월 할인한도 : 2천원 (월 10만원 이용금액까지 할인) 일상 혜택과 중복적용 가능</td></tr></table>
본인회원 기준으로 월간 통합할인한도 내에서 혜택이 제공됩니다.
자세한 사항은 상품설명서(약관)를 확인해주세요.",온라인쇼핑 2% 할인,"[온라인 할인 온라인 가맹점 2% 추가 할인]
온라인 가맹점 2% 추가 할인
<table class=""benefit-table""><tr><th>구분</th><th>할인율</th><th>확인사항</th></tr><tr><td>온라인 가맹점 KB Pay 결제 시</td><td>2%</td><td>전월 이용실적 30만원 이상 시 제공 건당 이용조건 없음 월 할인한도 : 2천원 (월 10만원 이용금액까지 할인) 일상 혜택과 중복적용 가능</td></tr></table>
본인회원 기준으로 월간 통합할인한도 내에서 혜택이 제공됩니다.
자세한 사항은 상품설명서(약관)를 확인해주세요.",2026-06-02
09562_B0001,9562,주요혜택,해외,해외 가맹점 이용 수수료,해외,19,Both,서비스,,,해외 가맹점,,0,,,,,,,,,"[해외 혜택]
해외 가맹점, ATM 이용 수수료 면제
<table class=""benefit-table""><tr><th>구분</th><th>할인내용</th><th>확인사항</th></tr><tr><td>해외 가맹점 이용 수수료</td><td>국제브랜드수수료 1%, 해외서비스수수료 0.25% 면제</td><td>해외 혜택은 전월 이용실적 조건 없이 제공됩니다. 해외 가맹점 이용 수수료는 면제 한도없이 제공됩니다.</td></tr><tr><td>해외 ATM 이용 수수료</td><td>국제브랜드수수료 1%, 해외서비스수수료 건당 3$ 면제</td><td>해외 혜택은 전월 이용실적 조건 없이 제공됩니다. 해외 ATM 인출 수수료는 월 10회 면제 됩니다. 면제횟수 초과시 수수료가 부과됩니다. ATM 기기에 따라 현지 수수료(surcharge)가 부과될 수 있으며 해당 수수료는 면제되지 않습니다.</td></tr></table>
자세한 사항은 상품 안내장(약관)을 확인해주세요.",해외 가맹점 수수료 면제,"[해외 혜택]
해외 가맹점, ATM 이용 수수료 면제
<table class=""benefit-table""><tr><th>구분</th><th>할인내용</th><th>확인사항</th></tr><tr><td>해외 가맹점 이용 수수료</td><td>국제브랜드수수료 1%, 해외서비스수수료 0.25% 면제</td><td>해외 혜택은 전월 이용실적 조건 없이 제공됩니다. 해외 가맹점 이용 수수료는 면제 한도없이 제공됩니다.</td></tr><tr><td>해외 ATM 이용 수수료</td><td>국제브랜드수수료 1%, 해외서비스수수료 건당 3$ 면제</td><td>해외 혜택은 전월 이용실적 조건 없이 제공됩니다. 해외 ATM 인출 수수료는 월 10회 면제 됩니다. 면제횟수 초과시 수수료가 부과됩니다. ATM 기기에 따라 현지 수수료(surcharge)가 부과될 수 있으며 해당 수수료는 면제되지 않습니다.</td></tr></table>
자세한 사항은 상품 안내장(약관)을 확인해주세요.",2026-06-02
09562_B0002,9562,주요혜택,해외,해외 ATM 이용 수수료,해외,19,Both,서비스,,,해외 ATM,,0,,,10,,,,,,"[해외 혜택]
해외 가맹점, ATM 이용 수수료 면제
<table class=""benefit-table""><tr><th>구분</th><th>할인내용</th><th>확인사항</th></tr><tr><td>해외 가맹점 이용 수수료</td><td>국제브랜드수수료 1%, 해외서비스수수료 0.25% 면제</td><td>해외 혜택은 전월 이용실적 조건 없이 제공됩니다. 해외 가맹점 이용 수수료는 면제 한도없이 제공됩니다.</td></tr><tr><td>해외 ATM 이용 수수료</td><td>국제브랜드수수료 1%, 해외서비스수수료 건당 3$ 면제</td><td>해외 혜택은 전월 이용실적 조건 없이 제공됩니다. 해외 ATM 인출 수수료는 월 10회 면제 됩니다. 면제횟수 초과시 수수료가 부과됩니다. ATM 기기에 따라 현지 수수료(surcharge)가 부과될 수 있으며 해당 수수료는 면제되지 않습니다.</td></tr></table>
자세한 사항은 상품 안내장(약관)을 확인해주세요.",해외 ATM 수수료 월 10회 면제,"[해외 혜택]
해외 가맹점, ATM 이용 수수료 면제
<table class=""benefit-table""><tr><th>구분</th><th>할인내용</th><th>확인사항</th></tr><tr><td>해외 가맹점 이용 수수료</td><td>국제브랜드수수료 1%, 해외서비스수수료 0.25% 면제</td><td>해외 혜택은 전월 이용실적 조건 없이 제공됩니다. 해외 가맹점 이용 수수료는 면제 한도없이 제공됩니다.</td></tr><tr><td>해외 ATM 이용 수수료</td><td>국제브랜드수수료 1%, 해외서비스수수료 건당 3$ 면제</td><td>해외 혜택은 전월 이용실적 조건 없이 제공됩니다. 해외 ATM 인출 수수료는 월 10회 면제 됩니다. 면제횟수 초과시 수수료가 부과됩니다. ATM 기기에 따라 현지 수수료(surcharge)가 부과될 수 있으며 해당 수수료는 면제되지 않습니다.</td></tr></table>
자세한 사항은 상품 안내장(약관)을 확인해주세요.",2026-06-02
09562_B0003,9562,주요혜택,KB Pay,KB Pay 추가 할인,페이/간편결제,10,Offline,할인,200,원,,전월 이용 금액 20만원 이상 시,200000,,10000,10,2000,원,,,,"[국내 혜택]
KB Pay 200원 추가 할인
<table class=""benefit-table""><tr><th>구분</th><th>할인내용</th><th>확인사항</th></tr><tr><td>KB Pay 추가 할인</td><td>KB Pay 온오프라인 1만원 이상 이용 시 200원 환급할인</td><td>전월 이용실적 20만원 이상 시 혜택이 제공됩니다. 타 국내혜택과 중복 적용됩니다. 매출건당 1만원 이상 시 월 10회 (2천원 이내) 제공됩니다.</td></tr></table>
자세한 사항은 상품 안내장(약관)을 확인해주세요.",페이/간편결제 200원 할인,"[국내 혜택]
KB Pay 200원 추가 할인
<table class=""benefit-table""><tr><th>구분</th><th>할인내용</th><th>확인사항</th></tr><tr><td>KB Pay 추가 할인</td><td>KB Pay 온오프라인 1만원 이상 이용 시 200원 환급할인</td><td>전월 이용실적 20만원 이상 시 혜택이 제공됩니다. 타 국내혜택과 중복 적용됩니다. 매출건당 1만원 이상 시 월 10회 (2천원 이내) 제공됩니다.</td></tr></table>
자세한 사항은 상품 안내장(약관)을 확인해주세요.",2026-06-02
09562_B0004,9562,주요혜택,카페,"국내 혜택 카페 1,000원 할인",카페/베이커리,14,Online,할인,1000,원,커피음료전문점,전월 이용 금액 20만원 이상 시,200000,,5000,1,1000,원,,,,"[국내 혜택]
카페 1,000원 할인
<table class=""benefit-table""><tr><th>구분</th><th>할인내용</th><th>확인사항</th></tr><tr><td>카페 할인</td><td>커피음료전문점 업종에서 5천원이상 이용 시 1,000원 환급할인</td><td>전월 이용실적 20만원 이상 시 혜택이 제공됩니다. 매출건당 5천원 이상 시 월 1회 (1천원 이내) 제공됩니다. KB국민카드의 가맹점 업종코드(제휴업체코드) 상 할인대상 가맹점으로 등록 된 경우에 한하여 혜택이 제공됩니다. (앱 또는 온라인 주문 할인 제외)</td></tr></table>
자세한 사항은 상품 안내장(약관)을 확인해주세요.","카페/베이커리 1,000원 할인","[국내 혜택]
카페 1,000원 할인
<table class=""benefit-table""><tr><th>구분</th><th>할인내용</th><th>확인사항</th></tr><tr><td>카페 할인</td><td>커피음료전문점 업종에서 5천원이상 이용 시 1,000원 환급할인</td><td>전월 이용실적 20만원 이상 시 혜택이 제공됩니다. 매출건당 5천원 이상 시 월 1회 (1천원 이내) 제공됩니다. KB국민카드의 가맹점 업종코드(제휴업체코드) 상 할인대상 가맹점으로 등록 된 경우에 한하여 혜택이 제공됩니다. (앱 또는 온라인 주문 할인 제외)</td></tr></table>
자세한 사항은 상품 안내장(약관)을 확인해주세요.",2026-06-02
09562_B0005,9562,주요혜택,빵집,국내 혜택,카페/베이커리,14,Online,할인,2000,원,제과아이스크림 업종,전월 이용 금액 20만원 이상 시,200000,,10000,1,2000,원,,,,"[국내 혜택]
빵집 2,000원 할인
<table class=""benefit-table""><tr><th>구분</th><th>할인내용</th><th>확인사항</th></tr><tr><td>빵집 할인</td><td>제과아이스크림 업종에서 1만원 이상 이용 시 2,000원  환급할인</td><td>전월 이용실적 20만원 이상 시 혜택이 제공됩니다. 매출건당 1만원 이상 시 월 1회 (2천원 이내) 제공됩니다. KB국민카드의 가맹점 업종코드(제휴업체코드) 상 할인대상 가맹점으로 등록 된 경우에 한하여 혜택이 제공됩니다. (앱 또는 온라인 주문 할인 제외)</td></tr></table>
자세한 사항은 상품 안내장(약관)을 확인해주세요.","카페/베이커리 2,000원 할인","[국내 혜택]
빵집 2,000원 할인
<table class=""benefit-table""><tr><th>구분</th><th>할인내용</th><th>확인사항</th></tr><tr><td>빵집 할인</td><td>제과아이스크림 업종에서 1만원 이상 이용 시 2,000원  환급할인</td><td>전월 이용실적 20만원 이상 시 혜택이 제공됩니다. 매출건당 1만원 이상 시 월 1회 (2천원 이내) 제공됩니다. KB국민카드의 가맹점 업종코드(제휴업체코드) 상 할인대상 가맹점으로 등록 된 경우에 한하여 혜택이 제공됩니다. (앱 또는 온라인 주문 할인 제외)</td></tr></table>
자세한 사항은 상품 안내장(약관)을 확인해주세요.",2026-06-02
09562_B0006,9562,주요혜택,철도,"국내 혜택 철도 5,000원 할인",대중교통/택시,5,Offline,할인,5000,원,철도 업종,전월 이용 금액 20만원 이상 시,200000,,20000,1,5000,원,,,,"[국내 혜택]
철도 5,000원 할인
<table class=""benefit-table""><tr><th>구분</th><th>할인내용</th><th>확인사항</th></tr><tr><td>철도 할인</td><td>철도 업종에서 2만원 이상 이용 시 5,000원  환급할인</td><td>전월 이용실적 20만원 이상 시 혜택이 제공됩니다. 매출건당 2만원 이상 시 월 1회 (5천원 이내) 제공됩니다. 코레일 앱을 통한 승차권 구매 시 할인이 제공됩니다. (타 앱, 온라인 이용 시 할인 제외) KB국민카드의 가맹점 업종코드(제휴업체코드) 상 할인대상 가맹점으로 등록 된 경우에 한하여 혜택이 제공됩니다.</td></tr></table>
자세한 사항은 상품 안내장(약관)을 확인해주세요.",대중교통/택시 5000원 할인,"[국내 혜택]
철도 5,000원 할인
<table class=""benefit-table""><tr><th>구분</th><th>할인내용</th><th>확인사항</th></tr><tr><td>철도 할인</td><td>철도 업종에서 2만원 이상 이용 시 5,000원  환급할인</td><td>전월 이용실적 20만원 이상 시 혜택이 제공됩니다. 매출건당 2만원 이상 시 월 1회 (5천원 이내) 제공됩니다. 코레일 앱을 통한 승차권 구매 시 할인이 제공됩니다. (타 앱, 온라인 이용 시 할인 제외) KB국민카드의 가맹점 업종코드(제휴업체코드) 상 할인대상 가맹점으로 등록 된 경우에 한하여 혜택이 제공됩니다.</td></tr></table>
자세한 사항은 상품 안내장(약관)을 확인해주세요.",2026-06-02
09562_B0007,9562,주요혜택,고속버스,"고속버스 2,000원 할인",대중교통/택시,5,Offline,할인,2000,원,고속시외버스 업종,전월 이용 금액 200만원 이상 시,2000000,,10000,1,2000,원,,,,"[국내 혜택]
고속버스 2,000원 할인
<table class=""benefit-table""><tr><th>구분</th><th>할인내용</th><th>확인사항</th></tr><tr><td>고속버스 할인</td><td>고속시외버스 업종에서 1만원 이상 이용 시 2,000원 환급할인</td><td>전월 이용실적 20만원 이상 시 혜택이 제공됩니다. 매출건당 1만원 이상 시 월 1회 (2천원 이내) 제공됩니다. KB국민카드의 가맹점 업종코드(제휴업체코드) 상 할인대상 가맹점으로 등록 된 경우에 한하여 혜택이 제공됩니다. 앱 또는 온라인 이용 시 할인 제외</td></tr></table>
자세한 사항은 상품 안내장(약관)을 확인해주세요.","대중교통/택시 2,000원 할인","[국내 혜택]
고속버스 2,000원 할인
<table class=""benefit-table""><tr><th>구분</th><th>할인내용</th><th>확인사항</th></tr><tr><td>고속버스 할인</td><td>고속시외버스 업종에서 1만원 이상 이용 시 2,000원 환급할인</td><td>전월 이용실적 20만원 이상 시 혜택이 제공됩니다. 매출건당 1만원 이상 시 월 1회 (2천원 이내) 제공됩니다. KB국민카드의 가맹점 업종코드(제휴업체코드) 상 할인대상 가맹점으로 등록 된 경우에 한하여 혜택이 제공됩니다. 앱 또는 온라인 이용 시 할인 제외</td></tr></table>
자세한 사항은 상품 안내장(약관)을 확인해주세요.",2026-06-02
09562_B0008,9562,주요혜택,주차장,주차장 500원 할인,자동차/주유,6,Offline,할인,500,원,주차장 업종,전월 이용 금액 200만원 이상 시,2000000,,1000,6,3000,원,,,,"[국내 혜택]
주차장 500원 할인
<table class=""benefit-table""><tr><th>구분</th><th>할인내용</th><th>확인사항</th></tr><tr><td>주차장 할인</td><td>주차장 업종에서 1천원 이상 이용 시 500원 환급할인</td><td>전월 이용실적 20만원 이상 시 혜택이 제공됩니다. 매출건당 1천원 이상 시 월 6회 (3천원 이내) 제공됩니다. KB국민카드의 가맹점 업종코드(제휴업체코드) 상 할인대상 가맹점으로 등록 된 경우에 한하여 혜택이 제공됩니다. 앱 또는 온라인 이용 시 할인 제외</td></tr></table>
자세한 사항은 상품 안내장(약관)을 확인해주세요.",자동차/주유 500원 할인,"[국내 혜택]
주차장 500원 할인
<table class=""benefit-table""><tr><th>구분</th><th>할인내용</th><th>확인사항</th></tr><tr><td>주차장 할인</td><td>주차장 업종에서 1천원 이상 이용 시 500원 환급할인</td><td>전월 이용실적 20만원 이상 시 혜택이 제공됩니다. 매출건당 1천원 이상 시 월 6회 (3천원 이내) 제공됩니다. KB국민카드의 가맹점 업종코드(제휴업체코드) 상 할인대상 가맹점으로 등록 된 경우에 한하여 혜택이 제공됩니다. 앱 또는 온라인 이용 시 할인 제외</td></tr></table>
자세한 사항은 상품 안내장(약관)을 확인해주세요.",2026-06-02
09562_B0009,9562,주요혜택,전국맛집,국내 혜택,외식,16,Offline,할인,5000,원,전국맛집,,0,,20000,1,5000,원,,,,"[국내 혜택]
전국맛집 5,000원 할인
<table class=""benefit-table""><tr><th>구분</th><th>할인내용</th><th>확인사항</th></tr><tr><td>전국맛집 할인</td><td>푸딘코 선정 전국맛집 2만원 이상 이용 시 5,000원 환급할인</td><td>전월 이용실적이 없이 혜택이 제공됩니다. 매출건당 2만원 이상 시 월 1회 (5천원 이내) 제공됩니다. 전국맛집 할인가맹점은 푸딘코(Foodinko) 기준에 따라 선정되며, 변경될 수 있습니다. 전국맛집 할인 가맹점은 푸딘코 채널(앱, 홈페이지, SNS 등)에서 확인 가능합니다. KB국민카드의 가맹점 업종코드(제휴업체코드) 상 할인대상 가맹점으로 등록 된 경우에 한하여 혜택이 제공됩니다. 앱 또는 온라인 이용 시 할인 제외</td></tr></table>
트래블러스 체크카드 할인되는 [전국맛집] 할인가맹점 보기 자세히 보기
푸딘코 홈페이지(foodinko.com)> [KB국민 트래블러스 체크] 클릭> [푸딘코 PICK with KB국민카드] 로고 있는 가맹점
푸딘코 앱> [트래블러스 카드 할인] 클릭> [푸딘코 PICK with KB국민카드] 로고 있는 가맹점
더 많은 맛집이 궁금하다면, 푸딘코 앱 다운로드 안드로이드 IOS
자세한 사항은 상품 안내장(약관)을 확인해주세요.","외식 5,000원 할인","[국내 혜택]
전국맛집 5,000원 할인
<table class=""benefit-table""><tr><th>구분</th><th>할인내용</th><th>확인사항</th></tr><tr><td>전국맛집 할인</td><td>푸딘코 선정 전국맛집 2만원 이상 이용 시 5,000원 환급할인</td><td>전월 이용실적이 없이 혜택이 제공됩니다. 매출건당 2만원 이상 시 월 1회 (5천원 이내) 제공됩니다. 전국맛집 할인가맹점은 푸딘코(Foodinko) 기준에 따라 선정되며, 변경될 수 있습니다. 전국맛집 할인 가맹점은 푸딘코 채널(앱, 홈페이지, SNS 등)에서 확인 가능합니다. KB국민카드의 가맹점 업종코드(제휴업체코드) 상 할인대상 가맹점으로 등록 된 경우에 한하여 혜택이 제공됩니다. 앱 또는 온라인 이용 시 할인 제외</td></tr></table>
트래블러스 체크카드 할인되는 [전국맛집] 할인가맹점 보기 자세히 보기
푸딘코 홈페이지(foodinko.com)> [KB국민 트래블러스 체크] 클릭> [푸딘코 PICK with KB국민카드] 로고 있는 가맹점
푸딘코 앱> [트래블러스 카드 할인] 클릭> [푸딘코 PICK with KB국민카드] 로고 있는 가맹점
더 많은 맛집이 궁금하다면, 푸딘코 앱 다운로드 안드로이드 IOS
자세한 사항은 상품 안내장(약관)을 확인해주세요.",2026-06-02
07972_B0001,7972,주요혜택,커피,커피 할인,카페/베이커리,14,Both,할인,10,%,"스타벅스, 커피빈",,0,,,,3000,원,,,,"[커피 할인]
스타벅스, 커피빈 10% 할인
<table class=""benefit-table""><tr><th>구분</th><th>할인율</th><th>확인사항</th></tr><tr><td>스타벅스, 커피빈</td><td>10%</td><td>전월 이용실적 조건 없음 건당 이용조건 없음 월 할인한도 : 3천원 (월 3만원 이용금액까지 할인) 스타벅스는 사이렌오더 결제 포함 할인제외 : 상품권/선불카드(선불전자지급수단 포함) 구입 및 충전, 백화점, 대형마트, 철도·역사, 호텔 등에 입점한 가맹점 등</td></tr></table>
본인회원 기준으로 월간 통합할인한도 내에서 혜택이 제공됩니다.
자세한 사항은 상품설명서(약관)를 확인해주세요.",카페/베이커리 10% 할인,"[커피 할인]
스타벅스, 커피빈 10% 할인
<table class=""benefit-table""><tr><th>구분</th><th>할인율</th><th>확인사항</th></tr><tr><td>스타벅스, 커피빈</td><td>10%</td><td>전월 이용실적 조건 없음 건당 이용조건 없음 월 할인한도 : 3천원 (월 3만원 이용금액까지 할인) 스타벅스는 사이렌오더 결제 포함 할인제외 : 상품권/선불카드(선불전자지급수단 포함) 구입 및 충전, 백화점, 대형마트, 철도·역사, 호텔 등에 입점한 가맹점 등</td></tr></table>
본인회원 기준으로 월간 통합할인한도 내에서 혜택이 제공됩니다.
자세한 사항은 상품설명서(약관)를 확인해주세요.",2026-06-02
07972_B0002,7972,주요혜택,모바일,모바일 할인,구독/스트리밍,8,Online,할인,10,%,"구글플레이스토어, 앱스토어",전월 이용 금액 200만원 이상 시,2000000,,0,,5000,원,,,,"[모바일 할인]
구글플레이스토어, 앱스토어 10% 할인
<table class=""benefit-table""><tr><th>구분</th><th>할인율</th><th>확인사항</th></tr><tr><td>구글플레이스토어, 앱스토어</td><td>10%</td><td>전월 이용실적 20만원 이상 시 제공 건당 이용조건 없음 월 할인한도 : 5천원 (월 5만원 이용금액까지 할인) 가맹점명이 '구글플레이스토어', '앱스토어'로 등록된 KB국민카드 가맹점에 한하여 제공</td></tr></table>
본인회원 기준으로 월간 통합할인한도 내에서 혜택이 제공됩니다.
자세한 사항은 상품설명서(약관)를 확인해주세요.",구독/스트리밍 10% 할인,"[모바일 할인]
구글플레이스토어, 앱스토어 10% 할인
<table class=""benefit-table""><tr><th>구분</th><th>할인율</th><th>확인사항</th></tr><tr><td>구글플레이스토어, 앱스토어</td><td>10%</td><td>전월 이용실적 20만원 이상 시 제공 건당 이용조건 없음 월 할인한도 : 5천원 (월 5만원 이용금액까지 할인) 가맹점명이 '구글플레이스토어', '앱스토어'로 등록된 KB국민카드 가맹점에 한하여 제공</td></tr></table>
본인회원 기준으로 월간 통합할인한도 내에서 혜택이 제공됩니다.
자세한 사항은 상품설명서(약관)를 확인해주세요.",2026-06-02
07972_B0003,7972,주요혜택,문화,문화 할인,문화/엔터,11,Both,할인,10,%,인터파크 티켓,전월 이용 금액 20만원 이상 시,200000,,0,,7000,원,,,,"[문화 할인]
인터파크 티켓 10% 할인
<table class=""benefit-table""><tr><th>구분</th><th>할인율</th><th>확인사항</th></tr><tr><td>인터파크 티켓</td><td>10%</td><td>전월 이용실적 20만원 이상 시 제공 건당 이용조건 없음 월 할인한도 : 7천원 (월 7만원 이용금액까지 할인) 공연 티켓 예매 시에만 제공</td></tr></table>
본인회원 기준으로 월간 통합할인한도 내에서 혜택이 제공됩니다.
자세한 사항은 상품설명서(약관)를 확인해주세요.",문화/엔터 10% 할인,"[문화 할인]
인터파크 티켓 10% 할인
<table class=""benefit-table""><tr><th>구분</th><th>할인율</th><th>확인사항</th></tr><tr><td>인터파크 티켓</td><td>10%</td><td>전월 이용실적 20만원 이상 시 제공 건당 이용조건 없음 월 할인한도 : 7천원 (월 7만원 이용금액까지 할인) 공연 티켓 예매 시에만 제공</td></tr></table>
본인회원 기준으로 월간 통합할인한도 내에서 혜택이 제공됩니다.
자세한 사항은 상품설명서(약관)를 확인해주세요.",2026-06-02
07972_B0004,7972,주요혜택,뷰티,뷰티 할인,패션/뷰티,2,Both,할인,5,%,"올리브영, 미용실 업종",전월 이용 금액 20만원 이상 시,200000,,0,,2000,원,,,,"[뷰티 할인]
올리브영, 미용실 업종 5% 할인
<table class=""benefit-table""><tr><th>구분</th><th>할인율</th><th>확인사항</th></tr><tr><td>올리브영, 미용실 업종</td><td>5%</td><td>전월 이용실적 20만원 이상 시 제공 건당 이용조건 없음 월 할인한도 : 2천원 (월 4만원 이용금액까지 할인) KB국민카드 업종 분류 기준에 따라 지정 업종에 한하여 적용</td></tr></table>
본인회원 기준으로 월간 통합할인한도 내에서 혜택이 제공됩니다.
자세한 사항은 상품설명서(약관)를 확인해주세요.",패션/뷰티 5% 할인,"[뷰티 할인]
올리브영, 미용실 업종 5% 할인
<table class=""benefit-table""><tr><th>구분</th><th>할인율</th><th>확인사항</th></tr><tr><td>올리브영, 미용실 업종</td><td>5%</td><td>전월 이용실적 20만원 이상 시 제공 건당 이용조건 없음 월 할인한도 : 2천원 (월 4만원 이용금액까지 할인) KB국민카드 업종 분류 기준에 따라 지정 업종에 한하여 적용</td></tr></table>
본인회원 기준으로 월간 통합할인한도 내에서 혜택이 제공됩니다.
자세한 사항은 상품설명서(약관)를 확인해주세요.",2026-06-02
07972_B0005,7972,주요혜택,편의점,편의점 할인,편의점,13,Offline,할인,5,%,"GS25, CU",전월 이용 금액 20만원 이상 시,200000,,0,,2000,원,,,,"[편의점 할인]
GS25, CU 5% 할인
<table class=""benefit-table""><tr><th>구분</th><th>할인율</th><th>확인사항</th></tr><tr><td>GS25, CU</td><td>5%</td><td>전월 이용실적 20만원 이상 시 제공 건당 이용조건 없음 월 할인한도 : 2천원 (월 4만원 이용금액까지 할인) 할인제외 : 상품권/선불카드(선불전자지급수단 포함) 구입 및 충전 금액</td></tr></table>
본인회원 기준으로 월간 통합할인한도 내에서 혜택이 제공됩니다.
자세한 사항은 상품설명서(약관)를 확인해주세요.",편의점 5% 할인,"[편의점 할인]
GS25, CU 5% 할인
<table class=""benefit-table""><tr><th>구분</th><th>할인율</th><th>확인사항</th></tr><tr><td>GS25, CU</td><td>5%</td><td>전월 이용실적 20만원 이상 시 제공 건당 이용조건 없음 월 할인한도 : 2천원 (월 4만원 이용금액까지 할인) 할인제외 : 상품권/선불카드(선불전자지급수단 포함) 구입 및 충전 금액</td></tr></table>
본인회원 기준으로 월간 통합할인한도 내에서 혜택이 제공됩니다.
자세한 사항은 상품설명서(약관)를 확인해주세요.",2026-06-02
07972_B0006,7972,주요혜택,구독,구독 할인,구독/스트리밍,8,Online,할인,1000,원,"넷플릭스, 유튜브프리미엄",전월 이용 금액 200만원 이상 시,2000000,,10000,2,2000,원,,,,"[구독 할인]
넷플릭스, 유튜브프리미엄 1,000원 할인
<table class=""benefit-table""><tr><th>구분</th><th>할인금액</th><th>확인사항</th></tr><tr><td>넷플릭스, 유튜브프리미엄</td><td>1,000원</td><td>전월 이용실적 20만원 이상 시 제공 건당 1만원 이상 이용 시 제공 월 할인횟수 : 2회 (월 할인한도 2천원 이내 제공)</td></tr></table>
본인회원 기준으로 월간 통합할인한도 내에서 혜택이 제공됩니다.
자세한 사항은 상품설명서(약관)를 확인해주세요.",구독/스트리밍 1000원 할인,"[구독 할인]
넷플릭스, 유튜브프리미엄 1,000원 할인
<table class=""benefit-table""><tr><th>구분</th><th>할인금액</th><th>확인사항</th></tr><tr><td>넷플릭스, 유튜브프리미엄</td><td>1,000원</td><td>전월 이용실적 20만원 이상 시 제공 건당 1만원 이상 이용 시 제공 월 할인횟수 : 2회 (월 할인한도 2천원 이내 제공)</td></tr></table>
본인회원 기준으로 월간 통합할인한도 내에서 혜택이 제공됩니다.
자세한 사항은 상품설명서(약관)를 확인해주세요.",2026-06-02
07972_B0007,7972,주요혜택,배달,배달 할인,배달,15,Online,할인,1000,원,"배달의민족, 요기요",전월 이용 금액 200만원 이상 시,2000000,,10000,1,1000,원,,,,"[배달 할인]
배달의민족, 요기요 1,000원 할인
<table class=""benefit-table""><tr><th>구분</th><th>할인금액</th><th>확인사항</th></tr><tr><td>배달의민족, 요기요</td><td>1,000원</td><td>전월 이용실적 20만원 이상 시 제공 건당 1만원 이상 이용 시 제공 월 할인횟수 : 1회 (월 할인한도 1천원 이내 제공)</td></tr></table>
본인회원 기준으로 월간 통합할인한도 내에서 혜택이 제공됩니다.
자세한 사항은 상품설명서(약관)를 확인해주세요.","배달 1,000원 할인","[배달 할인]
배달의민족, 요기요 1,000원 할인
<table class=""benefit-table""><tr><th>구분</th><th>할인금액</th><th>확인사항</th></tr><tr><td>배달의민족, 요기요</td><td>1,000원</td><td>전월 이용실적 20만원 이상 시 제공 건당 1만원 이상 이용 시 제공 월 할인횟수 : 1회 (월 할인한도 1천원 이내 제공)</td></tr></table>
본인회원 기준으로 월간 통합할인한도 내에서 혜택이 제공됩니다.
자세한 사항은 상품설명서(약관)를 확인해주세요.",2026-06-02
07972_B0008,7972,주요혜택,이동통신,통신요금 할인,생활비,12,Both,할인,2500,원,"SKT, KT, LG U+, Liiv M",전월 이용 금액 200만원 이상 시,2000000,,50000,1,2500,원,,,,"[통신요금 할인]
SKT, KT, LG U+, Liiv M 2,500원 할인
<table class=""benefit-table""><tr><th>구분</th><th>할인금액</th><th>확인사항</th></tr><tr><td>SKT, KT, LG U+, Liiv M</td><td>2,500원</td><td>전월 이용실적 20만원 이상 시 제공 통신요금 5만원 이상 이용 시 제공 이동통신요금 자동이체 납부금액 기준 제공 월 할인횟수 : 1회 (월 할인한도 2천5백원 이내 제공)</td></tr></table>
본인회원 기준으로 월간 통합할인한도 내에서 혜택이 제공됩니다.
자세한 사항은 상품설명서(약관)를 확인해주세요.",생활비 2500원 할인,"[통신요금 할인]
SKT, KT, LG U+, Liiv M 2,500원 할인
<table class=""benefit-table""><tr><th>구분</th><th>할인금액</th><th>확인사항</th></tr><tr><td>SKT, KT, LG U+, Liiv M</td><td>2,500원</td><td>전월 이용실적 20만원 이상 시 제공 통신요금 5만원 이상 이용 시 제공 이동통신요금 자동이체 납부금액 기준 제공 월 할인횟수 : 1회 (월 할인한도 2천5백원 이내 제공)</td></tr></table>
본인회원 기준으로 월간 통합할인한도 내에서 혜택이 제공됩니다.
자세한 사항은 상품설명서(약관)를 확인해주세요.",2026-06-02
07972_B0009,7972,주요혜택,영화,영화 할인,문화/엔터,11,Online,할인,4000,원,CGV,전월 이용 금액 20만원 이상 시,200000,,10000,2,8000,원,,,,"[영화 할인]
CGV 4,000원 할인
<table class=""benefit-table""><tr><th>구분</th><th>할인금액</th><th>확인사항</th></tr><tr><td>CGV</td><td>4,000원</td><td>전월 이용실적 20만원 이상 시 제공 건당 1만원 이상 이용 시 제공 현장 결제, 공식 홈페이지 및 모바일(앱) 결제 시 제공 할인 제외 : 상품권 구매 및 매점 이용금액 월 할인횟수 : 2회 (월 할인한도 8천원 이내 제공)</td></tr></table>
본인회원 기준으로 월간 통합할인한도 내에서 혜택이 제공됩니다.
자세한 사항은 상품설명서(약관)를 확인해주세요.",문화/엔터 4000원 할인,"[영화 할인]
CGV 4,000원 할인
<table class=""benefit-table""><tr><th>구분</th><th>할인금액</th><th>확인사항</th></tr><tr><td>CGV</td><td>4,000원</td><td>전월 이용실적 20만원 이상 시 제공 건당 1만원 이상 이용 시 제공 현장 결제, 공식 홈페이지 및 모바일(앱) 결제 시 제공 할인 제외 : 상품권 구매 및 매점 이용금액 월 할인횟수 : 2회 (월 할인한도 8천원 이내 제공)</td></tr></table>
본인회원 기준으로 월간 통합할인한도 내에서 혜택이 제공됩니다.
자세한 사항은 상품설명서(약관)를 확인해주세요.",2026-06-02
07972_B0010,7972,주요혜택,놀이공원,놀이공원 할인,문화/엔터,11,Both,할인,15000,원,"에버랜드, 롯데월드",전월 이용 금액 20만원 이상 시,200000,,30000,1,15000,원,,,,"[놀이공원 할인]
에버랜드, 롯데월드 15,000원 할인
<table class=""benefit-table""><tr><th>구분</th><th>할인금액</th><th>확인사항</th></tr><tr><td>에버랜드, 롯데월드</td><td>15,000원</td><td>전월 이용실적 20만원 이상 시 제공 건당 3만원 이상 이용 시 제공 티켓 결제 시 제공 할인 제외 : 상품권 구매 및 매점 이용금액 월 할인횟수 : 1회 (월 할인한도 1만5천원 이내 제공)</td></tr></table>
본인회원 기준으로 월간 통합할인한도 내에서 혜택이 제공됩니다.
자세한 사항은 상품설명서(약관)를 확인해주세요.",문화/엔터 15000원 할인,"[놀이공원 할인]
에버랜드, 롯데월드 15,000원 할인
<table class=""benefit-table""><tr><th>구분</th><th>할인금액</th><th>확인사항</th></tr><tr><td>에버랜드, 롯데월드</td><td>15,000원</td><td>전월 이용실적 20만원 이상 시 제공 건당 3만원 이상 이용 시 제공 티켓 결제 시 제공 할인 제외 : 상품권 구매 및 매점 이용금액 월 할인횟수 : 1회 (월 할인한도 1만5천원 이내 제공)</td></tr></table>
본인회원 기준으로 월간 통합할인한도 내에서 혜택이 제공됩니다.
자세한 사항은 상품설명서(약관)를 확인해주세요.",2026-06-02
07972_B0011,7972,주요혜택,공항라운지,공항라운지 더라운지멤버스,항공,18,Online,서비스,,,전 세계 공항라운지,전월 이용 금액 30만원 이상 시,300000,,,연 1회,,,,,,"[공항라운지]
공항라운지 더라운지멤버스
<table class=""benefit-table""><tr><th>구분</th><th>할인횟수</th><th>확인사항</th></tr><tr><td>전 세계 공항라운지 더라운지멤버스 이용권</td><td>연 1회</td><td>전월 이용실적 30만원 이상 시 제공 공항라운지 서비스는 본인 회원 한정, 연 1회 제공되며, 더라운지멤버스(The Lounge Members) 앱 설치 및 회원가입, 카드 등록 후 이용 가능합니다.(전월 이용실적 충족 시 익월 서비스 제공) 공항라운지 이용(이용권 발급, 취소 등) 관련 문의는 더라운지멤버스 홈페이지( www.theloungemembers.com ) 또는 고객센터(☎ 82-2-2664-7436)를 통해 문의 가능합니다. 공항라운지 이용권은 발급 후 24시간 동안 유효하며, 기간내 미사용 시 자동 취소됩니다.(취소 후 재발급 가능) 공항라운지 이용권은 전월 이용실적 전산 집계 이후 발급 받으실 수 있습니다.</td></tr></table>
전월 실적은 한국시간 매월 1일 06:00~10:00 사이 연동작업이 이루어지며 그 전에는 이용이 불가합니다.
더라운지멤버스를 통해 이용 가능한 전 세계 공항라운지는 더라운지멤버스 홈페이지( www.theloungemembers.com )에서 확인 가능합니다.
자세한 사항은 상품설명서(약관)를 확인해주세요.",전 세계 공항라운지 이용 서비스,"[공항라운지]
공항라운지 더라운지멤버스
<table class=""benefit-table""><tr><th>구분</th><th>할인횟수</th><th>확인사항</th></tr><tr><td>전 세계 공항라운지 더라운지멤버스 이용권</td><td>연 1회</td><td>전월 이용실적 30만원 이상 시 제공 공항라운지 서비스는 본인 회원 한정, 연 1회 제공되며, 더라운지멤버스(The Lounge Members) 앱 설치 및 회원가입, 카드 등록 후 이용 가능합니다.(전월 이용실적 충족 시 익월 서비스 제공) 공항라운지 이용(이용권 발급, 취소 등) 관련 문의는 더라운지멤버스 홈페이지( www.theloungemembers.com ) 또는 고객센터(☎ 82-2-2664-7436)를 통해 문의 가능합니다. 공항라운지 이용권은 발급 후 24시간 동안 유효하며, 기간내 미사용 시 자동 취소됩니다.(취소 후 재발급 가능) 공항라운지 이용권은 전월 이용실적 전산 집계 이후 발급 받으실 수 있습니다.</td></tr></table>
전월 실적은 한국시간 매월 1일 06:00~10:00 사이 연동작업이 이루어지며 그 전에는 이용이 불가합니다.
더라운지멤버스를 통해 이용 가능한 전 세계 공항라운지는 더라운지멤버스 홈페이지( www.theloungemembers.com )에서 확인 가능합니다.
자세한 사항은 상품설명서(약관)를 확인해주세요.",2026-06-02
